#id (do not edit)                ,enabled / disabled,caliber in mm,sub-name,country override (several),ship type override (several),"model, grade N","scaling, grade N","scaling, grade N",,,,,,,,,,,,,,,,,,,,,,,,,,,,,,,,
@name,enabled,#mm,subName,countries,shipTypes,model_1,scale_1,max_scale_1,weight_modifier_1,caliber_length_modifier_1,model_2,scale_2,max_scale_2,weight_modifier_2,caliber_length_modifier_2,model_3,scale_3,max_scale_3,weight_modifier_3,caliber_length_modifier_3,model_4,scale_4,max_scale_4,weight_modifier_4,caliber_length_modifier_4,model_5,scale_5,max_scale_5,weight_modifier_5,caliber_length_modifier_5,#,#2,#3,#4,#5,#6,#7,#8,#9,#10
default,1,,,,,,-1,-1,1,40,,-1,-1,1,45,,-1,-1,1,45,,-1,-1,1,50,,-1,-1,1,50,,,,,,,,,,
###,,,###,,,,,,,,,,,,,,,,,,,,,,,,,,,,,,,,,,,,,
gun_2_x1,,51,gun_2_x1,,,brandenburg_gun_76_x1,0.452,0.624,0.92,,jap_tb_gun_76_x1,1.25,1.435,0.92,,jap_tb_gun_76_x1,1.25,1.435,0.92,,iowa_gun_127_x1,0.5,0.68,0.92,,iowa_gun_127_x1,0.5,0.68,0.92,,,,,,,,,,,
gun_2_x2,,51,gun_2_x2,,,maine_gun_152_x2,0.504,0.698,0.7,,maine_gun_230_x2,0.46,0.586,0.7,,spee_gun_150_x2,0.596,0.722,0.7,,iowa_gun_127_x2,0.5,0.68,0.7,,iowa_gun_127_x2,0.5,0.68,0.7,,,,,,,,,,,
gun_2_x3,,51,gun_2_x3,,,maine_gun_152_x3,0.504,0.698,0.55,,maine_gun_230_x3,0.46,0.586,0.55,,spee_gun_150_x3,0.596,0.722,0.55,,iowa_gun_127_x3,0.5,0.68,0.55,,iowa_gun_127_x3,0.5,0.68,0.55,,,,,,,,,,,
gun_2_x4,,51,gun_2_x4,,,iowa_gun_127_x4,0.5,0.68,0.5,,iowa_gun_127_x4,0.5,0.68,0.5,,iowa_gun_127_x4,0.5,0.68,0.5,,iowa_gun_127_x4,0.5,0.68,0.5,,iowa_gun_127_x4,0.5,0.68,0.5,,,,,,,,,,,
gun_3_x1,,76,gun_3_x1,,,brandenburg_gun_76_x1,0.634,0.806,1,,jap_tb_gun_76_x1,1.445,1.63,1,,jap_tb_gun_76_x1,1.445,1.63,1,,iowa_gun_127_x1,0.7,0.88,1,,iowa_gun_127_x1,0.7,0.88,1,,,,,,,,,,,
gun_3_x2,,76,gun_3_x2,,,maine_gun_152_x2,0.718,0.912,1.08,,maine_gun_230_x2,0.596,0.722,1.08,,spee_gun_150_x2,0.732,0.858,1.08,,iowa_gun_127_x2,0.7,0.88,1.08,,iowa_gun_127_x2,0.7,0.88,1.08,,,,,,,,,,,
gun_3_x3,,76,gun_3_x3,,,maine_gun_152_x3,0.718,0.912,0.83,,maine_gun_230_x3,0.596,0.722,0.83,,spee_gun_150_x3,0.732,0.858,0.83,,iowa_gun_127_x3,0.7,0.88,0.83,,iowa_gun_127_x3,0.7,0.88,0.83,,,,,,,,,,,
gun_3_x4,,76,gun_3_x4,,,iowa_gun_127_x4,0.7,0.88,0.74,,iowa_gun_127_x4,0.7,0.88,0.74,,iowa_gun_127_x4,0.7,0.88,0.74,,iowa_gun_127_x4,0.7,0.88,0.74,,iowa_gun_127_x4,0.7,0.88,0.74,,,,,,,,,,,
gun_4_x1,,102,gun_4_x1,,,brandenburg_gun_76_x1,0.816,0.988,1.1,,jap_tb_gun_76_x1,1.64,1.825,1.1,,jap_tb_gun_76_x1,1.64,1.825,1.1,,dd_s_gun_b_102_x1,1.054,1.1895,1.1,,dd_s_gun_b_102_x1,1.054,1.1895,1.1,,,,,,,,,,,
gun_4_x2,,102,gun_4_x2,,,maine_gun_152_x2,0.932,1.126,1.28,,maine_gun_230_x2,0.732,0.858,1.28,,spee_gun_150_x2,0.868,0.994,1.28,,pola_gun_100_x2,0.868,0.994,1.28,,atl_gun_125_x2,0.868,0.994,1.28,,,,,,,,,,,
gun_4_x3,,102,gun_4_x3,,,maine_gun_152_x3,0.932,1.126,1,,maine_gun_230_x3,0.732,0.858,1,,spee_gun_150_x3,0.868,0.994,1,,pola_gun_100_x3,0.868,0.994,1,,atl_gun_125_x3,0.868,0.994,1,,,,,,,,,,,
gun_4_x4,,102,gun_4_x4,,,pola_gun_100_x4,0.868,0.994,0.85,,pola_gun_100_x4,0.868,0.994,0.85,,pola_gun_100_x4,0.868,0.994,0.85,,pola_gun_100_x4,0.868,0.994,0.85,,atl_gun_125_x4,0.868,0.994,0.85,,,,,,,,,,,
gun_5_x1,,127,gun_5_x1,,,brandenburg_gun_76_x1,0.998,1.08,0.85,,jap_tb_gun_76_x1,1.835,2.02,0.85,,dd_s_gun_d_102_x1,1.1995,1.335,0.85,,dd_s_gun_d_102_x1,1.1995,1.335,0.85,,dd_s_gun_b_102_x1,1.1995,1.335,0.85,,,,,,,,,,,
gun_5_x2,,127,gun_5_x2,,,maine_gun_152_x2,1.146,1.34,0.95,,maine_gun_230_x2,0.868,0.994,0.95,,spee_gun_150_x2,1.004,1.13,0.95,,pola_gun_100_x2,1.004,1.13,0.95,,atl_gun_125_x2,1.004,1.13,0.95,,,,,,,,,,,
gun_5_x3,,127,gun_5_x3,,,maine_gun_152_x3,1.146,1.34,0.75,,maine_gun_230_x3,0.868,0.994,0.75,,spee_gun_150_x3,1.004,1.13,0.75,,pola_gun_100_x3,1.004,1.13,0.75,,atl_gun_125_x3,1.004,1.13,0.75,,,,,,,,,,,
gun_5_x4,,127,gun_5_x4,,,pola_gun_100_x4,1.004,1.13,0.68,,pola_gun_100_x4,1.004,1.13,0.68,,pola_gun_100_x4,1.004,1.13,0.68,,pola_gun_100_x4,1.004,1.13,0.68,,atl_gun_125_x4,1.004,1.13,0.68,,,,,,,,,,,
gun_6_x1,,152,gun_6_x1,,,dd_s_gun_d_102_x1,1.345,1.4805,0.75,,dd_s_gun_c_102_x1,1.345,1.4805,0.75,,dd_s_gun_c_102_x1,1.345,1.4805,0.75,,dd_s_gun_b_102_x1,1.345,1.4805,0.75,,dd_s_gun_b_102_x1,1.345,1.4805,0.75,,,,,,,,,,,
gun_6_x2,,152,gun_6_x2,,,tsesarevich_gun_152_x2,0.955,1.0895,0.86,,agamemnon_gun_b_228_x2,1.14,1.266,0.86,,dreadnought_gun_178_x2,1.14,1.266,0.86,,dido_gun_cal133_x2,1.14,1.266,0.86,,yamato_gun_155_x2,0.7772,0.8808,0.86,,,,,,,,,,,
gun_6_x3,,152,gun_6_x3,,,tsesarevich_gun_152_x3,0.955,1.0895,0.66,,agamemnon_gun_b_228_x3,1.14,1.266,0.66,,dreadnought_gun_178_x3,1.14,1.266,0.66,,dido_gun_cal133_x3,1.14,1.266,0.66,,yamato_gun_155_x3,0.7772,0.8808,0.66,,,,,,,,,,,
gun_6_x4,,152,gun_6_x4,,,agamemnon_gun_b_228_x4,1.14,1.266,0.6,,agamemnon_gun_b_228_x4,1.14,1.266,0.6,,dreadnought_gun_178_x4,1.14,1.266,0.6,,dido_gun_cal133_x4,1.14,1.266,0.6,,yamato_gun_155_x4,0.7772,0.8808,0.6,,,,,,,,,,,
gun_7_x1,,178,gun_7_x1,,,dd_s_gun_d_102_x1,1.4905,1.626,0.8,,dd_s_gun_c_102_x1,1.4905,1.626,0.8,,dd_s_gun_c_102_x1,1.4905,1.626,0.8,,dd_s_gun_b_102_x1,1.4905,1.626,0.8,,dd_s_gun_b_102_x1,1.4905,1.626,0.8,,,,,,,,,,,
gun_7_x2,,178,gun_7_x2,,,tsesarevich_gun_152_x2,1.1095,1.244,0.9,,agamemnon_gun_b_228_x2,1.276,1.402,0.9,,dreadnought_gun_178_x2,1.276,1.402,0.9,,mont_gun_152_x2,1.057,1.167,0.9,,british_adv_cruiser_152_gun_x2,0.819,0.918,0.9,,,,,,,,,,,
gun_7_x3,,178,gun_7_x3,,,tsesarevich_gun_152_x3,1.1095,1.244,0.705,,agamemnon_gun_b_228_x3,1.276,1.402,0.705,,dreadnought_gun_178_x3,1.276,1.402,0.705,,mont_gun_152_x3,1.057,1.167,0.705,,british_adv_cruiser_152_gun_x3,0.819,0.918,0.705,,,,,,,,,,,
gun_7_x4,,178,gun_7_x4,,,agamemnon_gun_b_228_x4,1.276,1.402,0.64,,agamemnon_gun_b_228_x4,1.276,1.402,0.64,,dreadnought_gun_178_x4,1.276,1.402,0.64,,mont_gun_152_x4,1.057,1.167,0.64,,british_adv_cruiser_152_gun_x4,0.819,0.918,0.64,,,,,,,,,,,
gun_8_x1,,203,gun_8_x1,,,friedrich_gun_228_x1,0.8194,0.8976,1.17,,agamemnon_gun_228_x1,1.0184,1.1311,1.17,,nelson_gun_152_x1,1.1544,1.2626,1.17,,mont_gun_152_x1,1.184,1.294,1.17,,british_adv_cruiser_152_gun_x1,0.928,1.027,1.17,,,,,,,,,,,
gun_8_x2,,203,gun_8_x2,,,friedrich_gun_228_x2,0.8194,0.8976,0.88,,agamemnon_gun_228_x2,1.0184,1.1311,0.88,,nelson_gun_152_x2,1.1544,1.2626,0.88,,mont_gun_152_x2,1.184,1.294,0.88,,british_adv_cruiser_152_gun_x2,0.928,1.027,0.88,,,,,,,,,,,
gun_8_x3,,203,gun_8_x3,,,friedrich_gun_228_x3,0.8194,0.8976,0.69,,agamemnon_gun_228_x3,1.0184,1.1311,0.69,,nelson_gun_152_x3,1.1544,1.2626,0.69,,mont_gun_152_x3,1.184,1.294,0.69,,british_adv_cruiser_152_gun_x3,0.928,1.027,0.69,,,,,,,,,,,
gun_8_x4,,203,gun_8_x4,,,agamemnon_gun_228_x4,1.0184,1.1311,0.63,,agamemnon_gun_228_x4,1.0184,1.1311,0.63,,nelson_gun_152_x4,1.1544,1.2626,0.63,,mont_gun_152_x4,1.184,1.294,0.63,,british_adv_cruiser_152_gun_x4,0.928,1.027,0.63,,,,,,,,,,,
gun_9_x1,,229,gun_9_x1,,,friedrich_gun_228_x1,0.9076,0.9858,1.1,,agamemnon_gun_228_x1,1.1411,1.2538,1.1,,nelson_gun_152_x1,1.2726,1.3808,1.1,,mont_gun_152_x1,1.311,1.421,1.1,,british_adv_cruiser_152_gun_x1,1.037,1.136,1.1,,,,,,,,,,,
gun_9_x2,,229,gun_9_x2,,,friedrich_gun_228_x2,0.9076,0.9858,0.82,,agamemnon_gun_228_x2,1.1411,1.2538,0.82,,nelson_gun_152_x2,1.2726,1.3808,0.82,,mont_gun_152_x2,1.311,1.421,0.82,,british_adv_cruiser_152_gun_x2,1.037,1.136,0.82,,,,,,,,,,,
gun_9_x3,,229,gun_9_x3,,,friedrich_gun_228_x3,0.9076,0.9858,0.64,,agamemnon_gun_228_x3,1.1411,1.2538,0.64,,nelson_gun_152_x3,1.2726,1.3808,0.64,,mont_gun_152_x3,1.311,1.421,0.64,,british_adv_cruiser_152_gun_x3,1.037,1.136,0.64,,,,,,,,,,,
gun_9_x4,,229,gun_9_x4,,,agamemnon_gun_228_x4,1.1411,1.2538,0.58,,agamemnon_gun_228_x4,1.1411,1.2538,0.58,,nelson_gun_152_x4,1.2726,1.3808,0.58,,mont_gun_152_x4,1.311,1.421,0.58,,british_adv_cruiser_152_gun_x4,1.037,1.136,0.58,,,,,,,,,,,
gun_10_x1,,254,gun_10_x1,,,brandenburg_gun_279_x1,0.979,1.06,1.2,,dreadnought_gun_b_305_x1,0.954,1.035,1.2,,nelson_gun_406_x1,0.6908,0.754,1.2,,kgeorge_gun_380_x1,0.675,0.7275,1.2,,richelieu_gun_380_x1,0.675,0.7275,1.2,,,,,,,,,,,
gun_10_x2,,254,gun_10_x2,,,brandenburg_gun_279_x2,0.979,1.06,0.9,,dreadnought_gun_b_305_x2,0.954,1.035,0.9,,nelson_gun_406_x2,0.6908,0.754,0.9,,kgeorge_gun_380_x2,0.675,0.7275,0.9,,richelieu_gun_380_x2,0.675,0.7275,0.9,,,,,,,,,,,
gun_10_x3,,254,gun_10_x3,,,brandenburg_gun_279_x3,0.979,1.06,0.68,,dreadnought_gun_b_305_x3,0.954,1.035,0.68,,nelson_gun_406_x3,0.6908,0.754,0.68,,kgeorge_gun_380_x3,0.675,0.7275,0.68,,richelieu_gun_380_x3,0.675,0.7275,0.68,,,,,,,,,,,
gun_10_x4,,254,gun_10_x4,,,dreadnought_gun_b_305_x4,0.954,1.035,0.63,,dreadnought_gun_b_305_x4,0.954,1.035,0.63,,nelson_gun_406_x4,0.6908,0.754,0.63,,kgeorge_gun_380_x4,0.675,0.7275,0.63,,richelieu_gun_380_x4,0.675,0.7275,0.63,,,,,,,,,,,
gun_11_x1,,279,gun_11_x1,,,brandenburg_gun_279_x1,1.07,1.151,1.07,,dreadnought_gun_b_305_x1,1.045,1.126,1.07,,nelson_gun_406_x1,0.759,0.8222,1.07,,kgeorge_gun_380_x1,0.7375,0.79,1.07,,richelieu_gun_380_x1,0.7375,0.79,1.07,,,,,,,,,,,
gun_11_x2,,279,gun_11_x2,,,brandenburg_gun_279_x2,1.07,1.151,0.82,,dreadnought_gun_b_305_x2,1.045,1.126,0.82,,nelson_gun_406_x2,0.759,0.8222,0.82,,kgeorge_gun_380_x2,0.7375,0.79,0.82,,richelieu_gun_380_x2,0.7375,0.79,0.82,,,,,,,,,,,
gun_11_x3,,279,gun_11_x3,,,brandenburg_gun_279_x3,1.07,1.151,0.66,,dreadnought_gun_b_305_x3,1.045,1.126,0.66,,nelson_gun_406_x3,0.759,0.8222,0.66,,kgeorge_gun_380_x3,0.7375,0.79,0.66,,richelieu_gun_380_x3,0.7375,0.79,0.66,,,,,,,,,,,
gun_11_x4,,279,gun_11_x4,,,dreadnought_gun_b_305_x4,1.045,1.126,0.61,,dreadnought_gun_b_305_x4,1.045,1.126,0.61,,nelson_gun_406_x4,0.759,0.8222,0.61,,kgeorge_gun_380_x4,0.7375,0.79,0.61,,richelieu_gun_380_x4,0.7375,0.79,0.61,,,,,,,,,,,
gun_12_x1,,305,gun_12_x1,,,friedrich_gun_305_x1,1.1298,1.2061,1.07,,dreadnought_gun_b_305_x1,1.136,1.217,1.07,,nelson_gun_406_x1,0.8272,0.8904,1.07,,kgeorge_gun_380_x1,0.8,0.8525,1.07,,richelieu_gun_380_x1,0.8,0.8525,1.07,,,,,,,,,,,
gun_12_x2,,305,gun_12_x2,,,friedrich_gun_305_x2,1.1298,1.2061,0.82,,dreadnought_gun_b_305_x2,1.136,1.217,0.82,,nelson_gun_406_x2,0.8272,0.8904,0.82,,kgeorge_gun_380_x2,0.8,0.8525,0.82,,richelieu_gun_380_x2,0.8,0.8525,0.82,,,,,,,,,,,
gun_12_x3,,305,gun_12_x3,,,friedrich_gun_305_x3,1.1298,1.2061,0.66,,dreadnought_gun_b_305_x3,1.136,1.217,0.66,,nelson_gun_406_x3,0.8272,0.8904,0.66,,kgeorge_gun_380_x3,0.8,0.8525,0.66,,richelieu_gun_380_x3,0.8,0.8525,0.66,,,,,,,,,,,
gun_12_x4,,305,gun_12_x4,,,dreadnought_gun_b_305_x4,1.136,1.217,0.61,,dreadnought_gun_b_305_x4,1.136,1.217,0.61,,nelson_gun_406_x4,0.8272,0.8904,0.61,,kgeorge_gun_380_x4,0.8,0.8525,0.61,,richelieu_gun_380_x4,0.8,0.8525,0.61,,,,,,,,,,,
gun_13_x1,,330,gun_13_x1,,,friedrich_gun_305_x1,1.2161,1.2924,1.13,,dreadnought_gun_b_305_x1,1.227,1.308,1.13,,nelson_gun_406_x1,0.8954,0.9586,1.13,,kgeorge_gun_380_x1,0.8625,0.915,1.13,,richelieu_gun_380_x1,0.8625,0.915,1.13,,,,,,,,,,,
gun_13_x2,,330,gun_13_x2,,,friedrich_gun_305_x2,1.2161,1.2924,0.88,,dreadnought_gun_b_305_x2,1.227,1.308,0.88,,nelson_gun_406_x2,0.8954,0.9586,0.88,,kgeorge_gun_380_x2,0.8625,0.915,0.88,,richelieu_gun_380_x2,0.8625,0.915,0.88,,,,,,,,,,,
gun_13_x3,,330,gun_13_x3,,,friedrich_gun_305_x3,1.2161,1.2924,0.705,,dreadnought_gun_b_305_x3,1.227,1.308,0.705,,nelson_gun_406_x3,0.8954,0.9586,0.705,,kgeorge_gun_380_x3,0.8625,0.915,0.705,,richelieu_gun_380_x3,0.8625,0.915,0.705,,,,,,,,,,,
gun_13_x4,,330,gun_13_x4,,,dreadnought_gun_b_305_x4,1.227,1.308,0.65,,dreadnought_gun_b_305_x4,1.227,1.308,0.65,,nelson_gun_406_x4,0.8954,0.9586,0.65,,kgeorge_gun_380_x4,0.8625,0.915,0.65,,richelieu_gun_380_x4,0.8625,0.915,0.65,,,,,,,,,,,
gun_14_x1,,356,gun_14_x1,,,friedrich_gun_305_x1,1.3024,1.3787,1.13,,dreadnought_gun_b_305_x1,1.318,1.399,1.13,,nelson_gun_406_x1,0.9636,1.0268,1.13,,kgeorge_gun_380_x1,0.925,0.9775,1.13,,richelieu_gun_380_x1,0.925,0.9775,1.13,,,,,,,,,,,
gun_14_x2,,356,gun_14_x2,,,friedrich_gun_305_x2,1.3024,1.3787,0.88,,dreadnought_gun_b_305_x2,1.318,1.399,0.88,,nelson_gun_406_x2,0.9636,1.0268,0.88,,kgeorge_gun_380_x2,0.925,0.9775,0.88,,richelieu_gun_380_x2,0.925,0.9775,0.88,,,,,,,,,,,
gun_14_x3,,356,gun_14_x3,,,friedrich_gun_305_x3,1.3024,1.3787,0.705,,dreadnought_gun_b_305_x3,1.318,1.399,0.705,,nelson_gun_406_x3,0.9636,1.0268,0.705,,kgeorge_gun_380_x3,0.925,0.9775,0.705,,richelieu_gun_380_x3,0.925,0.9775,0.705,,,,,,,,,,,
gun_14_x4,,356,gun_14_x4,,,dreadnought_gun_b_305_x4,1.318,1.399,0.66,,dreadnought_gun_b_305_x4,1.318,1.399,0.66,,nelson_gun_406_x4,0.9636,1.0268,0.66,,kgeorge_gun_380_x4,0.925,0.9775,0.66,,richelieu_gun_380_x4,0.925,0.9775,0.66,,,,,,,,,,,
gun_15_x1,,381,gun_15_x1,,,friedrich_gun_305_x1,1.3887,1.465,1.14,,dreadnought_gun_b_305_x1,1.409,1.49,1.14,,nelson_gun_406_x1,1.0318,1.095,1.14,,richelieu_gun_380_x1,0.9875,1.04,1.14,,richelieu_gun_380_x1,0.9875,1.04,1.14,,,,,,,,,,,
gun_15_x2,,381,gun_15_x2,,,friedrich_gun_305_x2,1.3887,1.465,0.9,,dreadnought_gun_b_305_x2,1.409,1.49,0.9,,nelson_gun_406_x2,1.0318,1.095,0.9,,richelieu_gun_380_x2,0.9875,1.04,0.9,,richelieu_gun_380_x2,0.9875,1.04,0.9,,,,,,,,,,,
gun_15_x3,,381,gun_15_x3,,,friedrich_gun_305_x3,1.3887,1.465,0.72,,dreadnought_gun_b_305_x3,1.409,1.49,0.72,,nelson_gun_406_x3,1.0318,1.095,0.72,,richelieu_gun_380_x3,0.9875,1.04,0.72,,richelieu_gun_380_x3,0.9875,1.04,0.72,,,,,,,,,,,
gun_15_x4,,381,gun_15_x4,,,dreadnought_gun_b_305_x4,1.409,1.49,0.675,,dreadnought_gun_b_305_x4,1.409,1.49,0.675,,nelson_gun_406_x4,1.0318,1.095,0.675,,richelieu_gun_380_x4,0.9875,1.04,0.675,,richelieu_gun_380_x4,0.9875,1.04,0.675,,,,,,,,,,,
gun_16_x1,,406,gun_16_x1,,,friedrich_gun_305_x1,1.475,1.5513,1.15,,dreadnought_gun_b_305_x1,1.5,1.581,1.15,,nelson_gun_406_x1,1.1,1.1632,1.15,,richelieu_gun_380_x1,1.05,1.1025,1.15,,richelieu_gun_380_x1,1.05,1.1025,1.15,,,,,,,,,,,
gun_16_x2,,406,gun_16_x2,,,friedrich_gun_305_x2,1.475,1.5513,0.93,,dreadnought_gun_b_305_x2,1.5,1.581,0.93,,nelson_gun_406_x2,1.1,1.1632,0.93,,richelieu_gun_380_x2,1.05,1.1025,0.93,,richelieu_gun_380_x2,1.05,1.1025,0.93,,,,,,,,,,,
gun_16_x3,,406,gun_16_x3,,,friedrich_gun_305_x3,1.475,1.5513,0.75,,dreadnought_gun_b_305_x3,1.5,1.581,0.75,,nelson_gun_406_x3,1.1,1.1632,0.75,,richelieu_gun_380_x3,1.05,1.1025,0.75,,richelieu_gun_380_x3,1.05,1.1025,0.75,,,,,,,,,,,
gun_16_x4,,406,gun_16_x4,,,dreadnought_gun_b_305_x4,1.5,1.581,0.68,,dreadnought_gun_b_305_x4,1.5,1.581,0.68,,nelson_gun_406_x4,1.1,1.1632,0.68,,richelieu_gun_380_x4,1.05,1.1025,0.68,,richelieu_gun_380_x4,1.05,1.1025,0.68,,,,,,,,,,,
gun_17_x1,,432,gun_17_x1,,,nelson_gun_406_x1,1.1682,1.2314,1.2,,kgeorge_gun_380_x1,1.1125,1.165,1.2,,richelieu_gun_380_x1,1.1125,1.165,1.2,,richelieu_gun_380_x1,1.1125,1.165,1.2,,richelieu_gun_380_x1,1.1125,1.165,1.2,,,,,,,,,,,
gun_17_x2,,432,gun_17_x2,,,nelson_gun_406_x2,1.1682,1.2314,0.95,,kgeorge_gun_380_x2,1.1125,1.165,0.95,,richelieu_gun_380_x2,1.1125,1.165,0.95,,richelieu_gun_380_x2,1.1125,1.165,0.95,,richelieu_gun_380_x2,1.1125,1.165,0.95,,,,,,,,,,,
gun_17_x3,,432,gun_17_x3,,,nelson_gun_406_x3,1.1682,1.2314,0.775,,kgeorge_gun_380_x3,1.1125,1.165,0.775,,richelieu_gun_380_x3,1.1125,1.165,0.775,,richelieu_gun_380_x3,1.1125,1.165,0.775,,richelieu_gun_380_x3,1.1125,1.165,0.775,,,,,,,,,,,
gun_17_x4,,432,gun_17_x4,,,nelson_gun_406_x4,1.1682,1.2314,0.71,,kgeorge_gun_380_x4,1.1125,1.165,0.71,,richelieu_gun_380_x4,1.1125,1.165,0.71,,richelieu_gun_380_x4,1.1125,1.165,0.71,,richelieu_gun_380_x4,1.1125,1.165,0.71,,,,,,,,,,,
gun_18_x1,,457,gun_18_x1,,,nelson_gun_406_x1,1.2364,1.2996,1.23,,kgeorge_gun_380_x1,1.175,1.2275,1.23,,richelieu_gun_380_x1,1.175,1.2275,1.23,,richelieu_gun_380_x1,1.175,1.2275,1.23,,richelieu_gun_380_x1,1.175,1.2275,1.23,,,,,,,,,,,
gun_18_x2,,457,gun_18_x2,,,nelson_gun_406_x2,1.2364,1.2996,0.985,,kgeorge_gun_380_x2,1.175,1.2275,0.985,,richelieu_gun_380_x2,1.175,1.2275,0.985,,richelieu_gun_380_x2,1.175,1.2275,0.985,,richelieu_gun_380_x2,1.175,1.2275,0.985,,,,,,,,,,,
gun_18_x3,,457,gun_18_x3,,,nelson_gun_406_x3,1.2364,1.2996,0.81,,kgeorge_gun_380_x3,1.175,1.2275,0.81,,richelieu_gun_380_x3,1.175,1.2275,0.81,,richelieu_gun_380_x3,1.175,1.2275,0.81,,richelieu_gun_380_x3,1.175,1.2275,0.81,,,,,,,,,,,
gun_18_x4,,457,gun_18_x4,,,nelson_gun_406_x4,1.2364,1.2996,0.735,,kgeorge_gun_380_x4,1.175,1.2275,0.735,,richelieu_gun_380_x4,1.175,1.2275,0.735,,richelieu_gun_380_x4,1.175,1.2275,0.735,,richelieu_gun_380_x4,1.175,1.2275,0.735,,,,,,,,,,,
gun_19_x1,,483,gun_19_x1,,,nelson_gun_406_x1,1.3046,1.3678,1.16,,kgeorge_gun_380_x1,1.2375,1.29,1.16,,richelieu_gun_380_x1,1.2375,1.29,1.16,,richelieu_gun_380_x1,1.2375,1.29,1.16,,richelieu_gun_380_x1,1.2375,1.29,1.16,,,,,,,,,,,
gun_19_x2,,483,gun_19_x2,,,nelson_gun_406_x2,1.3046,1.3678,0.95,,kgeorge_gun_380_x2,1.2375,1.29,0.95,,richelieu_gun_380_x2,1.2375,1.29,0.95,,richelieu_gun_380_x2,1.2375,1.29,0.95,,richelieu_gun_380_x2,1.2375,1.29,0.95,,,,,,,,,,,
gun_19_x3,,483,gun_19_x3,,,nelson_gun_406_x3,1.3046,1.3678,0.78,,kgeorge_gun_380_x3,1.2375,1.29,0.78,,richelieu_gun_380_x3,1.2375,1.29,0.78,,richelieu_gun_380_x3,1.2375,1.29,0.78,,richelieu_gun_380_x3,1.2375,1.29,0.78,,,,,,,,,,,
gun_19_x4,,483,gun_19_x4,,,nelson_gun_406_x4,1.3046,1.3678,0.725,,kgeorge_gun_380_x4,1.2375,1.29,0.725,,richelieu_gun_380_x4,1.2375,1.29,0.725,,richelieu_gun_380_x4,1.2375,1.29,0.725,,richelieu_gun_380_x4,1.2375,1.29,0.725,,,,,,,,,,,
gun_20_x1,,508,gun_20_x1,,,nelson_gun_406_x1,1.3728,1.436,1.05,,kgeorge_gun_380_x1,1.3,1.3525,1.05,,richelieu_gun_380_x1,1.3,1.3525,1.05,,richelieu_gun_380_x1,1.3,1.3525,1.05,,richelieu_gun_380_x1,1.3,1.3525,1.05,,,,,,,,,,,
gun_20_x2,,508,gun_20_x2,,,nelson_gun_406_x2,1.3728,1.436,0.85,,kgeorge_gun_380_x2,1.3,1.3525,0.85,,richelieu_gun_380_x2,1.3,1.3525,0.85,,richelieu_gun_380_x2,1.3,1.3525,0.85,,richelieu_gun_380_x2,1.3,1.3525,0.85,,,,,,,,,,,
gun_20_x3,,508,gun_20_x3,,,nelson_gun_406_x3,1.3728,1.436,0.7,,kgeorge_gun_380_x3,1.3,1.3525,0.7,,richelieu_gun_380_x3,1.3,1.3525,0.7,,richelieu_gun_380_x3,1.3,1.3525,0.7,,richelieu_gun_380_x3,1.3,1.3525,0.7,,,,,,,,,,,
gun_20_x4,,508,gun_20_x4,,,nelson_gun_406_x4,1.3728,1.436,0.65,,kgeorge_gun_380_x4,1.3,1.3525,0.65,,richelieu_gun_380_x4,1.3,1.3525,0.65,,richelieu_gun_380_x4,1.3,1.3525,0.65,,richelieu_gun_380_x4,1.3,1.3525,0.65,,,,,,,,,,,
###,,,,,,,,,,,,,,,,,,,,,,,,,,,,,,,,,,,,,,,,
gun_2_x1_alt,,51,gun_2_x1_alt,,,small_gun_a_51_x1,1.75,1.9,0.92,40,small_gun_b_51_x1,1.75,1.9,0.92,45,jap_tb_gun_76_x1,1.3,1.5,0.92,50,iowa_gun_127_x1,0.81,0.91,0.92,55,iowa_gun_127_x1,0.81,0.91,0.92,55,,,,,,,,,,
gun_2_x2_alt,,51,gun_2_x2_alt,,,maine_gun_152_x2,0.664,0.798,0.7,40,spee_gun_150_x2,0.71,0.8,0.7,45,spee_gun_150_x2,0.71,0.8,0.7,50,iowa_gun_127_x2,0.81,0.91,0.7,55,iowa_gun_127_x2,0.81,0.91,0.7,55,,,,,,,,,,
gun_2_x3_alt,,51,gun_2_x3_alt,,,maine_gun_152_x3,0.664,0.798,0.55,40,spee_gun_150_x3,0.71,0.8,0.55,45,spee_gun_150_x3,0.71,0.8,0.55,50,iowa_gun_127_x3,0.81,0.91,0.55,55,iowa_gun_127_x3,0.81,0.91,0.55,55,,,,,,,,,,
gun_3_x1_alt,,76,gun_3_x1_alt,,,brandenburg_gun_76_x1,1.074,1.246,1,,jap_tb_gun_76_x1,1.59,1.78,1,,jap_tb_gun_76_x1,1.59,1.78,1,,iowa_gun_127_x1,1.03,1.126,1,50,iowa_gun_127_x1,1.03,1.126,1,55,,,,,,,,,,
gun_3_x2_alt,,76,gun_3_x2_alt,,,maine_gun_152_x2,0.788,0.962,1.08,,spee_gun_150_x2,0.825,0.945,1.08,,spee_gun_150_x2,0.825,0.945,1.08,,iowa_gun_127_x2,1.03,1.126,1.08,50,iowa_gun_127_x2,1.03,1.126,1.08,55,,,,,,,,,,
gun_3_x3_alt,,76,gun_3_x3_alt,,,maine_gun_152_x3,0.788,0.962,0.83,,spee_gun_150_x3,0.825,0.945,0.83,,spee_gun_150_x3,0.825,0.945,0.83,,iowa_gun_127_x3,1.03,1.126,0.83,50,iowa_gun_127_x3,1.03,1.126,0.83,55,,,,,,,,,,
gun_4_x1_alt,,102,gun_4_x1_alt,,,brandenburg_gun_76_x1,1.231,1.403,1.1,,jap_tb_gun_76_x1,1.81,2,1.1,,jap_tb_gun_76_x1,1.81,2,1.1,,dd_s_gun_b_102_x1,1.325,1.445,1.1,,dd_s_gun_b_102_x1,1.325,1.445,1.1,,,,,,,,,,,
gun_4_x2_alt,,102,gun_4_x2_alt,,,maine_gun_152_x2,0.982,1.176,1.28,,spee_gun_150_x2,1.015,1.1,1.28,,spee_gun_150_x2,1.015,1.1,1.28,,pola_gun_100_x2,1.068,1.194,1.28,,atl_gun_125_x2,0.868,0.994,1.28,,,,,,,,,,,
gun_4_x3_alt,,102,gun_4_x3_alt,,,maine_gun_152_x3,0.982,1.176,1,,spee_gun_150_x3,1.015,1.1,1,,spee_gun_150_x3,1.015,1.1,1,,pola_gun_100_x3,1.068,1.194,1,,atl_gun_125_x3,0.868,0.994,1,,,,,,,,,,,
gun_5_x1_alt,,127,gun_5_x1_alt,,,dd_s_gun_d_102_x1,1.45,1.57,0.85,,dd_s_gun_d_102_x1,1.45,1.57,0.85,,dd_s_gun_c_102_x1,1.45,1.57,0.85,,dd_s_gun_b_102_x1,1.45,1.57,0.85,,dd_s_gun_b_102_x1,1.45,1.57,0.85,,,,,,,,,,,
gun_5_x2_alt,,127,gun_5_x2_alt,,,maine_gun_152_x2,1.186,1.34,0.95,,maine_gun_152_x2,1.186,1.34,0.95,,dreadnought_gun_178_x2,1.004,1.13,0.95,,pola_gun_100_x2,1.004,1.13,0.95,,atl_gun_125_x2,1.004,1.13,0.95,,,,,,,,,,,
gun_5_x3_alt,,127,gun_5_x3_alt,,,maine_gun_152_x3,1.186,1.34,0.75,,maine_gun_152_x3,1.186,1.34,0.75,,dreadnought_gun_178_x3,1.004,1.13,0.75,,pola_gun_100_x3,1.004,1.13,0.75,,atl_gun_125_x3,1.004,1.13,0.75,,,,,,,,,,,
gun_6_x2_alt,,152,gun_6_x2_alt,,,tsesarevich_gun_152_x2,0.955,1.0895,0.86,,dreadnought_gun_178_x2,1.14,1.266,0.86,,dreadnought_gun_178_x2,1.14,1.266,0.86,,dido_gun_cal133_x2,1.14,1.266,0.86,,yamato_gun_155_x2,0.7772,0.8808,0.86,,,,,,,,,,,
gun_6_x3_alt,,152,gun_6_x3_alt,,,tsesarevich_gun_152_x3,0.955,1.0895,0.66,,dreadnought_gun_178_x3,1.14,1.266,0.66,,dreadnought_gun_178_x3,1.14,1.266,0.66,,dido_gun_cal133_x3,1.14,1.266,0.66,,yamato_gun_155_x3,0.7772,0.8808,0.66,,,,,,,,,,,
gun_7_x2_alt,,178,gun_7_x2_alt,,,tsesarevich_gun_152_x2,1.1095,1.244,0.9,,dreadnought_gun_178_x2,1.276,1.402,0.9,,dreadnought_gun_178_x2,1.276,1.402,0.9,,mont_gun_152_x2,1.057,1.167,0.9,,british_adv_cruiser_152_gun_x2,0.958,1.01,0.9,,,,,,,,,,,
gun_7_x3_alt,,178,gun_7_x3_alt,,,tsesarevich_gun_152_x3,1.1095,1.244,0.705,,dreadnought_gun_178_x3,1.276,1.402,0.705,,dreadnought_gun_178_x3,1.276,1.402,0.705,,mont_gun_152_x3,1.057,1.167,0.705,,british_adv_cruiser_152_gun_x3,0.958,1.01,0.705,,,,,,,,,,,
gun_8_x2_alt,,203,gun_8_x2_alt,,,friedrich_gun_228_x2,0.8194,0.8976,0.88,,agamemnon_gun_228_x2,1.0184,1.1311,0.88,,nelson_gun_152_x2,1.1544,1.2626,0.88,,mont_gun_152_x2,1.184,1.294,0.88,,british_adv_cruiser_152_gun_x2,1.05,1.237,0.88,,,,,,,,,,,
gun_8_x3_alt,,203,gun_8_x3_alt,,,friedrich_gun_228_x3,0.8194,0.8976,0.69,,agamemnon_gun_228_x3,1.0184,1.1311,0.69,,nelson_gun_152_x3,1.1544,1.2626,0.69,,mont_gun_152_x3,1.184,1.294,0.69,,british_adv_cruiser_152_gun_x3,1.05,1.237,0.69,,,,,,,,,,,
gun_9_x2_alt,,229,gun_9_x2_alt,,,friedrich_gun_228_x2,0.9076,0.9858,0.82,,agamemnon_gun_228_x2,1.1411,1.2538,0.82,,nelson_gun_152_x2,1.2726,1.3808,0.82,,mont_gun_152_x2,1.311,1.421,0.82,,british_adv_cruiser_152_gun_x2,1.037,1.136,0.82,,,,,,,,,,,
gun_9_x3_alt,,229,gun_9_x3_alt,,,friedrich_gun_228_x3,0.9076,0.9858,0.64,,agamemnon_gun_228_x3,1.1411,1.2538,0.64,,nelson_gun_152_x3,1.2726,1.3808,0.64,,mont_gun_152_x3,1.311,1.421,0.64,,british_adv_cruiser_152_gun_x3,1.037,1.136,0.64,,,,,,,,,,,
gun_10_x2_alt,,254,gun_10_x2_alt,,,brandenburg_gun_279_x2,0.979,1.06,0.9,,dreadnought_gun_b_305_x2,0.954,1.035,0.9,,nelson_gun_406_x2,0.6908,0.754,0.9,,kgeorge_gun_380_x2,0.675,0.7275,0.9,,richelieu_gun_380_x2,0.675,0.7275,0.9,,,,,,,,,,,
gun_10_x3_alt,,254,gun_10_x3_alt,,,brandenburg_gun_279_x3,0.979,1.06,0.68,,dreadnought_gun_b_305_x3,0.954,1.035,0.68,,nelson_gun_406_x3,0.6908,0.754,0.68,,kgeorge_gun_380_x3,0.675,0.7275,0.68,,richelieu_gun_380_x3,0.675,0.7275,0.68,,,,,,,,,,,
gun_11_x2_alt,,279,gun_11_x2_alt,,,brandenburg_gun_279_x2,1.07,1.151,0.82,,dreadnought_gun_b_305_x2,1.045,1.126,0.82,,nelson_gun_406_x2,0.759,0.8222,0.82,,kgeorge_gun_380_x2,0.7375,0.79,0.82,,richelieu_gun_380_x2,0.7375,0.79,0.82,,,,,,,,,,,
gun_11_x3_alt,,279,gun_11_x3_alt,,,brandenburg_gun_279_x3,1.07,1.151,0.66,,dreadnought_gun_b_305_x3,1.045,1.126,0.66,,nelson_gun_406_x3,0.759,0.8222,0.66,,kgeorge_gun_380_x3,0.7375,0.79,0.66,,richelieu_gun_380_x3,0.7375,0.79,0.66,,,,,,,,,,,
gun_12_x2_alt,,305,gun_12_x2_alt,,,friedrich_gun_305_x2,1.1298,1.2061,0.82,,dreadnought_gun_b_305_x2,1.136,1.217,0.82,,nelson_gun_406_x2,0.8272,0.8904,0.82,,kgeorge_gun_380_x2,0.8,0.8525,0.82,,richelieu_gun_380_x2,0.8,0.8525,0.82,,,,,,,,,,,
gun_12_x3_alt,,305,gun_12_x3_alt,,,friedrich_gun_305_x3,1.1298,1.2061,0.66,,dreadnought_gun_b_305_x3,1.136,1.217,0.66,,nelson_gun_406_x3,0.8272,0.8904,0.66,,kgeorge_gun_380_x3,0.8,0.8525,0.66,,richelieu_gun_380_x3,0.8,0.8525,0.66,,,,,,,,,,,
gun_13_x2_alt,,330,gun_13_x2_alt,,,friedrich_gun_305_x2,1.2161,1.2924,0.88,,dreadnought_gun_b_305_x2,1.227,1.308,0.88,,nelson_gun_406_x2,0.8954,0.9586,0.88,,kgeorge_gun_380_x2,0.8625,0.915,0.88,,richelieu_gun_380_x2,0.8625,0.915,0.88,,,,,,,,,,,
gun_13_x3_alt,,330,gun_13_x3_alt,,,friedrich_gun_305_x3,1.2161,1.2924,0.705,,dreadnought_gun_b_305_x3,1.227,1.308,0.705,,nelson_gun_406_x3,0.8954,0.9586,0.705,,kgeorge_gun_380_x3,0.8625,0.915,0.705,,richelieu_gun_380_x3,0.8625,0.915,0.705,,,,,,,,,,,
gun_14_x2_alt,,356,gun_14_x2_alt,,,friedrich_gun_305_x2,1.3024,1.3787,0.88,,dreadnought_gun_b_305_x2,1.318,1.399,0.88,,nelson_gun_406_x2,0.9636,1.0268,0.88,,kgeorge_gun_380_x2,0.925,0.9775,0.88,,richelieu_gun_380_x2,0.925,0.9775,0.88,,,,,,,,,,,
gun_14_x3_alt,,356,gun_14_x3_alt,,,friedrich_gun_305_x3,1.3024,1.3787,0.705,,dreadnought_gun_b_305_x3,1.318,1.399,0.705,,nelson_gun_406_x3,0.9636,1.0268,0.705,,kgeorge_gun_380_x3,0.925,0.9775,0.705,,richelieu_gun_380_x3,0.925,0.9775,0.705,,,,,,,,,,,
gun_15_x2_alt,,381,gun_15_x2_alt,,,friedrich_gun_305_x2,1.3887,1.465,0.9,,dreadnought_gun_b_305_x2,1.409,1.49,0.9,,nelson_gun_406_x2,1.0318,1.095,0.9,,richelieu_gun_380_x2,0.9875,1.04,0.9,,richelieu_gun_380_x2,0.9875,1.04,0.9,,,,,,,,,,,
gun_15_x3_alt,,381,gun_15_x3_alt,,,friedrich_gun_305_x3,1.3887,1.465,0.72,,dreadnought_gun_b_305_x3,1.409,1.49,0.72,,nelson_gun_406_x3,1.0318,1.095,0.72,,richelieu_gun_380_x3,0.9875,1.04,0.72,,richelieu_gun_380_x3,0.9875,1.04,0.72,,,,,,,,,,,
gun_16_x2_alt,,406,gun_16_x2_alt,,,friedrich_gun_305_x2,1.475,1.5513,0.93,,dreadnought_gun_b_305_x2,1.5,1.581,0.93,,nelson_gun_406_x2,1.1,1.1632,0.93,,richelieu_gun_380_x2,1.05,1.1025,0.93,,richelieu_gun_380_x2,1.05,1.1025,0.93,,,,,,,,,,,
gun_16_x3_alt,,406,gun_16_x3_alt,,,friedrich_gun_305_x3,1.475,1.5513,0.75,,dreadnought_gun_b_305_x3,1.5,1.581,0.75,,nelson_gun_406_x3,1.1,1.1632,0.75,,richelieu_gun_380_x3,1.05,1.1025,0.75,,richelieu_gun_380_x3,1.05,1.1025,0.75,,,,,,,,,,,
gun_17_x2_alt,,432,gun_17_x2_alt,,,nelson_gun_406_x2,1.1682,1.2314,0.95,,kgeorge_gun_380_x2,1.1125,1.165,0.95,,richelieu_gun_380_x2,1.1125,1.165,0.95,,richelieu_gun_380_x2,1.1125,1.165,0.95,,richelieu_gun_380_x2,1.1125,1.165,0.95,,,,,,,,,,,
gun_17_x3_alt,,432,gun_17_x3_alt,,,nelson_gun_406_x3,1.1682,1.2314,0.775,,kgeorge_gun_380_x3,1.1125,1.165,0.775,,richelieu_gun_380_x3,1.1125,1.165,0.775,,richelieu_gun_380_x3,1.1125,1.165,0.775,,richelieu_gun_380_x3,1.1125,1.165,0.775,,,,,,,,,,,
gun_18_x2_alt,,457,gun_18_x2_alt,,,nelson_gun_406_x2,1.2364,1.2996,0.985,,kgeorge_gun_380_x2,1.175,1.2275,0.985,,richelieu_gun_380_x2,1.175,1.2275,0.985,,richelieu_gun_380_x2,1.175,1.2275,0.985,,richelieu_gun_380_x2,1.175,1.2275,0.985,,,,,,,,,,,
gun_18_x3_alt,,457,gun_18_x3_alt,,,nelson_gun_406_x3,1.2364,1.2996,0.81,,kgeorge_gun_380_x3,1.175,1.2275,0.81,,richelieu_gun_380_x3,1.175,1.2275,0.81,,richelieu_gun_380_x3,1.175,1.2275,0.81,,richelieu_gun_380_x3,1.175,1.2275,0.81,,,,,,,,,,,
###,,,###,,,,,,,,,,,,,,,,,,,,,,,,,,,,,,,,,,,,,
casemate_2,,51,casemate_2,,,casemate_gun_150_x1,0.53,0.63,2.6,,casemate_gun_150_x1,0.53,0.63,2.6,,casemate_gun_150_x1,0.53,0.63,2.6,,casemate_gun_150_x1,0.53,0.63,2.6,,casemate_gun_150_x1,0.53,0.63,2.6,,,,,,,,,,,
casemate_3,,76,casemate_3,,,casemate_gun_150_x1,0.643,0.743,2.2,,casemate_gun_150_x1,0.643,0.743,2.2,,casemate_gun_150_x1,0.643,0.743,2.2,,casemate_gun_150_x1,0.643,0.743,2.2,,casemate_gun_150_x1,0.643,0.743,2.2,,,,,,,,,,,
casemate_4,,102,casemate_4,,,casemate_gun_150_x1,0.756,0.856,1.9,,casemate_gun_150_x1,0.756,0.856,1.9,,casemate_gun_150_x1,0.756,0.856,1.9,,casemate_gun_150_x1,0.756,0.856,1.9,,casemate_gun_150_x1,0.756,0.856,1.9,,,,,,,,,,,
casemate_5,,127,casemate_5,,,casemate_gun_150_x1,0.869,0.969,1.4,,casemate_gun_150_x1,0.869,0.969,1.4,,casemate_gun_150_x1,0.869,0.969,1.4,,casemate_gun_150_x1,0.869,0.969,1.4,,casemate_gun_150_x1,0.869,0.969,1.4,,,,,,,,,,,
casemate_6,,152,casemate_6,,,casemate_gun_150_x1,0.982,1.082,1,,casemate_gun_150_x1,0.982,1.082,1,,casemate_gun_150_x1,0.982,1.082,1,,casemate_gun_150_x1,0.982,1.082,1,,casemate_gun_150_x1,0.982,1.082,1,,,,,,,,,,,
casemate_7,,178,casemate_7,,,casemate_gun_150_x1,1.095,1.195,1,,casemate_gun_150_x1,1.095,1.195,1,,casemate_gun_150_x1,1.095,1.195,1,,casemate_gun_150_x1,1.095,1.195,1,,casemate_gun_150_x1,1.095,1.195,1,,,,,,,,,,,
casemate_8,,203,casemate_8,,,casemate_gun_150_x1,1.208,1.308,1.2,,casemate_gun_150_x1,1.208,1.308,1.2,,casemate_gun_150_x1,1.208,1.308,1.2,,casemate_gun_150_x1,1.208,1.308,1.2,,casemate_gun_150_x1,1.208,1.308,1.2,,,,,,,,,,,
###,,,###,,,,,,,,,,,,,,,,,,,,,,,,,,,,,,,,,,,,,
torpedo_x0_15,,15,torpedo_x0,,,sub_torpedo,1,1,,,sub_torpedo,1,1,,,sub_torpedo,1,1,,,sub_torpedo,1,1,,,sub_torpedo,1,1,,,,,,,,,,,,
torpedo_x1_15,,15,torpedo_x1,,,torpedo_x1,0.825,0.825,,,torpedo_x1,0.845,0.845,,,moga_torpedo_x1,0.63,0.63,,,akizuki_torpedo_x1,0.63,0.63,,,spee_torpedo_x1,0.63,0.63,,,,,,,,,,,,
torpedo_x2_15,,15,torpedo_x2,,,torpedo_x2,0.825,0.825,,,torpedo_x2,0.845,0.845,,,moga_torpedo_x2,0.63,0.63,,,akizuki_torpedo_x2,0.63,0.63,,,spee_torpedo_x2,0.63,0.63,,,,,,,,,,,,
torpedo_x3_15,,15,torpedo_x3,,,torpedo_x3,0.825,0.825,,,torpedo_x3,0.845,0.845,,,moga_torpedo_x3,0.63,0.63,,,akizuki_torpedo_x3,0.63,0.63,,,spee_torpedo_x3,0.63,0.63,,,,,,,,,,,,
torpedo_x4_15,,15,torpedo_x4,,,torpedo_x4,0.825,0.825,,,torpedo_x4,0.845,0.845,,,moga_torpedo_x4,0.63,0.63,,,akizuki_torpedo_x4,0.63,0.63,,,spee_torpedo_x4,0.63,0.63,,,,,,,,,,,,
torpedo_x5_15,,15,torpedo_x5,,,torpedo_x5,0.825,0.825,,,torpedo_x5,0.845,0.845,,,moga_torpedo_x5,0.63,0.63,,,akizuki_torpedo_x5,0.63,0.63,,,spee_torpedo_x5,0.63,0.63,,,,,,,,,,,,
torpedo_x0_16,,16,torpedo_x0,,,sub_torpedo,1,1,,,sub_torpedo,1,1,,,sub_torpedo,1,1,,,sub_torpedo,1,1,,,sub_torpedo,1,1,,,,,,,,,,,,
torpedo_x1_16,,16,torpedo_x1,,,torpedo_x1,0.86,0.86,,,torpedo_x1,0.88,0.88,,,moga_torpedo_x1,0.66,0.66,,,akizuki_torpedo_x1,0.66,0.66,,,spee_torpedo_x1,0.66,0.66,,,,,,,,,,,,
torpedo_x2_16,,16,torpedo_x2,,,torpedo_x2,0.86,0.86,,,torpedo_x2,0.88,0.88,,,moga_torpedo_x2,0.66,0.66,,,akizuki_torpedo_x2,0.66,0.66,,,spee_torpedo_x2,0.66,0.66,,,,,,,,,,,,
torpedo_x3_16,,16,torpedo_x3,,,torpedo_x3,0.86,0.86,,,torpedo_x3,0.88,0.88,,,moga_torpedo_x3,0.66,0.66,,,akizuki_torpedo_x3,0.66,0.66,,,spee_torpedo_x3,0.66,0.66,,,,,,,,,,,,
torpedo_x4_16,,16,torpedo_x4,,,torpedo_x4,0.86,0.86,,,torpedo_x4,0.88,0.88,,,moga_torpedo_x4,0.66,0.66,,,akizuki_torpedo_x4,0.66,0.66,,,spee_torpedo_x4,0.66,0.66,,,,,,,,,,,,
torpedo_x5_16,,16,torpedo_x5,,,torpedo_x5,0.86,0.86,,,torpedo_x5,0.88,0.88,,,moga_torpedo_x5,0.66,0.66,,,akizuki_torpedo_x5,0.66,0.66,,,spee_torpedo_x5,0.66,0.66,,,,,,,,,,,,
torpedo_x0_17,,17,torpedo_x0,,,sub_torpedo,1,1,,,sub_torpedo,1,1,,,sub_torpedo,1,1,,,sub_torpedo,1,1,,,sub_torpedo,1,1,,,,,,,,,,,,
torpedo_x1_17,,17,torpedo_x1,,,torpedo_x1,0.895,0.895,,,torpedo_x1,0.915,0.915,,,moga_torpedo_x1,0.69,0.69,,,akizuki_torpedo_x1,0.69,0.69,,,spee_torpedo_x1,0.69,0.69,,,,,,,,,,,,
torpedo_x2_17,,17,torpedo_x2,,,torpedo_x2,0.895,0.895,,,torpedo_x2,0.915,0.915,,,moga_torpedo_x2,0.69,0.69,,,akizuki_torpedo_x2,0.69,0.69,,,spee_torpedo_x2,0.69,0.69,,,,,,,,,,,,
torpedo_x3_17,,17,torpedo_x3,,,torpedo_x3,0.895,0.895,,,torpedo_x3,0.915,0.915,,,moga_torpedo_x3,0.69,0.69,,,akizuki_torpedo_x3,0.69,0.69,,,spee_torpedo_x3,0.69,0.69,,,,,,,,,,,,
torpedo_x4_17,,17,torpedo_x4,,,torpedo_x4,0.895,0.895,,,torpedo_x4,0.915,0.915,,,moga_torpedo_x4,0.69,0.69,,,akizuki_torpedo_x4,0.69,0.69,,,spee_torpedo_x4,0.69,0.69,,,,,,,,,,,,
torpedo_x5_17,,17,torpedo_x5,,,torpedo_x5,0.895,0.895,,,torpedo_x5,0.915,0.915,,,moga_torpedo_x5,0.69,0.69,,,akizuki_torpedo_x5,0.69,0.69,,,spee_torpedo_x5,0.69,0.69,,,,,,,,,,,,
torpedo_x0_18,,18,torpedo_x0,,,sub_torpedo,1,1,,,sub_torpedo,1,1,,,sub_torpedo,1,1,,,sub_torpedo,1,1,,,sub_torpedo,1,1,,,,,,,,,,,,
torpedo_x1_18,,18,torpedo_x1,,,torpedo_x1,0.93,0.93,,,torpedo_x1,0.95,0.95,,,moga_torpedo_x1,0.72,0.72,,,akizuki_torpedo_x1,0.72,0.72,,,spee_torpedo_x1,0.72,0.72,,,,,,,,,,,,
torpedo_x2_18,,18,torpedo_x2,,,torpedo_x2,0.93,0.93,,,torpedo_x2,0.95,0.95,,,moga_torpedo_x2,0.72,0.72,,,akizuki_torpedo_x2,0.72,0.72,,,spee_torpedo_x2,0.72,0.72,,,,,,,,,,,,
torpedo_x3_18,,18,torpedo_x3,,,torpedo_x3,0.93,0.93,,,torpedo_x3,0.95,0.95,,,moga_torpedo_x3,0.72,0.72,,,akizuki_torpedo_x3,0.72,0.72,,,spee_torpedo_x3,0.72,0.72,,,,,,,,,,,,
torpedo_x4_18,,18,torpedo_x4,,,torpedo_x4,0.93,0.93,,,torpedo_x4,0.95,0.95,,,moga_torpedo_x4,0.72,0.72,,,akizuki_torpedo_x4,0.72,0.72,,,spee_torpedo_x4,0.72,0.72,,,,,,,,,,,,
torpedo_x5_18,,18,torpedo_x5,,,torpedo_x5,0.93,0.93,,,torpedo_x5,0.95,0.95,,,moga_torpedo_x5,0.72,0.72,,,akizuki_torpedo_x5,0.72,0.72,,,spee_torpedo_x5,0.72,0.72,,,,,,,,,,,,
torpedo_x0_19,,19,torpedo_x0,,,sub_torpedo,1,1,,,sub_torpedo,1,1,,,sub_torpedo,1,1,,,sub_torpedo,1,1,,,sub_torpedo,1,1,,,,,,,,,,,,
torpedo_x1_19,,19,torpedo_x1,,,torpedo_x1,0.965,0.965,,,torpedo_x1,0.985,0.985,,,moga_torpedo_x1,0.75,0.75,,,akizuki_torpedo_x1,0.75,0.75,,,spee_torpedo_x1,0.75,0.75,,,,,,,,,,,,
torpedo_x2_19,,19,torpedo_x2,,,torpedo_x2,0.965,0.965,,,torpedo_x2,0.985,0.985,,,moga_torpedo_x2,0.75,0.75,,,akizuki_torpedo_x2,0.75,0.75,,,spee_torpedo_x2,0.75,0.75,,,,,,,,,,,,
torpedo_x3_19,,19,torpedo_x3,,,torpedo_x3,0.965,0.965,,,torpedo_x3,0.985,0.985,,,moga_torpedo_x3,0.75,0.75,,,akizuki_torpedo_x3,0.75,0.75,,,spee_torpedo_x3,0.75,0.75,,,,,,,,,,,,
torpedo_x4_19,,19,torpedo_x4,,,torpedo_x4,0.965,0.965,,,torpedo_x4,0.985,0.985,,,moga_torpedo_x4,0.75,0.75,,,akizuki_torpedo_x4,0.75,0.75,,,spee_torpedo_x4,0.75,0.75,,,,,,,,,,,,
torpedo_x5_19,,19,torpedo_x5,,,torpedo_x5,0.965,0.965,,,torpedo_x5,0.985,0.985,,,moga_torpedo_x5,0.75,0.75,,,akizuki_torpedo_x5,0.75,0.75,,,spee_torpedo_x5,0.75,0.75,,,,,,,,,,,,
torpedo_x0_20,,20,torpedo_x0,,,sub_torpedo,1,1,,,sub_torpedo,1,1,,,sub_torpedo,1,1,,,sub_torpedo,1,1,,,sub_torpedo,1,1,,,,,,,,,,,,
torpedo_x1_20,,20,torpedo_x1,,,torpedo_x1,1,1,,,torpedo_x1,1.02,1.02,,,moga_torpedo_x1,0.78,0.78,,,akizuki_torpedo_x1,0.78,0.78,,,spee_torpedo_x1,0.78,0.78,,,,,,,,,,,,
torpedo_x2_20,,20,torpedo_x2,,,torpedo_x2,1,1,,,torpedo_x2,1.02,1.02,,,moga_torpedo_x2,0.78,0.78,,,akizuki_torpedo_x2,0.78,0.78,,,spee_torpedo_x2,0.78,0.78,,,,,,,,,,,,
torpedo_x3_20,,20,torpedo_x3,,,torpedo_x3,1,1,,,torpedo_x3,1.02,1.02,,,moga_torpedo_x3,0.78,0.78,,,akizuki_torpedo_x3,0.78,0.78,,,spee_torpedo_x3,0.78,0.78,,,,,,,,,,,,
torpedo_x4_20,,20,torpedo_x4,,,torpedo_x4,1,1,,,torpedo_x4,1.02,1.02,,,moga_torpedo_x4,0.78,0.78,,,akizuki_torpedo_x4,0.78,0.78,,,spee_torpedo_x4,0.78,0.78,,,,,,,,,,,,
torpedo_x5_20,,20,torpedo_x5,,,torpedo_x5,1,1,,,torpedo_x5,1.02,1.02,,,moga_torpedo_x5,0.78,0.78,,,akizuki_torpedo_x5,0.78,0.78,,,spee_torpedo_x5,0.78,0.78,,,,,,,,,,,,
torpedo_x0_21,,21,torpedo_x0,,,sub_torpedo,1,1,,,sub_torpedo,1,1,,,sub_torpedo,1,1,,,sub_torpedo,1,1,,,sub_torpedo,1,1,,,,,,,,,,,,
torpedo_x1_21,,21,torpedo_x1,,,torpedo_x1,1.035,1.035,,,torpedo_x1,1.055,1.055,,,moga_torpedo_x1,0.81,0.81,,,akizuki_torpedo_x1,0.81,0.81,,,spee_torpedo_x1,0.81,0.81,,,,,,,,,,,,
torpedo_x2_21,,21,torpedo_x2,,,torpedo_x2,1.035,1.035,,,torpedo_x2,1.055,1.055,,,moga_torpedo_x2,0.81,0.81,,,akizuki_torpedo_x2,0.81,0.81,,,spee_torpedo_x2,0.81,0.81,,,,,,,,,,,,
torpedo_x3_21,,21,torpedo_x3,,,torpedo_x3,1.035,1.035,,,torpedo_x3,1.055,1.055,,,moga_torpedo_x3,0.81,0.81,,,akizuki_torpedo_x3,0.81,0.81,,,spee_torpedo_x3,0.81,0.81,,,,,,,,,,,,
torpedo_x4_21,,21,torpedo_x4,,,torpedo_x4,1.035,1.035,,,torpedo_x4,1.055,1.055,,,moga_torpedo_x4,0.81,0.81,,,akizuki_torpedo_x4,0.81,0.81,,,spee_torpedo_x4,0.81,0.81,,,,,,,,,,,,
torpedo_x5_21,,21,torpedo_x5,,,torpedo_x5,1.035,1.035,,,torpedo_x5,1.055,1.055,,,moga_torpedo_x5,0.81,0.81,,,akizuki_torpedo_x5,0.81,0.81,,,spee_torpedo_x5,0.81,0.81,,,,,,,,,,,,
torpedo_x0_22,,22,torpedo_x0,,,sub_torpedo,1,1,,,sub_torpedo,1,1,,,sub_torpedo,1,1,,,sub_torpedo,1,1,,,sub_torpedo,1,1,,,,,,,,,,,,
torpedo_x1_22,,22,torpedo_x1,,,torpedo_x1,1.07,1.07,,,torpedo_x1,1.09,1.09,,,moga_torpedo_x1,0.84,0.84,,,akizuki_torpedo_x1,0.84,0.84,,,spee_torpedo_x1,0.84,0.84,,,,,,,,,,,,
torpedo_x2_22,,22,torpedo_x2,,,torpedo_x2,1.07,1.07,,,torpedo_x2,1.09,1.09,,,moga_torpedo_x2,0.84,0.84,,,akizuki_torpedo_x2,0.84,0.84,,,spee_torpedo_x2,0.84,0.84,,,,,,,,,,,,
torpedo_x3_22,,22,torpedo_x3,,,torpedo_x3,1.07,1.07,,,torpedo_x3,1.09,1.09,,,moga_torpedo_x3,0.84,0.84,,,akizuki_torpedo_x3,0.84,0.84,,,spee_torpedo_x3,0.84,0.84,,,,,,,,,,,,
torpedo_x4_22,,22,torpedo_x4,,,torpedo_x4,1.07,1.07,,,torpedo_x4,1.09,1.09,,,moga_torpedo_x4,0.84,0.84,,,akizuki_torpedo_x4,0.84,0.84,,,spee_torpedo_x4,0.84,0.84,,,,,,,,,,,,
torpedo_x5_22,,22,torpedo_x5,,,torpedo_x5,1.07,1.07,,,torpedo_x5,1.09,1.09,,,moga_torpedo_x5,0.84,0.84,,,akizuki_torpedo_x5,0.84,0.84,,,spee_torpedo_x5,0.84,0.84,,,,,,,,,,,,
torpedo_x0_23,,23,torpedo_x0,,,sub_torpedo,1,1,,,sub_torpedo,1,1,,,sub_torpedo,1,1,,,sub_torpedo,1,1,,,sub_torpedo,1,1,,,,,,,,,,,,
torpedo_x1_23,,23,torpedo_x1,,,torpedo_x1,1.105,1.105,,,torpedo_x1,1.125,1.125,,,moga_torpedo_x1,0.87,0.87,,,akizuki_torpedo_x1,0.87,0.87,,,spee_torpedo_x1,0.87,0.87,,,,,,,,,,,,
torpedo_x2_23,,23,torpedo_x2,,,torpedo_x2,1.105,1.105,,,torpedo_x2,1.125,1.125,,,moga_torpedo_x2,0.87,0.87,,,akizuki_torpedo_x2,0.87,0.87,,,spee_torpedo_x2,0.87,0.87,,,,,,,,,,,,
torpedo_x3_23,,23,torpedo_x3,,,torpedo_x3,1.105,1.105,,,torpedo_x3,1.125,1.125,,,moga_torpedo_x3,0.87,0.87,,,akizuki_torpedo_x3,0.87,0.87,,,spee_torpedo_x3,0.87,0.87,,,,,,,,,,,,
torpedo_x4_23,,23,torpedo_x4,,,torpedo_x4,1.105,1.105,,,torpedo_x4,1.125,1.125,,,moga_torpedo_x4,0.87,0.87,,,akizuki_torpedo_x4,0.87,0.87,,,spee_torpedo_x4,0.87,0.87,,,,,,,,,,,,
torpedo_x5_23,,23,torpedo_x5,,,torpedo_x5,1.105,1.105,,,torpedo_x5,1.125,1.125,,,moga_torpedo_x5,0.87,0.87,,,akizuki_torpedo_x5,0.87,0.87,,,spee_torpedo_x5,0.87,0.87,,,,,,,,,,,,
torpedo_x0_24,,24,torpedo_x0,,,sub_torpedo,1,1,,,sub_torpedo,1,1,,,sub_torpedo,1,1,,,sub_torpedo,1,1,,,sub_torpedo,1,1,,,,,,,,,,,,
torpedo_x1_24,,24,torpedo_x1,,,torpedo_x1,1.14,1.14,,,torpedo_x1,1.16,1.16,,,moga_torpedo_x1,0.9,0.9,,,akizuki_torpedo_x1,0.9,0.9,,,spee_torpedo_x1,0.9,0.9,,,,,,,,,,,,
torpedo_x2_24,,24,torpedo_x2,,,torpedo_x2,1.14,1.14,,,torpedo_x2,1.16,1.16,,,moga_torpedo_x2,0.9,0.9,,,akizuki_torpedo_x2,0.9,0.9,,,spee_torpedo_x2,0.9,0.9,,,,,,,,,,,,
torpedo_x3_24,,24,torpedo_x3,,,torpedo_x3,1.14,1.14,,,torpedo_x3,1.16,1.16,,,moga_torpedo_x3,0.9,0.9,,,akizuki_torpedo_x3,0.9,0.9,,,spee_torpedo_x3,0.9,0.9,,,,,,,,,,,,
torpedo_x4_24,,24,torpedo_x4,,,torpedo_x4,1.14,1.14,,,torpedo_x4,1.16,1.16,,,moga_torpedo_x4,0.9,0.9,,,akizuki_torpedo_x4,0.9,0.9,,,spee_torpedo_x4,0.9,0.9,,,,,,,,,,,,
torpedo_x5_24,,24,torpedo_x5,,,torpedo_x5,1.14,1.14,,,torpedo_x5,1.16,1.16,,,moga_torpedo_x5,0.9,0.9,,,akizuki_torpedo_x5,0.9,0.9,,,spee_torpedo_x5,0.9,0.9,,,,,,,,,,,,
###,,,###,,,,,,,,,,,,,,,,,,,,,,,,,,,,,,,,,,,,,
gun_2_x1_germany,,51,gun_2_x1,germany,,,,,,,,,,,,,,,,,,,,,,,,,,,,,,,,,,,,
gun_2_x2_germany,,51,gun_2_x2,germany,,,,,,,,,,,,,,,,,,,,,,,,,,,,,,,,,,,,
gun_2_x3_germany,,51,gun_2_x3,germany,,,,,,,,,,,,,,,,,,,,,,,,,,,,,,,,,,,,
gun_2_x4_germany,,51,gun_2_x4,germany,,,,,,,,,,,,,,,,,,,,,,,,,,,,,,,,,,,,
gun_3_x1_germany_dd,,76,gun_3_x1,germany,"dd, tb",,,,,,,,,,,,,,,,,,,,,,,,,,,,,,,,,,,
gun_3_x2_germany_dd,,76,gun_3_x2,germany,"dd, tb",,,,,,vdt_gun_200_x2,0.6518,0.7518,,,bismarck_gun_105_x2,0.732,0.858,,,bismarck_gun_105_x2,0.732,0.858,,,bismarck_gun_105_x2,0.732,0.858,,,,,,,,,,,,
gun_3_x3_germany_dd,,76,gun_3_x3,germany,"dd, tb",,,,,,,,,,,bismarck_gun_105_x3,0.732,0.858,,,bismarck_gun_105_x3,0.732,0.858,,,bismarck_gun_105_x3,0.732,0.858,,,,,,,,,,,,
gun_3_x4_germany_dd,,76,gun_3_x4,germany,"dd, tb",,,,,,,,,,,bismarck_gun_105_x4,0.732,0.858,,,bismarck_gun_105_x4,0.732,0.858,,,bismarck_gun_105_x4,0.732,0.858,,,,,,,,,,,,
gun_4_x1_germany_dd,,102,gun_4_x1,germany,"dd, tb",,,,,,,,,,,,,,,,,,,,,,,,,,,,,,,,,,,
gun_4_x2_germany_dd,,102,gun_4_x2,germany,"dd, tb",,,,,,vdt_gun_200_x2,0.7632,0.8632,,,bismarck_gun_105_x2,0.868,0.994,,,bismarck_gun_105_x2,0.868,0.994,,,bismarck_gun_105_x2,0.868,0.994,,,,,,,,,,,,
gun_4_x3_germany_dd,,102,gun_4_x3,germany,"dd, tb",,,,,,,,,,,bismarck_gun_105_x3,0.868,0.994,,,bismarck_gun_105_x3,0.868,0.994,,,bismarck_gun_105_x3,0.868,0.994,,,,,,,,,,,,
gun_4_x4_germany_dd,,102,gun_4_x4,germany,"dd, tb",,,,,,,,,,,bismarck_gun_105_x4,0.868,0.994,,,bismarck_gun_105_x4,0.868,0.994,,,bismarck_gun_105_x4,0.868,0.994,,,,,,,,,,,,
gun_5_x1_germany_dd,,127,gun_5_x1,germany,"dd, tb",,,,,,,,,,,spee_gun_150_x1,1.004,1.13,,,spee_gun_150_x1,1.004,1.13,,,spee_gun_150_x1,1.004,1.13,,,,,,,,,,,,
gun_5_x2_germany_dd,,127,gun_5_x2,germany,"dd, tb",,,,,,vdt_gun_200_x2,0.8746,0.9746,,,spee_gun_150_x2,1.004,1.13,,,bismarck_gun_b_150_x2,0.8005,0.935,,,bismarck_gun_150_x2,0.8005,0.935,,,,,,,,,,,,
gun_5_x3_germany_dd,,127,gun_5_x3,germany,"dd, tb",,,,,,,,,,,spee_gun_150_x3,1.004,1.13,,,bismarck_gun_b_150_x3,0.8005,0.935,,,bismarck_gun_150_x3,0.8005,0.935,,,,,,,,,,,,
gun_5_x4_germany_dd,,127,gun_5_x4,germany,"dd, tb",,,,,,,,,,,bismarck_gun_b_150_x4,0.8005,0.935,,,bismarck_gun_b_150_x4,0.8005,0.935,,,bismarck_gun_150_x4,0.8005,0.935,,,,,,,,,,,,
gun_3_x1_germany_cl,,76,gun_3_x1,germany,cl,,,,,,,,,,,,,,,,,,,,,,,,,,,,,,,,,,,
gun_3_x2_germany_cl,,76,gun_3_x2,germany,cl,,,,,,vdt_gun_200_x2,0.6518,0.7518,,,bismarck_gun_105_x2,0.732,0.858,,,bismarck_gun_105_x2,0.732,0.858,,,bismarck_gun_105_x2,0.732,0.858,,,,,,,,,,,,
gun_3_x3_germany_cl,,76,gun_3_x3,germany,cl,,,,,,,,,,,bismarck_gun_105_x3,0.732,0.858,,,bismarck_gun_105_x3,0.732,0.858,,,bismarck_gun_105_x3,0.732,0.858,,,,,,,,,,,,
gun_3_x4_germany_cl,,76,gun_3_x4,germany,cl,,,,,,,,,,,bismarck_gun_105_x4,0.732,0.858,,,bismarck_gun_105_x4,0.732,0.858,,,bismarck_gun_105_x4,0.732,0.858,,,,,,,,,,,,
gun_4_x1_germany_cl,,102,gun_4_x1,germany,cl,,,,,,,,,,,,,,,,,,,,,,,,,,,,,,,,,,,
gun_4_x2_germany_cl,,102,gun_4_x2,germany,cl,,,,,,vdt_gun_200_x2,0.7632,0.8632,,,bismarck_gun_105_x2,0.868,0.994,,,bismarck_gun_105_x2,0.868,0.994,,,bismarck_gun_105_x2,0.868,0.994,,,,,,,,,,,,
gun_4_x3_germany_cl,,102,gun_4_x3,germany,cl,,,,,,,,,,,bismarck_gun_105_x3,0.868,0.994,,,bismarck_gun_105_x3,0.868,0.994,,,bismarck_gun_105_x3,0.868,0.994,,,,,,,,,,,,
gun_4_x4_germany_cl,,102,gun_4_x4,germany,cl,,,,,,,,,,,bismarck_gun_105_x4,0.868,0.994,,,bismarck_gun_105_x4,0.868,0.994,,,bismarck_gun_105_x4,0.868,0.994,,,,,,,,,,,,
gun_5_x1_germany_cl,,127,gun_5_x1,germany,cl,,,,,,,,,,,spee_gun_150_x1,1.004,1.13,,,spee_gun_150_x1,1.004,1.13,,,spee_gun_150_x1,1.004,1.13,,,,,,,,,,,,
gun_5_x2_germany_cl,,127,gun_5_x2,germany,cl,,,,,,vdt_gun_200_x2,0.8746,0.9746,,,spee_gun_150_x2,1.004,1.13,,,bismarck_gun_b_150_x2,0.8005,0.935,,,bismarck_gun_150_x2,0.8005,0.935,,,,,,,,,,,,
gun_5_x3_germany_cl,,127,gun_5_x3,germany,cl,,,,,,,,,,,spee_gun_150_x3,1.004,1.13,,,bismarck_gun_b_150_x3,0.8005,0.935,,,bismarck_gun_150_x3,0.8005,0.935,,,,,,,,,,,,
gun_5_x4_germany_cl,,127,gun_5_x4,germany,cl,,,,,,,,,,,bismarck_gun_b_150_x4,0.8005,0.935,,,bismarck_gun_b_150_x4,0.8005,0.935,,,bismarck_gun_150_x4,0.8005,0.935,,,,,,,,,,,,
gun_6_x1_germany_cl,,152,gun_6_x1,germany,cl,,,,,,,,,,,,,,,,,,,,,,,,,,,,,,,,,,,
gun_6_x2_germany_cl,,152,gun_6_x2,germany,cl,,,,,,vdt_gun_200_x2,0.986,1.086,,,bismarck_gun_b_150_x2,0.955,1.0895,,,bismarck_gun_150_x2,0.955,1.0895,,,bismarck_gun_150_x2,0.955,1.0895,,,,,,,,,,,,
gun_6_x3_germany_cl,,152,gun_6_x3,germany,cl,,,,,,,,,,,bismarck_gun_b_150_x3,0.955,1.0895,,,bismarck_gun_150_x3,0.955,1.0895,,,bismarck_gun_150_x3,0.955,1.0895,,,,,,,,,,,,
gun_6_x4_germany_cl,,152,gun_6_x4,germany,cl,,,,,,,,,,,bismarck_gun_b_150_x4,0.955,1.0895,,,bismarck_gun_150_x4,0.955,1.0895,,,bismarck_gun_150_x4,0.955,1.0895,,,,,,,,,,,,
gun_3_x1_germany_ca,,76,gun_3_x1,germany,"ca, bb, bc",,,,,,,,,,,,,,,,,,,,,,,,,,,,,,,,,,,
gun_3_x2_germany_ca,,76,gun_3_x2,germany,"ca, bb, bc",,,,,,vdt_gun_200_x2,0.6518,0.7518,,,bismarck_gun_105_x2,0.732,0.858,,,bismarck_gun_105_x2,0.732,0.858,,,bismarck_gun_105_x2,0.732,0.858,,,,,,,,,,,,
gun_3_x3_germany_ca,,76,gun_3_x3,germany,"ca, bb, bc",,,,,,,,,,,bismarck_gun_105_x3,0.732,0.858,,,bismarck_gun_105_x3,0.732,0.858,,,bismarck_gun_105_x3,0.732,0.858,,,,,,,,,,,,
gun_3_x4_germany_ca,,76,gun_3_x4,germany,"ca, bb, bc",,,,,,,,,,,bismarck_gun_105_x4,0.732,0.858,,,bismarck_gun_105_x4,0.732,0.858,,,bismarck_gun_105_x4,0.732,0.858,,,,,,,,,,,,
gun_4_x1_germany_ca,,102,gun_4_x1,germany,"ca, bb, bc",,,,,,,,,,,,,,,,,,,,,,,,,,,,,,,,,,,
gun_4_x2_germany_ca,,102,gun_4_x2,germany,"ca, bb, bc",,,,,,vdt_gun_200_x2,0.7632,0.8632,,,bismarck_gun_105_x2,0.868,0.994,,,bismarck_gun_105_x2,0.868,0.994,,,bismarck_gun_105_x2,0.868,0.994,,,,,,,,,,,,
gun_4_x3_germany_ca,,102,gun_4_x3,germany,"ca, bb, bc",,,,,,,,,,,bismarck_gun_105_x3,0.868,0.994,,,bismarck_gun_105_x3,0.868,0.994,,,bismarck_gun_105_x3,0.868,0.994,,,,,,,,,,,,
gun_4_x4_germany_ca,,102,gun_4_x4,germany,"ca, bb, bc",,,,,,,,,,,bismarck_gun_105_x4,0.868,0.994,,,bismarck_gun_105_x4,0.868,0.994,,,bismarck_gun_105_x4,0.868,0.994,,,,,,,,,,,,
gun_5_x1_germany_ca,,127,gun_5_x1,germany,"ca, bb, bc",,,,,,,,,,,spee_gun_150_x1,1.004,1.13,,,spee_gun_150_x1,1.004,1.13,,,spee_gun_150_x1,1.004,1.13,,,,,,,,,,,,
gun_5_x2_germany_ca,,127,gun_5_x2,germany,"ca, bb, bc",,,,,,vdt_gun_200_x2,0.8746,0.9746,,,spee_gun_150_x2,1.004,1.13,,,bismarck_gun_b_150_x2,0.8005,0.935,,,bismarck_gun_150_x2,0.8005,0.935,,,,,,,,,,,,
gun_5_x3_germany_ca,,127,gun_5_x3,germany,"ca, bb, bc",,,,,,,,,,,spee_gun_150_x3,1.004,1.13,,,bismarck_gun_b_150_x3,0.8005,0.935,,,bismarck_gun_150_x3,0.8005,0.935,,,,,,,,,,,,
gun_5_x4_germany_ca,,127,gun_5_x4,germany,"ca, bb, bc",,,,,,,,,,,bismarck_gun_b_150_x4,0.8005,0.935,,,bismarck_gun_b_150_x4,0.8005,0.935,,,bismarck_gun_150_x4,0.8005,0.935,,,,,,,,,,,,
gun_6_x1_germany_ca,,152,gun_6_x1,germany,"ca, bb, bc",friedrich_gun_152_x1,1.345,1.4805,,,,,,,,,,,,,,,,,,,,,,,,,,,,,,,,
gun_6_x2_germany_ca,,152,gun_6_x2,germany,"ca, bb, bc",,,,,,vdt_gun_200_x2,0.986,1.086,,,bismarck_gun_b_150_x2,0.955,1.0895,,,bismarck_gun_b_150_x2,0.955,1.0895,,,bismarck_gun_150_x2,0.955,1.0895,,,,,,,,,,,,
gun_6_x3_germany_ca,,152,gun_6_x3,germany,"ca, bb, bc",,,,,,,,,,,bismarck_gun_b_150_x3,0.955,1.0895,,,bismarck_gun_b_150_x3,0.955,1.0895,,,bismarck_gun_150_x3,0.955,1.0895,,,,,,,,,,,,
gun_6_x4_germany_ca,,152,gun_6_x4,germany,"ca, bb, bc",,,,,,,,,,,bismarck_gun_b_150_x4,0.955,1.0895,,,bismarck_gun_b_150_x4,0.955,1.0895,,,bismarck_gun_150_x4,0.955,1.0895,,,,,,,,,,,,
"gun_7_x1_germany_cl,ca",,178,gun_7_x1,germany,"cl, ca, bb, bc",friedrich_gun_152_x1,1.4905,1.626,,,,,,,,,,,,,,,,,,,,,,,,,,,,,,,,
"gun_7_x2_germany_cl,ca",,178,gun_7_x2,germany,"cl, ca, bb, bc",,,,,,vdt_gun_200_x2,1.0974,1.1974,,,bismarck_gun_b_150_x2,1.1095,1.244,,,bismarck_gun_b_150_x2,1.1095,1.244,,,bismarck_gun_150_x2,1.1095,1.244,,,,,,,,,,,,
"gun_7_x3_germany_cl,ca",,178,gun_7_x3,germany,"cl, ca, bb, bc",,,,,,,,,,,bismarck_gun_b_150_x3,1.1095,1.244,,,bismarck_gun_b_150_x3,1.1095,1.244,,,bismarck_gun_150_x3,1.1095,1.244,,,,,,,,,,,,
"gun_7_x4_germany_cl,ca",,178,gun_7_x4,germany,"cl, ca, bb, bc",,,,,,,,,,,bismarck_gun_b_150_x4,1.1095,1.244,,,bismarck_gun_b_150_x4,1.1095,1.244,,,bismarck_gun_150_x4,1.1095,1.244,,,,,,,,,,,,
gun_8_x1_germany_ca,,203,gun_8_x1,germany,"ca, bb, bc",,,,,,vdt_gun_200_x1,1.2088,1.3088,,,vdt_gun_280_x1,0.7622,0.8413,,,bismarck_gun_380_x1,0.5912,0.6448,,,bismarck_gun_380_x1,0.5912,0.6448,,,,,,,,,,,,
gun_8_x2_germany_ca,,203,gun_8_x2,germany,"ca, bb, bc",,,,,,vdt_gun_200_x2,1.2088,1.3088,,,vdt_gun_280_x2,0.7622,0.8413,,,bismarck_gun_380_x2,0.5912,0.6448,,,bismarck_gun_380_x2,0.5912,0.6448,,,,,,,,,,,,
gun_8_x3_germany_ca,,203,gun_8_x3,germany,"ca, bb, bc",,,,,,vdt_gun_280_x3,0.7622,0.8413,,,vdt_gun_280_x3,0.7622,0.8413,,,spee_gun_280_x3_a,0.6816,0.7489,,,spee_gun_280_x3_a,0.6816,0.7489,,,,,,,,,,,,
gun_8_x4_germany_ca,,203,gun_8_x4,germany,"ca, bb, bc",,,,,,vdt_gun_280_x4,0.7622,0.8413,,,vdt_gun_280_x4,0.7622,0.8413,,,spee_gun_280_x4_a,0.6816,0.7489,,,spee_gun_280_x4_a,0.6816,0.7489,,,,,,,,,,,,
"gun_9_x1_germany_ca,bb,bc",,229,gun_9_x1,germany,"ca, bb, bc",,,,,,vdt_gun_200_x1,1.3202,1.4202,,,vdt_gun_280_x1,0.8513,0.9304,,,bismarck_gun_380_x1,0.6548,0.7084,,,bismarck_gun_380_x1,0.6548,0.7084,,,,,,,,,,,,
"gun_9_x2_germany_ca,bb,bc",,229,gun_9_x2,germany,"ca, bb, bc",,,,,,vdt_gun_200_x2,1.3202,1.4202,,,vdt_gun_280_x2,0.8513,0.9304,,,bismarck_gun_380_x2,0.6548,0.7084,,,bismarck_gun_380_x2,0.6548,0.7084,,,,,,,,,,,,
"gun_9_x3_germany_ca,bb,bc",,229,gun_9_x3,germany,"ca, bb, bc",,,,,,vdt_gun_280_x3,0.8513,0.9304,,,vdt_gun_280_x3,0.8513,0.9304,,,spee_gun_280_x3_a,0.7589,0.8262,,,spee_gun_280_x3_a,0.7589,0.8262,,,,,,,,,,,,
"gun_9_x4_germany_ca,bb,bc",,229,gun_9_x4,germany,"ca, bb, bc",,,,,,vdt_gun_280_x4,0.8513,0.9304,,,vdt_gun_280_x4,0.8513,0.9304,,,spee_gun_280_x4_a,0.7589,0.8262,,,spee_gun_280_x4_a,0.7589,0.8262,,,,,,,,,,,,
"gun_10_x1_germany_ca,bb,bc",,254,gun_10_x1,germany,"ca, bb, bc",,,,,,vdt_gun_280_x1,0.9404,1.0195,,,vdt_gun_280_x1,0.9404,1.0195,,,bismarck_gun_380_x1,0.7184,0.772,,,bismarck_gun_380_x1,0.7184,0.772,,,,,,,,,,,,
"gun_10_x2_germany_ca,bb,bc",,254,gun_10_x2,germany,"ca, bb, bc",,,,,,vdt_gun_280_x2,0.9404,1.0195,,,vdt_gun_280_x2,0.9404,1.0195,,,bismarck_gun_380_x2,0.7184,0.772,,,bismarck_gun_380_x2,0.7184,0.772,,,,,,,,,,,,
"gun_10_x3_germany_ca,bb,bc",,254,gun_10_x3,germany,"ca, bb, bc",,,,,,vdt_gun_280_x3,0.9404,1.0195,,,vdt_gun_280_x3,0.9404,1.0195,,,spee_gun_280_x3_a,0.8362,0.9035,,,spee_gun_280_x3_a,0.8362,0.9035,,,,,,,,,,,,
"gun_10_x4_germany_ca,bb,bc",,254,gun_10_x4,germany,"ca, bb, bc",,,,,,vdt_gun_280_x4,0.9404,1.0195,,,vdt_gun_280_x4,0.9404,1.0195,,,spee_gun_280_x4_a,0.8362,0.9035,,,spee_gun_280_x4_a,0.8362,0.9035,,,,,,,,,,,,
"gun_11_x1_germany_ca,bb,bc",,279,gun_11_x1,germany,"ca, bb, bc",,,,,,vdt_gun_280_x1,1.0295,1.1086,,,vdt_gun_280_x1,1.0295,1.1086,,,bismarck_gun_380_x1,0.782,0.8356,,,bismarck_gun_380_x1,0.782,0.8356,,,,,,,,,,,,
"gun_11_x2_germany_ca,bb,bc",,279,gun_11_x2,germany,"ca, bb, bc",,,,,,vdt_gun_280_x2,1.0295,1.1086,,,vdt_gun_280_x2,1.0295,1.1086,,,bismarck_gun_380_x2,0.782,0.8356,,,bismarck_gun_380_x2,0.782,0.8356,,,,,,,,,,,,
"gun_11_x3_germany_ca,bb,bc",,279,gun_11_x3,germany,"ca, bb, bc",,,,,,vdt_gun_280_x3,1.0295,1.1086,,,vdt_gun_280_x3,1.0295,1.1086,,,spee_gun_280_x3_a,0.9135,0.9808,,,spee_gun_280_x3_a,0.9135,0.9808,,,,,,,,,,,,
"gun_11_x4_germany_ca,bb,bc",,279,gun_11_x4,germany,"ca, bb, bc",,,,,,vdt_gun_280_x4,1.0295,1.1086,,,vdt_gun_280_x4,1.0295,1.1086,,,spee_gun_280_x4_a,0.9135,0.9808,,,spee_gun_280_x4_a,0.9135,0.9808,,,,,,,,,,,,
"gun_12_x1_germany_bb,bc",,305,gun_12_x1,germany,"ca, bb, bc",,,,,,vdt_gun_280_x1,1.1186,1.1977,,,spee_gun_var_280_x1,0.9908,1.0581,,,bismarck_gun_380_x1,0.8456,0.8992,,,bismarck_gun_380_x1,0.8456,0.8992,,,,,,,,,,,,
"gun_12_x2_germany_bb,bc",,305,gun_12_x2,germany,"ca, bb, bc",,,,,,vdt_gun_280_x2,1.1186,1.1977,,,spee_gun_var_280_x2,0.9908,1.0581,,,bismarck_gun_380_x2,0.8456,0.8992,,,bismarck_gun_380_x2,0.8456,0.8992,,,,,,,,,,,,
"gun_12_x3_germany_bb,bc",,305,gun_12_x3,germany,"ca, bb, bc",,,,,,vdt_gun_280_x3,1.1186,1.1977,,,spee_gun_var_280_x3,0.9908,1.0581,,,spee_gun_280_x3_a,0.9908,1.0581,,,spee_gun_280_x3_a,0.9908,1.0581,,,,,,,,,,,,
"gun_12_x4_germany_bb,bc",,305,gun_12_x4,germany,"ca, bb, bc",,,,,,vdt_gun_280_x4,1.1186,1.1977,,,spee_gun_280_x4_a,0.9908,1.0581,,,spee_gun_280_x4_a,0.9908,1.0581,,,spee_gun_280_x4_a,0.9908,1.0581,,,,,,,,,,,,
"gun_13_x1_germany_bb,bc",,330,gun_13_x1,germany,"bb, bc",,,,,,vdt_gun_280_x1,1.2077,1.2868,,,spee_gun_var_280_x1,1.0681,1.1354,,,bismarck_gun_380_x1,0.9092,0.9628,,,bismarck_gun_380_x1,0.9092,0.9628,,,,,,,,,,,,
"gun_13_x2_germany_bb,bc",,330,gun_13_x2,germany,"bb, bc",,,,,,vdt_gun_280_x2,1.2077,1.2868,,,spee_gun_var_280_x2,1.0681,1.1354,,,bismarck_gun_380_x2,0.9092,0.9628,,,bismarck_gun_380_x2,0.9092,0.9628,,,,,,,,,,,,
"gun_13_x3_germany_bb,bc",,330,gun_13_x3,germany,"bb, bc",,,,,,vdt_gun_280_x3,1.2077,1.2868,,,spee_gun_var_280_x3,1.0681,1.1354,,,spee_gun_280_x3_a,1.0681,1.1354,,,spee_gun_280_x3_a,1.0681,1.1354,,,,,,,,,,,,
"gun_13_x4_germany_bb,bc",,330,gun_13_x4,germany,"bb, bc",,,,,,vdt_gun_280_x4,1.2077,1.2868,,,spee_gun_280_x4_a,1.0681,1.1354,,,spee_gun_280_x4_a,1.0681,1.1354,,,spee_gun_280_x4_a,1.0681,1.1354,,,,,,,,,,,,
"gun_14_x1_germany_bb,bc",,356,gun_14_x1,germany,"bb, bc",,,,,,vdt_gun_280_x1,1.2968,1.3759,,,spee_gun_var_280_x1,1.1454,1.2127,,,bismarck_gun_380_x1,0.9728,1.0264,,,bismarck_gun_380_x1,0.9728,1.0264,,,,,,,,,,,,
"gun_14_x2_germany_bb,bc",,356,gun_14_x2,germany,"bb, bc",,,,,,vdt_gun_280_x2,1.2968,1.3759,,,spee_gun_var_280_x2,1.1454,1.2127,,,bismarck_gun_380_x2,0.9728,1.0264,,,bismarck_gun_380_x2,0.9728,1.0264,,,,,,,,,,,,
"gun_14_x3_germany_bb,bc",,356,gun_14_x3,germany,"bb, bc",,,,,,vdt_gun_280_x3,1.2968,1.3759,,,spee_gun_var_280_x3,1.1454,1.2127,,,spee_gun_280_x3_a,1.1454,1.2127,,,spee_gun_280_x3_a,1.1454,1.2127,,,,,,,,,,,,
"gun_14_x4_germany_bb,bc",,356,gun_14_x4,germany,"bb, bc",,,,,,vdt_gun_280_x4,1.2968,1.3759,,,spee_gun_280_x4_a,1.1454,1.2127,,,spee_gun_280_x4_a,1.1454,1.2127,,,spee_gun_280_x4_a,1.1454,1.2127,,,,,,,,,,,,
"gun_15_x1_germany_bb,bc",,381,gun_15_x1,germany,"bb, bc",,,,,,vdt_gun_280_x1,1.3859,1.465,,,bismarck_gun_380_short_x1,1.131,1.1901,,,bismarck_gun_380_short_x1,1.131,1.1901,,,bismarck_gun_380_x1,1.0364,1.09,,,,,,,,,,,,
"gun_15_x2_germany_bb,bc",,381,gun_15_x2,germany,"bb, bc",,,,,,vdt_gun_280_x2,1.3859,1.465,,,bismarck_gun_380_short_x2,1.131,1.1901,,,bismarck_gun_380_short_x2,1.131,1.1901,,,bismarck_gun_380_x2,1.0364,1.09,,,,,,,,,,,,
"gun_15_x3_germany_bb,bc",,381,gun_15_x3,germany,"bb, bc",,,,,,vdt_gun_280_x3,1.3859,1.465,,,bismarck_gun_380_short_x3,1.131,1.1901,,,bismarck_gun_380_short_x3,1.131,1.1901,,,bismarck_gun_380_x3,1.0364,1.09,,,,,,,,,,,,
"gun_15_x4_germany_bb,bc",,381,gun_15_x4,germany,"bb, bc",,,,,,vdt_gun_280_x4,1.3859,1.465,,,bismarck_gun_380_short_x4,1.131,1.1901,,,bismarck_gun_380_short_x4,1.131,1.1901,,,bismarck_gun_380_x4,1.0364,1.09,,,,,,,,,,,,
"gun_16_x1_germany_bb,bc",,406,gun_16_x1,germany,"bb, bc",,,,,,vdt_gun_280_x1,1.475,1.5541,,,bismarck_gun_380_short_x1,1.2001,1.2592,,,bismarck_gun_380_short_x1,1.2001,1.2592,,,bismarck_gun_380_x1,1.1,1.1536,,,,,,,,,,,,
"gun_16_x2_germany_bb,bc",,406,gun_16_x2,germany,"bb, bc",,,,,,vdt_gun_280_x2,1.475,1.5541,,,bismarck_gun_380_short_x2,1.2001,1.2592,,,bismarck_gun_380_short_x2,1.2001,1.2592,,,bismarck_gun_380_x2,1.1,1.1536,,,,,,,,,,,,
"gun_16_x3_germany_bb,bc",,406,gun_16_x3,germany,"bb, bc",,,,,,vdt_gun_280_x3,1.475,1.5541,,,bismarck_gun_380_short_x3,1.2001,1.2592,,,bismarck_gun_380_short_x3,1.2001,1.2592,,,bismarck_gun_380_x3,1.1,1.1536,,,,,,,,,,,,
"gun_16_x4_germany_bb,bc",,406,gun_16_x4,germany,"bb, bc",,,,,,vdt_gun_280_x4,1.475,1.5541,,,bismarck_gun_380_short_x4,1.2001,1.2592,,,bismarck_gun_380_short_x4,1.2001,1.2592,,,bismarck_gun_380_x4,1.1,1.1536,,,,,,,,,,,,
"gun_17_x1_germany_bb,bc",,432,gun_17_x1,germany,"bb, bc",vdt_gun_280_x1,1.5641,1.6432,,,bismarck_gun_380_short_x1,1.2692,1.3283,,,bismarck_gun_380_short_x1,1.2692,1.3283,,,bismarck_gun_380_x1,1.1636,1.2172,,,bismarck_gun_380_x1,1.1636,1.2172,,,,,,,,,,,,
"gun_17_x2_germany_bb,bc",,432,gun_17_x2,germany,"bb, bc",vdt_gun_280_x2,1.5641,1.6432,,,bismarck_gun_380_short_x2,1.2692,1.3283,,,bismarck_gun_380_short_x2,1.2692,1.3283,,,bismarck_gun_380_x2,1.1636,1.2172,,,bismarck_gun_380_x2,1.1636,1.2172,,,,,,,,,,,,
"gun_17_x3_germany_bb,bc",,432,gun_17_x3,germany,"bb, bc",vdt_gun_280_x3,1.5641,1.6432,,,bismarck_gun_380_short_x3,1.2692,1.3283,,,bismarck_gun_380_short_x3,1.2692,1.3283,,,bismarck_gun_380_x3,1.1636,1.2172,,,bismarck_gun_380_x3,1.1636,1.2172,,,,,,,,,,,,
"gun_17_x4_germany_bb,bc",,432,gun_17_x4,germany,"bb, bc",vdt_gun_280_x4,1.5641,1.6432,,,bismarck_gun_380_short_x4,1.2692,1.3283,,,bismarck_gun_380_short_x4,1.2692,1.3283,,,bismarck_gun_380_x4,1.1636,1.2172,,,bismarck_gun_380_x4,1.1636,1.2172,,,,,,,,,,,,
"gun_18_x1_germany_bb,bc",,457,gun_18_x1,germany,"bb, bc",vdt_gun_280_x1,1.6532,1.7323,,,bismarck_gun_380_short_x1,1.3383,1.3974,,,bismarck_gun_380_short_x1,1.3383,1.3974,,,bismarck_gun_380_x1,1.2272,1.2808,,,bismarck_gun_380_x1,1.2272,1.2808,,,,,,,,,,,,
"gun_18_x2_germany_bb,bc",,457,gun_18_x2,germany,"bb, bc",vdt_gun_280_x2,1.6532,1.7323,,,bismarck_gun_380_short_x2,1.3383,1.3974,,,bismarck_gun_380_short_x2,1.3383,1.3974,,,bismarck_gun_380_x2,1.2272,1.2808,,,bismarck_gun_380_x2,1.2272,1.2808,,,,,,,,,,,,
"gun_18_x3_germany_bb,bc",,457,gun_18_x3,germany,"bb, bc",vdt_gun_280_x3,1.6532,1.7323,,,bismarck_gun_380_short_x3,1.3383,1.3974,,,bismarck_gun_380_short_x3,1.3383,1.3974,,,bismarck_gun_380_x3,1.2272,1.2808,,,bismarck_gun_380_x3,1.2272,1.2808,,,,,,,,,,,,
"gun_18_x4_germany_bb,bc",,457,gun_18_x4,germany,"bb, bc",vdt_gun_280_x4,1.6532,1.7323,,,bismarck_gun_380_short_x4,1.3383,1.3974,,,bismarck_gun_380_short_x4,1.3383,1.3974,,,bismarck_gun_380_x4,1.2272,1.2808,,,bismarck_gun_380_x4,1.2272,1.2808,,,,,,,,,,,,
"gun_19_x1_germany_bb,bc",,483,gun_19_x1,germany,"bb, bc",vdt_gun_280_x1,1.7423,1.8214,,,bismarck_gun_380_short_x1,1.4074,1.4665,,,bismarck_gun_380_short_x1,1.4074,1.4665,,,bismarck_gun_380_x1,1.2908,1.3444,,,bismarck_gun_380_x1,1.2908,1.3444,,,,,,,,,,,,
"gun_19_x2_germany_bb,bc",,483,gun_19_x2,germany,"bb, bc",vdt_gun_280_x2,1.7423,1.8214,,,bismarck_gun_380_short_x2,1.4074,1.4665,,,bismarck_gun_380_short_x2,1.4074,1.4665,,,bismarck_gun_380_x2,1.2908,1.3444,,,bismarck_gun_380_x2,1.2908,1.3444,,,,,,,,,,,,
"gun_19_x3_germany_bb,bc",,483,gun_19_x3,germany,"bb, bc",vdt_gun_280_x3,1.7423,1.8214,,,bismarck_gun_380_short_x3,1.4074,1.4665,,,bismarck_gun_380_short_x3,1.4074,1.4665,,,bismarck_gun_380_x3,1.2908,1.3444,,,bismarck_gun_380_x3,1.2908,1.3444,,,,,,,,,,,,
"gun_19_x4_germany_bb,bc",,483,gun_19_x4,germany,"bb, bc",vdt_gun_280_x4,1.7423,1.8214,,,bismarck_gun_380_short_x4,1.4074,1.4665,,,bismarck_gun_380_short_x4,1.4074,1.4665,,,bismarck_gun_380_x4,1.2908,1.3444,,,bismarck_gun_380_x4,1.2908,1.3444,,,,,,,,,,,,
"gun_20_x1_germany_bb,bc",,508,gun_20_x1,germany,"bb, bc",vdt_gun_280_x1,1.8314,1.9105,,,bismarck_gun_380_short_x1,1.4765,1.5356,,,bismarck_gun_380_short_x1,1.4765,1.5356,,,bismarck_gun_380_x1,1.3544,1.408,,,bismarck_gun_380_x1,1.3544,1.408,,,,,,,,,,,,
"gun_20_x2_germany_bb,bc",,508,gun_20_x2,germany,"bb, bc",vdt_gun_280_x2,1.8314,1.9105,,,bismarck_gun_380_short_x2,1.4765,1.5356,,,bismarck_gun_380_short_x2,1.4765,1.5356,,,bismarck_gun_380_x2,1.3544,1.408,,,bismarck_gun_380_x2,1.3544,1.408,,,,,,,,,,,,
"gun_20_x3_germany_bb,bc",,508,gun_20_x3,germany,"bb, bc",vdt_gun_280_x3,1.8314,1.9105,,,bismarck_gun_380_short_x3,1.4765,1.5356,,,bismarck_gun_380_short_x3,1.4765,1.5356,,,bismarck_gun_380_x3,1.3544,1.408,,,bismarck_gun_380_x3,1.3544,1.408,,,,,,,,,,,,
"gun_20_x4_germany_bb,bc",,508,gun_20_x4,germany,"bb, bc",vdt_gun_280_x4,1.8314,1.9105,,,bismarck_gun_380_short_x4,1.4765,1.5356,,,bismarck_gun_380_short_x4,1.4765,1.5356,,,bismarck_gun_380_x4,1.3544,1.408,,,bismarck_gun_380_x4,1.3544,1.408,,,,,,,,,,,,
###,,,###,,,,,,,,,,,,,,,,,,,,,,,,,,,,,,,,,,,,,
gun_2_x1_alt_germany,,51,gun_2_x1_alt,germany,,small_gun_f_51_x1,1.75,1.9,,,small_gun_g_51_x1,1.75,1.9,,,,,,,,,,,,55,iowa_gun_127_x1,0.81,0.91,,55,,,,,,,,,,
gun_2_x2_alt_germany,,51,gun_2_x2_alt,germany,,,,,,,,,,,,,,,,,,,,,55,iowa_gun_127_x2,0.81,0.91,,55,,,,,,,,,,
gun_2_x3_alt_germany,,51,gun_2_x3_alt,germany,,,,,,,,,,,,,,,,,,,,,55,iowa_gun_127_x3,0.81,0.91,,55,,,,,,,,,,
gun_3_x1_alt_germany,,76,gun_3_x1_alt,germany,,,,,,,,,,,,dd_s_gun_d_102_x1,1.155,1.29,,,dd_s_gun_b_102_x1,1.155,1.29,,50,spee_gun_150_x1,0.744,0.87,,55,,,,,,,,,,
gun_3_x2_alt_germany,,76,gun_3_x2_alt,germany,,,,,,,vdt_gun_200_x2,0.6668,0.7668,,,spee_gun_150_x2,0.744,0.87,,,spee_gun_150_x2,0.744,0.87,,50,spee_gun_150_x2,0.835,0.945,,55,,,,,,,,,,
gun_3_x3_alt_germany,,76,gun_3_x3_alt,germany,,,,,,,,,,,,spee_gun_150_x3,0.744,0.87,,,spee_gun_150_x3,0.744,0.87,,50,spee_gun_150_x3,0.835,0.945,,55,,,,,,,,,,
gun_4_x1_alt_germany,,102,gun_4_x1_alt,germany,,,,,,,,,,,,spee_gun_150_x1,0.874,1,,,spee_gun_150_x1,0.874,1,,,spee_gun_150_x1,0.874,1,,,,,,,,,,,,
gun_4_x2_alt_germany,,102,gun_4_x2_alt,germany,,,,,,,vdt_gun_200_x2,0.7632,0.8632,,,spee_gun_150_x2,0.874,1,,,spee_gun_150_x2,0.874,1,,,spee_gun_150_x2,0.874,1,,,,,,,,,,,,
gun_4_x3_alt_germany,,102,gun_4_x3_alt,germany,,,,,,,,,,,,spee_gun_150_x3,0.874,1,,,spee_gun_150_x3,0.874,1,,,spee_gun_150_x3,0.874,1,,,,,,,,,,,,
gun_5_x1_alt_germany_cl,,127,gun_5_x1_alt,germany,cl,,,,,,,,,,,bismarck_gun_105_x1,1.004,1.13,,,spee_gun_150_x1,1.004,1.13,,,spee_gun_150_x1,1.004,1.13,,,,,,,,,,,,
gun_5_x2_alt_germany_cl,,127,gun_5_x2_alt,germany,cl,,,,,,vdt_gun_200_x2,0.8746,0.9746,,,bismarck_gun_b_150_x2,0.8005,0.935,,,bismarck_gun_150_x2,0.8005,0.935,,,bismarck_gun_b_150_x2,0.8005,0.935,,,,,,,,,,,,
gun_5_x3_alt_germany_cl,,127,gun_5_x3_alt,germany,cl,,,,,,,,,,,bismarck_gun_b_150_x3,0.8005,0.935,,,bismarck_gun_150_x3,0.8005,0.935,,,bismarck_gun_b_150_x3,0.8005,0.935,,,,,,,,,,,,
gun_5_x1_alt_germany,,127,gun_5_x1_alt,germany,"tb, dd, ca, bc, bb",,,,,,,,,,,bismarck_gun_105_x1,1.004,1.13,,,spee_gun_150_x1,1.004,1.13,,,spee_gun_150_x1,1.004,1.13,,,,,,,,,,,,
gun_5_x2_alt_germany,,127,gun_5_x2_alt,germany,"tb, dd, ca, bc, bb",,,,,,vdt_gun_200_x2,0.8746,0.9746,,,bismarck_gun_b_150_x2,0.8005,0.935,,,bismarck_gun_150_x2,0.8005,0.935,,,bismarck_gun_b_150_x2,0.8005,0.935,,,,,,,,,,,,
gun_5_x3_alt_germany,,127,gun_5_x3_alt,germany,"tb, dd, ca, bc, bb",,,,,,,,,,,bismarck_gun_b_150_x3,0.8005,0.935,,,bismarck_gun_150_x3,0.8005,0.935,,,bismarck_gun_b_150_x3,0.8005,0.935,,,,,,,,,,,,
gun_6_x2_alt_germany,,152,gun_6_x2_alt,germany,,,,,,,vdt_gun_200_x2,0.986,1.086,,,bismarck_gun_150_x2,0.955,1.0895,,,bismarck_gun_150_x2,0.955,1.0895,,,bismarck_gun_b_150_x2,0.955,1.0895,,,,,,,,,,,,
gun_6_x3_alt_germany,,152,gun_6_x3_alt,germany,,,,,,,,,,,,bismarck_gun_150_x3,0.955,1.0895,,,bismarck_gun_150_x3,0.955,1.0895,,,bismarck_gun_b_150_x3,0.955,1.0895,,,,,,,,,,,,
gun_7_x2_alt_germany,,178,gun_7_x2_alt,germany,,,,,,,vdt_gun_200_x2,1.0974,1.1974,,,bismarck_gun_150_x2,1.1095,1.244,,,bismarck_gun_150_x2,1.1095,1.244,,,bismarck_gun_b_150_x2,1.1095,1.244,,,,,,,,,,,,
gun_7_x3_alt_germany,,178,gun_7_x3_alt,germany,,,,,,,,,,,,bismarck_gun_150_x3,1.1095,1.244,,,bismarck_gun_150_x3,1.1095,1.244,,,bismarck_gun_b_150_x3,1.1095,1.244,,,,,,,,,,,,
gun_8_x2_alt_germany,,203,gun_8_x2_alt,germany,,,,,,,vdt_gun_280_x2,0.7622,0.8413,,,spee_gun_280_x2_a,0.6816,0.7489,,,bismarck_gun_380_short_x2,0.6473,0.7064,,,spee_gun_280_x2_a,0.6816,0.7489,,,,,,,,,,,,
gun_8_x3_alt_germany,,203,gun_8_x3_alt,germany,,,,,,,,,,,,spee_gun_280_x3_a,0.6816,0.7489,,,bismarck_gun_380_short_x3,0.6473,0.7064,,,bismarck_gun_380_x3,0.5912,0.6448,,,,,,,,,,,,
gun_9_x2_alt_germany,,229,gun_9_x2_alt,germany,,brandenburg_gun_279_x2,0.888,0.969,,,vdt_gun_280_x2,0.8513,0.9304,,,spee_gun_280_x2_a,0.7589,0.8262,,,bismarck_gun_380_short_x2,0.7164,0.7755,,,spee_gun_280_x2_a,0.7589,0.8262,,,,,,,,,,,,
gun_9_x3_alt_germany,,229,gun_9_x3_alt,germany,,brandenburg_gun_279_x3,0.888,0.969,,,,,,,,spee_gun_280_x3_a,0.7589,0.8262,,,bismarck_gun_380_short_x3,0.7164,0.7755,,,bismarck_gun_380_x3,0.6548,0.7084,,,,,,,,,,,,
gun_10_x2_alt_germany,,254,gun_10_x2_alt,germany,,friedrich_gun_228_x2,0.9958,1.074,,,vdt_gun_200_x2,1.4316,1.5316,,,spee_gun_280_x2_a,0.8362,0.9035,,,bismarck_gun_380_short_x2,0.7855,0.8446,,,spee_gun_var_280_x2,0.8362,0.9035,,,,,,,,,,,,
gun_10_x3_alt_germany,,254,gun_10_x3_alt,germany,,friedrich_gun_228_x3,0.9958,1.074,,,,,,,,spee_gun_280_x3_a,0.8362,0.9035,,,bismarck_gun_380_short_x3,0.7855,0.8446,,,spee_gun_var_280_x3,0.8362,0.9035,,,,,,,,,,,,
gun_11_x2_alt_germany,,279,gun_11_x2_alt,germany,,friedrich_gun_228_x2,1.084,1.1622,,,vdt_gun_200_x2,1.543,1.643,,,spee_gun_280_x2_a,0.9135,0.9808,,,bismarck_gun_380_short_x2,0.8546,0.9137,,,spee_gun_280_x2_a,0.9135,0.9808,,,,,,,,,,,,
gun_11_x3_alt_germany,,279,gun_11_x3_alt,germany,,friedrich_gun_228_x3,1.084,1.1622,,,,,,,,spee_gun_280_x3_a,0.9135,0.9808,,,bismarck_gun_380_short_x3,0.8546,0.9137,,,bismarck_gun_380_x3,0.782,0.8356,,,,,,,,,,,,
gun_12_x2_alt_germany,,305,gun_12_x2_alt,germany,,brandenburg_gun_279_x2,1.161,1.242,,,vdt_gun_200_x2,1.6544,1.7544,,,spee_gun_280_x2_a,0.9908,1.0581,,,bismarck_gun_380_short_x2,0.9237,0.9828,,45,spee_gun_280_x2_a,0.9908,1.0581,,,,,,,,,,,,
gun_12_x3_alt_germany,,305,gun_12_x3_alt,germany,,brandenburg_gun_279_x3,1.161,1.242,,,,,,,,spee_gun_280_x3_a,0.9908,1.0581,,,bismarck_gun_380_short_x3,0.9237,0.9828,,45,bismarck_gun_380_x3,0.8456,0.8992,,,,,,,,,,,,
gun_13_x2_alt_germany,,330,gun_13_x2_alt,germany,,brandenburg_gun_279_x2,1.252,1.333,,,vdt_gun_200_x2,1.7658,1.8658,,,spee_gun_280_x2_a,1.0681,1.1354,,,bismarck_gun_380_short_x2,0.9928,1.0519,,45,spee_gun_280_x2_a,1.0681,1.1354,,,,,,,,,,,,
gun_13_x3_alt_germany,,330,gun_13_x3_alt,germany,,brandenburg_gun_279_x3,1.252,1.333,,,,,,,,spee_gun_280_x3_a,1.0681,1.1354,,,bismarck_gun_380_short_x3,0.9928,1.0519,,45,bismarck_gun_380_x3,0.9092,0.9628,,,,,,,,,,,,
gun_14_x2_alt_germany,,356,gun_14_x2_alt,germany,,brandenburg_gun_279_x2,1.343,1.424,,,vdt_gun_200_x2,1.8772,1.9772,,,spee_gun_280_x2_a,1.1454,1.2127,,,bismarck_gun_380_short_x2,1.0619,1.121,,45,spee_gun_280_x2_a,1.1454,1.2127,,,,,,,,,,,,
gun_14_x3_alt_germany,,356,gun_14_x3_alt,germany,,brandenburg_gun_279_x3,1.343,1.424,,,,,,,,spee_gun_280_x3_a,1.1454,1.2127,,,bismarck_gun_380_short_x3,1.0619,1.121,,45,bismarck_gun_380_x3,0.9728,1.0264,,,,,,,,,,,,
gun_15_x2_alt_germany,,381,gun_15_x2_alt,germany,,brandenburg_gun_279_x2,1.434,1.515,,,vdt_gun_200_x2,1.9886,2.0886,,,spee_gun_280_x2_a,1.2227,1.29,,,bismarck_gun_380_x2,1.0364,1.09,,45,bismarck_gun_380_short_x2,1.131,1.1901,,,,,,,,,,,,
gun_15_x3_alt_germany,,381,gun_15_x3_alt,germany,,brandenburg_gun_279_x3,1.434,1.515,,,,,,,,spee_gun_280_x3_a,1.2227,1.29,,,bismarck_gun_380_x3,1.0364,1.09,,45,bismarck_gun_380_short_x3,1.131,1.1901,,,,,,,,,,,,
gun_16_x2_alt_germany,,406,gun_16_x2_alt,germany,,brandenburg_gun_279_x2,1.525,1.606,,,vdt_gun_200_x2,2.1,2.2,,,spee_gun_280_x2_a,1.3,1.3673,,,bismarck_gun_380_x2,1.1,1.1536,,45,bismarck_gun_380_short_x2,1.2001,1.2592,,,,,,,,,,,,
gun_16_x3_alt_germany,,406,gun_16_x3_alt,germany,,brandenburg_gun_279_x3,1.525,1.606,,,,,,,,spee_gun_280_x3_a,1.3,1.3673,,,bismarck_gun_380_x3,1.1,1.1536,,45,bismarck_gun_380_short_x3,1.2001,1.2592,,,,,,,,,,,,
gun_17_x2_alt_germany,,432,gun_17_x2_alt,germany,,friedrich_gun_305_x2,1.5613,1.6376,,,vdt_gun_280_x2,1.5641,1.6432,,,spee_gun_280_x2_a,1.3773,1.4446,,,bismarck_gun_380_short_x2,1.2692,1.3283,,45,bismarck_gun_380_short_x2,1.2692,1.3283,,,,,,,,,,,,
gun_17_x3_alt_germany,,432,gun_17_x3_alt,germany,,friedrich_gun_305_x3,1.5613,1.6376,,,vdt_gun_280_x3,1.5641,1.6432,,,spee_gun_280_x3_a,1.3773,1.4446,,,bismarck_gun_380_short_x3,1.2692,1.3283,,45,bismarck_gun_380_short_x3,1.2692,1.3283,,,,,,,,,,,,
gun_18_x2_alt_germany,,457,gun_18_x2_alt,germany,,friedrich_gun_305_x2,1.6476,1.7239,,,vdt_gun_280_x2,1.6532,1.7323,,,spee_gun_280_x2_a,1.4546,1.5219,,,bismarck_gun_380_short_x2,1.3383,1.3974,,45,bismarck_gun_380_short_x2,1.3383,1.3974,,,,,,,,,,,,
gun_18_x3_alt_germany,,457,gun_18_x3_alt,germany,,friedrich_gun_305_x3,1.6476,1.7239,,,vdt_gun_280_x3,1.6532,1.7323,,,spee_gun_280_x3_a,1.4546,1.5219,,,bismarck_gun_380_short_x3,1.3383,1.3974,,45,bismarck_gun_380_short_x3,1.3383,1.3974,,,,,,,,,,,,
###,,,###,,,,,,,,,,,,,,,,,,,,,,,,,,,,,,,,,,,,,
gun_2_x1_britain,,51,gun_2_x1,"britain, canada",,,,,,,,,,,,,,,,,,,,,,,,,,,,,,,,,,,,
gun_2_x2_britain,,51,gun_2_x2,"britain, canada",,,,,,,,,,,,,,,,,,,,,,,,,,,,,,,,,,,,
gun_2_x3_britain,,51,gun_2_x3,"britain, canada",,,,,,,,,,,,,,,,,,,,,,,,,,,,,,,,,,,,
gun_2_x4_britain,,51,gun_2_x4,"britain, canada",,,,,,,richelieu_gun_120_x4,0.596,0.722,,,richelieu_gun_120_x4,0.596,0.722,,,richelieu_gun_120_x4,0.596,0.722,,,richelieu_gun_120_x4,0.596,0.722,,,,,,,,,,,,
gun_3_x1_britain_dd,,76,gun_3_x1,"britain, canada","dd, tb",,,,,,,,,,,,,,,,,,,,,,,,,,,,,,,,,,,
gun_3_x2_britain_dd,,76,gun_3_x2,"britain, canada","dd, tb",,,,,,,,,,,,,,,,,,,,,,,,,,,,,,,,,,,
gun_3_x3_britain_dd,,76,gun_3_x3,"britain, canada","dd, tb",,,,,,,,,,,,,,,,,,,,,,,,,,,,,,,,,,,
gun_3_x4_britain_dd,,76,gun_3_x4,"britain, canada","dd, tb",,,,,,richelieu_gun_120_x4,0.732,0.858,,,richelieu_gun_120_x4,0.732,0.858,,,richelieu_gun_120_x4,0.732,0.858,,,richelieu_gun_120_x4,0.732,0.858,,,,,,,,,,,,
gun_4_x1_britain_dd,,102,gun_4_x1,"britain, canada","dd, tb",,,,,,,,,,,,,,,,akizuki_gun_b_127_x1,0.646,0.7805,,,akizuki_gun_b_127_x1,0.646,0.7805,,,,,,,,,,,,
gun_4_x2_britain_dd,,102,gun_4_x2,"britain, canada","dd, tb",,,,,,agamemnon_gun_b_228_x2,0.868,0.994,,,pola_gun_100_x2,0.868,0.994,,,dido_gun_cal133_x2,0.868,0.994,,,dido_gun_cal133_x2,0.868,0.994,,,,,,,,,,,,
gun_4_x3_britain_dd,,102,gun_4_x3,"britain, canada","dd, tb",,,,,,agamemnon_gun_b_228_x3,0.868,0.994,,,pola_gun_100_x3,0.868,0.994,,,dido_gun_cal133_x3,0.868,0.994,,,dido_gun_cal133_x3,0.868,0.994,,,,,,,,,,,,
gun_4_x4_britain_dd,,102,gun_4_x4,"britain, canada","dd, tb",,,,,,dreadnought_gun_178_x4,0.868,0.994,,,dreadnought_gun_178_x4,0.868,0.994,,,dido_gun_cal133_x4,0.868,0.994,,,dido_gun_cal133_x4,0.868,0.994,,,,,,,,,,,,
gun_5_x1_britain_dd,,127,gun_5_x1,"britain, canada","dd, tb",,,,,,,,,,,,,,,,akizuki_gun_b_127_x1,0.8005,0.935,,,akizuki_gun_b_127_x1,0.8005,0.935,,,,,,,,,,,,
gun_5_x2_britain_dd,,127,gun_5_x2,"britain, canada","dd, tb",,,,,,agamemnon_gun_b_228_x2,1.004,1.13,,,pola_gun_100_x2,1.004,1.13,,,dido_gun_cal133_x2,1.004,1.13,,,dido_gun_cal133_x2,1.004,1.13,,,,,,,,,,,,
gun_5_x3_britain_dd,,127,gun_5_x3,"britain, canada","dd, tb",,,,,,agamemnon_gun_b_228_x3,1.004,1.13,,,pola_gun_100_x3,1.004,1.13,,,dido_gun_cal133_x3,1.004,1.13,,,dido_gun_cal133_x3,1.004,1.13,,,,,,,,,,,,
gun_5_x4_britain_dd,,127,gun_5_x4,"britain, canada","dd, tb",,,,,,dreadnought_gun_178_x4,1.004,1.13,,,dreadnought_gun_178_x4,1.004,1.13,,,dido_gun_cal133_x4,1.004,1.13,,,dido_gun_cal133_x4,1.004,1.13,,,,,,,,,,,,
gun_3_x1_britain_cl,,76,gun_3_x1,"britain, canada",cl,,,,,,,,,,,,,,,,,,,,,,,,,,,,,,,,,,,
gun_3_x2_britain_cl,,76,gun_3_x2,"britain, canada",cl,,,,,,,,,,,,,,,,,,,,,,,,,,,,,,,,,,,
gun_3_x3_britain_cl,,76,gun_3_x3,"britain, canada",cl,,,,,,,,,,,,,,,,,,,,,,,,,,,,,,,,,,,
gun_3_x4_britain_cl,,76,gun_3_x4,"britain, canada",cl,,,,,,richelieu_gun_120_x4,0.732,0.858,,,richelieu_gun_120_x4,0.732,0.858,,,richelieu_gun_120_x4,0.732,0.858,,,richelieu_gun_120_x4,0.732,0.858,,,,,,,,,,,,
gun_4_x1_britain_cl,,102,gun_4_x1,"britain, canada",cl,,,,,,,,,,,,,,,,hood_gun_140_x1,0.868,0.994,,,hood_gun_140_x1,0.868,0.994,,,,,,,,,,,,
gun_4_x2_britain_cl,,102,gun_4_x2,"britain, canada",cl,,,,,,agamemnon_gun_b_228_x2,0.868,0.994,,,pola_gun_100_x2,1.004,1.13,,,dido_gun_cal133_x2,0.868,0.994,,,dido_gun_cal133_x2,0.868,0.994,,,,,,,,,,,,
gun_4_x3_britain_cl,,102,gun_4_x3,"britain, canada",cl,,,,,,agamemnon_gun_b_228_x3,0.868,0.994,,,pola_gun_100_x3,1.004,1.13,,,dido_gun_cal133_x3,0.868,0.994,,,dido_gun_cal133_x3,0.868,0.994,,,,,,,,,,,,
gun_4_x4_britain_cl,,102,gun_4_x4,"britain, canada",cl,,,,,,dreadnought_gun_178_x4,0.868,0.994,,,dreadnought_gun_178_x4,0.868,0.994,,,dido_gun_cal133_x4,0.868,0.994,,,dido_gun_cal133_x4,0.868,0.994,,,,,,,,,,,,
gun_5_x1_britain_cl,,127,gun_5_x1,"britain, canada",cl,,,,,,,,,,,,,,,,hood_gun_140_x1,1.004,1.13,,,hood_gun_140_x1,1.004,1.13,,,,,,,,,,,,
gun_5_x2_britain_cl,,127,gun_5_x2,"britain, canada",cl,,,,,,agamemnon_gun_b_228_x2,1.004,1.13,,,pola_gun_100_x2,1.14,1.266,,,dido_gun_cal133_x2,1.004,1.13,,,dido_gun_cal133_x2,1.004,1.13,,,,,,,,,,,,
gun_5_x3_britain_cl,,127,gun_5_x3,"britain, canada",cl,,,,,,agamemnon_gun_b_228_x3,1.004,1.13,,,pola_gun_100_x3,1.14,1.266,,,dido_gun_cal133_x3,1.004,1.13,,,dido_gun_cal133_x3,1.004,1.13,,,,,,,,,,,,
gun_5_x4_britain_cl,,127,gun_5_x4,"britain, canada",cl,,,,,,dreadnought_gun_178_x4,1.004,1.13,,,dreadnought_gun_178_x4,1.004,1.13,,,dido_gun_cal133_x4,1.004,1.13,,,dido_gun_cal133_x4,1.004,1.13,,,,,,,,,,,,
gun_6_x1_britain_cl,,152,gun_6_x1,"britain, canada",cl,,,,,,,,,,,,,,,,hood_gun_140_x1,1.14,1.266,,,hood_gun_140_x1,1.14,1.266,,,,,,,,,,,,
gun_6_x2_britain_cl,,152,gun_6_x2,"britain, canada",cl,,,,,,agamemnon_gun_b_228_x2,1.14,1.266,,,pola_gun_100_x2,1.276,1.402,,,dido_gun_cal133_x2,1.14,1.266,,,british_adv_cruiser_152_gun_x2,0.71,0.809,,,,,,,,,,,,
gun_6_x3_britain_cl,,152,gun_6_x3,"britain, canada",cl,,,,,,agamemnon_gun_b_228_x3,1.14,1.266,,,pola_gun_100_x3,1.276,1.402,,,dido_gun_cal133_x3,1.14,1.266,,,british_adv_cruiser_152_gun_x3,0.71,0.809,,,,,,,,,,,,
gun_6_x4_britain_cl,,152,gun_6_x4,"britain, canada",cl,,,,,,dreadnought_gun_178_x4,1.14,1.266,,,dreadnought_gun_178_x4,1.276,1.402,,,dido_gun_cal133_x4,1.14,1.266,,,british_adv_cruiser_152_gun_x4,0.71,0.809,,,,,,,,,,,,
gun_3_x1_britain_ca,,76,gun_3_x1,"britain, canada","ca, bb, bc",,,,,,pen_gun_127_x1,0.815,1.04,,,hood_gun_140_x1,0.732,0.858,,,hood_gun_140_x1,0.732,0.858,,,hood_gun_140_x1,0.732,0.858,,,,,,,,,,,,
gun_3_x2_britain_ca,,76,gun_3_x2,"britain, canada","ca, bb, bc",pen_gun_127_x2,0.815,1.04,,,pen_gun_127_x2,0.815,1.04,,,hood_gun_140_x2,0.732,0.858,,,hood_gun_140_x2,0.732,0.858,,,dido_gun_cal133_x2,0.732,0.858,,,,,,,,,,,,
gun_3_x3_britain_ca,,76,gun_3_x3,"britain, canada","ca, bb, bc",pen_gun_127_x3,0.815,1.04,,,pen_gun_127_x3,0.815,1.04,,,hood_gun_140_x3,0.732,0.858,,,hood_gun_140_x3,0.732,0.858,,,dido_gun_cal133_x3,0.732,0.858,,,,,,,,,,,,
gun_3_x4_britain_ca,,76,gun_3_x4,"britain, canada","ca, bb, bc",,,,,,,,,,,,,,,,dido_gun_cal133_x4,0.732,0.858,,,dido_gun_cal133_x4,0.732,0.858,,,,,,,,,,,,
gun_4_x1_britain_ca,,102,gun_4_x1,"britain, canada","ca, bb, bc",,,,,,pen_gun_127_x1,1.06,1.285,,,hood_gun_140_x1,0.868,0.994,,,hood_gun_140_x1,0.868,0.994,,,hood_gun_140_x1,0.868,0.994,,,,,,,,,,,,
gun_4_x2_britain_ca,,102,gun_4_x2,"britain, canada","ca, bb, bc",pen_gun_127_x2,1.06,1.285,,,pen_gun_127_x2,1.06,1.285,,,hood_gun_140_x2,0.868,0.994,,,hood_gun_140_x2,0.868,0.994,,,dido_gun_cal133_x2,0.868,0.994,,,,,,,,,,,,
gun_4_x3_britain_ca,,102,gun_4_x3,"britain, canada","ca, bb, bc",pen_gun_127_x3,1.06,1.285,,,pen_gun_127_x3,1.06,1.285,,,hood_gun_140_x3,0.868,0.994,,,hood_gun_140_x3,0.868,0.994,,,dido_gun_cal133_x3,0.868,0.994,,,,,,,,,,,,
gun_4_x4_britain_ca,,102,gun_4_x4,"britain, canada","ca, bb, bc",,,,,,,,,,,,,,,,dido_gun_cal133_x4,0.868,0.994,,,dido_gun_cal133_x4,0.868,0.994,,,,,,,,,,,,
gun_5_x1_britain_ca,,127,gun_5_x1,"britain, canada","ca, bb, bc",tsesarevich_gun_152_x1,0.8005,0.935,,,,,,,,,,,,,,,,,,,,,,,,,,,,,,,,
gun_5_x2_britain_ca,,127,gun_5_x2,"britain, canada","ca, bb, bc",tsesarevich_gun_152_x2,0.8005,0.935,,,agamemnon_gun_b_228_x2,1.004,1.13,,,kgeorge_gun_133_x2,0.652,0.76,,,dido_gun_cal133_x2,1.004,1.13,,,dido_gun_cal133_x2,1.004,1.13,,,,,,,,,,,,
gun_5_x3_britain_ca,,127,gun_5_x3,"britain, canada","ca, bb, bc",tsesarevich_gun_152_x3,0.8005,0.935,,,agamemnon_gun_b_228_x3,1.004,1.13,,,kgeorge_gun_133_x3,0.652,0.76,,,dido_gun_cal133_x3,1.004,1.13,,,dido_gun_cal133_x3,1.004,1.13,,,,,,,,,,,,
gun_5_x4_britain_ca,,127,gun_5_x4,"britain, canada","ca, bb, bc",,,,,,dreadnought_gun_178_x4,1.004,1.13,,,,,,,,dido_gun_cal133_x4,1.004,1.13,,,dido_gun_cal133_x4,1.004,1.13,,,,,,,,,,,,
gun_6_x1_britain_ca,,152,gun_6_x1,"britain, canada","ca, bb, bc",tsesarevich_gun_152_x1,0.955,1.0895,,,dreadnought_gun_178_x1,1.14,1.266,,,nelson_gun_152_x1,0.918,1.0262,,,nelson_gun_152_x1,0.918,1.0262,,,british_adv_cruiser_152_gun_x1,0.71,0.809,,,,,,,,,,,,
gun_6_x2_britain_ca,,152,gun_6_x2,"britain, canada","ca, bb, bc",tsesarevich_gun_152_x2,0.955,1.0895,,,agamemnon_gun_b_228_x2,1.14,1.266,,,nelson_gun_152_x2,0.918,1.0262,,,nelson_gun_152_x2,0.918,1.0262,,,british_adv_cruiser_152_gun_x2,0.71,0.809,,,,,,,,,,,,
gun_6_x3_britain_ca,,152,gun_6_x3,"britain, canada","ca, bb, bc",tsesarevich_gun_152_x3,0.955,1.0895,,,agamemnon_gun_b_228_x3,1.14,1.266,,,nelson_gun_152_x3,0.918,1.0262,,,nelson_gun_152_x3,0.918,1.0262,,,british_adv_cruiser_152_gun_x3,0.71,0.809,,,,,,,,,,,,
gun_6_x4_britain_ca,,152,gun_6_x4,"britain, canada","ca, bb, bc",,,,,,dreadnought_gun_178_x4,1.14,1.266,,,nelson_gun_152_x4,0.918,1.0262,,,nelson_gun_152_x4,0.918,1.0262,,,british_adv_cruiser_152_gun_x4,0.71,0.809,,,,,,,,,,,,
"gun_7_x1_britain_cl,ca",,178,gun_7_x1,"britain, canada","cl, ca, bb, bc",friedrich_gun_228_x1,0.7312,0.8094,,,dreadnought_gun_178_x1,1.276,1.402,,,nelson_gun_152_x1,1.0362,1.1444,,,nelson_gun_152_x1,1.0362,1.1444,,,british_adv_cruiser_152_gun_x1,0.819,0.918,,,,,,,,,,,,
"gun_7_x2_britain_cl,ca",,178,gun_7_x2,"britain, canada","cl, ca, bb, bc",friedrich_gun_228_x2,0.7312,0.8094,,,agamemnon_gun_b_228_x2,1.276,1.402,,,nelson_gun_152_x2,1.0362,1.1444,,,nelson_gun_152_x2,1.0362,1.1444,,,british_adv_cruiser_152_gun_x2,0.819,0.918,,,,,,,,,,,,
"gun_7_x3_britain_cl,ca",,178,gun_7_x3,"britain, canada","cl, ca, bb, bc",friedrich_gun_228_x3,0.7312,0.8094,,,agamemnon_gun_b_228_x3,1.276,1.402,,,nelson_gun_152_x3,1.0362,1.1444,,,nelson_gun_152_x3,1.0362,1.1444,,,british_adv_cruiser_152_gun_x3,0.819,0.918,,,,,,,,,,,,
"gun_7_x4_britain_cl,ca",,178,gun_7_x4,"britain, canada","cl, ca, bb, bc",,,,,,dreadnought_gun_178_x4,1.276,1.402,,,nelson_gun_152_x4,1.0362,1.1444,,,nelson_gun_152_x4,1.0362,1.1444,,,british_adv_cruiser_152_gun_x4,0.819,0.918,,,,,,,,,,,,
gun_8_x1_britain_ca,,203,gun_8_x1,"britain, canada","ca, bb, bc",friedrich_gun_228_x1,0.8194,0.8976,,,agamemnon_gun_b_228_x1,1.412,1.538,,,nelson_gun_152_x1,1.1544,1.2626,,,nelson_gun_152_x1,1.1544,1.2626,,,british_adv_cruiser_152_gun_x1,0.928,1.027,,,,,,,,,,,,
gun_8_x2_britain_ca,,203,gun_8_x2,"britain, canada","ca, bb, bc",friedrich_gun_228_x2,0.8194,0.8976,,,agamemnon_gun_b_228_x2,1.412,1.538,,,nelson_gun_152_x2,1.1544,1.2626,,,nelson_gun_152_x2,1.1544,1.2626,,,british_adv_cruiser_152_gun_x2,0.928,1.027,,,,,,,,,,,,
gun_8_x3_britain_ca,,203,gun_8_x3,"britain, canada","ca, bb, bc",friedrich_gun_228_x3,0.8194,0.8976,,,agamemnon_gun_b_228_x3,1.412,1.538,,,nelson_gun_152_x3,1.1544,1.2626,,,nelson_gun_152_x3,1.1544,1.2626,,,british_adv_cruiser_152_gun_x3,0.928,1.027,,,,,,,,,,,,
gun_8_x4_britain_ca,,203,gun_8_x4,"britain, canada","ca, bb, bc",,,,,,agamemnon_gun_b_228_x4,1.412,1.538,,,nelson_gun_152_x4,1.1544,1.2626,,,nelson_gun_152_x4,1.1544,1.2626,,,british_adv_cruiser_152_gun_x4,0.928,1.027,,,,,,,,,,,,
"gun_9_x1_britain_ca,bb,bc",,229,gun_9_x1,"britain, canada","ca, bb, bc",friedrich_gun_228_x1,0.9076,0.9858,,,agamemnon_gun_b_228_x1,1.548,1.674,,,nelson_gun_152_x1,1.2726,1.3808,,,nelson_gun_152_x1,1.2726,1.3808,,,nelson_gun_406_x1,0.6226,0.6858,,,,,,,,,,,,
"gun_9_x2_britain_ca,bb,bc",,229,gun_9_x2,"britain, canada","ca, bb, bc",friedrich_gun_228_x2,0.9076,0.9858,,,agamemnon_gun_b_228_x2,1.548,1.674,,,nelson_gun_152_x2,1.2726,1.3808,,,nelson_gun_152_x2,1.2726,1.3808,,,nelson_gun_406_x2,0.6226,0.6858,,,,,,,,,,,,
"gun_9_x3_britain_ca,bb,bc",,229,gun_9_x3,"britain, canada","ca, bb, bc",friedrich_gun_228_x3,0.9076,0.9858,,,agamemnon_gun_b_228_x3,1.548,1.674,,,nelson_gun_152_x3,1.2726,1.3808,,,nelson_gun_152_x3,1.2726,1.3808,,,nelson_gun_406_x3,0.6226,0.6858,,,,,,,,,,,,
"gun_9_x4_britain_ca,bb,bc",,229,gun_9_x4,"britain, canada","ca, bb, bc",,,,,,agamemnon_gun_b_228_x4,1.548,1.674,,,nelson_gun_152_x4,1.2726,1.3808,,,nelson_gun_152_x4,1.2726,1.3808,,,nelson_gun_406_x4,0.6226,0.6858,,,,,,,,,,,,
"gun_10_x1_britain_ca,bb,bc",,254,gun_10_x1,"britain, canada","ca, bb, bc",friedrich_gun_228_x1,0.9958,1.074,,,dreadnought_gun_305_x1,0.954,1.035,,,hood_gun_380_x1,0.6908,0.754,,,nelson_gun_406_x1,0.6908,0.754,,,nelson_gun_406_x1,0.6908,0.754,,,,,,,,,,,,
"gun_10_x2_britain_ca,bb,bc",,254,gun_10_x2,"britain, canada","ca, bb, bc",friedrich_gun_228_x2,0.9958,1.074,,,dreadnought_gun_305_x2,0.954,1.035,,,hood_gun_380_x2,0.6908,0.754,,,nelson_gun_406_x2,0.6908,0.754,,,nelson_gun_406_x2,0.6908,0.754,,,,,,,,,,,,
"gun_10_x3_britain_ca,bb,bc",,254,gun_10_x3,"britain, canada","ca, bb, bc",friedrich_gun_228_x3,0.9958,1.074,,,dreadnought_gun_305_x3,0.954,1.035,,,hood_gun_380_x3,0.6908,0.754,,,nelson_gun_406_x3,0.6908,0.754,,,nelson_gun_406_x3,0.6908,0.754,,,,,,,,,,,,
"gun_10_x4_britain_ca,bb,bc",,254,gun_10_x4,"britain, canada","ca, bb, bc",,,,,,dreadnought_gun_305_x4,0.954,1.035,,,hood_gun_380_x4,0.6908,0.754,,,nelson_gun_406_x4,0.6908,0.754,,,nelson_gun_406_x4,0.6908,0.754,,,,,,,,,,,,
"gun_11_x1_britain_ca,bb,bc",,279,gun_11_x1,"britain, canada","ca, bb, bc",irresistible_gun_305_x1,1.045,1.126,,,dreadnought_gun_305_x1,1.045,1.126,,,hood_gun_380_x1,0.759,0.8222,,,nelson_gun_406_x1,0.759,0.8222,,,kgeorge_gun_380_x1_b,0.7375,0.79,,,,,,,,,,,,
"gun_11_x2_britain_ca,bb,bc",,279,gun_11_x2,"britain, canada","ca, bb, bc",irresistible_gun_305_x2,1.045,1.126,,,dreadnought_gun_305_x2,1.045,1.126,,,hood_gun_380_x2,0.759,0.8222,,,nelson_gun_406_x2,0.759,0.8222,,,kgeorge_gun_380_x2_b,0.7375,0.79,,,,,,,,,,,,
"gun_11_x3_britain_ca,bb,bc",,279,gun_11_x3,"britain, canada","ca, bb, bc",irresistible_gun_305_x3,1.045,1.126,,,dreadnought_gun_305_x3,1.045,1.126,,,hood_gun_380_x3,0.759,0.8222,,,nelson_gun_406_x3,0.759,0.8222,,,kgeorge_gun_380_x3_c,0.7375,0.79,,,,,,,,,,,,
"gun_11_x4_britain_ca,bb,bc",,279,gun_11_x4,"britain, canada","ca, bb, bc",irresistible_gun_305_x4,1.045,1.126,,,dreadnought_gun_305_x4,1.045,1.126,,,hood_gun_380_x4,0.759,0.8222,,,nelson_gun_406_x4,0.759,0.8222,,,kgeorge_gun_380_x4_c,0.7375,0.79,,,,,,,,,,,,
"gun_12_x1_britain_bb,bc",,305,gun_12_x1,"britain, canada","ca, bb, bc",irresistible_gun_305_x1,1.136,1.217,,,dreadnought_gun_305_x1,1.136,1.217,,,hood_gun_380_x1,0.8272,0.8904,,,nelson_gun_406_x1,0.8272,0.8904,,,kgeorge_gun_380_x1_b,0.8,0.8525,,,,,,,,,,,,
"gun_12_x2_britain_bb,bc",,305,gun_12_x2,"britain, canada","ca, bb, bc",irresistible_gun_305_x2,1.136,1.217,,,dreadnought_gun_305_x2,1.136,1.217,,,hood_gun_380_x2,0.8272,0.8904,,,nelson_gun_406_x2,0.8272,0.8904,,,kgeorge_gun_380_x2_b,0.8,0.8525,,,,,,,,,,,,
"gun_12_x3_britain_bb,bc",,305,gun_12_x3,"britain, canada","ca, bb, bc",irresistible_gun_305_x3,1.136,1.217,,,dreadnought_gun_305_x3,1.136,1.217,,,hood_gun_380_x3,0.8272,0.8904,,,nelson_gun_406_x3,0.8272,0.8904,,,kgeorge_gun_380_x3_c,0.8,0.8525,,,,,,,,,,,,
"gun_12_x4_britain_bb,bc",,305,gun_12_x4,"britain, canada","ca, bb, bc",irresistible_gun_305_x4,1.136,1.217,,,dreadnought_gun_305_x4,1.136,1.217,,,hood_gun_380_x4,0.8272,0.8904,,,nelson_gun_406_x4,0.8272,0.8904,,,kgeorge_gun_380_x4_c,0.8,0.8525,,,,,,,,,,,,
"gun_13_x1_britain_bb,bc",,330,gun_13_x1,"britain, canada","bb, bc",irresistible_gun_305_x1,1.227,1.308,,,agamemnon_gun_305_x1,1.227,1.308,,,hood_gun_380_x1,0.8954,0.9586,,,nelson_gun_406_x1,0.8954,0.9586,,,kgeorge_gun_380_x1_b,0.8625,0.915,,,,,,,,,,,,
"gun_13_x2_britain_bb,bc",,330,gun_13_x2,"britain, canada","bb, bc",irresistible_gun_305_x2,1.227,1.308,,,agamemnon_gun_305_x2,1.227,1.308,,,hood_gun_380_x2,0.8954,0.9586,,,nelson_gun_406_x2,0.8954,0.9586,,,kgeorge_gun_380_x2_b,0.8625,0.915,,,,,,,,,,,,
"gun_13_x3_britain_bb,bc",,330,gun_13_x3,"britain, canada","bb, bc",irresistible_gun_305_x3,1.227,1.308,,,agamemnon_gun_305_x3,1.227,1.308,,,hood_gun_380_x3,0.8954,0.9586,,,nelson_gun_406_x3,0.8954,0.9586,,,kgeorge_gun_380_x3_c,0.8625,0.915,,,,,,,,,,,,
"gun_13_x4_britain_bb,bc",,330,gun_13_x4,"britain, canada","bb, bc",irresistible_gun_305_x4,1.227,1.308,,,agamemnon_gun_305_x4,1.227,1.308,,,hood_gun_380_x4,0.8954,0.9586,,,nelson_gun_406_x4,0.8954,0.9586,,,kgeorge_gun_380_x4_c,0.8625,0.915,,,,,,,,,,,,
"gun_14_x1_britain_bb,bc",,356,gun_14_x1,"britain, canada","bb, bc",irresistible_gun_305_x1,1.318,1.399,,,agamemnon_gun_305_x1,1.318,1.399,,,hood_gun_380_x1,0.9636,1.0268,,,nelson_gun_406_x1,0.9636,1.0268,,,kgeorge_gun_380_x1_b,0.925,0.9775,,,,,,,,,,,,
"gun_14_x2_britain_bb,bc",,356,gun_14_x2,"britain, canada","bb, bc",irresistible_gun_305_x2,1.318,1.399,,,agamemnon_gun_305_x2,1.318,1.399,,,hood_gun_380_x2,0.9636,1.0268,,,nelson_gun_406_x2,0.9636,1.0268,,,kgeorge_gun_380_x2_b,0.925,0.9775,,,,,,,,,,,,
"gun_14_x3_britain_bb,bc",,356,gun_14_x3,"britain, canada","bb, bc",irresistible_gun_305_x3,1.318,1.399,,,agamemnon_gun_305_x3,1.318,1.399,,,hood_gun_380_x3,0.9636,1.0268,,,nelson_gun_406_x3,0.9636,1.0268,,,kgeorge_gun_380_x3_c,0.925,0.9775,,,,,,,,,,,,
"gun_14_x4_britain_bb,bc",,356,gun_14_x4,"britain, canada","bb, bc",irresistible_gun_305_x4,1.318,1.399,,,agamemnon_gun_305_x4,1.318,1.399,,,hood_gun_380_x4,0.9636,1.0268,,,nelson_gun_406_x4,0.9636,1.0268,,,kgeorge_gun_380_x4_c,0.925,0.9775,,,,,,,,,,,,
"gun_15_x1_britain_bb,bc",,381,gun_15_x1,"britain, canada","bb, bc",irresistible_gun_305_x1,1.409,1.49,,,agamemnon_gun_305_x1,1.409,1.49,,,hood_gun_380_x1,1.0318,1.095,,,nelson_gun_406_x1,1.0318,1.095,,,kgeorge_gun_380_x1_b,0.9875,1.04,,,,,,,,,,,,
"gun_15_x2_britain_bb,bc",,381,gun_15_x2,"britain, canada","bb, bc",irresistible_gun_305_x2,1.409,1.49,,,agamemnon_gun_305_x2,1.409,1.49,,,hood_gun_380_x2,1.0318,1.095,,,nelson_gun_406_x2,1.0318,1.095,,,kgeorge_gun_380_x2_b,0.9875,1.04,,,,,,,,,,,,
"gun_15_x3_britain_bb,bc",,381,gun_15_x3,"britain, canada","bb, bc",irresistible_gun_305_x3,1.409,1.49,,,agamemnon_gun_305_x3,1.409,1.49,,,hood_gun_380_x3,1.0318,1.095,,,nelson_gun_406_x3,1.0318,1.095,,,kgeorge_gun_380_x3_c,0.9875,1.04,,,,,,,,,,,,
"gun_15_x4_britain_bb,bc",,381,gun_15_x4,"britain, canada","bb, bc",irresistible_gun_305_x4,1.409,1.49,,,agamemnon_gun_305_x4,1.409,1.49,,,hood_gun_380_x4,1.0318,1.095,,,nelson_gun_406_x4,1.0318,1.095,,,kgeorge_gun_380_x4_c,0.9875,1.04,,,,,,,,,,,,
"gun_16_x1_britain_bb,bc",,406,gun_16_x1,"britain, canada","bb, bc",irresistible_gun_305_x1,1.5,1.581,,,agamemnon_gun_305_x1,1.5,1.581,,,hood_gun_380_x1,1.1,1.1632,,,nelson_gun_406_x1,1.1,1.1632,,,kgeorge_gun_380_x1_b,1.05,1.1025,,,,,,,,,,,,
"gun_16_x2_britain_bb,bc",,406,gun_16_x2,"britain, canada","bb, bc",irresistible_gun_305_x2,1.5,1.581,,,agamemnon_gun_305_x2,1.5,1.581,,,hood_gun_380_x2,1.1,1.1632,,,nelson_gun_406_x2,1.1,1.1632,,,kgeorge_gun_380_x2_b,1.05,1.1025,,,,,,,,,,,,
"gun_16_x3_britain_bb,bc",,406,gun_16_x3,"britain, canada","bb, bc",irresistible_gun_305_x3,1.5,1.581,,,agamemnon_gun_305_x3,1.5,1.581,,,hood_gun_380_x3,1.1,1.1632,,,nelson_gun_406_x3,1.1,1.1632,,,kgeorge_gun_380_x3_c,1.05,1.1025,,,,,,,,,,,,
"gun_16_x4_britain_bb,bc",,406,gun_16_x4,"britain, canada","bb, bc",irresistible_gun_305_x4,1.5,1.581,,,agamemnon_gun_305_x4,1.5,1.581,,,hood_gun_380_x4,1.1,1.1632,,,nelson_gun_406_x4,1.1,1.1632,,,kgeorge_gun_380_x4_c,1.05,1.1025,,,,,,,,,,,,
"gun_17_x1_britain_bb,bc",,432,gun_17_x1,"britain, canada","bb, bc",agamemnon_gun_305_x1,1.591,1.672,,,hood_gun_380_x1,1.1682,1.2314,,,nelson_gun_406_x1,1.1682,1.2314,,,kgeorge_gun_380_x1_b,1.1125,1.165,,,kgeorge_gun_380_x1_b,1.1125,1.165,,,,,,,,,,,,
"gun_17_x2_britain_bb,bc",,432,gun_17_x2,"britain, canada","bb, bc",agamemnon_gun_305_x2,1.591,1.672,,,hood_gun_380_x2,1.1682,1.2314,,,nelson_gun_406_x2,1.1682,1.2314,,,kgeorge_gun_380_x2_b,1.1125,1.165,,,kgeorge_gun_380_x2_b,1.1125,1.165,,,,,,,,,,,,
"gun_17_x3_britain_bb,bc",,432,gun_17_x3,"britain, canada","bb, bc",agamemnon_gun_305_x3,1.591,1.672,,,hood_gun_380_x3,1.1682,1.2314,,,nelson_gun_406_x3,1.1682,1.2314,,,kgeorge_gun_380_x3_c,1.1125,1.165,,,kgeorge_gun_380_x3_c,1.1125,1.165,,,,,,,,,,,,
"gun_17_x4_britain_bb,bc",,432,gun_17_x4,"britain, canada","bb, bc",agamemnon_gun_305_x4,1.591,1.672,,,hood_gun_380_x4,1.1682,1.2314,,,nelson_gun_406_x4,1.1682,1.2314,,,kgeorge_gun_380_x4_c,1.1125,1.165,,,kgeorge_gun_380_x4_c,1.1125,1.165,,,,,,,,,,,,
"gun_18_x1_britain_bb,bc",,457,gun_18_x1,"britain, canada","bb, bc",agamemnon_gun_305_x1,1.682,1.763,,,hood_gun_380_x1,1.2364,1.2996,,,nelson_gun_406_x1,1.2364,1.2996,,,kgeorge_gun_380_x1_b,1.175,1.2275,,,kgeorge_gun_380_x1_b,1.175,1.2275,,,,,,,,,,,,
"gun_18_x2_britain_bb,bc",,457,gun_18_x2,"britain, canada","bb, bc",agamemnon_gun_305_x2,1.682,1.763,,,hood_gun_380_x2,1.2364,1.2996,,,nelson_gun_406_x2,1.2364,1.2996,,,kgeorge_gun_380_x2_b,1.175,1.2275,,,kgeorge_gun_380_x2_b,1.175,1.2275,,,,,,,,,,,,
"gun_18_x3_britain_bb,bc",,457,gun_18_x3,"britain, canada","bb, bc",agamemnon_gun_305_x3,1.682,1.763,,,hood_gun_380_x3,1.2364,1.2996,,,nelson_gun_406_x3,1.2364,1.2996,,,kgeorge_gun_380_x3_c,1.175,1.2275,,,kgeorge_gun_380_x3_c,1.175,1.2275,,,,,,,,,,,,
"gun_18_x4_britain_bb,bc",,457,gun_18_x4,"britain, canada","bb, bc",agamemnon_gun_305_x4,1.682,1.763,,,hood_gun_380_x4,1.2364,1.2996,,,nelson_gun_406_x4,1.2364,1.2996,,,kgeorge_gun_380_x4_c,1.175,1.2275,,,kgeorge_gun_380_x4_c,1.175,1.2275,,,,,,,,,,,,
"gun_19_x1_britain_bb,bc",,483,gun_19_x1,"britain, canada","bb, bc",agamemnon_gun_305_x1,1.773,1.854,,,hood_gun_380_x1,1.3046,1.3678,,,nelson_gun_406_x1,1.3046,1.3678,,,kgeorge_gun_380_x1_b,1.2375,1.29,,,kgeorge_gun_380_x1_b,1.2375,1.29,,,,,,,,,,,,
"gun_19_x2_britain_bb,bc",,483,gun_19_x2,"britain, canada","bb, bc",agamemnon_gun_305_x2,1.773,1.854,,,hood_gun_380_x2,1.3046,1.3678,,,nelson_gun_406_x2,1.3046,1.3678,,,kgeorge_gun_380_x2_b,1.2375,1.29,,,kgeorge_gun_380_x2_b,1.2375,1.29,,,,,,,,,,,,
"gun_19_x3_britain_bb,bc",,483,gun_19_x3,"britain, canada","bb, bc",agamemnon_gun_305_x3,1.773,1.854,,,hood_gun_380_x3,1.3046,1.3678,,,nelson_gun_406_x3,1.3046,1.3678,,,kgeorge_gun_380_x3_c,1.2375,1.29,,,kgeorge_gun_380_x3_c,1.2375,1.29,,,,,,,,,,,,
"gun_19_x4_britain_bb,bc",,483,gun_19_x4,"britain, canada","bb, bc",agamemnon_gun_305_x4,1.773,1.854,,,hood_gun_380_x4,1.3046,1.3678,,,nelson_gun_406_x4,1.3046,1.3678,,,kgeorge_gun_380_x4_c,1.2375,1.29,,,kgeorge_gun_380_x4_c,1.2375,1.29,,,,,,,,,,,,
"gun_20_x1_britain_bb,bc",,508,gun_20_x1,"britain, canada","bb, bc",agamemnon_gun_305_x1,1.864,1.945,,,hood_gun_380_x1,1.3728,1.436,,,nelson_gun_406_x1,1.3728,1.436,,,kgeorge_gun_380_x1_b,1.3,1.3525,,,kgeorge_gun_380_x1_b,1.3,1.3525,,,,,,,,,,,,
"gun_20_x2_britain_bb,bc",,508,gun_20_x2,"britain, canada","bb, bc",agamemnon_gun_305_x2,1.864,1.945,,,hood_gun_380_x2,1.3728,1.436,,,nelson_gun_406_x2,1.3728,1.436,,,kgeorge_gun_380_x2_b,1.3,1.3525,,,kgeorge_gun_380_x2_b,1.3,1.3525,,,,,,,,,,,,
"gun_20_x3_britain_bb,bc",,508,gun_20_x3,"britain, canada","bb, bc",agamemnon_gun_305_x3,1.864,1.945,,,hood_gun_380_x3,1.3728,1.436,,,nelson_gun_406_x3,1.3728,1.436,,,kgeorge_gun_380_x3_c,1.3,1.3525,,,kgeorge_gun_380_x3_c,1.3,1.3525,,,,,,,,,,,,
"gun_20_x4_britain_bb,bc",,508,gun_20_x4,"britain, canada","bb, bc",agamemnon_gun_305_x4,1.864,1.945,,,hood_gun_380_x4,1.3728,1.436,,,nelson_gun_406_x4,1.3728,1.436,,,kgeorge_gun_380_x4_c,1.3,1.3525,,,kgeorge_gun_380_x4_c,1.3,1.3525,,,,,,,,,,,,
###,,,###,,,,,,,,,,,,,,,,,,,,,,,,,,,,,,,,,,,,,
gun_2_x1_alt_britain,,51,gun_2_x1_alt,"britain, canada",,small_gun_a_51_x1,1.75,1.9,,,small_gun_a_51_x1,1.75,1.9,,,cressy_gun_76_x1,1.3,1.5,,50,iowa_gun_127_x1,0.71,0.8,,55,iowa_gun_127_x1,0.71,0.8,,,,,,,,,,,,
gun_2_x2_alt_britain,,51,gun_2_x2_alt,"britain, canada",,,,,,,,,,,,,,,,50,richelieu_gun_120_x2,0.596,0.722,,55,richelieu_gun_120_x2,0.596,0.722,,,,,,,,,,,,
gun_2_x3_alt_britain,,51,gun_2_x3_alt,"britain, canada",,,,,,,,,,,,,,,,50,richelieu_gun_120_x3,0.596,0.722,,55,richelieu_gun_120_x3,0.596,0.722,,,,,,,,,,,,
gun_3_x1_alt_britain,,76,gun_3_x1_alt,"britain, canada",,,,,,,,,,,,jap_tb_gun_76_x1,1.59,1.78,,,iowa_gun_127_x1,0.81,0.9,,50,moga_gun_127_x1,1.03,1.126,,,,,,,,,,,,
gun_3_x2_alt_britain,,76,gun_3_x2_alt,"britain, canada",,,,,,,,,,,,,,,,,richelieu_gun_120_x2,0.732,0.858,,50,moga_gun_127_x2,1.03,1.126,,,,,,,,,,,,
gun_3_x3_alt_britain,,76,gun_3_x3_alt,"britain, canada",,,,,,,,,,,,,,,,,richelieu_gun_120_x3,0.732,0.858,,50,moga_gun_127_x3,1.03,1.126,,,,,,,,,,,,
gun_4_x1_alt_britain,,102,gun_4_x1_alt,"britain, canada",,,,,,,,,,,,jap_tb_gun_76_x1,1.79,1.98,,,akizuki_gun_b_127_x1,0.646,0.7805,,,moga_gun_127_x1,1.132,1.228,,,,,,,,,,,,
gun_4_x2_alt_britain,,102,gun_4_x2_alt,"britain, canada",,,,,,,dreadnought_gun_178_x2,0.868,0.994,,,dreadnought_gun_178_x2,0.868,0.994,,,akizuki_gun_b_127_x2,0.646,0.7805,,,ussr_gun_100_x2,0.94,1.02,,,,,,,,,,,,
gun_4_x3_alt_britain,,102,gun_4_x3_alt,"britain, canada",,,,,,,dreadnought_gun_178_x3,0.868,0.994,,,dreadnought_gun_178_x3,0.868,0.994,,,akizuki_gun_b_127_x3,0.646,0.7805,,,ussr_gun_100_x3,0.94,1.02,,,,,,,,,,,,
gun_5_x1_alt_britain,,127,gun_5_x1_alt,"britain, canada",,,,,,,,,,,,,,,,,hood_gun_140_x1,1.28,1.395,,,hood_gun_140_x1,1.28,1.395,,,,,,,,,,,,
gun_5_x2_alt_britain,,127,gun_5_x2_alt,"britain, canada",,,,,,,dreadnought_gun_178_x2,1.004,1.13,,,dreadnought_gun_178_x2,1.004,1.13,,,kgeorge_gun_133_x2,0.785,0.86,,,kgeorge_gun_133_x2,0.785,0.86,,,,,,,,,,,,
gun_5_x3_alt_britain,,127,gun_5_x3_alt,"britain, canada",,,,,,,dreadnought_gun_178_x3,1.004,1.13,,,dreadnought_gun_178_x3,1.004,1.13,,,kgeorge_gun_133_x3,0.785,0.86,,,kgeorge_gun_133_x3,0.785,0.86,,,,,,,,,,,,
gun_6_x2_alt_britain,,152,gun_6_x2_alt,"britain, canada",,,,,,,dreadnought_gun_178_x2,1.14,1.266,,,dreadnought_gun_178_x2,1.14,1.266,,,british_adv_cruiser_152_gun_x2,0.71,0.809,,,nelson_gun_152_x2,0.918,1.0262,,,,,,,,,,,,
gun_6_x3_alt_britain,,152,gun_6_x3_alt,"britain, canada",,,,,,,dreadnought_gun_178_x3,1.14,1.266,,,dreadnought_gun_178_x3,1.14,1.266,,,british_adv_cruiser_152_gun_x3,0.71,0.809,,,nelson_gun_152_x3,0.918,1.0262,,,,,,,,,,,,
gun_7_x2_alt_britain,,178,gun_7_x2_alt,"britain, canada",,irresistible_gun_305_x2,0.681,0.762,,,dreadnought_gun_178_x2,1.276,1.376,,,warrior_gun_228_x2,0.998,1.078,,,british_adv_cruiser_152_gun_x2,0.819,0.918,,,nelson_gun_152_x2,1.0362,1.1444,,,,,,,,,,,,
gun_7_x3_alt_britain,,178,gun_7_x3_alt,"britain, canada",,irresistible_gun_305_x3,0.681,0.762,,,dreadnought_gun_178_x3,1.276,1.376,,,warrior_gun_228_x3,0.998,1.078,,,british_adv_cruiser_152_gun_x3,0.819,0.918,,,nelson_gun_152_x3,1.0362,1.1444,,,,,,,,,,,,
gun_8_x2_alt_britain,,203,gun_8_x2_alt,"britain, canada",,irresistible_gun_305_x2,0.772,0.853,,,agamemnon_gun_228_x2,1.16,1.242,,,warrior_gun_228_x2,1.08,1.16,,,british_adv_cruiser_152_gun_x2,0.928,1.027,,,nelson_gun_152_x2,1.1544,1.2626,,,,,,,,,,,,
gun_8_x3_alt_britain,,203,gun_8_x3_alt,"britain, canada",,irresistible_gun_305_x3,0.772,0.853,,,agamemnon_gun_228_x3,1.16,1.242,,,warrior_gun_228_x3,1.08,1.16,,,british_adv_cruiser_152_gun_x3,0.928,1.027,,,nelson_gun_152_x3,1.1544,1.2626,,,,,,,,,,,,
gun_9_x2_alt_britain,,229,gun_9_x2_alt,"britain, canada",,irresistible_gun_305_x2,0.863,0.944,,,agamemnon_gun_228_x2,1.244,1.326,,,warrior_gun_228_x2,1.162,1.242,,,british_adv_cruiser_152_gun_x2,1.037,1.136,,,nelson_gun_152_x2,1.2726,1.3808,,,,,,,,,,,,
gun_9_x3_alt_britain,,229,gun_9_x3_alt,"britain, canada",,irresistible_gun_305_x3,0.863,0.944,,,agamemnon_gun_228_x3,1.244,1.326,,,warrior_gun_228_x3,1.162,1.242,,,british_adv_cruiser_152_gun_x3,1.037,1.136,,,nelson_gun_152_x3,1.2726,1.3808,,,,,,,,,,,,
gun_10_x2_alt_britain,,254,gun_10_x2_alt,"britain, canada",,irresistible_gun_305_x2,0.954,1.035,,,agamemnon_gun_228_x2,1.328,1.41,,,nelson_gun_406_x2,0.6908,0.754,,,kgeorge_gun_a_380_x2,0.8025,0.837,,,kgeorge_gun_a_380_x2,0.8025,0.837,,,,,,,,,,,,
gun_10_x3_alt_britain,,254,gun_10_x3_alt,"britain, canada",,irresistible_gun_305_x3,0.954,1.035,,,agamemnon_gun_228_x3,1.328,1.41,,,nelson_gun_406_x3,0.6908,0.754,,,kgeorge_gun_380_x3,0.8025,0.837,,,kgeorge_gun_380_x3,0.8025,0.837,,,,,,,,,,,,
gun_11_x2_alt_britain,,279,gun_11_x2_alt,"britain, canada",,agamemnon_gun_305_x2,1.045,1.126,,,agamemnon_gun_305_x2,1.035,1.12,,,nelson_gun_406_x2,0.759,0.8222,,,kgeorge_gun_a_380_x2,0.8375,0.88,,,kgeorge_gun_a_380_x2,0.8375,0.88,,,,,,,,,,,,
gun_11_x3_alt_britain,,279,gun_11_x3_alt,"britain, canada",,agamemnon_gun_305_x3,1.045,1.126,,,agamemnon_gun_305_x3,1.035,1.12,,,nelson_gun_406_x3,0.759,0.8222,,,kgeorge_gun_380_x3,0.8375,0.88,,,kgeorge_gun_380_x3,0.8375,0.88,,,,,,,,,,,,
gun_12_x2_alt_britain,,305,gun_12_x2_alt,"britain, canada",,agamemnon_gun_305_x2,1.136,1.217,,,agamemnon_gun_305_x2,1.112,1.215,,,nelson_gun_406_x2,0.8272,0.8904,,,kgeorge_gun_a_380_x2,0.8825,0.925,,45,kgeorge_gun_a_380_x2,0.8825,0.925,,,,,,,,,,,,
gun_12_x3_alt_britain,,305,gun_12_x3_alt,"britain, canada",,agamemnon_gun_305_x3,1.136,1.217,,,agamemnon_gun_305_x3,1.112,1.215,,,nelson_gun_406_x3,0.8272,0.8904,,,kgeorge_gun_380_x3,0.8825,0.925,,45,kgeorge_gun_380_x3,0.8825,0.925,,,,,,,,,,,,
gun_13_x2_alt_britain,,330,gun_13_x2_alt,"britain, canada",,agamemnon_gun_305_x2,1.227,1.308,,,dreadnought_gun_305_x2,1.216,1.297,,,nelson_gun_406_x2,0.8954,0.9586,,,kgeorge_gun_a_380_x2,0.9275,0.97,,45,kgeorge_gun_a_380_x2,0.9275,0.97,,,,,,,,,,,,
gun_13_x3_alt_britain,,330,gun_13_x3_alt,"britain, canada",,agamemnon_gun_305_x3,1.227,1.308,,,dreadnought_gun_305_x3,1.216,1.297,,,nelson_gun_406_x3,0.8954,0.9586,,,kgeorge_gun_380_x3,0.9275,0.97,,45,kgeorge_gun_380_x3,0.9275,0.97,,,,,,,,,,,,
gun_14_x2_alt_britain,,356,gun_14_x2_alt,"britain, canada",,agamemnon_gun_305_x2,1.318,1.399,,,dreadnought_gun_305_x2,1.301,1.391,,,nelson_gun_406_x2,0.9636,1.0268,,,kgeorge_gun_a_380_x2,0.9725,1.015,,45,kgeorge_gun_a_380_x2,0.9725,1.015,,,,,,,,,,,,
gun_14_x3_alt_britain,,356,gun_14_x3_alt,"britain, canada",,agamemnon_gun_305_x3,1.318,1.399,,,dreadnought_gun_305_x3,1.301,1.391,,,nelson_gun_406_x3,0.9636,1.0268,,,kgeorge_gun_380_x3,0.9725,1.015,,45,kgeorge_gun_380_x3,0.9725,1.015,,,,,,,,,,,,
gun_15_x2_alt_britain,,381,gun_15_x2_alt,"britain, canada",,agamemnon_gun_305_x2,1.409,1.49,,,hood_gun_380_x2,1.0318,1.095,,,nelson_gun_406_x2,1.0318,1.095,,,hood_gun_380_x2,1.0318,1.095,,,hood_gun_380_x2,1.0318,1.095,,,,,,,,,,,,
gun_15_x3_alt_britain,,381,gun_15_x3_alt,"britain, canada",,agamemnon_gun_305_x3,1.409,1.49,,,hood_gun_380_x3,1.0318,1.095,,,nelson_gun_406_x3,1.0318,1.095,,,hood_gun_380_x3,1.0318,1.095,,,hood_gun_380_x3,1.0318,1.095,,,,,,,,,,,,
gun_16_x2_alt_britain,,406,gun_16_x2_alt,"britain, canada",,agamemnon_gun_305_x2,1.5,1.581,,,hood_gun_380_x2,1.1,1.1632,,,nelson_gun_406_x2,1.1,1.1632,,45,hood_gun_380_x2,1.1,1.1632,,45,kgeorge_gun_a_380_x2,1.09,1.155,,,,,,,,,,,,
gun_16_x3_alt_britain,,406,gun_16_x3_alt,"britain, canada",,agamemnon_gun_305_x3,1.5,1.581,,,hood_gun_380_x3,1.1,1.1632,,,nelson_gun_406_x3,1.1,1.1632,,45,hood_gun_380_x3,1.1,1.1632,,45,kgeorge_gun_380_x3,1.09,1.155,,,,,,,,,,,,
gun_17_x2_alt_britain,,432,gun_17_x2_alt,"britain, canada",,irresistible_gun_305_x2,1.591,1.672,,,agamemnon_gun_305_x2,1.591,1.672,,,hood_gun_380_x2,1.1682,1.2314,,,kgeorge_gun_a_380_x2,1.159,1.219,,45,kgeorge_gun_a_380_x2,1.159,1.219,,,,,,,,,,,,
gun_17_x3_alt_britain,,432,gun_17_x3_alt,"britain, canada",,irresistible_gun_305_x3,1.591,1.672,,,agamemnon_gun_305_x3,1.591,1.672,,,hood_gun_380_x3,1.1682,1.2314,,,kgeorge_gun_380_x3,1.159,1.219,,45,kgeorge_gun_380_x3,1.159,1.219,,,,,,,,,,,,
gun_18_x2_alt_britain,,457,gun_18_x2_alt,"britain, canada",,irresistible_gun_305_x2,1.682,1.763,,,agamemnon_gun_305_x2,1.682,1.763,,,hood_gun_380_x2,1.2364,1.2996,,,kgeorge_gun_a_380_x2,1.22,1.285,,45,kgeorge_gun_a_380_x2,1.22,1.285,,,,,,,,,,,,
gun_18_x3_alt_britain,,457,gun_18_x3_alt,"britain, canada",,irresistible_gun_305_x3,1.682,1.763,,,agamemnon_gun_305_x3,1.682,1.763,,,hood_gun_380_x3,1.2364,1.2996,,,kgeorge_gun_380_x3,1.22,1.285,,45,kgeorge_gun_380_x3,1.22,1.285,,,,,,,,,,,,
###,,,###,,,,,,,,,,,,,,,,,,,,,,,,,,,,,,,,,,,,,
gun_2_x1_italy,,51,gun_2_x1,"italy, italy2",,,,,,,,,,,,,,,,,,,,,,,,,,,,,,,,,,,,
gun_2_x2_italy,,51,gun_2_x2,"italy, italy2",,,,,,,,,,,,,,,,,,,,,,,,,,,,,,,,,,,,
gun_2_x3_italy,,51,gun_2_x3,"italy, italy2",,,,,,,,,,,,,,,,,,,,,,,,,,,,,,,,,,,,
gun_2_x4_italy,,51,gun_2_x4,"italy, italy2",,,,,,,,,,,,,,,,,,,,,,,,,,,,,,,,,,,,
gun_3_x1_italy_dd,,76,gun_3_x1,"italy, italy2","dd, tb",,,,,,,,,,,,,,,,,,,,,,,,,,,,,,,,,,,
gun_3_x2_italy_dd,,76,gun_3_x2,"italy, italy2","dd, tb",,,,,,,,,,,pola_gun_100_x2,0.732,0.858,,,pola_gun_100_x2,0.732,0.858,,,pola_gun_100_x2,0.732,0.858,,,,,,,,,,,,
gun_3_x3_italy_dd,,76,gun_3_x3,"italy, italy2","dd, tb",,,,,,,,,,,pola_gun_100_x3,0.732,0.858,,,pola_gun_100_x3,0.732,0.858,,,pola_gun_100_x3,0.732,0.858,,,,,,,,,,,,
gun_3_x4_italy_dd,,76,gun_3_x4,"italy, italy2","dd, tb",,,,,,,,,,,pola_gun_100_x4,0.732,0.858,,,pola_gun_100_x4,0.732,0.858,,,pola_gun_100_x4,0.732,0.858,,,,,,,,,,,,
gun_4_x1_italy_dd,,102,gun_4_x1,"italy, italy2","dd, tb",,,,,,,,,,,,,,,,,,,,,,,,,,,,,,,,,,,
gun_4_x2_italy_dd,,102,gun_4_x2,"italy, italy2","dd, tb",,,,,,,,,,,pola_gun_100_x2,0.868,0.994,,,pola_gun_100_x2,0.868,0.994,,,pola_gun_100_x2,0.868,0.994,,,,,,,,,,,,
gun_4_x3_italy_dd,,102,gun_4_x3,"italy, italy2","dd, tb",,,,,,,,,,,pola_gun_100_x3,0.868,0.994,,,pola_gun_100_x3,0.868,0.994,,,pola_gun_100_x3,0.868,0.994,,,,,,,,,,,,
gun_4_x4_italy_dd,,102,gun_4_x4,"italy, italy2","dd, tb",,,,,,,,,,,pola_gun_100_x4,0.868,0.994,,,pola_gun_100_x4,0.868,0.994,,,pola_gun_100_x4,0.868,0.994,,,,,,,,,,,,
gun_5_x1_italy_dd,,127,gun_5_x1,"italy, italy2","dd, tb",,,,,,,,,,,,,,,,,,,,,,,,,,,,,,,,,,,
gun_5_x2_italy_dd,,127,gun_5_x2,"italy, italy2","dd, tb",,,,,,,,,,,pola_gun_100_x2,1.004,1.13,,,pola_gun_100_x2,1.004,1.13,,,pola_gun_100_x2,1.004,1.13,,,,,,,,,,,,
gun_5_x3_italy_dd,,127,gun_5_x3,"italy, italy2","dd, tb",,,,,,,,,,,pola_gun_100_x3,1.004,1.13,,,pola_gun_100_x3,1.004,1.13,,,pola_gun_100_x3,1.004,1.13,,,,,,,,,,,,
gun_5_x4_italy_dd,,127,gun_5_x4,"italy, italy2","dd, tb",,,,,,,,,,,pola_gun_100_x4,1.004,1.13,,,pola_gun_100_x4,1.004,1.13,,,pola_gun_100_x4,1.004,1.13,,,,,,,,,,,,
gun_3_x1_italy_cl,,76,gun_3_x1,"italy, italy2",cl,,,,,,,,,,,,,,,,,,,,,,,,,,,,,,,,,,,
gun_3_x2_italy_cl,,76,gun_3_x2,"italy, italy2",cl,,,,,,,,,,,pola_gun_100_x2,0.732,0.858,,,pola_gun_100_x2,0.732,0.858,,,pola_gun_100_x2,0.732,0.858,,,,,,,,,,,,
gun_3_x3_italy_cl,,76,gun_3_x3,"italy, italy2",cl,,,,,,,,,,,pola_gun_100_x3,0.732,0.858,,,pola_gun_100_x3,0.732,0.858,,,pola_gun_100_x3,0.732,0.858,,,,,,,,,,,,
gun_3_x4_italy_cl,,76,gun_3_x4,"italy, italy2",cl,,,,,,,,,,,pola_gun_100_x4,0.732,0.858,,,pola_gun_100_x4,0.732,0.858,,,pola_gun_100_x4,0.732,0.858,,,,,,,,,,,,
gun_4_x1_italy_cl,,102,gun_4_x1,"italy, italy2",cl,,,,,,,,,,,,,,,,,,,,,,,,,,,,,,,,,,,
gun_4_x2_italy_cl,,102,gun_4_x2,"italy, italy2",cl,,,,,,,,,,,pola_gun_100_x2,0.868,0.994,,,pola_gun_100_x2,0.868,0.994,,,pola_gun_100_x2,0.868,0.994,,,,,,,,,,,,
gun_4_x3_italy_cl,,102,gun_4_x3,"italy, italy2",cl,,,,,,,,,,,pola_gun_100_x3,0.868,0.994,,,pola_gun_100_x3,0.868,0.994,,,pola_gun_100_x3,0.868,0.994,,,,,,,,,,,,
gun_4_x4_italy_cl,,102,gun_4_x4,"italy, italy2",cl,,,,,,,,,,,pola_gun_100_x4,0.868,0.994,,,pola_gun_100_x4,0.868,0.994,,,pola_gun_100_x4,0.868,0.994,,,,,,,,,,,,
gun_5_x1_italy_cl,,127,gun_5_x1,"italy, italy2",cl,,,,,,,,,,,hood_gun_140_x1,1.004,1.13,,,,,,,,,,,,,,,,,,,,,,
gun_5_x2_italy_cl,,127,gun_5_x2,"italy, italy2",cl,,,,,,,,,,,hood_gun_140_x2,1.004,1.13,,,mont_gun_152_x2,0.803,0.913,,,mont_gun_152_x2,0.803,0.913,,,,,,,,,,,,
gun_5_x3_italy_cl,,127,gun_5_x3,"italy, italy2",cl,,,,,,,,,,,hood_gun_140_x3,1.004,1.13,,,mont_gun_152_x3,0.803,0.913,,,mont_gun_152_x3,0.803,0.913,,,,,,,,,,,,
gun_5_x4_italy_cl,,127,gun_5_x4,"italy, italy2",cl,,,,,,,,,,,,,,,,mont_gun_152_x4,0.803,0.913,,,mont_gun_152_x4,0.803,0.913,,,,,,,,,,,,
gun_6_x1_italy_cl,,152,gun_6_x1,"italy, italy2",cl,,,,,,,,,,,hood_gun_140_x1,1.14,1.266,,,,,,,,,,,,,,,,,,,,,,
gun_6_x2_italy_cl,,152,gun_6_x2,"italy, italy2",cl,,,,,,,,,,,hood_gun_140_x2,1.14,1.266,,,mont_gun_152_x2,0.93,1.04,,,mont_gun_152_x2,0.93,1.04,,,,,,,,,,,,
gun_6_x3_italy_cl,,152,gun_6_x3,"italy, italy2",cl,,,,,,,,,,,hood_gun_140_x3,1.14,1.266,,,mont_gun_152_x3,0.93,1.04,,,mont_gun_152_x3,0.93,1.04,,,,,,,,,,,,
gun_6_x4_italy_cl,,152,gun_6_x4,"italy, italy2",cl,,,,,,,,,,,,,,,,mont_gun_152_x4,0.93,1.04,,,mont_gun_152_x4,0.93,1.04,,,,,,,,,,,,
"gun_3_x1_italy_ca,bb,bc",,76,gun_3_x1,"italy, italy2","ca, bb, bc",,,,,,,,,,,litt_gun_90_x1,0.732,0.858,,,litt_gun_90_x1,0.732,0.858,,,litt_gun_90_x1,0.732,0.858,,,,,,,,,,,,
"gun_3_x2_italy_ca,bb,bc",,76,gun_3_x2,"italy, italy2","ca, bb, bc",pen_gun_127_x2,0.815,1.04,,,pen_gun_127_x2,0.815,1.04,,,litt_gun_90_x2,0.732,0.858,,,litt_gun_90_x2,0.732,0.858,,,litt_gun_90_x2,0.732,0.858,,,,,,,,,,,,
"gun_3_x3_italy_ca,bb,bc",,76,gun_3_x3,"italy, italy2","ca, bb, bc",pen_gun_127_x3,0.815,1.04,,,pen_gun_127_x3,0.815,1.04,,,litt_gun_90_x3,0.732,0.858,,,litt_gun_90_x3,0.732,0.858,,,litt_gun_90_x3,0.732,0.858,,,,,,,,,,,,
"gun_3_x4_italy_ca,bb,bc",,76,gun_3_x4,"italy, italy2","ca, bb, bc",,,,,,,,,,,litt_gun_90_x4,0.732,0.858,,,litt_gun_90_x4,0.732,0.858,,,litt_gun_90_x4,0.732,0.858,,,,,,,,,,,,
"gun_4_x1_italy_ca,bb,bc",,102,gun_4_x1,"italy, italy2","ca, bb, bc",,,,,,,,,,,litt_gun_90_x1,0.868,0.994,,,litt_gun_90_x1,0.868,0.994,,,litt_gun_90_x1,0.868,0.994,,,,,,,,,,,,
"gun_4_x2_italy_ca,bb,bc",,102,gun_4_x2,"italy, italy2","ca, bb, bc",pen_gun_127_x2,1.06,1.285,,,pen_gun_127_x2,1.06,1.285,,,litt_gun_90_x2,0.868,0.994,,,litt_gun_90_x2,0.868,0.994,,,litt_gun_90_x2,0.868,0.994,,,,,,,,,,,,
"gun_4_x3_italy_ca,bb,bc",,102,gun_4_x3,"italy, italy2","ca, bb, bc",pen_gun_127_x3,1.06,1.285,,,pen_gun_127_x3,1.06,1.285,,,litt_gun_90_x3,0.868,0.994,,,litt_gun_90_x3,0.868,0.994,,,litt_gun_90_x3,0.868,0.994,,,,,,,,,,,,
"gun_4_x4_italy_ca,bb,bc",,102,gun_4_x4,"italy, italy2","ca, bb, bc",,,,,,,,,,,litt_gun_90_x4,0.868,0.994,,,litt_gun_90_x4,0.868,0.994,,,litt_gun_90_x4,0.868,0.994,,,,,,,,,,,,
"gun_5_x1_italy_ca,bb,bc",,127,gun_5_x1,"italy, italy2","ca, bb, bc",tsesarevich_gun_152_x1,0.8005,0.935,,,hood_gun_140_x1,1.004,1.13,,,hood_gun_140_x1,1.004,1.13,,,litt_gun_152a_x1,0.602,0.71,,,litt_gun_152a_x1,0.602,0.71,,,,,,,,,,,,
"gun_5_x2_italy_ca,bb,bc",,127,gun_5_x2,"italy, italy2","ca, bb, bc",tsesarevich_gun_152_x2,0.8005,0.935,,,hood_gun_140_x2,1.004,1.13,,,hood_gun_140_x2,1.004,1.13,,,litt_gun_152a_x2,0.602,0.71,,,litt_gun_152a_x2,0.602,0.71,,,,,,,,,,,,
"gun_5_x3_italy_ca,bb,bc",,127,gun_5_x3,"italy, italy2","ca, bb, bc",tsesarevich_gun_152_x3,0.8005,0.935,,,hood_gun_140_x3,1.004,1.13,,,hood_gun_140_x3,1.004,1.13,,,litt_gun_152a_x3,0.602,0.71,,,litt_gun_152a_x3,0.602,0.71,,,,,,,,,,,,
"gun_5_x4_italy_ca,bb,bc",,127,gun_5_x4,"italy, italy2","ca, bb, bc",,,,,,,,,,,,,,,,litt_gun_152a_x4,0.602,0.71,,,litt_gun_152a_x4,0.602,0.71,,,,,,,,,,,,
"gun_6_x1_italy_ca,bb,bc",,152,gun_6_x1,"italy, italy2","ca, bb, bc",tsesarevich_gun_152_x1,0.955,1.0895,,,hood_gun_140_x1,1.14,1.266,,,hood_gun_140_x1,1.14,1.266,,,litt_gun_152a_x1,0.72,0.828,,,litt_gun_152a_x1,0.72,0.828,,,,,,,,,,,,
"gun_6_x2_italy_ca,bb,bc",,152,gun_6_x2,"italy, italy2","ca, bb, bc",tsesarevich_gun_152_x2,0.955,1.0895,,,hood_gun_140_x2,1.14,1.266,,,hood_gun_140_x2,1.14,1.266,,,litt_gun_152a_x2,0.72,0.828,,,litt_gun_152a_x2,0.72,0.828,,,,,,,,,,,,
"gun_6_x3_italy_ca,bb,bc",,152,gun_6_x3,"italy, italy2","ca, bb, bc",tsesarevich_gun_152_x3,0.955,1.0895,,,hood_gun_140_x3,1.14,1.266,,,hood_gun_140_x3,1.14,1.266,,,litt_gun_152a_x3,0.72,0.828,,,litt_gun_152a_x3,0.72,0.828,,,,,,,,,,,,
"gun_6_x4_italy_ca,bb,bc",,152,gun_6_x4,"italy, italy2","ca, bb, bc",,,,,,,,,,,,,,,,litt_gun_152a_x4,0.72,0.828,,,litt_gun_152a_x4,0.72,0.828,,,,,,,,,,,,
"gun_7_x1_italy_cl,ca,bb,bc",,178,gun_7_x1,"italy, italy2","cl, ca, bb, bc",friedrich_gun_228_x1,0.7312,0.8094,,,warrior_gun_228_x1,0.819,0.919,,,dido_gun_cal200_x1,0.769,0.868,,,trento_gun_203_x1,0.857,0.974,,,trento_gun_203_x1,0.857,0.974,,,,,,,,,,,,
"gun_7_x2_italy_cl,ca,bb,bc",,178,gun_7_x2,"italy, italy2","cl, ca, bb, bc",friedrich_gun_228_x2,0.7312,0.8094,,,warrior_gun_228_x2,0.819,0.919,,,dido_gun_cal200_x2,0.769,0.868,,,trento_gun_203_x2,0.857,0.974,,,trento_gun_203_x2,0.857,0.974,,,,,,,,,,,,
"gun_7_x3_italy_cl,ca,bb,bc",,178,gun_7_x3,"italy, italy2","cl, ca, bb, bc",friedrich_gun_228_x3,0.7312,0.8094,,,warrior_gun_228_x3,0.819,0.919,,,dido_gun_cal200_x3,0.769,0.868,,,trento_gun_203_x3,0.857,0.974,,,trento_gun_203_x3,0.857,0.974,,,,,,,,,,,,
"gun_7_x4_italy_cl,ca,bb,bc",,178,gun_7_x4,"italy, italy2","cl, ca, bb, bc",,,,,,warrior_gun_228_x4,0.819,0.919,,,dido_gun_cal200_x4,0.769,0.868,,,trento_gun_203_x4,0.857,0.974,,,trento_gun_203_x4,0.857,0.974,,,,,,,,,,,,
"gun_8_x1_italy_ca,bb,bc",,203,gun_8_x1,"italy, italy2","ca, bb, bc",friedrich_gun_228_x1,0.8194,0.8976,,,warrior_gun_228_x1,0.928,1.028,,,dido_gun_cal200_x1,0.878,0.977,,,trento_gun_203_x1,0.984,1.101,,,trento_gun_203_x1,0.984,1.101,,,,,,,,,,,,
"gun_8_x2_italy_ca,bb,bc",,203,gun_8_x2,"italy, italy2","ca, bb, bc",friedrich_gun_228_x2,0.8194,0.8976,,,warrior_gun_228_x2,0.928,1.028,,,dido_gun_cal200_x2,0.878,0.977,,,trento_gun_203_x2,0.984,1.101,,,trento_gun_203_x2,0.984,1.101,,,,,,,,,,,,
"gun_8_x3_italy_ca,bb,bc",,203,gun_8_x3,"italy, italy2","ca, bb, bc",friedrich_gun_228_x3,0.8194,0.8976,,,warrior_gun_228_x3,0.928,1.028,,,dido_gun_cal200_x3,0.878,0.977,,,trento_gun_203_x3,0.984,1.101,,,trento_gun_203_x3,0.984,1.101,,,,,,,,,,,,
"gun_8_x4_italy_ca,bb,bc",,203,gun_8_x4,"italy, italy2","ca, bb, bc",,,,,,warrior_gun_228_x4,0.928,1.028,,,dido_gun_cal200_x4,0.878,0.977,,,trento_gun_203_x4,0.984,1.101,,,trento_gun_203_x4,0.984,1.101,,,,,,,,,,,,
"gun_9_x1_italy_ca,bb,bc",,229,gun_9_x1,"italy, italy2","ca, bb, bc",friedrich_gun_228_x1,0.9076,0.9858,,,warrior_gun_228_x1,1.037,1.137,,,dido_gun_cal200_x1,0.987,1.086,,,trento_gun_203_x1,1.111,1.228,,,trento_gun_203_x1,1.111,1.228,,,,,,,,,,,,
"gun_9_x2_italy_ca,bb,bc",,229,gun_9_x2,"italy, italy2","ca, bb, bc",friedrich_gun_228_x2,0.9076,0.9858,,,warrior_gun_228_x2,1.037,1.137,,,dido_gun_cal200_x2,0.987,1.086,,,trento_gun_203_x2,1.111,1.228,,,trento_gun_203_x2,1.111,1.228,,,,,,,,,,,,
"gun_9_x3_italy_ca,bb,bc",,229,gun_9_x3,"italy, italy2","ca, bb, bc",friedrich_gun_228_x3,0.9076,0.9858,,,warrior_gun_228_x3,1.037,1.137,,,dido_gun_cal200_x3,0.987,1.086,,,trento_gun_203_x3,1.111,1.228,,,trento_gun_203_x3,1.111,1.228,,,,,,,,,,,,
"gun_9_x4_italy_ca,bb,bc",,229,gun_9_x4,"italy, italy2","ca, bb, bc",,,,,,warrior_gun_228_x4,1.037,1.137,,,dido_gun_cal200_x4,0.987,1.086,,,trento_gun_203_x4,1.111,1.228,,,trento_gun_203_x4,1.111,1.228,,,,,,,,,,,,
"gun_10_x1_italy_ca,bb,bc",,254,gun_10_x1,"italy, italy2","ca, bb, bc",friedrich_gun_228_x1,0.9958,1.074,,,warrior_gun_228_x1,1.146,1.246,,,dido_gun_cal200_x1,1.096,1.195,,,trento_gun_203_x1,1.238,1.355,,,trento_gun_203_x1,1.238,1.355,,,,,,,,,,,,
"gun_10_x2_italy_ca,bb,bc",,254,gun_10_x2,"italy, italy2","ca, bb, bc",friedrich_gun_228_x2,0.9958,1.074,,,warrior_gun_228_x2,1.146,1.246,,,dido_gun_cal200_x2,1.096,1.195,,,trento_gun_203_x2,1.238,1.355,,,trento_gun_203_x2,1.238,1.355,,,,,,,,,,,,
"gun_10_x3_italy_ca,bb,bc",,254,gun_10_x3,"italy, italy2","ca, bb, bc",friedrich_gun_228_x3,0.9958,1.074,,,warrior_gun_228_x3,1.146,1.246,,,dido_gun_cal200_x3,1.096,1.195,,,trento_gun_203_x3,1.238,1.355,,,trento_gun_203_x3,1.238,1.355,,,,,,,,,,,,
"gun_10_x4_italy_ca,bb,bc",,254,gun_10_x4,"italy, italy2","ca, bb, bc",,,,,,warrior_gun_228_x4,1.146,1.246,,,dido_gun_cal200_x4,1.096,1.195,,,trento_gun_203_x4,1.238,1.355,,,trento_gun_203_x4,1.238,1.355,,,,,,,,,,,,
"gun_11_x1_italy_ca,bb,bc",,279,gun_11_x1,"italy, italy2","ca, bb, bc",irresistible_gun_305_x1,1.045,1.126,,,dido_gun_cal200_x1,1.205,1.304,,,dreadnought_gun_c_305_x1,1.045,1.126,,,litt_gun_381_x1,0.759,0.8222,,,litt_gun_381a_x1,0.759,0.8222,,,,,,,,,,,,
"gun_11_x2_italy_ca,bb,bc",,279,gun_11_x2,"italy, italy2","ca, bb, bc",irresistible_gun_305_x2,1.045,1.126,,,dido_gun_cal200_x2,1.205,1.304,,,dreadnought_gun_c_305_x2,1.045,1.126,,,litt_gun_381_x2,0.759,0.8222,,,litt_gun_381a_x2,0.759,0.8222,,,,,,,,,,,,
"gun_11_x3_italy_ca,bb,bc",,279,gun_11_x3,"italy, italy2","ca, bb, bc",irresistible_gun_305_x3,1.045,1.126,,,dido_gun_cal200_x3,1.205,1.304,,,dreadnought_gun_c_305_x3,1.045,1.126,,,litt_gun_381_x3,0.759,0.8222,,,litt_gun_381a_x3,0.759,0.8222,,,,,,,,,,,,
"gun_11_x4_italy_ca,bb,bc",,279,gun_11_x4,"italy, italy2","ca, bb, bc",irresistible_gun_305_x4,1.045,1.126,,,dido_gun_cal200_x4,1.205,1.304,,,dreadnought_gun_c_305_x4,1.045,1.126,,,litt_gun_381_x4,0.759,0.8222,,,litt_gun_381a_x4,0.759,0.8222,,,,,,,,,,,,
"gun_12_x1_italy_bb,bc",,305,gun_12_x1,"italy, italy2","ca, bb, bc",irresistible_gun_305_x1,1.136,1.217,,,dido_gun_cal200_x1,1.314,1.413,,,dreadnought_gun_c_305_x1,1.136,1.217,,,litt_gun_381_x1,0.8272,0.8904,,,litt_gun_381a_x1,0.8272,0.8904,,,,,,,,,,,,
"gun_12_x2_italy_bb,bc",,305,gun_12_x2,"italy, italy2","ca, bb, bc",irresistible_gun_305_x2,1.136,1.217,,,dido_gun_cal200_x2,1.314,1.413,,,dreadnought_gun_c_305_x2,1.136,1.217,,,litt_gun_381_x2,0.8272,0.8904,,,litt_gun_381a_x2,0.8272,0.8904,,,,,,,,,,,,
"gun_12_x3_italy_bb,bc",,305,gun_12_x3,"italy, italy2","ca, bb, bc",irresistible_gun_305_x3,1.136,1.217,,,dido_gun_cal200_x3,1.314,1.413,,,dreadnought_gun_c_305_x3,1.136,1.217,,,litt_gun_381_x3,0.8272,0.8904,,,litt_gun_381a_x3,0.8272,0.8904,,,,,,,,,,,,
"gun_12_x4_italy_bb,bc",,305,gun_12_x4,"italy, italy2","ca, bb, bc",irresistible_gun_305_x4,1.136,1.217,,,dido_gun_cal200_x4,1.314,1.413,,,dreadnought_gun_c_305_x4,1.136,1.217,,,litt_gun_381_x4,0.8272,0.8904,,,litt_gun_381a_x4,0.8272,0.8904,,,,,,,,,,,,
"gun_13_x1_italy_bb,bc",,330,gun_13_x1,"italy, italy2","bb, bc",irresistible_gun_305_x1,1.227,1.308,,,dido_gun_cal200_x1,1.423,1.522,,,dreadnought_gun_c_305_x1,1.227,1.308,,,litt_gun_381_x1,0.8954,0.9586,,,litt_gun_381a_x1,0.8954,0.9586,,,,,,,,,,,,
"gun_13_x2_italy_bb,bc",,330,gun_13_x2,"italy, italy2","bb, bc",irresistible_gun_305_x2,1.227,1.308,,,dido_gun_cal200_x2,1.423,1.522,,,dreadnought_gun_c_305_x2,1.227,1.308,,,litt_gun_381_x2,0.8954,0.9586,,,litt_gun_381a_x2,0.8954,0.9586,,,,,,,,,,,,
"gun_13_x3_italy_bb,bc",,330,gun_13_x3,"italy, italy2","bb, bc",irresistible_gun_305_x3,1.227,1.308,,,dido_gun_cal200_x3,1.423,1.522,,,dreadnought_gun_c_305_x3,1.227,1.308,,,litt_gun_381_x3,0.8954,0.9586,,,litt_gun_381a_x3,0.8954,0.9586,,,,,,,,,,,,
"gun_13_x4_italy_bb,bc",,330,gun_13_x4,"italy, italy2","bb, bc",irresistible_gun_305_x4,1.227,1.308,,,dido_gun_cal200_x4,1.423,1.522,,,dreadnought_gun_c_305_x4,1.227,1.308,,,litt_gun_381_x4,0.8954,0.9586,,,litt_gun_381a_x4,0.8954,0.9586,,,,,,,,,,,,
"gun_14_x1_italy_bb,bc",,356,gun_14_x1,"italy, italy2","bb, bc",irresistible_gun_305_x1,1.318,1.399,,,dido_gun_cal200_x1,1.532,1.631,,,dreadnought_gun_c_305_x1,1.318,1.399,,,litt_gun_381_x1,0.9636,1.0268,,,litt_gun_381a_x1,0.9636,1.0268,,,,,,,,,,,,
"gun_14_x2_italy_bb,bc",,356,gun_14_x2,"italy, italy2","bb, bc",irresistible_gun_305_x2,1.318,1.399,,,dido_gun_cal200_x2,1.532,1.631,,,dreadnought_gun_c_305_x2,1.318,1.399,,,litt_gun_381_x2,0.9636,1.0268,,,litt_gun_381a_x2,0.9636,1.0268,,,,,,,,,,,,
"gun_14_x3_italy_bb,bc",,356,gun_14_x3,"italy, italy2","bb, bc",irresistible_gun_305_x3,1.318,1.399,,,dido_gun_cal200_x3,1.532,1.631,,,dreadnought_gun_c_305_x3,1.318,1.399,,,litt_gun_381_x3,0.9636,1.0268,,,litt_gun_381a_x3,0.9636,1.0268,,,,,,,,,,,,
"gun_14_x4_italy_bb,bc",,356,gun_14_x4,"italy, italy2","bb, bc",irresistible_gun_305_x4,1.318,1.399,,,dido_gun_cal200_x4,1.532,1.631,,,dreadnought_gun_c_305_x4,1.318,1.399,,,litt_gun_381_x4,0.9636,1.0268,,,litt_gun_381a_x4,0.9636,1.0268,,,,,,,,,,,,
"gun_15_x1_italy_bb,bc",,381,gun_15_x1,"italy, italy2","bb, bc",irresistible_gun_305_x1,1.409,1.49,,,dido_gun_cal200_x1,1.641,1.74,,,dreadnought_gun_c_305_x1,1.409,1.49,,,litt_gun_381_x1,1.0318,1.095,,,litt_gun_381a_x1,1.0318,1.095,,,,,,,,,,,,
"gun_15_x2_italy_bb,bc",,381,gun_15_x2,"italy, italy2","bb, bc",irresistible_gun_305_x2,1.409,1.49,,,dido_gun_cal200_x2,1.641,1.74,,,dreadnought_gun_c_305_x2,1.409,1.49,,,litt_gun_381_x2,1.0318,1.095,,,litt_gun_381a_x2,1.0318,1.095,,,,,,,,,,,,
"gun_15_x3_italy_bb,bc",,381,gun_15_x3,"italy, italy2","bb, bc",irresistible_gun_305_x3,1.409,1.49,,,dido_gun_cal200_x3,1.641,1.74,,,dreadnought_gun_c_305_x3,1.409,1.49,,,litt_gun_381_x3,1.0318,1.095,,,litt_gun_381a_x3,1.0318,1.095,,,,,,,,,,,,
"gun_15_x4_italy_bb,bc",,381,gun_15_x4,"italy, italy2","bb, bc",irresistible_gun_305_x4,1.409,1.49,,,dido_gun_cal200_x4,1.641,1.74,,,dreadnought_gun_c_305_x4,1.409,1.49,,,litt_gun_381_x4,1.0318,1.095,,,litt_gun_381a_x4,1.0318,1.095,,,,,,,,,,,,
"gun_16_x1_italy_bb,bc",,406,gun_16_x1,"italy, italy2","bb, bc",irresistible_gun_305_x1,1.5,1.581,,,dido_gun_cal200_x1,1.75,1.849,,,dreadnought_gun_c_305_x1,1.5,1.581,,,litt_gun_381_x1,1.1,1.1632,,,litt_gun_381a_x1,1.1,1.1632,,,,,,,,,,,,
"gun_16_x2_italy_bb,bc",,406,gun_16_x2,"italy, italy2","bb, bc",irresistible_gun_305_x2,1.5,1.581,,,dido_gun_cal200_x2,1.75,1.849,,,dreadnought_gun_c_305_x2,1.5,1.581,,,litt_gun_381_x2,1.1,1.1632,,,litt_gun_381a_x2,1.1,1.1632,,,,,,,,,,,,
"gun_16_x3_italy_bb,bc",,406,gun_16_x3,"italy, italy2","bb, bc",irresistible_gun_305_x3,1.5,1.581,,,dido_gun_cal200_x3,1.75,1.849,,,dreadnought_gun_c_305_x3,1.5,1.581,,,litt_gun_381_x3,1.1,1.1632,,,litt_gun_381a_x3,1.1,1.1632,,,,,,,,,,,,
"gun_16_x4_italy_bb,bc",,406,gun_16_x4,"italy, italy2","bb, bc",irresistible_gun_305_x4,1.5,1.581,,,dido_gun_cal200_x4,1.75,1.849,,,dreadnought_gun_c_305_x4,1.5,1.581,,,litt_gun_381_x4,1.1,1.1632,,,litt_gun_381a_x4,1.1,1.1632,,,,,,,,,,,,
"gun_17_x1_italy_bb,bc",,432,gun_17_x1,"italy, italy2","bb, bc",dido_gun_cal200_x1,1.859,1.958,,,dreadnought_gun_c_305_x1,1.591,1.672,,,litt_gun_381_x1,1.1682,1.2314,,,nelson_gun_406_x1,1.1682,1.2314,,,nelson_gun_406_x1,1.1682,1.2314,,,,,,,,,,,,
"gun_17_x2_italy_bb,bc",,432,gun_17_x2,"italy, italy2","bb, bc",dido_gun_cal200_x2,1.859,1.958,,,dreadnought_gun_c_305_x2,1.591,1.672,,,litt_gun_381_x2,1.1682,1.2314,,,nelson_gun_406_x2,1.1682,1.2314,,,nelson_gun_406_x2,1.1682,1.2314,,,,,,,,,,,,
"gun_17_x3_italy_bb,bc",,432,gun_17_x3,"italy, italy2","bb, bc",dido_gun_cal200_x3,1.859,1.958,,,dreadnought_gun_c_305_x3,1.591,1.672,,,litt_gun_381_x3,1.1682,1.2314,,,nelson_gun_406_x3,1.1682,1.2314,,,nelson_gun_406_x3,1.1682,1.2314,,,,,,,,,,,,
"gun_17_x4_italy_bb,bc",,432,gun_17_x4,"italy, italy2","bb, bc",dido_gun_cal200_x4,1.859,1.958,,,dreadnought_gun_c_305_x4,1.591,1.672,,,litt_gun_381_x4,1.1682,1.2314,,,nelson_gun_406_x4,1.1682,1.2314,,,nelson_gun_406_x4,1.1682,1.2314,,,,,,,,,,,,
"gun_18_x1_italy_bb,bc",,457,gun_18_x1,"italy, italy2","bb, bc",dido_gun_cal200_x1,1.968,2.067,,,dreadnought_gun_c_305_x1,1.682,1.763,,,litt_gun_381_x1,1.2364,1.2996,,,nelson_gun_406_x1,1.2364,1.2996,,,nelson_gun_406_x1,1.2364,1.2996,,,,,,,,,,,,
"gun_18_x2_italy_bb,bc",,457,gun_18_x2,"italy, italy2","bb, bc",dido_gun_cal200_x2,1.968,2.067,,,dreadnought_gun_c_305_x2,1.682,1.763,,,litt_gun_381_x2,1.2364,1.2996,,,nelson_gun_406_x2,1.2364,1.2996,,,nelson_gun_406_x2,1.2364,1.2996,,,,,,,,,,,,
"gun_18_x3_italy_bb,bc",,457,gun_18_x3,"italy, italy2","bb, bc",dido_gun_cal200_x3,1.968,2.067,,,dreadnought_gun_c_305_x3,1.682,1.763,,,litt_gun_381_x3,1.2364,1.2996,,,nelson_gun_406_x3,1.2364,1.2996,,,nelson_gun_406_x3,1.2364,1.2996,,,,,,,,,,,,
"gun_18_x4_italy_bb,bc",,457,gun_18_x4,"italy, italy2","bb, bc",dido_gun_cal200_x4,1.968,2.067,,,dreadnought_gun_c_305_x4,1.682,1.763,,,litt_gun_381_x4,1.2364,1.2996,,,nelson_gun_406_x4,1.2364,1.2996,,,nelson_gun_406_x4,1.2364,1.2996,,,,,,,,,,,,
"gun_19_x1_italy_bb,bc",,483,gun_19_x1,"italy, italy2","bb, bc",dido_gun_cal200_x1,2.077,2.176,,,dreadnought_gun_b_305_x1,1.773,1.854,,,litt_gun_381_x1,1.3046,1.3678,,,nelson_gun_406_x1,1.3046,1.3678,,,nelson_gun_406_x1,1.3046,1.3678,,,,,,,,,,,,
"gun_19_x2_italy_bb,bc",,483,gun_19_x2,"italy, italy2","bb, bc",dido_gun_cal200_x2,2.077,2.176,,,dreadnought_gun_b_305_x2,1.773,1.854,,,litt_gun_381_x2,1.3046,1.3678,,,nelson_gun_406_x2,1.3046,1.3678,,,nelson_gun_406_x2,1.3046,1.3678,,,,,,,,,,,,
"gun_19_x3_italy_bb,bc",,483,gun_19_x3,"italy, italy2","bb, bc",dido_gun_cal200_x3,2.077,2.176,,,dreadnought_gun_b_305_x3,1.773,1.854,,,litt_gun_381_x3,1.3046,1.3678,,,nelson_gun_406_x3,1.3046,1.3678,,,nelson_gun_406_x3,1.3046,1.3678,,,,,,,,,,,,
"gun_19_x4_italy_bb,bc",,483,gun_19_x4,"italy, italy2","bb, bc",dido_gun_cal200_x4,2.077,2.176,,,dreadnought_gun_b_305_x4,1.773,1.854,,,litt_gun_381_x4,1.3046,1.3678,,,nelson_gun_406_x4,1.3046,1.3678,,,nelson_gun_406_x4,1.3046,1.3678,,,,,,,,,,,,
"gun_20_x1_italy_bb,bc",,508,gun_20_x1,"italy, italy2","bb, bc",dido_gun_cal200_x1,2.186,2.825,,,dreadnought_gun_b_305_x1,1.864,1.945,,,litt_gun_381_x1,1.3728,1.436,,,nelson_gun_406_x1,1.3728,1.436,,,nelson_gun_406_x1,1.3728,1.436,,,,,,,,,,,,
"gun_20_x2_italy_bb,bc",,508,gun_20_x2,"italy, italy2","bb, bc",dido_gun_cal200_x2,2.186,2.825,,,dreadnought_gun_b_305_x2,1.864,1.945,,,litt_gun_381_x2,1.3728,1.436,,,nelson_gun_406_x2,1.3728,1.436,,,nelson_gun_406_x2,1.3728,1.436,,,,,,,,,,,,
"gun_20_x3_italy_bb,bc",,508,gun_20_x3,"italy, italy2","bb, bc",dido_gun_cal200_x3,2.186,2.825,,,dreadnought_gun_b_305_x3,1.864,1.945,,,litt_gun_381_x3,1.3728,1.436,,,nelson_gun_406_x3,1.3728,1.436,,,nelson_gun_406_x3,1.3728,1.436,,,,,,,,,,,,
"gun_20_x4_italy_bb,bc",,508,gun_20_x4,"italy, italy2","bb, bc",dido_gun_cal200_x4,2.186,2.825,,,dreadnought_gun_b_305_x4,1.864,1.945,,,litt_gun_381_x4,1.3728,1.436,,,nelson_gun_406_x4,1.3728,1.436,,,nelson_gun_406_x4,1.3728,1.436,,,,,,,,,,,,
###,,,###,,,,,,,,,,,,,,,,,,,,,,,,,,,,,,,,,,,,,
gun_2_x1_japan,,51,gun_2_x1,japan,"dd, tb, cl",,,,,,,,,,,,,,,,,,,,,,,,,,,,,,,,,,,
gun_2_x2_japan,,51,gun_2_x2,japan,"dd, tb, cl",,,,,,,,,,,,,,,,,,,,,,,,,,,,,,,,,,,
gun_2_x3_japan,,51,gun_2_x3,japan,"dd, tb, cl",,,,,,,,,,,,,,,,,,,,,,,,,,,,,,,,,,,
gun_2_x4_japan,,51,gun_2_x4,japan,"dd, tb, cl",,,,,,,,,,,,,,,,,,,,,,,,,,,,,,,,,,,
gun_3_x1_japan_dd,,76,gun_3_x1,japan,"dd, tb",,,,,,,,,,,,,,,,,,,,,,,,,,,,,,,,,,,
gun_3_x2_japan_dd,,76,gun_3_x2,japan,"dd, tb",,,,,,,,,,,,,,,,akizuki_gun_100_x2,0.4915,0.626,,,akizuki_gun_100_x2,0.4915,0.626,,,,,,,,,,,,
gun_3_x3_japan_dd,,76,gun_3_x3,japan,"dd, tb",,,,,,,,,,,,,,,,akizuki_gun_100_x3,0.4915,0.626,,,akizuki_gun_100_x3,0.4915,0.626,,,,,,,,,,,,
gun_3_x4_japan_dd,,76,gun_3_x4,japan,"dd, tb",,,,,,,,,,,,,,,,yamato_gun_25_x4,0.634,0.796,,,yamato_gun_25_x4,0.634,0.796,,,,,,,,,,,,
gun_4_x1_japan_dd,,102,gun_4_x1,japan,"dd, tb",,,,,,,,,,,,,,,,,,,,,,,,,,,,,,,,,,,
gun_4_x2_japan_dd,,102,gun_4_x2,japan,"dd, tb",,,,,,,,,,,,,,,,akizuki_gun_100_x2,0.646,0.7805,,,akizuki_gun_100_x2,0.646,0.7805,,,,,,,,,,,,
gun_4_x3_japan_dd,,102,gun_4_x3,japan,"dd, tb",,,,,,,,,,,,,,,,akizuki_gun_100_x3,0.646,0.7805,,,akizuki_gun_100_x3,0.646,0.7805,,,,,,,,,,,,
gun_4_x4_japan_dd,,102,gun_4_x4,japan,"dd, tb",,,,,,,,,,,,,,,,yamato_gun_155_x4,0.4364,0.54,,,yamato_gun_155_x4,0.4364,0.54,,,,,,,,,,,,
gun_5_x1_japan_dd,,127,gun_5_x1,japan,"dd, tb",,,,,,,,,,,,,,,,,,,,,,,,,,,,,,,,,,,
gun_5_x2_japan_dd,,127,gun_5_x2,japan,"dd, tb",,,,,,,,,,,,,,,,akizuki_gun_127_x2,0.8005,0.935,,,akizuki_gun_127_x2,0.8005,0.935,,,,,,,,,,,,
gun_5_x3_japan_dd,,127,gun_5_x3,japan,"dd, tb",,,,,,,,,,,,,,,,akizuki_gun_127_x3,0.8005,0.935,,,akizuki_gun_127_x3,0.8005,0.935,,,,,,,,,,,,
gun_5_x4_japan_dd,,127,gun_5_x4,japan,"dd, tb",,,,,,,,,,,,,,,,yamato_gun_155_x4,0.55,0.6536,,,yamato_gun_155_x4,0.55,0.6536,,,,,,,,,,,,
gun_3_x1_japan_cl,,76,gun_3_x1,japan,cl,,,,,,,,,,,,,,,,,,,,,,,,,,,,,,,,,,,
gun_3_x2_japan_cl,,76,gun_3_x2,japan,cl,,,,,,,,,,,,,,,,akizuki_gun_100_x2,0.4915,0.626,,,akizuki_gun_100_x2,0.4915,0.626,,,,,,,,,,,,
gun_3_x3_japan_cl,,76,gun_3_x3,japan,cl,,,,,,,,,,,,,,,,akizuki_gun_100_x3,0.4915,0.626,,,akizuki_gun_100_x3,0.4915,0.626,,,,,,,,,,,,
gun_3_x4_japan_cl,,76,gun_3_x4,japan,cl,,,,,,,,,,,,,,,,yamato_gun_25_x4,0.634,0.796,,,yamato_gun_25_x4,0.634,0.796,,,,,,,,,,,,
gun_4_x1_japan_cl,,102,gun_4_x1,japan,cl,,,,,,,,,,,,,,,,,,,,,,,,,,,,,,,,,,,
gun_4_x2_japan_cl,,102,gun_4_x2,japan,cl,,,,,,,,,,,,,,,,akizuki_gun_100_x2,0.646,0.7805,,,akizuki_gun_100_x2,0.646,0.7805,,,,,,,,,,,,
gun_4_x3_japan_cl,,102,gun_4_x3,japan,cl,,,,,,,,,,,,,,,,akizuki_gun_100_x3,0.646,0.7805,,,akizuki_gun_100_x3,0.646,0.7805,,,,,,,,,,,,
gun_4_x4_japan_cl,,102,gun_4_x4,japan,cl,,,,,,,,,,,,,,,,yamato_gun_155_x4,0.4364,0.54,,,yamato_gun_155_x4,0.4364,0.54,,,,,,,,,,,,
gun_5_x1_japan_cl,,127,gun_5_x1,japan,cl,,,,,,,,,,,,,,,,,,,,,,,,,,,,,,,,,,,
gun_5_x2_japan_cl,,127,gun_5_x2,japan,cl,,,,,,,,,,,,,,,,yamato_gun_155_x2,0.55,0.6536,,,yamato_gun_155_x2,0.55,0.6536,,,,,,,,,,,,
gun_5_x3_japan_cl,,127,gun_5_x3,japan,cl,,,,,,,,,,,,,,,,yamato_gun_155_x3,0.55,0.6536,,,yamato_gun_155_x3,0.55,0.6536,,,,,,,,,,,,
gun_5_x4_japan_cl,,127,gun_5_x4,japan,cl,,,,,,,,,,,,,,,,yamato_gun_155_x4,0.55,0.6536,,,yamato_gun_155_x4,0.55,0.6536,,,,,,,,,,,,
gun_6_x1_japan_cl,,152,gun_6_x1,japan,cl,,,,,,,,,,,,,,,,,,,,,,,,,,,,,,,,,,,
gun_6_x2_japan_cl,,152,gun_6_x2,japan,cl,,,,,,,,,,,,,,,,yamato_gun_155_x2,0.6636,0.7672,,,yamato_gun_155_x2,0.6636,0.7672,,,,,,,,,,,,
gun_6_x3_japan_cl,,152,gun_6_x3,japan,cl,,,,,,,,,,,,,,,,yamato_gun_155_x3,0.6636,0.7672,,,yamato_gun_155_x3,0.6636,0.7672,,,,,,,,,,,,
gun_6_x4_japan_cl,,152,gun_6_x4,japan,cl,,,,,,,,,,,,,,,,yamato_gun_155_x4,0.6636,0.7672,,,yamato_gun_155_x4,0.6636,0.7672,,,,,,,,,,,,
"gun_2_x1_japan_ca,bb,bc",,51,gun_2_x1,japan,"ca, bb, bc",,,,,,,,,,,,,,,,,,,,,,,,,,,,,,,,,,,
"gun_2_x2_japan_ca,bb,bc",,51,gun_2_x2,japan,"ca, bb, bc",,,,,,,,,,,,,,,,yamato_gun_25_x2,0.452,0.614,,,yamato_gun_25_x2,0.452,0.614,,,,,,,,,,,,
"gun_2_x3_japan_ca,bb,bc",,51,gun_2_x3,japan,"ca, bb, bc",,,,,,,,,,,,,,,,yamato_gun_25_x3,0.452,0.614,,,yamato_gun_25_x3,0.452,0.614,,,,,,,,,,,,
"gun_2_x4_japan_ca,bb,bc",,51,gun_2_x4,japan,"ca, bb, bc",,,,,,,,,,,,,,,,yamato_gun_25_x4,0.452,0.614,,,yamato_gun_25_x4,0.452,0.614,,,,,,,,,,,,
"gun_3_x1_japan_ca,bb,bc",,76,gun_3_x1,japan,"ca, bb, bc",,,,,,,,,,,,,,,,,,,,,,,,,,,,,,,,,,,
"gun_3_x2_japan_ca,bb,bc",,76,gun_3_x2,japan,"ca, bb, bc",,,,,,,,,,,,,,,,yamato_gun_25_x2,0.634,0.796,,,yamato_gun_25_x2,0.634,0.796,,,,,,,,,,,,
"gun_3_x3_japan_ca,bb,bc",,76,gun_3_x3,japan,"ca, bb, bc",,,,,,,,,,,,,,,,yamato_gun_25_x3,0.634,0.796,,,yamato_gun_25_x3,0.634,0.796,,,,,,,,,,,,
"gun_3_x4_japan_ca,bb,bc",,76,gun_3_x4,japan,"ca, bb, bc",,,,,,,,,,,,,,,,yamato_gun_25_x4,0.634,0.796,,,yamato_gun_25_x4,0.634,0.796,,,,,,,,,,,,
"gun_4_x1_japan_ca,bb,bc",,102,gun_4_x1,japan,"ca, bb, bc",,,,,,,,,,,moga_gun_127_x1,0.646,0.7805,,,yamato_gun_127_x1,0.682,0.786,,,yamato_gun_127_x1,0.682,0.786,,,,,,,,,,,,
"gun_4_x2_japan_ca,bb,bc",,102,gun_4_x2,japan,"ca, bb, bc",,,,,,,,,,,moga_gun_127_x2,0.646,0.7805,,,yamato_gun_127_x2,0.682,0.786,,,yamato_gun_127_x2,0.682,0.786,,,,,,,,,,,,
"gun_4_x3_japan_ca,bb,bc",,102,gun_4_x3,japan,"ca, bb, bc",,,,,,,,,,,moga_gun_127_x3,0.646,0.7805,,,yamato_gun_127_x3,0.682,0.786,,,yamato_gun_127_x3,0.682,0.786,,,,,,,,,,,,
"gun_4_x4_japan_ca,bb,bc",,102,gun_4_x4,japan,"ca, bb, bc",,,,,,,,,,,,,,,,yamato_gun_127_x4,0.682,0.786,,,yamato_gun_127_x4,0.682,0.786,,,,,,,,,,,,
"gun_5_x1_japan_ca,bb,bc",,127,gun_5_x1,japan,"ca, bb, bc",tsesarevich_gun_152_x1,0.8005,0.935,,,,,,,,moga_gun_127_x1,0.8005,0.935,,,yamato_gun_127_x1,0.796,0.9,,,yamato_gun_127_x1,0.796,0.9,,,,,,,,,,,,
"gun_5_x2_japan_ca,bb,bc",,127,gun_5_x2,japan,"ca, bb, bc",tsesarevich_gun_152_x2,0.8005,0.935,,,,,,,,moga_gun_127_x2,0.8005,0.935,,,yamato_gun_127_x2,0.796,0.9,,,yamato_gun_127_x2,0.796,0.9,,,,,,,,,,,,
"gun_5_x3_japan_ca,bb,bc",,127,gun_5_x3,japan,"ca, bb, bc",tsesarevich_gun_152_x3,0.8005,0.935,,,,,,,,moga_gun_127_x3,0.8005,0.935,,,yamato_gun_127_x3,0.796,0.9,,,yamato_gun_127_x3,0.796,0.9,,,,,,,,,,,,
"gun_5_x4_japan_ca,bb,bc",,127,gun_5_x4,japan,"ca, bb, bc",,,,,,,,,,,,,,,,yamato_gun_127_x4,0.796,0.9,,,yamato_gun_127_x4,0.796,0.9,,,,,,,,,,,,
"gun_6_x1_japan_ca,bb,bc",,152,gun_6_x1,japan,"ca, bb, bc",tsesarevich_gun_152_x1,0.955,1.0895,,,,,,,,moga_gun_127_x1,0.955,1.0895,,,yamato_gun_155_x1,0.6636,0.7672,,,yamato_gun_155_x1,0.6636,0.7672,,,,,,,,,,,,
"gun_6_x2_japan_ca,bb,bc",,152,gun_6_x2,japan,"ca, bb, bc",tsesarevich_gun_152_x2,0.955,1.0895,,,,,,,,moga_gun_127_x2,0.955,1.0895,,,yamato_gun_155_x2,0.6636,0.7672,,,yamato_gun_155_x2,0.6636,0.7672,,,,,,,,,,,,
"gun_6_x3_japan_ca,bb,bc",,152,gun_6_x3,japan,"ca, bb, bc",tsesarevich_gun_152_x3,0.955,1.0895,,,,,,,,moga_gun_127_x3,0.955,1.0895,,,yamato_gun_155_x3,0.6636,0.7672,,,yamato_gun_155_x3,0.6636,0.7672,,,,,,,,,,,,
"gun_6_x4_japan_ca,bb,bc",,152,gun_6_x4,japan,"ca, bb, bc",,,,,,,,,,,,,,,,yamato_gun_155_x4,0.6636,0.7672,,,yamato_gun_155_x4,0.6636,0.7672,,,,,,,,,,,,
"gun_7_x1_japan_cl,ca,bb,bc",,178,gun_7_x1,japan,"cl, ca, bb, bc",tsesarevich_gun_152_x1,1.1095,1.244,,,,,,,,,,,,,yamato_gun_155_x1,0.7772,0.8808,,,yamato_gun_155_x1,0.7772,0.8808,,,,,,,,,,,,
"gun_7_x2_japan_cl,ca,bb,bc",,178,gun_7_x2,japan,"cl, ca, bb, bc",tsesarevich_gun_152_x2,1.1095,1.244,,,,,,,,,,,,,yamato_gun_155_x2,0.7772,0.8808,,,yamato_gun_155_x2,0.7772,0.8808,,,,,,,,,,,,
"gun_7_x3_japan_cl,ca,bb,bc",,178,gun_7_x3,japan,"cl, ca, bb, bc",tsesarevich_gun_152_x3,1.1095,1.244,,,,,,,,,,,,,yamato_gun_155_x3,0.7772,0.8808,,,yamato_gun_155_x3,0.7772,0.8808,,,,,,,,,,,,
"gun_7_x4_japan_cl,ca,bb,bc",,178,gun_7_x4,japan,"cl, ca, bb, bc",,,,,,,,,,,,,,,,yamato_gun_155_x4,0.7772,0.8808,,,yamato_gun_155_x4,0.7772,0.8808,,,,,,,,,,,,
"gun_8_x1_japan_ca,bb,bc",,203,gun_8_x1,japan,"ca, bb, bc",friedrich_gun_228_x1,0.8194,0.8976,,,,,,,,,,,,,moga_gun_200_x1,0.984,1.101,,,moga_gun_200_x1,0.984,1.101,,,,,,,,,,,,
"gun_8_x2_japan_ca,bb,bc",,203,gun_8_x2,japan,"ca, bb, bc",friedrich_gun_228_x2,0.8194,0.8976,,,,,,,,,,,,,moga_gun_200_x2,0.984,1.101,,,moga_gun_200_x2,0.984,1.101,,,,,,,,,,,,
"gun_8_x3_japan_ca,bb,bc",,203,gun_8_x3,japan,"ca, bb, bc",friedrich_gun_228_x3,0.8194,0.8976,,,,,,,,,,,,,moga_gun_200_x3,0.984,1.101,,,moga_gun_200_x3,0.984,1.101,,,,,,,,,,,,
"gun_8_x4_japan_ca,bb,bc",,203,gun_8_x4,japan,"ca, bb, bc",,,,,,,,,,,,,,,,moga_gun_200_x4,0.984,1.101,,,moga_gun_200_x4,0.984,1.101,,,,,,,,,,,,
"gun_9_x1_japan_ca,bb,bc",,229,gun_9_x1,japan,"ca, bb, bc",friedrich_gun_228_x1,0.9076,0.9858,,,agamemnon_gun_b_228_x1,1.548,1.674,,,agamemnon_gun_228_x1,1.1411,1.2538,,,moga_gun_200_x1,1.111,1.228,,,moga_gun_200_x1,1.111,1.228,,,,,,,,,,,,
"gun_9_x2_japan_ca,bb,bc",,229,gun_9_x2,japan,"ca, bb, bc",friedrich_gun_228_x2,0.9076,0.9858,,,agamemnon_gun_b_228_x2,1.548,1.674,,,agamemnon_gun_228_x2,1.1411,1.2538,,,moga_gun_200_x2,1.111,1.228,,,moga_gun_200_x2,1.111,1.228,,,,,,,,,,,,
"gun_9_x3_japan_ca,bb,bc",,229,gun_9_x3,japan,"ca, bb, bc",friedrich_gun_228_x3,0.9076,0.9858,,,agamemnon_gun_b_228_x3,1.548,1.674,,,agamemnon_gun_228_x3,1.1411,1.2538,,,moga_gun_200_x3,1.111,1.228,,,moga_gun_200_x3,1.111,1.228,,,,,,,,,,,,
"gun_9_x4_japan_ca,bb,bc",,229,gun_9_x4,japan,"ca, bb, bc",,,,,,agamemnon_gun_b_228_x4,1.548,1.674,,,agamemnon_gun_228_x4,1.1411,1.2538,,,moga_gun_200_x4,1.111,1.228,,,moga_gun_200_x4,1.111,1.228,,,,,,,,,,,,
"gun_10_x1_japan_ca,bb,bc",,254,gun_10_x1,japan,"ca, bb, bc",friedrich_gun_228_x1,0.9958,1.074,,,agamemnon_gun_b_228_x1,1.684,1.81,,,agamemnon_gun_228_x1,1.2638,1.3765,,,moga_gun_200_x1,1.238,1.355,,,moga_gun_200_x1,1.238,1.355,,,,,,,,,,,,
"gun_10_x2_japan_ca,bb,bc",,254,gun_10_x2,japan,"ca, bb, bc",friedrich_gun_228_x2,0.9958,1.074,,,agamemnon_gun_b_228_x2,1.684,1.81,,,agamemnon_gun_228_x2,1.2638,1.3765,,,moga_gun_200_x2,1.238,1.355,,,moga_gun_200_x2,1.238,1.355,,,,,,,,,,,,
"gun_10_x3_japan_ca,bb,bc",,254,gun_10_x3,japan,"ca, bb, bc",friedrich_gun_228_x3,0.9958,1.074,,,agamemnon_gun_b_228_x3,1.684,1.81,,,agamemnon_gun_228_x3,1.2638,1.3765,,,moga_gun_200_x3,1.238,1.355,,,moga_gun_200_x3,1.238,1.355,,,,,,,,,,,,
"gun_10_x4_japan_ca,bb,bc",,254,gun_10_x4,japan,"ca, bb, bc",,,,,,agamemnon_gun_b_228_x4,1.684,1.81,,,agamemnon_gun_228_x4,1.2638,1.3765,,,moga_gun_200_x4,1.238,1.355,,,moga_gun_200_x4,1.238,1.355,,,,,,,,,,,,
"gun_11_x1_japan_ca,bb,bc",,279,gun_11_x1,japan,"ca, bb, bc",friedrich_gun_228_x1,1.084,1.1622,,,agamemnon_gun_305_x1,1.045,1.126,,,fus_gun_356_x1_a,0.909,0.9672,,,yamato_gun_460_x1,0.645,0.69,,,yamato_gun_b_460_x1,0.645,0.69,,,,,,,,,,,,
"gun_11_x2_japan_ca,bb,bc",,279,gun_11_x2,japan,"ca, bb, bc",friedrich_gun_228_x2,1.084,1.1622,,,agamemnon_gun_305_x2,1.045,1.126,,,fus_gun_356_x2_a,0.909,0.9672,,,yamato_gun_460_x2,0.645,0.69,,,yamato_gun_b_460_x2,0.645,0.69,,,,,,,,,,,,
"gun_11_x3_japan_ca,bb,bc",,279,gun_11_x3,japan,"ca, bb, bc",friedrich_gun_228_x3,1.084,1.1622,,,agamemnon_gun_305_x3,1.045,1.126,,,fus_gun_356_x3_a,0.909,0.9672,,,yamato_gun_460_x3,0.645,0.69,,,yamato_gun_b_460_x3,0.645,0.69,,,,,,,,,,,,
"gun_11_x4_japan_ca,bb,bc",,279,gun_11_x4,japan,"ca, bb, bc",,,,,,agamemnon_gun_305_x4,1.045,1.126,,,fus_gun_356_x4_a,0.909,0.9672,,,yamato_gun_460_x4,0.645,0.69,,,yamato_gun_b_460_x4,0.645,0.69,,,,,,,,,,,,
"gun_12_x1_japan_bb,bc",,305,gun_12_x1,japan,"ca, bb, bc",friedrich_gun_228_x1,1.1722,1.2504,,,agamemnon_gun_305_x1,1.136,1.217,,,fus_gun_356_x1_a,0.9772,1.0354,,,yamato_gun_460_x1,0.695,0.74,,,yamato_gun_b_460_x1,0.695,0.74,,,,,,,,,,,,
"gun_12_x2_japan_bb,bc",,305,gun_12_x2,japan,"ca, bb, bc",friedrich_gun_228_x2,1.1722,1.2504,,,agamemnon_gun_305_x2,1.136,1.217,,,fus_gun_356_x2_a,0.9772,1.0354,,,yamato_gun_460_x2,0.695,0.74,,,yamato_gun_b_460_x2,0.695,0.74,,,,,,,,,,,,
"gun_12_x3_japan_bb,bc",,305,gun_12_x3,japan,"ca, bb, bc",friedrich_gun_228_x3,1.1722,1.2504,,,agamemnon_gun_305_x3,1.136,1.217,,,fus_gun_356_x3_a,0.9772,1.0354,,,yamato_gun_460_x3,0.695,0.74,,,yamato_gun_b_460_x3,0.695,0.74,,,,,,,,,,,,
"gun_12_x4_japan_bb,bc",,305,gun_12_x4,japan,"ca, bb, bc",,,,,,agamemnon_gun_305_x4,1.136,1.217,,,fus_gun_356_x4_a,0.9772,1.0354,,,yamato_gun_460_x4,0.695,0.74,,,yamato_gun_b_460_x4,0.695,0.74,,,,,,,,,,,,
"gun_13_x1_japan_bb,bc",,330,gun_13_x1,japan,"bb, bc",friedrich_gun_228_x1,1.2604,1.3386,,,agamemnon_gun_305_x1,1.227,1.308,,,fus_gun_356_x1_a,1.0454,1.1036,,,yamato_gun_460_x1,0.745,0.79,,,yamato_gun_b_460_x1,0.745,0.79,,,,,,,,,,,,
"gun_13_x2_japan_bb,bc",,330,gun_13_x2,japan,"bb, bc",friedrich_gun_228_x2,1.2604,1.3386,,,agamemnon_gun_305_x2,1.227,1.308,,,fus_gun_356_x2_a,1.0454,1.1036,,,yamato_gun_460_x2,0.745,0.79,,,yamato_gun_b_460_x2,0.745,0.79,,,,,,,,,,,,
"gun_13_x3_japan_bb,bc",,330,gun_13_x3,japan,"bb, bc",friedrich_gun_228_x3,1.2604,1.3386,,,agamemnon_gun_305_x3,1.227,1.308,,,fus_gun_356_x3_a,1.0454,1.1036,,,yamato_gun_460_x3,0.745,0.79,,,yamato_gun_b_460_x3,0.745,0.79,,,,,,,,,,,,
"gun_13_x4_japan_bb,bc",,330,gun_13_x4,japan,"bb, bc",,,,,,agamemnon_gun_305_x4,1.227,1.308,,,fus_gun_356_x4_a,1.0454,1.1036,,,yamato_gun_460_x4,0.745,0.79,,,yamato_gun_b_460_x4,0.745,0.79,,,,,,,,,,,,
"gun_14_x1_japan_bb,bc",,356,gun_14_x1,japan,"bb, bc",friedrich_gun_228_x1,1.3486,1.4268,,,agamemnon_gun_305_x1,1.318,1.399,,,fus_gun_356_x1_a,1.1136,1.1718,,,yamato_gun_460_x1,0.795,0.84,,,yamato_gun_b_460_x1,0.795,0.84,,,,,,,,,,,,
"gun_14_x2_japan_bb,bc",,356,gun_14_x2,japan,"bb, bc",friedrich_gun_228_x2,1.3486,1.4268,,,agamemnon_gun_305_x2,1.318,1.399,,,fus_gun_356_x2_a,1.1136,1.1718,,,yamato_gun_460_x2,0.795,0.84,,,yamato_gun_b_460_x2,0.795,0.84,,,,,,,,,,,,
"gun_14_x3_japan_bb,bc",,356,gun_14_x3,japan,"bb, bc",friedrich_gun_228_x3,1.3486,1.4268,,,agamemnon_gun_305_x3,1.318,1.399,,,fus_gun_356_x3_a,1.1136,1.1718,,,yamato_gun_460_x3,0.795,0.84,,,yamato_gun_b_460_x3,0.795,0.84,,,,,,,,,,,,
"gun_14_x4_japan_bb,bc",,356,gun_14_x4,japan,"bb, bc",,,,,,agamemnon_gun_305_x4,1.318,1.399,,,agamemnon_gun_305_x4,1.318,1.399,,,yamato_gun_460_x4,0.795,0.84,,,yamato_gun_b_460_x4,0.795,0.84,,,,,,,,,,,,
"gun_15_x1_japan_bb,bc",,381,gun_15_x1,japan,"bb, bc",friedrich_gun_228_x1,1.4368,1.515,,,agamemnon_gun_305_x1,1.409,1.49,,,fus_gun_356_x1_a,1.1818,1.24,,,yamato_gun_460_x1,0.845,0.89,,,yamato_gun_b_460_x1,0.845,0.89,,,,,,,,,,,,
"gun_15_x2_japan_bb,bc",,381,gun_15_x2,japan,"bb, bc",friedrich_gun_228_x2,1.4368,1.515,,,agamemnon_gun_305_x2,1.409,1.49,,,fus_gun_356_x2_a,1.1818,1.24,,,yamato_gun_460_x2,0.845,0.89,,,yamato_gun_b_460_x2,0.845,0.89,,,,,,,,,,,,
"gun_15_x3_japan_bb,bc",,381,gun_15_x3,japan,"bb, bc",friedrich_gun_228_x3,1.4368,1.515,,,agamemnon_gun_305_x3,1.409,1.49,,,fus_gun_356_x3_a,1.1818,1.24,,,yamato_gun_460_x3,0.845,0.89,,,yamato_gun_b_460_x3,0.845,0.89,,,,,,,,,,,,
"gun_15_x4_japan_bb,bc",,381,gun_15_x4,japan,"bb, bc",,,,,,agamemnon_gun_305_x4,1.409,1.49,,,fus_gun_356_x4_a,1.1818,1.24,,,yamato_gun_460_x4,0.845,0.89,,,yamato_gun_b_460_x4,0.845,0.89,,,,,,,,,,,,
"gun_16_x1_japan_bb,bc",,406,gun_16_x1,japan,"bb, bc",friedrich_gun_228_x1,1.525,1.6032,,,agamemnon_gun_305_x1,1.5,1.581,,,fus_gun_356_x1_a,1.25,1.3082,,,yamato_gun_460_x1,0.895,0.94,,,yamato_gun_b_460_x1,0.895,0.94,,,,,,,,,,,,
"gun_16_x2_japan_bb,bc",,406,gun_16_x2,japan,"bb, bc",friedrich_gun_228_x2,1.525,1.6032,,,agamemnon_gun_305_x2,1.5,1.581,,,fus_gun_356_x2_a,1.25,1.3082,,,yamato_gun_460_x2,0.895,0.94,,,yamato_gun_b_460_x2,0.895,0.94,,,,,,,,,,,,
"gun_16_x3_japan_bb,bc",,406,gun_16_x3,japan,"bb, bc",friedrich_gun_228_x3,1.525,1.6032,,,agamemnon_gun_305_x3,1.5,1.581,,,fus_gun_356_x3_a,1.25,1.3082,,,yamato_gun_460_x3,0.895,0.94,,,yamato_gun_b_460_x3,0.895,0.94,,,,,,,,,,,,
"gun_16_x4_japan_bb,bc",,406,gun_16_x4,japan,"bb, bc",,,,,,agamemnon_gun_305_x4,1.5,1.581,,,fus_gun_356_x4_a,1.25,1.3082,,,yamato_gun_460_x4,0.895,0.94,,,yamato_gun_b_460_x4,0.895,0.94,,,,,,,,,,,,
"gun_17_x1_japan_bb,bc",,432,gun_17_x1,japan,"bb, bc",agamemnon_gun_305_x1,1.591,1.672,,,fus_gun_356_x1_a,1.3182,1.3764,,,yamato_gun_460_x1,0.945,0.99,,,yamato_gun_b_460_x1,0.945,0.99,,,yamato_gun_b_460_x1,0.945,0.99,,,,,,,,,,,,
"gun_17_x2_japan_bb,bc",,432,gun_17_x2,japan,"bb, bc",agamemnon_gun_305_x2,1.591,1.672,,,fus_gun_356_x2_a,1.3182,1.3764,,,yamato_gun_460_x2,0.945,0.99,,,yamato_gun_b_460_x2,0.945,0.99,,,yamato_gun_b_460_x2,0.945,0.99,,,,,,,,,,,,
"gun_17_x3_japan_bb,bc",,432,gun_17_x3,japan,"bb, bc",agamemnon_gun_305_x3,1.591,1.672,,,fus_gun_356_x3_a,1.3182,1.3764,,,yamato_gun_460_x3,0.945,0.99,,,yamato_gun_b_460_x3,0.945,0.99,,,yamato_gun_b_460_x3,0.945,0.99,,,,,,,,,,,,
"gun_17_x4_japan_bb,bc",,432,gun_17_x4,japan,"bb, bc",agamemnon_gun_305_x4,1.591,1.672,,,fus_gun_356_x4_a,1.3182,1.3764,,,yamato_gun_460_x4,0.945,0.99,,,yamato_gun_b_460_x4,0.945,0.99,,,yamato_gun_b_460_x4,0.945,0.99,,,,,,,,,,,,
"gun_18_x1_japan_bb,bc",,457,gun_18_x1,japan,"bb, bc",agamemnon_gun_305_x1,1.682,1.763,,,fus_gun_356_x1_a,1.3864,1.4446,,,yamato_gun_460_x1,0.995,1.04,,,yamato_gun_b_460_x1,0.995,1.04,,,yamato_gun_b_460_x1,0.995,1.04,,,,,,,,,,,,
"gun_18_x2_japan_bb,bc",,457,gun_18_x2,japan,"bb, bc",agamemnon_gun_305_x2,1.682,1.763,,,fus_gun_356_x2_a,1.3864,1.4446,,,yamato_gun_460_x2,0.995,1.04,,,yamato_gun_b_460_x2,0.995,1.04,,,yamato_gun_b_460_x2,0.995,1.04,,,,,,,,,,,,
"gun_18_x3_japan_bb,bc",,457,gun_18_x3,japan,"bb, bc",agamemnon_gun_305_x3,1.682,1.763,,,fus_gun_356_x3_a,1.3864,1.4446,,,yamato_gun_460_x3,0.995,1.04,,,yamato_gun_b_460_x3,0.995,1.04,,,yamato_gun_b_460_x3,0.995,1.04,,,,,,,,,,,,
"gun_18_x4_japan_bb,bc",,457,gun_18_x4,japan,"bb, bc",agamemnon_gun_305_x4,1.682,1.763,,,fus_gun_356_x4_a,1.3864,1.4446,,,yamato_gun_460_x4,0.995,1.04,,,yamato_gun_b_460_x4,0.995,1.04,,,yamato_gun_b_460_x4,0.995,1.04,,,,,,,,,,,,
"gun_19_x1_japan_bb,bc",,483,gun_19_x1,japan,"bb, bc",agamemnon_gun_305_x1,1.773,1.854,,,fus_gun_356_x1_a,1.4546,1.5128,,,yamato_gun_460_x1,1.045,1.09,,,yamato_gun_b_460_x1,1.045,1.09,,,yamato_gun_b_460_x1,1.045,1.09,,,,,,,,,,,,
"gun_19_x2_japan_bb,bc",,483,gun_19_x2,japan,"bb, bc",agamemnon_gun_305_x2,1.773,1.854,,,fus_gun_356_x2_a,1.4546,1.5128,,,yamato_gun_460_x2,1.045,1.09,,,yamato_gun_b_460_x2,1.045,1.09,,,yamato_gun_b_460_x2,1.045,1.09,,,,,,,,,,,,
"gun_19_x3_japan_bb,bc",,483,gun_19_x3,japan,"bb, bc",agamemnon_gun_305_x3,1.773,1.854,,,fus_gun_356_x3_a,1.4546,1.5128,,,yamato_gun_460_x3,1.045,1.09,,,yamato_gun_b_460_x3,1.045,1.09,,,yamato_gun_b_460_x3,1.045,1.09,,,,,,,,,,,,
"gun_19_x4_japan_bb,bc",,483,gun_19_x4,japan,"bb, bc",agamemnon_gun_305_x4,1.773,1.854,,,fus_gun_356_x4_a,1.4546,1.5128,,,yamato_gun_460_x4,1.045,1.09,,,yamato_gun_b_460_x4,1.045,1.09,,,yamato_gun_b_460_x4,1.045,1.09,,,,,,,,,,,,
"gun_20_x1_japan_bb,bc",,508,gun_20_x1,japan,"bb, bc",agamemnon_gun_305_x1,1.864,1.945,,,fus_gun_356_x1_a,1.5228,1.581,,,yamato_gun_460_x1,1.095,1.14,,,yamato_gun_b_460_x1,1.095,1.14,,,yamato_gun_b_460_x1,1.095,1.14,,,,,,,,,,,,
"gun_20_x2_japan_bb,bc",,508,gun_20_x2,japan,"bb, bc",agamemnon_gun_305_x2,1.864,1.945,,,fus_gun_356_x2_a,1.5228,1.581,,,yamato_gun_460_x2,1.095,1.14,,,yamato_gun_b_460_x2,1.095,1.14,,,yamato_gun_b_460_x2,1.095,1.14,,,,,,,,,,,,
"gun_20_x3_japan_bb,bc",,508,gun_20_x3,japan,"bb, bc",agamemnon_gun_305_x3,1.864,1.945,,,fus_gun_356_x3_a,1.5228,1.581,,,yamato_gun_460_x3,1.095,1.14,,,yamato_gun_b_460_x3,1.095,1.14,,,yamato_gun_b_460_x3,1.095,1.14,,,,,,,,,,,,
"gun_20_x4_japan_bb,bc",,508,gun_20_x4,japan,"bb, bc",agamemnon_gun_305_x4,1.864,1.945,,,fus_gun_356_x4_a,1.5228,1.581,,,yamato_gun_460_x4,1.095,1.14,,,yamato_gun_b_460_x4,1.095,1.14,,,yamato_gun_b_460_x4,1.095,1.14,,,,,,,,,,,,
###,,,###,,,,,,,,,,,,,,,,,,,,,,,,,,,,,,,,,,,,,
gun_2_x1_alt_japan,,51,gun_2_x1_alt,japan,,small_gun_a_51_x1,1.75,1.6,,,small_gun_b_51_x1,1.75,1.9,,,,,,,,atlanta_gun_28_x1,1.225,1.355,,55,atlanta_gun_28_x1,1.225,1.355,,55,,,,,,,,,,
gun_2_x2_alt_japan,,51,gun_2_x2_alt,japan,,,,,,,,,,,,,,,,,atlanta_gun_28_x2,1.225,1.355,,55,atlanta_gun_28_x2,1.225,1.355,,55,,,,,,,,,,
gun_2_x3_alt_japan,,51,gun_2_x3_alt,japan,,,,,,,,,,,,,,,,,atlanta_gun_28_x3,1.225,1.355,,55,atlanta_gun_28_x3,1.225,1.355,,55,,,,,,,,,,
gun_3_x1_alt_japan,,76,gun_3_x1_alt,japan,,,,,,,,,,,,,,,,,akizuki_gun_100_x1,0.873,0.968,,50,akizuki_gun_100_x1,0.926,1.006,,55,,,,,,,,,,
gun_3_x2_alt_japan,,76,gun_3_x2_alt,japan,,,,,,,,,,,,,,,,,akizuki_gun_100_x2,0.873,0.968,,50,akizuki_gun_100_x2,0.926,1.006,,55,,,,,,,,,,
gun_3_x3_alt_japan,,76,gun_3_x3_alt,japan,,,,,,,,,,,,,,,,,akizuki_gun_100_x3,0.873,0.968,,50,akizuki_gun_100_x3,0.926,1.006,,55,,,,,,,,,,
"gun_4_x1_alt_japan_bb,bc",,102,gun_4_x1_alt,japan,"ca, bb, bc",,,,,,,,,,,iowa_gun_127_x1,1.132,1.228,,,moga_gun_127_x1,1.132,1.228,,,moga_gun_127_x1,1.132,1.228,,,,,,,,,,,,
"gun_4_x2_alt_japan_bb,bc",,102,gun_4_x2_alt,japan,"ca, bb, bc",,,,,,,,,,,iowa_gun_127_x2,1.132,1.228,,,moga_gun_127_x2,1.132,1.228,,,moga_gun_127_x2,1.132,1.228,,,,,,,,,,,,
"gun_4_x3_alt_japan_bb,bc",,102,gun_4_x3_alt,japan,"ca, bb, bc",,,,,,,,,,,iowa_gun_127_x3,1.132,1.228,,,moga_gun_127_x3,1.132,1.228,,,moga_gun_127_x3,1.132,1.228,,,,,,,,,,,,
gun_4_x1_alt_japan,,102,gun_4_x1_alt,japan,"tb, dd, cl",,,,,,,,,,,moga_gun_127_x1,1.112,1.212,,,akizuki_gun_100_x1,1.018,1.098,,,akizuki_gun_100_x1,1.018,1.098,,,,,,,,,,,,
gun_4_x2_alt_japan,,102,gun_4_x2_alt,japan,"tb, dd, cl",,,,,,,,,,,moga_gun_127_x2,1.112,1.212,,,akizuki_gun_100_x2,1.018,1.098,,,akizuki_gun_100_x2,1.018,1.098,,,,,,,,,,,,
gun_4_x3_alt_japan,,102,gun_4_x3_alt,japan,"tb, dd, cl",,,,,,,,,,,moga_gun_127_x3,1.112,1.212,,,akizuki_gun_100_x3,1.018,1.098,,,akizuki_gun_100_x3,1.018,1.098,,,,,,,,,,,,
"gun_5_x1_alt_japan_bb,bc",,127,gun_5_x1_alt,japan,"ca, bb, bc",tsesarevich_gun_152_x1,0.8005,0.935,,,,,,,,iowa_gun_127_x1,1.234,1.33,,,moga_gun_127_x1,1.234,1.33,,,moga_gun_127_x1,1.234,1.33,,,,,,,,,,,,
"gun_5_x2_alt_japan_bb,bc",,127,gun_5_x2_alt,japan,"ca, bb, bc",tsesarevich_gun_152_x2,0.8005,0.935,,,,,,,,iowa_gun_127_x2,1.234,1.33,,,moga_gun_127_x2,1.234,1.33,,,moga_gun_127_x2,1.234,1.33,,,,,,,,,,,,
"gun_5_x3_alt_japan_bb,bc",,127,gun_5_x3_alt,japan,"ca, bb, bc",tsesarevich_gun_152_x3,0.8005,0.935,,,,,,,,iowa_gun_127_x3,1.234,1.33,,,moga_gun_127_x3,1.234,1.33,,,moga_gun_127_x3,1.234,1.33,,,,,,,,,,,,
gun_5_x1_alt_japan,,127,gun_5_x1_alt,japan,"tb, dd, cl",,,,,,,,,,,,,,,,,,,,,akizuki_gun_127_x1,1.07,1.145,,,,,,,,,,,,
gun_5_x2_alt_japan,,127,gun_5_x2_alt,japan,"tb, dd, cl",,,,,,,,,,,moga_gun_127_x2,1.234,1.33,,,akizuki_gun_127_x2,1.07,1.145,,,akizuki_gun_127_x2,1.07,1.145,,,,,,,,,,,,
gun_5_x3_alt_japan,,127,gun_5_x3_alt,japan,"tb, dd, cl",,,,,,,,,,,moga_gun_127_x3,1.234,1.33,,,akizuki_gun_127_x3,1.07,1.145,,,akizuki_gun_127_x3,1.07,1.145,,,,,,,,,,,,
gun_6_x2_alt_japan,,152,gun_6_x2_alt,japan,,tsesarevich_gun_152_x2,0.955,1.0895,,,,,,,,,,,,,yamato_gun_155_x2,0.8606,0.9222,,,yamato_gun_155_x2,0.8606,0.9222,,,,,,,,,,,,
gun_6_x3_alt_japan,,152,gun_6_x3_alt,japan,,tsesarevich_gun_152_x3,0.955,1.0895,,,,,,,,,,,,,yamato_gun_155_x3,0.8606,0.9222,,,yamato_gun_155_x3,0.8606,0.9222,,,,,,,,,,,,
gun_7_x2_alt_japan,,178,gun_7_x2_alt,japan,,tsesarevich_gun_152_x2,1.1095,1.244,,,,,,,,dreadnought_gun_178_x2,1.276,1.402,,,yamato_gun_155_x2,0.9272,0.9808,,,yamato_gun_155_x2,0.9272,0.9808,,,,,,,,,,,,
gun_7_x3_alt_japan,,178,gun_7_x3_alt,japan,,tsesarevich_gun_152_x3,1.1095,1.244,,,,,,,,dreadnought_gun_178_x3,1.276,1.402,,,yamato_gun_155_x3,0.9272,0.9808,,,yamato_gun_155_x3,0.9272,0.9808,,,,,,,,,,,,
gun_8_x2_alt_japan,,203,gun_8_x2_alt,japan,,friedrich_gun_228_x2,0.8194,0.8976,,,,,,,,agamemnon_gun_228_x2,1.16,1.242,,,moga_gun_200_x2,1.056,1.111,,,moga_gun_200_x2,1.056,1.111,,,,,,,,,,,,
gun_8_x3_alt_japan,,203,gun_8_x3_alt,japan,,friedrich_gun_228_x3,0.8194,0.8976,,,,,,,,agamemnon_gun_228_x3,1.16,1.242,,,moga_gun_200_x3,1.056,1.101,,,moga_gun_200_x3,1.056,1.101,,,,,,,,,,,,
gun_9_x2_alt_japan,,229,gun_9_x2_alt,japan,,friedrich_gun_228_x2,0.9076,0.9858,,,agamemnon_gun_228_x2,1.244,1.326,,,agamemnon_gun_228_x2,1.244,1.326,,,moga_gun_200_x2,1.116,1.181,,,moga_gun_200_x2,1.116,1.181,,,,,,,,,,,,
gun_9_x3_alt_japan,,229,gun_9_x3_alt,japan,,friedrich_gun_228_x3,0.9076,0.9858,,,agamemnon_gun_228_x3,1.244,1.326,,,agamemnon_gun_228_x3,1.244,1.326,,,moga_gun_200_x3,1.116,1.181,,,moga_gun_200_x3,1.116,1.181,,,,,,,,,,,,
gun_10_x2_alt_japan,,254,gun_10_x2_alt,japan,,friedrich_gun_228_x2,0.9958,1.074,,,agamemnon_gun_228_x2,1.328,1.41,,,agamemnon_gun_228_x2,1.328,1.41,,,moga_gun_200_x2,1.186,1.261,,,moga_gun_200_x2,1.186,1.261,,,,,,,,,,,,
gun_10_x3_alt_japan,,254,gun_10_x3_alt,japan,,friedrich_gun_228_x3,0.9958,1.074,,,agamemnon_gun_228_x3,1.328,1.41,,,agamemnon_gun_228_x3,1.328,1.41,,,moga_gun_200_x3,1.186,1.261,,,moga_gun_200_x3,1.186,1.261,,,,,,,,,,,,
gun_11_x2_alt_japan,,279,gun_11_x2_alt,japan,,friedrich_gun_228_x2,1.084,1.1622,,,agamemnon_gun_305_x2,1.045,1.126,,,fus_gun_356_x2_a,0.909,0.9672,,,yamato_gun_460_x2,0.645,0.69,,,yamato_gun_b_460_x2,0.645,0.69,,,,,,,,,,,,
gun_11_x3_alt_japan,,279,gun_11_x3_alt,japan,,friedrich_gun_228_x3,1.084,1.1622,,,agamemnon_gun_305_x3,1.045,1.126,,,fus_gun_356_x3_a,0.909,0.9672,,,yamato_gun_460_x3,0.645,0.69,,,yamato_gun_b_460_x3,0.645,0.69,,,,,,,,,,,,
gun_12_x2_alt_japan,,305,gun_12_x2_alt,japan,,friedrich_gun_228_x2,1.1722,1.2504,,,agamemnon_gun_305_x2,1.136,1.217,,,fus_gun_356_x2_a,0.9772,1.0354,,,yamato_gun_460_x2,0.695,0.74,,45,yamato_gun_b_460_x2,0.695,0.74,,,,,,,,,,,,
gun_12_x3_alt_japan,,305,gun_12_x3_alt,japan,,friedrich_gun_228_x3,1.1722,1.2504,,,agamemnon_gun_305_x3,1.136,1.217,,,fus_gun_356_x3_a,0.9772,1.0354,,,yamato_gun_460_x3,0.695,0.74,,45,yamato_gun_b_460_x3,0.695,0.74,,,,,,,,,,,,
gun_13_x2_alt_japan,,330,gun_13_x2_alt,japan,,friedrich_gun_228_x2,1.2604,1.3386,,,agamemnon_gun_305_x2,1.227,1.308,,,fus_gun_356_x2_a,1.0454,1.1036,,,yamato_gun_460_x2,0.745,0.79,,45,yamato_gun_b_460_x2,0.745,0.79,,,,,,,,,,,,
gun_13_x3_alt_japan,,330,gun_13_x3_alt,japan,,friedrich_gun_228_x3,1.2604,1.3386,,,agamemnon_gun_305_x3,1.227,1.308,,,fus_gun_356_x3_a,1.0454,1.1036,,,yamato_gun_460_x3,0.745,0.79,,45,yamato_gun_b_460_x3,0.745,0.79,,,,,,,,,,,,
gun_14_x2_alt_japan,,356,gun_14_x2_alt,japan,,friedrich_gun_228_x2,1.3486,1.4268,,,agamemnon_gun_305_x2,1.318,1.399,,,fus_gun_356_x2_a,1.1136,1.1718,,,yamato_gun_460_x2,0.795,0.84,,45,yamato_gun_b_460_x2,0.795,0.84,,,,,,,,,,,,
gun_14_x3_alt_japan,,356,gun_14_x3_alt,japan,,friedrich_gun_228_x3,1.3486,1.4268,,,agamemnon_gun_305_x3,1.318,1.399,,,fus_gun_356_x3_a,1.1136,1.1718,,,yamato_gun_460_x3,0.795,0.84,,45,yamato_gun_b_460_x3,0.795,0.84,,,,,,,,,,,,
gun_15_x2_alt_japan,,381,gun_15_x2_alt,japan,,friedrich_gun_228_x2,1.4368,1.515,,,agamemnon_gun_305_x2,1.409,1.49,,,fus_gun_356_x2_a,1.1818,1.24,,,yamato_gun_460_x2,0.845,0.89,,45,yamato_gun_b_460_x2,0.845,0.89,,,,,,,,,,,,
gun_15_x3_alt_japan,,381,gun_15_x3_alt,japan,,friedrich_gun_228_x3,1.4368,1.515,,,agamemnon_gun_305_x3,1.409,1.49,,,fus_gun_356_x3_a,1.1818,1.24,,,yamato_gun_460_x3,0.845,0.89,,45,yamato_gun_b_460_x3,0.845,0.89,,,,,,,,,,,,
gun_16_x2_alt_japan,,406,gun_16_x2_alt,japan,,friedrich_gun_228_x2,1.525,1.6032,,,agamemnon_gun_305_x2,1.5,1.581,,,fus_gun_356_x2_a,1.25,1.3082,,,yamato_gun_460_x2,0.895,0.94,,45,yamato_gun_b_460_x2,0.895,0.94,,,,,,,,,,,,
gun_16_x3_alt_japan,,406,gun_16_x3_alt,japan,,friedrich_gun_228_x3,1.525,1.6032,,,agamemnon_gun_305_x3,1.5,1.581,,,fus_gun_356_x3_a,1.25,1.3082,,,yamato_gun_460_x3,0.895,0.94,,45,yamato_gun_b_460_x3,0.895,0.94,,,,,,,,,,,,
gun_17_x2_alt_japan,,432,gun_17_x2_alt,japan,,agamemnon_gun_305_x2,1.591,1.672,,,fus_gun_356_x2_a,1.3182,1.3764,,,yamato_gun_460_x2,0.945,0.99,,,yamato_gun_b_460_x2,0.945,0.99,,45,yamato_gun_b_460_x2,0.945,0.99,,,,,,,,,,,,
gun_17_x3_alt_japan,,432,gun_17_x3_alt,japan,,agamemnon_gun_305_x3,1.591,1.672,,,fus_gun_356_x3_a,1.3182,1.3764,,,yamato_gun_460_x3,0.945,0.99,,,yamato_gun_b_460_x3,0.945,0.99,,45,yamato_gun_b_460_x3,0.945,0.99,,,,,,,,,,,,
gun_18_x2_alt_japan,,457,gun_18_x2_alt,japan,,agamemnon_gun_305_x2,1.682,1.763,,,fus_gun_356_x2_a,1.3864,1.4446,,,yamato_gun_460_x2,0.995,1.04,,,yamato_gun_b_460_x2,0.995,1.04,,45,yamato_gun_b_460_x2,0.995,1.04,,,,,,,,,,,,
gun_18_x3_alt_japan,,457,gun_18_x3_alt,japan,,agamemnon_gun_305_x3,1.682,1.763,,,fus_gun_356_x3_a,1.3864,1.4446,,,yamato_gun_460_x3,0.995,1.04,,,yamato_gun_b_460_x3,0.995,1.04,,45,yamato_gun_b_460_x3,0.995,1.04,,,,,,,,,,,,
###,,,###,,,,,,,,,,,,,,,,,,,,,,,,,,,,,,,,,,,,,
gun_2_x1_usa,,51,gun_2_x1,usa,,,,,,,,,,,,,,,,,,,,,,,,,,,,,,,,,,,,
gun_2_x2_usa,,51,gun_2_x2,usa,,,,,,,,,,,,,,,,,,,,,,,,,,,,,,,,,,,,
gun_2_x3_usa,,51,gun_2_x3,usa,,,,,,,,,,,,,,,,,,,,,,,,,,,,,,,,,,,,
gun_2_x4_usa,,51,gun_2_x4,usa,,,,,,,,,,,,,,,,,richelieu_gun_120_x4,0.596,0.722,,,richelieu_gun_120_x4,0.596,0.722,,,,,,,,,,,,
gun_3_x1_usa_dd,,76,gun_3_x1,usa,"dd, tb",,,,,,,,,,,,,,,,akizuki_gun_b_127_x1,0.4915,0.626,,,akizuki_gun_b_127_x1,0.4915,0.626,,,,,,,,,,,,
gun_3_x2_usa_dd,,76,gun_3_x2,usa,"dd, tb",,,,,,,,,,,,,,,,iowa_gun_b_127_x2,0.6,0.78,,,iowa_gun_b_127_x2,0.6,0.78,,,,,,,,,,,,
gun_3_x3_usa_dd,,76,gun_3_x3,usa,"dd, tb",,,,,,,,,,,,,,,,iowa_gun_b_127_x3,0.6,0.78,,,iowa_gun_b_127_x3,0.6,0.78,,,,,,,,,,,,
gun_3_x4_usa_dd,,76,gun_3_x4,usa,"dd, tb",,,,,,,,,,,,,,,,,,,,,,,,,,,,,,,,,,,
gun_4_x1_usa_dd,,102,gun_4_x1,usa,"dd, tb",,,,,,,,,,,,,,,,akizuki_gun_b_127_x1,0.646,0.7805,,,akizuki_gun_b_127_x1,0.646,0.7805,,,,,,,,,,,,
gun_4_x2_usa_dd,,102,gun_4_x2,usa,"dd, tb",,,,,,,,,,,,,,,,iowa_gun_b_127_x2,0.8,0.98,,,iowa_gun_b_127_x2,0.8,0.98,,,,,,,,,,,,
gun_4_x3_usa_dd,,102,gun_4_x3,usa,"dd, tb",,,,,,,,,,,,,,,,iowa_gun_b_127_x3,0.8,0.98,,,iowa_gun_b_127_x3,0.8,0.98,,,,,,,,,,,,
gun_4_x4_usa_dd,,102,gun_4_x4,usa,"dd, tb",,,,,,,,,,,,,,,,,,,,,,,,,,,,,,,,,,,
gun_5_x1_usa_dd,,127,gun_5_x1,usa,"dd, tb",,,,,,,,,,,,,,,,akizuki_gun_b_127_x1,0.8005,0.935,,,akizuki_gun_b_127_x1,0.8005,0.935,,,,,,,,,,,,
gun_5_x2_usa_dd,,127,gun_5_x2,usa,"dd, tb",,,,,,,,,,,,,,,,iowa_gun_b_127_x2,1,1.18,,,iowa_gun_b_127_x2,1,1.18,,,,,,,,,,,,
gun_5_x3_usa_dd,,127,gun_5_x3,usa,"dd, tb",,,,,,,,,,,,,,,,iowa_gun_b_127_x3,1,1.18,,,iowa_gun_b_127_x3,1,1.18,,,,,,,,,,,,
gun_5_x4_usa_dd,,127,gun_5_x4,usa,"dd, tb",,,,,,,,,,,,,,,,,,,,,,,,,,,,,,,,,,,
gun_3_x1_usa_cl,,76,gun_3_x1,usa,cl,,,,,,,,,,,,,,,,iowa_gun_127_x1,0.7,0.88,,,iowa_gun_127_x1,0.7,0.88,,,,,,,,,,,,
gun_3_x2_usa_cl,,76,gun_3_x2,usa,cl,,,,,,maine_gun_230_x2,0.596,0.722,,,maine_gun_230_x2,0.596,0.722,,,iowa_gun_127_x2,0.7,0.88,,,iowa_gun_127_x2,0.7,0.88,,,,,,,,,,,,
gun_3_x3_usa_cl,,76,gun_3_x3,usa,cl,,,,,,maine_gun_230_x3,0.596,0.722,,,maine_gun_230_x3,0.596,0.722,,,iowa_gun_127_x3,0.7,0.88,,,iowa_gun_127_x3,0.7,0.88,,,,,,,,,,,,
gun_3_x4_usa_cl,,76,gun_3_x4,usa,cl,,,,,,,,,,,,,,,,iowa_gun_127_x4,0.7,0.88,,,iowa_gun_127_x4,0.7,0.88,,,,,,,,,,,,
gun_4_x1_usa_cl,,102,gun_4_x1,usa,cl,,,,,,,,,,,,,,,,iowa_gun_127_x1,0.9,1.08,,,iowa_gun_127_x1,0.9,1.08,,,,,,,,,,,,
gun_4_x2_usa_cl,,102,gun_4_x2,usa,cl,,,,,,maine_gun_230_x2,0.732,0.858,,,maine_gun_230_x2,0.732,0.858,,,atl_gun_125_x2,0.868,0.994,,,atl_gun_125_x2,0.868,0.994,,,,,,,,,,,,
gun_4_x3_usa_cl,,102,gun_4_x3,usa,cl,,,,,,maine_gun_230_x3,0.732,0.858,,,maine_gun_230_x3,0.732,0.858,,,atl_gun_125_x3,0.868,0.994,,,atl_gun_125_x3,0.868,0.994,,,,,,,,,,,,
gun_4_x4_usa_cl,,102,gun_4_x4,usa,cl,,,,,,,,,,,,,,,,atl_gun_125_x4,0.868,0.994,,,atl_gun_125_x4,0.868,0.994,,,,,,,,,,,,
gun_5_x1_usa_cl,,127,gun_5_x1,usa,cl,,,,,,,,,,,,,,,,,,,,,,,,,,,,,,,,,,,
gun_5_x2_usa_cl,,127,gun_5_x2,usa,cl,,,,,,maine_gun_230_x2,0.868,0.994,,,maine_gun_230_x2,0.868,0.994,,,atl_gun_125_x2,1.004,1.13,,,atl_gun_125_x2,1.004,1.13,,,,,,,,,,,,
gun_5_x3_usa_cl,,127,gun_5_x3,usa,cl,,,,,,maine_gun_230_x3,0.868,0.994,,,maine_gun_230_x3,0.868,0.994,,,atl_gun_125_x3,1.004,1.13,,,atl_gun_125_x3,1.004,1.13,,,,,,,,,,,,
gun_5_x4_usa_cl,,127,gun_5_x4,usa,cl,,,,,,,,,,,,,,,,atl_gun_125_x4,1.004,1.13,,,atl_gun_125_x4,1.004,1.13,,,,,,,,,,,,
gun_6_x1_usa_cl,,152,gun_6_x1,usa,cl,,,,,,,,,,,,,,,,,,,,,,,,,,,,,,,,,,,
gun_6_x2_usa_cl,,152,gun_6_x2,usa,cl,,,,,,maine_gun_230_x2,1.004,1.13,,,maine_gun_230_x2,1.004,1.13,,,brooklyn_gun_152_x2,0.73,0.847,,,brooklyn_gun_b_152_x2,0.73,0.847,,,,,,,,,,,,
gun_6_x3_usa_cl,,152,gun_6_x3,usa,cl,,,,,,maine_gun_230_x3,1.004,1.13,,,maine_gun_230_x3,1.004,1.13,,,brooklyn_gun_152_x3,0.73,0.847,,,brooklyn_gun_b_152_x3,0.73,0.847,,,,,,,,,,,,
gun_6_x4_usa_cl,,152,gun_6_x4,usa,cl,,,,,,,,,,,,,,,,brooklyn_gun_152_x4,0.73,0.847,,,brooklyn_gun_b_152_x4,0.73,0.847,,,,,,,,,,,,
"gun_3_x1_usa_ca,bb,bc",,76,gun_3_x1,usa,"ca, bb, bc",maine_gun_152_x1,0.718,0.912,,,,,,,,,,,,,iowa_gun_127_x1,0.7,0.88,,,iowa_gun_127_x1,0.7,0.88,,,,,,,,,,,,
"gun_3_x2_usa_ca,bb,bc",,76,gun_3_x2,usa,"ca, bb, bc",maine_gun_152_x2,0.718,0.912,,,pen_gun_127_x2,0.815,1.04,,,maine_gun_230_x2,0.596,0.722,,,iowa_gun_127_x2,0.7,0.88,,,iowa_gun_127_x2,0.7,0.88,,,,,,,,,,,,
"gun_3_x3_usa_ca,bb,bc",,76,gun_3_x3,usa,"ca, bb, bc",maine_gun_152_x3,0.718,0.912,,,pen_gun_127_x3,0.815,1.04,,,maine_gun_230_x3,0.596,0.722,,,iowa_gun_127_x3,0.7,0.88,,,iowa_gun_127_x3,0.7,0.88,,,,,,,,,,,,
"gun_3_x4_usa_ca,bb,bc",,76,gun_3_x4,usa,"ca, bb, bc",,,,,,,,,,,,,,,,iowa_gun_127_x4,0.7,0.88,,,iowa_gun_127_x4,0.7,0.88,,,,,,,,,,,,
"gun_4_x1_usa_ca,bb,bc",,102,gun_4_x1,usa,"ca, bb, bc",maine_gun_152_x1,0.932,1.126,,,pen_gun_127_x1,1.06,1.285,,,,,,,,iowa_gun_b_127_x1,0.8,0.98,,,iowa_gun_b_127_x1,0.8,0.98,,,,,,,,,,,,
"gun_4_x2_usa_ca,bb,bc",,102,gun_4_x2,usa,"ca, bb, bc",maine_gun_152_x2,0.932,1.126,,,pen_gun_127_x2,1.06,1.285,,,maine_gun_230_x2,0.732,0.858,,,iowa_gun_b_127_x2,0.8,0.98,,,iowa_gun_b_127_x2,0.8,0.98,,,,,,,,,,,,
"gun_4_x3_usa_ca,bb,bc",,102,gun_4_x3,usa,"ca, bb, bc",maine_gun_152_x3,0.932,1.126,,,pen_gun_127_x3,1.06,1.285,,,maine_gun_230_x3,0.732,0.858,,,iowa_gun_b_127_x3,0.8,0.98,,,iowa_gun_b_127_x3,0.8,0.98,,,,,,,,,,,,
"gun_4_x4_usa_ca,bb,bc",,102,gun_4_x4,usa,"ca, bb, bc",,,,,,,,,,,,,,,,iowa_gun_b_127_x4,0.8,0.98,,,iowa_gun_b_127_x4,0.8,0.98,,,,,,,,,,,,
"gun_5_x1_usa_ca,bb,bc",,127,gun_5_x1,usa,"ca, bb, bc",maine_gun_152_x1,1.146,1.34,,,pen_gun_127_x1,1.305,1.53,,,,,,,,iowa_gun_b_127_x1,1,1.18,,,iowa_gun_b_127_x1,1,1.18,,,,,,,,,,,,
"gun_5_x2_usa_ca,bb,bc",,127,gun_5_x2,usa,"ca, bb, bc",maine_gun_152_x2,1.146,1.34,,,pen_gun_127_x2,1.305,1.53,,,maine_gun_230_x2,0.868,0.994,,,iowa_gun_b_127_x2,1,1.18,,,iowa_gun_b_127_x2,1,1.18,,,,,,,,,,,,
"gun_5_x3_usa_ca,bb,bc",,127,gun_5_x3,usa,"ca, bb, bc",maine_gun_152_x3,1.146,1.34,,,pen_gun_127_x3,1.305,1.53,,,maine_gun_230_x3,0.868,0.994,,,iowa_gun_b_127_x3,1,1.18,,,iowa_gun_b_127_x3,1,1.18,,,,,,,,,,,,
"gun_5_x4_usa_ca,bb,bc",,127,gun_5_x4,usa,"ca, bb, bc",,,,,,,,,,,,,,,,iowa_gun_b_127_x4,1,1.18,,,iowa_gun_b_127_x4,1,1.18,,,,,,,,,,,,
"gun_6_x1_usa_ca,bb,bc",,152,gun_6_x1,usa,"ca, bb, bc",maine_gun_152_x1,1.36,1.554,,,pen_gun_127_x1,1.55,1.775,,,,,,,,brooklyn_gun_152_x1,0.73,0.847,,,brooklyn_gun_b_152_x1,0.73,0.847,,,,,,,,,,,,
"gun_6_x2_usa_ca,bb,bc",,152,gun_6_x2,usa,"ca, bb, bc",maine_gun_152_x2,1.36,1.554,,,pen_gun_127_x2,1.55,1.775,,,maine_gun_230_x2,1.004,1.13,,,brooklyn_gun_152_x2,0.73,0.847,,,brooklyn_gun_b_152_x2,0.73,0.847,,,,,,,,,,,,
"gun_6_x3_usa_ca,bb,bc",,152,gun_6_x3,usa,"ca, bb, bc",maine_gun_152_x3,1.36,1.554,,,pen_gun_127_x3,1.55,1.775,,,maine_gun_230_x3,1.004,1.13,,,brooklyn_gun_152_x3,0.73,0.847,,,brooklyn_gun_b_152_x3,0.73,0.847,,,,,,,,,,,,
"gun_6_x4_usa_ca,bb,bc",,152,gun_6_x4,usa,"ca, bb, bc",,,,,,,,,,,,,,,,brooklyn_gun_152_x4,0.73,0.847,,,brooklyn_gun_b_152_x4,0.73,0.847,,,,,,,,,,,,
"gun_7_x1_usa_cl,ca,bb,bc",,178,gun_7_x1,usa,"cl, ca, bb, bc",maine_gun_254_x1_a,0.755,0.85,,,ny_gun_210_x1,1.1095,1.244,,,ny_gun_210_x1,1.1095,1.244,,,brooklyn_gun_152_x1,0.857,0.974,,,brooklyn_gun_b_152_x1,0.857,0.974,,,,,,,,,,,,
"gun_7_x2_usa_cl,ca,bb,bc",,178,gun_7_x2,usa,"cl, ca, bb, bc",maine_gun_254_x2_a,0.755,0.85,,,ny_gun_210_x2,1.1095,1.244,,,ny_gun_210_x2,1.1095,1.244,,,brooklyn_gun_152_x2,0.857,0.974,,,brooklyn_gun_b_152_x2,0.857,0.974,,,,,,,,,,,,
"gun_7_x3_usa_cl,ca,bb,bc",,178,gun_7_x3,usa,"cl, ca, bb, bc",maine_gun_254_x3_a,0.755,0.85,,,ny_gun_210_x3,1.1095,1.244,,,ny_gun_210_x3,1.1095,1.244,,,brooklyn_gun_152_x3,0.857,0.974,,,brooklyn_gun_b_152_x3,0.857,0.974,,,,,,,,,,,,
"gun_7_x4_usa_cl,ca,bb,bc",,178,gun_7_x4,usa,"cl, ca, bb, bc",,,,,,,,,,,,,,,,brooklyn_gun_152_x4,0.857,0.974,,,brooklyn_gun_b_152_x4,0.857,0.974,,,,,,,,,,,,
"gun_8_x1_usa_ca,bb,bc",,203,gun_8_x1,usa,"ca, bb, bc",maine_gun_254_x1_a,0.86,0.955,,,ny_gun_210_x1,1.264,1.3985,,,ny_gun_210_x1,1.264,1.3985,,,brooklyn_gun_152_x1,0.984,1.101,,,brooklyn_gun_b_152_x1,0.984,1.101,,,,,,,,,,,,
"gun_8_x2_usa_ca,bb,bc",,203,gun_8_x2,usa,"ca, bb, bc",maine_gun_254_x2_a,0.86,0.955,,,ny_gun_210_x2,1.264,1.3985,,,ny_gun_210_x2,1.264,1.3985,,,brooklyn_gun_152_x2,0.984,1.101,,,brooklyn_gun_b_152_x2,0.984,1.101,,,,,,,,,,,,
"gun_8_x3_usa_ca,bb,bc",,203,gun_8_x3,usa,"ca, bb, bc",maine_gun_254_x3_a,0.86,0.955,,,ny_gun_210_x3,1.264,1.3985,,,ny_gun_210_x3,1.264,1.3985,,,brooklyn_gun_152_x3,0.984,1.101,,,brooklyn_gun_b_152_x3,0.984,1.101,,,,,,,,,,,,
"gun_8_x4_usa_ca,bb,bc",,203,gun_8_x4,usa,"ca, bb, bc",,,,,,,,,,,,,,,,brooklyn_gun_152_x4,0.984,1.101,,,brooklyn_gun_b_152_x4,0.984,1.101,,,,,,,,,,,,
"gun_9_x1_usa_ca,bb,bc",,229,gun_9_x1,usa,"ca, bb, bc",maine_gun_254_x1_a,0.965,1.06,,,ny_gun_210_x1,1.4185,1.553,,,ny_gun_210_x1,1.4185,1.553,,,brooklyn_gun_152_x1,1.111,1.228,,,brooklyn_gun_b_152_x1,1.111,1.228,,,,,,,,,,,,
"gun_9_x2_usa_ca,bb,bc",,229,gun_9_x2,usa,"ca, bb, bc",maine_gun_254_x2_a,0.965,1.06,,,ny_gun_210_x2,1.4185,1.553,,,ny_gun_210_x2,1.4185,1.553,,,brooklyn_gun_152_x2,1.111,1.228,,,brooklyn_gun_b_152_x2,1.111,1.228,,,,,,,,,,,,
"gun_9_x3_usa_ca,bb,bc",,229,gun_9_x3,usa,"ca, bb, bc",maine_gun_254_x3_a,0.965,1.06,,,ny_gun_210_x3,1.4185,1.553,,,ny_gun_210_x3,1.4185,1.553,,,brooklyn_gun_152_x3,1.111,1.228,,,brooklyn_gun_b_152_x3,1.111,1.228,,,,,,,,,,,,
"gun_9_x4_usa_ca,bb,bc",,229,gun_9_x4,usa,"ca, bb, bc",,,,,,,,,,,,,,,,brooklyn_gun_152_x4,1.111,1.228,,,brooklyn_gun_b_152_x4,1.111,1.228,,,,,,,,,,,,
"gun_10_x1_usa_ca,bb,bc",,254,gun_10_x1,usa,"ca, bb, bc",maine_gun_254_x1_a,1.07,1.165,,,ny_gun_356_x1,0.954,1.035,,,arizona_gun_356_x1,0.954,1.035,,,iowa_gun_406_x1,0.595,0.64,,,iowa_gun_406_x1,0.595,0.64,,,,,,,,,,,,
"gun_10_x2_usa_ca,bb,bc",,254,gun_10_x2,usa,"ca, bb, bc",maine_gun_254_x2_a,1.07,1.165,,,ny_gun_356_x2,0.954,1.035,,,arizona_gun_356_x2,0.954,1.035,,,iowa_gun_406_x2,0.595,0.64,,,iowa_gun_406_x2,0.595,0.64,,,,,,,,,,,,
"gun_10_x3_usa_ca,bb,bc",,254,gun_10_x3,usa,"ca, bb, bc",maine_gun_254_x3_a,1.07,1.165,,,ny_gun_356_x3,0.954,1.035,,,arizona_gun_356_x3,0.954,1.035,,,iowa_gun_406_x3,0.595,0.64,,,iowa_gun_406_x3,0.595,0.64,,,,,,,,,,,,
"gun_10_x4_usa_ca,bb,bc",,254,gun_10_x4,usa,"ca, bb, bc",,,,,,ny_gun_356_x4,0.954,1.035,,,arizona_gun_356_x4,0.954,1.035,,,iowa_gun_406_x4,0.595,0.64,,,iowa_gun_406_x4,0.595,0.64,,,,,,,,,,,,
"gun_11_x1_usa_ca,bb,bc",,279,gun_11_x1,usa,"ca, bb, bc",maine_gun_254_x1_a,1.175,1.27,,,ny_gun_356_x1,1.045,1.126,,,arizona_gun_356_x1,1.045,1.126,,,iowa_gun_406_x1,0.645,0.69,,,iowa_gun_406_x1,0.645,0.69,,,,,,,,,,,,
"gun_11_x2_usa_ca,bb,bc",,279,gun_11_x2,usa,"ca, bb, bc",maine_gun_254_x2_a,1.175,1.27,,,ny_gun_356_x2,1.045,1.126,,,arizona_gun_356_x2,1.045,1.126,,,iowa_gun_406_x2,0.645,0.69,,,iowa_gun_406_x2,0.645,0.69,,,,,,,,,,,,
"gun_11_x3_usa_ca,bb,bc",,279,gun_11_x3,usa,"ca, bb, bc",maine_gun_254_x3_a,1.175,1.27,,,ny_gun_356_x3,1.045,1.126,,,arizona_gun_356_x3,1.045,1.126,,,iowa_gun_406_x3,0.645,0.69,,,iowa_gun_406_x3,0.645,0.69,,,,,,,,,,,,
"gun_11_x4_usa_ca,bb,bc",,279,gun_11_x4,usa,"ca, bb, bc",,,,,,ny_gun_356_x4,1.045,1.126,,,arizona_gun_356_x4,1.045,1.126,,,iowa_gun_406_x4,0.645,0.69,,,iowa_gun_406_x4,0.645,0.69,,,,,,,,,,,,
"gun_12_x1_usa_bb,bc",,305,gun_12_x1,usa,"ca, bb, bc",maine_gun_254_x1_a,1.28,1.375,,,ny_gun_356_x1,1.136,1.217,,,arizona_gun_356_x1,1.136,1.217,,,iowa_gun_406_x1,0.695,0.74,,,iowa_gun_406_x1,0.695,0.74,,,,,,,,,,,,
"gun_12_x2_usa_bb,bc",,305,gun_12_x2,usa,"ca, bb, bc",maine_gun_254_x2_a,1.28,1.375,,,ny_gun_356_x2,1.136,1.217,,,arizona_gun_356_x2,1.136,1.217,,,iowa_gun_406_x2,0.695,0.74,,,iowa_gun_406_x2,0.695,0.74,,,,,,,,,,,,
"gun_12_x3_usa_bb,bc",,305,gun_12_x3,usa,"ca, bb, bc",maine_gun_254_x3_a,1.28,1.375,,,ny_gun_356_x3,1.136,1.217,,,arizona_gun_356_x3,1.136,1.217,,,iowa_gun_406_x3,0.695,0.74,,,iowa_gun_406_x3,0.695,0.74,,,,,,,,,,,,
"gun_12_x4_usa_bb,bc",,305,gun_12_x4,usa,"ca, bb, bc",,,,,,ny_gun_356_x4,1.136,1.217,,,arizona_gun_356_x4,1.136,1.217,,,iowa_gun_406_x4,0.695,0.74,,,iowa_gun_406_x4,0.695,0.74,,,,,,,,,,,,
"gun_13_x1_usa_bb,bc",,330,gun_13_x1,usa,"bb, bc",maine_gun_254_x1_a,1.385,1.48,,,ny_gun_356_x1,1.227,1.308,,,arizona_gun_356_x1,1.227,1.308,,,iowa_gun_406_x1,0.745,0.79,,,iowa_gun_406_x1,0.745,0.79,,,,,,,,,,,,
"gun_13_x2_usa_bb,bc",,330,gun_13_x2,usa,"bb, bc",maine_gun_254_x2_a,1.385,1.48,,,ny_gun_356_x2,1.227,1.308,,,arizona_gun_356_x2,1.227,1.308,,,iowa_gun_406_x2,0.745,0.79,,,iowa_gun_406_x2,0.745,0.79,,,,,,,,,,,,
"gun_13_x3_usa_bb,bc",,330,gun_13_x3,usa,"bb, bc",maine_gun_254_x3_a,1.385,1.48,,,ny_gun_356_x3,1.227,1.308,,,arizona_gun_356_x3,1.227,1.308,,,iowa_gun_406_x3,0.745,0.79,,,iowa_gun_406_x3,0.745,0.79,,,,,,,,,,,,
"gun_13_x4_usa_bb,bc",,330,gun_13_x4,usa,"bb, bc",,,,,,ny_gun_356_x4,1.227,1.308,,,arizona_gun_356_x4,1.227,1.308,,,iowa_gun_406_x4,0.745,0.79,,,iowa_gun_406_x4,0.745,0.79,,,,,,,,,,,,
"gun_14_x1_usa_bb,bc",,356,gun_14_x1,usa,"bb, bc",maine_gun_254_x1_a,1.49,1.585,,,ny_gun_356_x1,1.318,1.399,,,arizona_gun_356_x1,1.318,1.399,,,iowa_gun_406_x1,0.795,0.84,,,iowa_gun_406_x1,0.795,0.84,,,,,,,,,,,,
"gun_14_x2_usa_bb,bc",,356,gun_14_x2,usa,"bb, bc",maine_gun_254_x2_a,1.49,1.585,,,ny_gun_356_x2,1.318,1.399,,,arizona_gun_356_x2,1.318,1.399,,,iowa_gun_406_x2,0.795,0.84,,,iowa_gun_406_x2,0.795,0.84,,,,,,,,,,,,
"gun_14_x3_usa_bb,bc",,356,gun_14_x3,usa,"bb, bc",maine_gun_254_x3_a,1.49,1.585,,,ny_gun_356_x3,1.318,1.399,,,arizona_gun_356_x3,1.318,1.399,,,iowa_gun_406_x3,0.795,0.84,,,iowa_gun_406_x3,0.795,0.84,,,,,,,,,,,,
"gun_14_x4_usa_bb,bc",,356,gun_14_x4,usa,"bb, bc",,,,,,ny_gun_356_x4,1.318,1.399,,,arizona_gun_356_x4,1.318,1.399,,,iowa_gun_406_x4,0.795,0.84,,,iowa_gun_406_x4,0.795,0.84,,,,,,,,,,,,
"gun_15_x1_usa_bb,bc",,381,gun_15_x1,usa,"bb, bc",maine_gun_254_x1,1.595,1.69,,,ny_gun_356_x1,1.409,1.49,,,arizona_gun_356_x1,1.409,1.49,,,iowa_gun_406_x1,0.845,0.89,,,iowa_gun_406_x1,0.845,0.89,,,,,,,,,,,,
"gun_15_x2_usa_bb,bc",,381,gun_15_x2,usa,"bb, bc",maine_gun_254_x2,1.595,1.69,,,ny_gun_356_x2,1.409,1.49,,,arizona_gun_356_x2,1.409,1.49,,,iowa_gun_406_x2,0.845,0.89,,,iowa_gun_406_x2,0.845,0.89,,,,,,,,,,,,
"gun_15_x3_usa_bb,bc",,381,gun_15_x3,usa,"bb, bc",maine_gun_254_x3,1.595,1.69,,,ny_gun_356_x3,1.409,1.49,,,arizona_gun_356_x3,1.409,1.49,,,iowa_gun_406_x3,0.845,0.89,,,iowa_gun_406_x3,0.845,0.89,,,,,,,,,,,,
"gun_15_x4_usa_bb,bc",,381,gun_15_x4,usa,"bb, bc",,,,,,ny_gun_356_x4,1.409,1.49,,,arizona_gun_356_x4,1.409,1.49,,,iowa_gun_406_x4,0.845,0.89,,,iowa_gun_406_x4,0.845,0.89,,,,,,,,,,,,
"gun_16_x1_usa_bb,bc",,406,gun_16_x1,usa,"bb, bc",maine_gun_254_x1,1.7,1.795,,,ny_gun_356_x1,1.5,1.581,,,arizona_gun_356_x1,1.5,1.581,,,iowa_gun_406_x1,0.895,0.94,,,iowa_gun_406_x1,0.895,0.94,,,,,,,,,,,,
"gun_16_x2_usa_bb,bc",,406,gun_16_x2,usa,"bb, bc",maine_gun_254_x2,1.7,1.795,,,ny_gun_356_x2,1.5,1.581,,,arizona_gun_356_x2,1.5,1.581,,,iowa_gun_406_x2,0.895,0.94,,,iowa_gun_406_x2,0.895,0.94,,,,,,,,,,,,
"gun_16_x3_usa_bb,bc",,406,gun_16_x3,usa,"bb, bc",maine_gun_254_x3,1.7,1.795,,,ny_gun_356_x3,1.5,1.581,,,arizona_gun_356_x3,1.5,1.581,,,iowa_gun_406_x3,0.895,0.94,,,iowa_gun_406_x3,0.895,0.94,,,,,,,,,,,,
"gun_16_x4_usa_bb,bc",,406,gun_16_x4,usa,"bb, bc",,,,,,ny_gun_356_x4,1.5,1.581,,,arizona_gun_356_x4,1.5,1.581,,,iowa_gun_406_x4,0.895,0.94,,,iowa_gun_406_x4,0.895,0.94,,,,,,,,,,,,
"gun_17_x1_usa_bb,bc",,432,gun_17_x1,usa,"bb, bc",ny_gun_356_x1,1.591,1.672,,,arizona_gun_356_x1,1.591,1.672,,,iowa_gun_406_x1,0.945,0.99,,,iowa_gun_406_x1,0.945,0.99,,,iowa_gun_406_x1,0.945,0.99,,,,,,,,,,,,
"gun_17_x2_usa_bb,bc",,432,gun_17_x2,usa,"bb, bc",ny_gun_356_x2,1.591,1.672,,,arizona_gun_356_x2,1.591,1.672,,,iowa_gun_406_x2,0.945,0.99,,,iowa_gun_406_x2,0.945,0.99,,,iowa_gun_406_x2,0.945,0.99,,,,,,,,,,,,
"gun_17_x3_usa_bb,bc",,432,gun_17_x3,usa,"bb, bc",ny_gun_356_x3,1.591,1.672,,,arizona_gun_356_x3,1.591,1.672,,,iowa_gun_406_x3,0.945,0.99,,,iowa_gun_406_x3,0.945,0.99,,,iowa_gun_406_x3,0.945,0.99,,,,,,,,,,,,
"gun_17_x4_usa_bb,bc",,432,gun_17_x4,usa,"bb, bc",ny_gun_356_x4,1.591,1.672,,,arizona_gun_356_x4,1.591,1.672,,,iowa_gun_406_x4,0.945,0.99,,,iowa_gun_406_x4,0.945,0.99,,,iowa_gun_406_x4,0.945,0.99,,,,,,,,,,,,
"gun_18_x1_usa_bb,bc",,457,gun_18_x1,usa,"bb, bc",ny_gun_356_x1,1.682,1.763,,,arizona_gun_356_x1,1.682,1.763,,,iowa_gun_406_x1,0.995,1.04,,,iowa_gun_406_x1,0.995,1.04,,,iowa_gun_406_x1,0.995,1.04,,,,,,,,,,,,
"gun_18_x2_usa_bb,bc",,457,gun_18_x2,usa,"bb, bc",ny_gun_356_x2,1.682,1.763,,,arizona_gun_356_x2,1.682,1.763,,,iowa_gun_406_x2,0.995,1.04,,,iowa_gun_406_x2,0.995,1.04,,,iowa_gun_406_x2,0.995,1.04,,,,,,,,,,,,
"gun_18_x3_usa_bb,bc",,457,gun_18_x3,usa,"bb, bc",ny_gun_356_x3,1.682,1.763,,,arizona_gun_356_x3,1.682,1.763,,,iowa_gun_406_x3,0.995,1.04,,,iowa_gun_406_x3,0.995,1.04,,,iowa_gun_406_x3,0.995,1.04,,,,,,,,,,,,
"gun_18_x4_usa_bb,bc",,457,gun_18_x4,usa,"bb, bc",ny_gun_356_x4,1.682,1.763,,,arizona_gun_356_x4,1.682,1.763,,,iowa_gun_406_x4,0.995,1.04,,,iowa_gun_406_x4,0.995,1.04,,,iowa_gun_406_x4,0.995,1.04,,,,,,,,,,,,
"gun_19_x1_usa_bb,bc",,483,gun_19_x1,usa,"bb, bc",ny_gun_356_x1,1.773,1.854,,,arizona_gun_356_x1,1.773,1.854,,,iowa_gun_406_x1,1.045,1.09,,,iowa_gun_406_x1,1.045,1.09,,,iowa_gun_406_x1,1.045,1.09,,,,,,,,,,,,
"gun_19_x2_usa_bb,bc",,483,gun_19_x2,usa,"bb, bc",ny_gun_356_x2,1.773,1.854,,,arizona_gun_356_x2,1.773,1.854,,,iowa_gun_406_x2,1.045,1.09,,,iowa_gun_406_x2,1.045,1.09,,,iowa_gun_406_x2,1.045,1.09,,,,,,,,,,,,
"gun_19_x3_usa_bb,bc",,483,gun_19_x3,usa,"bb, bc",ny_gun_356_x3,1.773,1.854,,,arizona_gun_356_x3,1.773,1.854,,,iowa_gun_406_x3,1.045,1.09,,,iowa_gun_406_x3,1.045,1.09,,,iowa_gun_406_x3,1.045,1.09,,,,,,,,,,,,
"gun_19_x4_usa_bb,bc",,483,gun_19_x4,usa,"bb, bc",ny_gun_356_x4,1.773,1.854,,,arizona_gun_356_x4,1.773,1.854,,,iowa_gun_406_x4,1.045,1.09,,,iowa_gun_406_x4,1.045,1.09,,,iowa_gun_406_x4,1.045,1.09,,,,,,,,,,,,
"gun_20_x1_usa_bb,bc",,508,gun_20_x1,usa,"bb, bc",ny_gun_356_x1,1.864,1.945,,,arizona_gun_356_x1,1.864,1.945,,,iowa_gun_406_x1,1.095,1.14,,,iowa_gun_406_x1,1.095,1.14,,,iowa_gun_406_x1,1.095,1.14,,,,,,,,,,,,
"gun_20_x2_usa_bb,bc",,508,gun_20_x2,usa,"bb, bc",ny_gun_356_x2,1.864,1.945,,,arizona_gun_356_x2,1.864,1.945,,,iowa_gun_406_x2,1.095,1.14,,,iowa_gun_406_x2,1.095,1.14,,,iowa_gun_406_x2,1.095,1.14,,,,,,,,,,,,
"gun_20_x3_usa_bb,bc",,508,gun_20_x3,usa,"bb, bc",ny_gun_356_x3,1.864,1.945,,,arizona_gun_356_x3,1.864,1.945,,,iowa_gun_406_x3,1.095,1.14,,,iowa_gun_406_x3,1.095,1.14,,,iowa_gun_406_x3,1.095,1.14,,,,,,,,,,,,
"gun_20_x4_usa_bb,bc",,508,gun_20_x4,usa,"bb, bc",ny_gun_356_x4,1.864,1.945,,,arizona_gun_356_x4,1.864,1.945,,,iowa_gun_406_x4,1.095,1.14,,,iowa_gun_406_x4,1.095,1.14,,,iowa_gun_406_x4,1.095,1.14,,,,,,,,,,,,
###,,,###,,,,,,,,,,,,,,,,,,,,,,,,,,,,,,,,,,,,,
gun_2_x1_france,,51,gun_2_x1,"france, france2",,,,,,,,,,,,,,,,,,,,,,,,,,,,,,,,,,,,
gun_2_x2_france,,51,gun_2_x2,"france, france2",,,,,,,,,,,,richelieu_gun_100_x2,0.726,0.897,,,richelieu_gun_100_x2,0.726,0.897,,,,,,,,,,,,,,,,,
gun_2_x3_france,,51,gun_2_x3,"france, france2",,,,,,,,,,,,richelieu_gun_100_x3,0.726,0.897,,,richelieu_gun_100_x3,0.726,0.897,,,,,,,,,,,,,,,,,
gun_2_x4_france,,51,gun_2_x4,"france, france2",,,,,,,,,,,,richelieu_gun_120_x4,0.596,0.722,,,richelieu_gun_120_x4,0.596,0.722,,,richelieu_gun_120_x4,0.596,0.722,,,,,,,,,,,,
gun_3_x1_france_dd,,76,gun_3_x1,"france, france2","dd, tb",,,,,,,,,,,,,,,,,,,,,,,,,,,,,,,,,,,
gun_3_x2_france_dd,,76,gun_3_x2,"france, france2","dd, tb",,,,,,,,,,,richelieu_gun_100_x2,0.917,1.088,,,richelieu_gun_100_x2,0.917,1.088,,,richelieu_gun_100_x2,0.917,1.088,,,,,,,,,,,,
gun_3_x3_france_dd,,76,gun_3_x3,"france, france2","dd, tb",,,,,,,,,,,richelieu_gun_100_x3,0.917,1.088,,,richelieu_gun_100_x3,0.917,1.088,,,richelieu_gun_100_x3,0.917,1.088,,,,,,,,,,,,
gun_3_x4_france_dd,,76,gun_3_x4,"france, france2","dd, tb",,,,,,,,,,,richelieu_gun_100_x4,0.917,1.088,,,richelieu_gun_100_x4,0.917,1.088,,,richelieu_gun_100_x4,0.917,1.088,,,,,,,,,,,,
gun_4_x1_france_dd,,102,gun_4_x1,"france, france2","dd, tb",,,,,,,,,,,,,,,,,,,,,,,,,,,,,,,,,,,
gun_4_x2_france_dd,,102,gun_4_x2,"france, france2","dd, tb",,,,,,,,,,,rich_gun_cal130_x2,0.868,0.994,,,rich_gun_cal130_x2,0.868,0.994,,,rich_gun_cal130_x2,0.868,0.994,,,,,,,,,,,,
gun_4_x3_france_dd,,102,gun_4_x3,"france, france2","dd, tb",,,,,,,,,,,rich_gun_cal130_x3,0.868,0.994,,,rich_gun_cal130_x3,0.868,0.994,,,rich_gun_cal130_x3,0.868,0.994,,,,,,,,,,,,
gun_4_x4_france_dd,,102,gun_4_x4,"france, france2","dd, tb",,,,,,,,,,,rich_gun_cal130_x4,0.868,0.994,,,rich_gun_cal130_x4,0.868,0.994,,,rich_gun_cal130_x4,0.868,0.994,,,,,,,,,,,,
gun_5_x1_france_dd,,127,gun_5_x1,"france, france2","dd, tb",,,,,,,,,,,,,,,,,,,,,,,,,,,,,,,,,,,
gun_5_x2_france_dd,,127,gun_5_x2,"france, france2","dd, tb",,,,,,,,,,,richelieu_gun_152_x2,0.551,0.651,,,richelieu_gun_152_x2,0.551,0.651,,,richelieu_gun_152_x2,0.551,0.651,,,,,,,,,,,,
gun_5_x3_france_dd,,127,gun_5_x3,"france, france2","dd, tb",,,,,,,,,,,richelieu_gun_152_x3,0.551,0.651,,,richelieu_gun_152_x3,0.551,0.651,,,richelieu_gun_152_x3,0.551,0.651,,,,,,,,,,,,
gun_5_x4_france_dd,,127,gun_5_x4,"france, france2","dd, tb",,,,,,,,,,,richelieu_gun_152_x4,0.551,0.651,,,richelieu_gun_152_x4,0.551,0.651,,,richelieu_gun_152_x4,0.551,0.651,,,,,,,,,,,,
gun_3_x1_france_cl,,76,gun_3_x1,"france, france2",cl,,,,,,,,,,,,,,,,,,,,,,,,,,,,,,,,,,,
gun_3_x2_france_cl,,76,gun_3_x2,"france, france2",cl,,,,,,,,,,,richelieu_gun_100_x2,0.917,1.088,,,richelieu_gun_100_x2,0.917,1.088,,,richelieu_gun_100_x2,0.917,1.088,,,,,,,,,,,,
gun_3_x3_france_cl,,76,gun_3_x3,"france, france2",cl,,,,,,,,,,,richelieu_gun_100_x3,0.917,1.088,,,richelieu_gun_100_x3,0.917,1.088,,,richelieu_gun_100_x3,0.917,1.088,,,,,,,,,,,,
gun_3_x4_france_cl,,76,gun_3_x4,"france, france2",cl,,,,,,,,,,,richelieu_gun_100_x4,0.917,1.088,,,richelieu_gun_100_x4,0.917,1.088,,,richelieu_gun_100_x4,0.917,1.088,,,,,,,,,,,,
gun_4_x1_france_cl,,102,gun_4_x1,"france, france2",cl,,,,,,,,,,,,,,,,,,,,,,,,,,,,,,,,,,,
gun_4_x2_france_cl,,102,gun_4_x2,"france, france2",cl,,,,,,,,,,,richelieu_gun_100_x2,1.108,1.279,,,richelieu_gun_100_x2,1.108,1.279,,,richelieu_gun_100_x2,1.108,1.279,,,,,,,,,,,,
gun_4_x3_france_cl,,102,gun_4_x3,"france, france2",cl,,,,,,,,,,,richelieu_gun_100_x3,1.108,1.279,,,richelieu_gun_100_x3,1.108,1.279,,,richelieu_gun_100_x3,1.108,1.279,,,,,,,,,,,,
gun_4_x4_france_cl,,102,gun_4_x4,"france, france2",cl,,,,,,,,,,,richelieu_gun_100_x4,1.108,1.279,,,richelieu_gun_100_x4,1.108,1.279,,,richelieu_gun_100_x4,1.108,1.279,,,,,,,,,,,,
gun_5_x1_france_cl,,127,gun_5_x1,"france, france2",cl,,,,,,,,,,,,,,,,,,,,,,,,,,,,,,,,,,,
gun_5_x2_france_cl,,127,gun_5_x2,"france, france2",cl,,,,,,,,,,,rich_gun_cal130_x2,1.004,1.13,,,rich_gun_cal130_x2,1.004,1.13,,,rich_gun_cal130_x2,1.004,1.13,,,,,,,,,,,,
gun_5_x3_france_cl,,127,gun_5_x3,"france, france2",cl,,,,,,,,,,,rich_gun_cal130_x3,1.004,1.13,,,rich_gun_cal130_x3,1.004,1.13,,,rich_gun_cal130_x3,1.004,1.13,,,,,,,,,,,,
gun_5_x4_france_cl,,127,gun_5_x4,"france, france2",cl,,,,,,,,,,,rich_gun_cal130_x4,1.004,1.13,,,rich_gun_cal130_x4,1.004,1.13,,,rich_gun_cal130_x4,1.004,1.13,,,,,,,,,,,,
gun_6_x1_france_cl,,152,gun_6_x1,"france, france2",cl,,,,,,,,,,,,,,,,,,,,,,,,,,,,,,,,,,,
gun_6_x2_france_cl,,152,gun_6_x2,"france, france2",cl,,,,,,,,,,,rich_gun_cal130_x2,1.14,1.266,,,rich_gun_cal130_x2,1.14,1.266,,,rich_gun_cal130_x2,1.14,1.266,,,,,,,,,,,,
gun_6_x3_france_cl,,152,gun_6_x3,"france, france2",cl,,,,,,,,,,,rich_gun_cal130_x3,1.14,1.266,,,rich_gun_cal130_x3,1.14,1.266,,,rich_gun_cal130_x3,1.14,1.266,,,,,,,,,,,,
gun_6_x4_france_cl,,152,gun_6_x4,"france, france2",cl,,,,,,,,,,,rich_gun_cal130_x4,1.14,1.266,,,rich_gun_cal130_x4,1.14,1.266,,,rich_gun_cal130_x4,1.14,1.266,,,,,,,,,,,,
"gun_3_x1_france_ca,bb,bc",,76,gun_3_x1,"france, france2","ca, bb, bc",massena_gun_138_x1,0.634,0.796,,,massena_gun_138_x1,0.634,0.796,,,,,,,,,,,,,,,,,,,,,,,,,,,
"gun_3_x2_france_ca,bb,bc",,76,gun_3_x2,"france, france2","ca, bb, bc",massena_gun_138_x2,0.634,0.796,,,massena_gun_138_x2,0.634,0.796,,,richelieu_gun_100_x2,0.917,1.088,,,richelieu_gun_100_x2,0.917,1.088,,,richelieu_gun_100_x2,0.917,1.088,,,,,,,,,,,,
"gun_3_x3_france_ca,bb,bc",,76,gun_3_x3,"france, france2","ca, bb, bc",,,,,,,,,,,richelieu_gun_100_x3,0.917,1.088,,,richelieu_gun_100_x3,0.917,1.088,,,richelieu_gun_100_x3,0.917,1.088,,,,,,,,,,,,
"gun_3_x4_france_ca,bb,bc",,76,gun_3_x4,"france, france2","ca, bb, bc",,,,,,,,,,,richelieu_gun_100_x4,0.917,1.088,,,richelieu_gun_100_x4,0.917,1.088,,,richelieu_gun_100_x4,0.917,1.088,,,,,,,,,,,,
"gun_4_x1_france_ca,bb,bc",,102,gun_4_x1,"france, france2","ca, bb, bc",massena_gun_138_x1,0.816,0.978,,,massena_gun_138_x1,0.816,0.978,,,,,,,,,,,,,,,,,,,,,,,,,,,
"gun_4_x2_france_ca,bb,bc",,102,gun_4_x2,"france, france2","ca, bb, bc",massena_gun_138_x2,0.816,0.978,,,massena_gun_138_x2,0.816,0.978,,,richelieu_gun_100_x2,1.108,1.279,,,richelieu_gun_100_x2,1.108,1.279,,,richelieu_gun_100_x2,1.108,1.279,,,,,,,,,,,,
"gun_4_x3_france_ca,bb,bc",,102,gun_4_x3,"france, france2","ca, bb, bc",,,,,,,,,,,richelieu_gun_100_x3,1.108,1.279,,,richelieu_gun_100_x3,1.108,1.279,,,richelieu_gun_100_x3,1.108,1.279,,,,,,,,,,,,
"gun_4_x4_france_ca,bb,bc",,102,gun_4_x4,"france, france2","ca, bb, bc",,,,,,,,,,,richelieu_gun_100_x4,1.108,1.279,,,richelieu_gun_100_x4,1.108,1.279,,,richelieu_gun_100_x4,1.108,1.279,,,,,,,,,,,,
"gun_5_x1_france_ca,bb,bc",,127,gun_5_x1,"france, france2","ca, bb, bc",bouvet_gun_138_x1,0.998,1.16,,,bouvet_gun_138_x1,0.998,1.16,,,,,,,,,,,,,,,,,,,,,,,,,,,
"gun_5_x2_france_ca,bb,bc",,127,gun_5_x2,"france, france2","ca, bb, bc",bouvet_gun_138_x2,0.998,1.16,,,bouvet_gun_138_x2,0.998,1.16,,,rich_gun_cal130_x2,1.004,1.13,,,rich_gun_cal130_x2,1.004,1.13,,,rich_gun_cal130_x2,1.004,1.13,,,,,,,,,,,,
"gun_5_x3_france_ca,bb,bc",,127,gun_5_x3,"france, france2","ca, bb, bc",,,,,,,,,,,rich_gun_cal130_x3,1.004,1.13,,,rich_gun_cal130_x3,1.004,1.13,,,rich_gun_cal130_x3,1.004,1.13,,,,,,,,,,,,
"gun_5_x4_france_ca,bb,bc",,127,gun_5_x4,"france, france2","ca, bb, bc",,,,,,,,,,,rich_gun_cal130_x4,1.004,1.13,,,rich_gun_cal130_x4,1.004,1.13,,,rich_gun_cal130_x4,1.004,1.13,,,,,,,,,,,,
"gun_6_x1_france_ca,bb,bc",,152,gun_6_x1,"france, france2","ca, bb, bc",bouvet_gun_138_x1,1.18,1.342,,,bouvet_gun_138_x1,1.18,1.342,,,,,,,,,,,,,,,,,,,,,,,,,,,
"gun_6_x2_france_ca,bb,bc",,152,gun_6_x2,"france, france2","ca, bb, bc",bouvet_gun_138_x2,1.18,1.342,,,bouvet_gun_138_x2,1.18,1.342,,,richelieu_gun_152_x2,0.66,0.76,,,richelieu_gun_152_x2,0.66,0.76,,,richelieu_gun_152_x2,0.66,0.76,,,,,,,,,,,,
"gun_6_x3_france_ca,bb,bc",,152,gun_6_x3,"france, france2","ca, bb, bc",,,,,,,,,,,richelieu_gun_152_x3,0.66,0.76,,,richelieu_gun_152_x3,0.66,0.76,,,richelieu_gun_152_x3,0.66,0.76,,,,,,,,,,,,
"gun_6_x4_france_ca,bb,bc",,152,gun_6_x4,"france, france2","ca, bb, bc",,,,,,,,,,,richelieu_gun_152_x4,0.66,0.76,,,richelieu_gun_152_x4,0.66,0.76,,,richelieu_gun_152_x4,0.66,0.76,,,,,,,,,,,,
"gun_7_x1_france_cl,ca,bb,bc",,178,gun_7_x1,"france, france2","cl, ca, bb, bc",dante_gun_240_x1,0.838,0.946,,,dant_gun_245_x1,0.681,0.762,,,,,,,,,,,,,,,,,,,,,,,,,,,
"gun_7_x2_france_cl,ca,bb,bc",,178,gun_7_x2,"france, france2","cl, ca, bb, bc",dante_gun_240_x2,0.838,0.946,,,dant_gun_245_x2,0.681,0.762,,,richelieu_gun_152_x2,0.769,0.869,,,richelieu_gun_152_x2,0.769,0.869,,,richelieu_gun_152_x2,0.769,0.869,,,,,,,,,,,,
"gun_7_x3_france_cl,ca,bb,bc",,178,gun_7_x3,"france, france2","cl, ca, bb, bc",,,,,,dant_gun_245_x3,0.681,0.762,,,richelieu_gun_152_x3,0.769,0.869,,,richelieu_gun_152_x3,0.769,0.869,,,richelieu_gun_152_x3,0.769,0.869,,,,,,,,,,,,
"gun_7_x4_france_cl,ca,bb,bc",,178,gun_7_x4,"france, france2","cl, ca, bb, bc",,,,,,dant_gun_245_x4,0.681,0.762,,,richelieu_gun_152_x4,0.769,0.869,,,richelieu_gun_152_x4,0.769,0.869,,,richelieu_gun_152_x4,0.769,0.869,,,,,,,,,,,,
"gun_8_x1_france_ca,bb,bc",,203,gun_8_x1,"france, france2","ca, bb, bc",dante_gun_240_x1,0.956,1.064,,,dant_gun_245_x1,0.772,0.853,,,dant_gun_245_x1,0.772,0.853,,,richelieu_gun_380_x1,0.55,0.6025,,,richelieu_gun_380_x1,0.55,0.6025,,,,,,,,,,,,
"gun_8_x2_france_ca,bb,bc",,203,gun_8_x2,"france, france2","ca, bb, bc",dante_gun_240_x2,0.956,1.064,,,dant_gun_245_x2,0.772,0.853,,,dant_gun_245_x2,0.772,0.853,,,richelieu_gun_380_x2,0.55,0.6025,,,richelieu_gun_380_x2,0.55,0.6025,,,,,,,,,,,,
"gun_8_x3_france_ca,bb,bc",,203,gun_8_x3,"france, france2","ca, bb, bc",,,,,,dant_gun_245_x3,0.772,0.853,,,dant_gun_245_x3,0.772,0.853,,,richelieu_gun_380_x3,0.55,0.6025,,,richelieu_gun_380_x3,0.55,0.6025,,,,,,,,,,,,
"gun_8_x4_france_ca,bb,bc",,203,gun_8_x4,"france, france2","ca, bb, bc",,,,,,dant_gun_245_x4,0.772,0.853,,,dant_gun_245_x4,0.772,0.853,,,richelieu_gun_380_x4,0.55,0.6025,,,richelieu_gun_380_x4,0.55,0.6025,,,,,,,,,,,,
"gun_9_x1_france_ca,bb,bc",,229,gun_9_x1,"france, france2","ca, bb, bc",dante_gun_240_x1,1.074,1.182,,,dant_gun_245_x1,0.863,0.944,,,dant_gun_245_x1,0.863,0.944,,,richelieu_gun_380_x1,0.6125,0.665,,,richelieu_gun_380_x1,0.6125,0.665,,,,,,,,,,,,
"gun_9_x2_france_ca,bb,bc",,229,gun_9_x2,"france, france2","ca, bb, bc",dante_gun_240_x2,1.074,1.182,,,dant_gun_245_x2,0.863,0.944,,,dant_gun_245_x2,0.863,0.944,,,richelieu_gun_380_x2,0.6125,0.665,,,richelieu_gun_380_x2,0.6125,0.665,,,,,,,,,,,,
"gun_9_x3_france_ca,bb,bc",,229,gun_9_x3,"france, france2","ca, bb, bc",,,,,,dant_gun_245_x3,0.863,0.944,,,dant_gun_245_x3,0.863,0.944,,,richelieu_gun_380_x3,0.6125,0.665,,,richelieu_gun_380_x3,0.6125,0.665,,,,,,,,,,,,
"gun_9_x4_france_ca,bb,bc",,229,gun_9_x4,"france, france2","ca, bb, bc",,,,,,dant_gun_245_x4,0.863,0.944,,,dant_gun_245_x4,0.863,0.944,,,richelieu_gun_380_x4,0.6125,0.665,,,richelieu_gun_380_x4,0.6125,0.665,,,,,,,,,,,,
"gun_10_x1_france_ca,bb,bc",,254,gun_10_x1,"france, france2","ca, bb, bc",bouvet_gun_305_x1,1.192,1.3,,,dant_gun_245_x1,0.954,1.035,,,dant_gun_245_x1,0.954,1.035,,,richelieu_gun_380_x1,0.675,0.7275,,,richelieu_gun_380_x1,0.675,0.7275,,,,,,,,,,,,
"gun_10_x2_france_ca,bb,bc",,254,gun_10_x2,"france, france2","ca, bb, bc",bouvet_gun_305_x2,1.192,1.3,,,dant_gun_245_x2,0.954,1.035,,,dant_gun_245_x2,0.954,1.035,,,richelieu_gun_380_x2,0.675,0.7275,,,richelieu_gun_380_x2,0.675,0.7275,,,,,,,,,,,,
"gun_10_x3_france_ca,bb,bc",,254,gun_10_x3,"france, france2","ca, bb, bc",,,,,,dant_gun_245_x3,0.954,1.035,,,dant_gun_245_x3,0.954,1.035,,,richelieu_gun_380_x3,0.675,0.7275,,,richelieu_gun_380_x3,0.675,0.7275,,,,,,,,,,,,
"gun_10_x4_france_ca,bb,bc",,254,gun_10_x4,"france, france2","ca, bb, bc",,,,,,dant_gun_245_x4,0.954,1.035,,,dant_gun_245_x4,0.954,1.035,,,richelieu_gun_380_x4,0.675,0.7275,,,richelieu_gun_380_x4,0.675,0.7275,,,,,,,,,,,,
"gun_11_x1_france_ca,bb,bc",,279,gun_11_x1,"france, france2","ca, bb, bc",bouvet_gun_305_x1,1.31,1.418,,,dant_gun_245_x1,1.045,1.126,,,dant_gun_245_x1,1.045,1.126,,,richelieu_gun_380_x1,0.7375,0.79,,,richelieu_gun_380_x1,0.7375,0.79,,,,,,,,,,,,
"gun_11_x2_france_ca,bb,bc",,279,gun_11_x2,"france, france2","ca, bb, bc",bouvet_gun_305_x2,1.31,1.418,,,dant_gun_245_x2,1.045,1.126,,,dant_gun_245_x2,1.045,1.126,,,richelieu_gun_380_x2,0.7375,0.79,,,richelieu_gun_380_x2,0.7375,0.79,,,,,,,,,,,,
"gun_11_x3_france_ca,bb,bc",,279,gun_11_x3,"france, france2","ca, bb, bc",,,,,,dant_gun_245_x3,1.045,1.126,,,dant_gun_245_x3,1.045,1.126,,,richelieu_gun_380_x3,0.7375,0.79,,,richelieu_gun_380_x3,0.7375,0.79,,,,,,,,,,,,
"gun_11_x4_france_ca,bb,bc",,279,gun_11_x4,"france, france2","ca, bb, bc",,,,,,dant_gun_245_x4,1.045,1.126,,,dant_gun_245_x4,1.045,1.126,,,richelieu_gun_380_x4,0.7375,0.79,,,richelieu_gun_380_x4,0.7375,0.79,,,,,,,,,,,,
"gun_12_x1_france_bb,bc",,305,gun_12_x1,"france, france2","ca, bb, bc",dante_gun_305_x1,1.136,1.217,,,dant_gun_245_x1,1.136,1.217,,,dant_gun_245_x1,1.136,1.217,,,richelieu_gun_380_x1,0.8,0.8525,,,richelieu_gun_380_x1,0.8,0.8525,,,,,,,,,,,,
"gun_12_x2_france_bb,bc",,305,gun_12_x2,"france, france2","ca, bb, bc",dante_gun_305_x2,1.136,1.217,,,dant_gun_245_x2,1.136,1.217,,,dant_gun_245_x2,1.136,1.217,,,richelieu_gun_380_x2,0.8,0.8525,,,richelieu_gun_380_x2,0.8,0.8525,,,,,,,,,,,,
"gun_12_x3_france_bb,bc",,305,gun_12_x3,"france, france2","ca, bb, bc",,,,,,dant_gun_245_x3,1.136,1.217,,,dant_gun_245_x3,1.136,1.217,,,richelieu_gun_380_x3,0.8,0.8525,,,richelieu_gun_380_x3,0.8,0.8525,,,,,,,,,,,,
"gun_12_x4_france_bb,bc",,305,gun_12_x4,"france, france2","ca, bb, bc",,,,,,dant_gun_245_x4,1.136,1.217,,,dant_gun_245_x4,1.136,1.217,,,richelieu_gun_380_x4,0.8,0.8525,,,richelieu_gun_380_x4,0.8,0.8525,,,,,,,,,,,,
"gun_13_x1_france_bb,bc",,330,gun_13_x1,"france, france2","bb, bc",dante_gun_305_x1,1.227,1.308,,,dant_gun_245_x1,1.227,1.308,,,dant_gun_245_x1,1.227,1.308,,,richelieu_gun_380_x1,0.8625,0.915,,,richelieu_gun_380_x1,0.8625,0.915,,,,,,,,,,,,
"gun_13_x2_france_bb,bc",,330,gun_13_x2,"france, france2","bb, bc",dante_gun_305_x2,1.227,1.308,,,dant_gun_245_x2,1.227,1.308,,,dant_gun_245_x2,1.227,1.308,,,richelieu_gun_380_x2,0.8625,0.915,,,richelieu_gun_380_x2,0.8625,0.915,,,,,,,,,,,,
"gun_13_x3_france_bb,bc",,330,gun_13_x3,"france, france2","bb, bc",,,,,,dant_gun_245_x3,1.227,1.308,,,dant_gun_245_x3,1.227,1.308,,,richelieu_gun_380_x3,0.8625,0.915,,,richelieu_gun_380_x3,0.8625,0.915,,,,,,,,,,,,
"gun_13_x4_france_bb,bc",,330,gun_13_x4,"france, france2","bb, bc",,,,,,dant_gun_245_x4,1.227,1.308,,,dant_gun_245_x4,1.227,1.308,,,richelieu_gun_380_x4,0.8625,0.915,,,richelieu_gun_380_x4,0.8625,0.915,,,,,,,,,,,,
"gun_14_x1_france_bb,bc",,356,gun_14_x1,"france, france2","bb, bc",dante_gun_305_x1,1.318,1.399,,,dant_gun_245_x1,1.318,1.399,,,dant_gun_245_x1,1.318,1.399,,,richelieu_gun_380_x1,0.925,0.9775,,,richelieu_gun_380_x1,0.925,0.9775,,,,,,,,,,,,
"gun_14_x2_france_bb,bc",,356,gun_14_x2,"france, france2","bb, bc",dante_gun_305_x2,1.318,1.399,,,dant_gun_245_x2,1.318,1.399,,,dant_gun_245_x2,1.318,1.399,,,richelieu_gun_380_x2,0.925,0.9775,,,richelieu_gun_380_x2,0.925,0.9775,,,,,,,,,,,,
"gun_14_x3_france_bb,bc",,356,gun_14_x3,"france, france2","bb, bc",,,,,,dant_gun_245_x3,1.318,1.399,,,dant_gun_245_x3,1.318,1.399,,,richelieu_gun_380_x3,0.925,0.9775,,,richelieu_gun_380_x3,0.925,0.9775,,,,,,,,,,,,
"gun_14_x4_france_bb,bc",,356,gun_14_x4,"france, france2","bb, bc",,,,,,dant_gun_245_x4,1.318,1.399,,,dant_gun_245_x4,1.318,1.399,,,richelieu_gun_380_x4,0.925,0.9775,,,richelieu_gun_380_x4,0.925,0.9775,,,,,,,,,,,,
"gun_15_x1_france_bb,bc",,381,gun_15_x1,"france, france2","bb, bc",dant_gun_245_x1,1.409,1.49,,,dant_gun_245_x1,1.409,1.49,,,dant_gun_245_x1,1.409,1.49,,,richelieu_gun_380_x1,0.9875,1.04,,,richelieu_gun_380_x1,0.9875,1.04,,,,,,,,,,,,
"gun_15_x2_france_bb,bc",,381,gun_15_x2,"france, france2","bb, bc",dant_gun_245_x2,1.409,1.49,,,dant_gun_245_x2,1.409,1.49,,,dant_gun_245_x2,1.409,1.49,,,richelieu_gun_380_x2,0.9875,1.04,,,richelieu_gun_380_x2,0.9875,1.04,,,,,,,,,,,,
"gun_15_x3_france_bb,bc",,381,gun_15_x3,"france, france2","bb, bc",dant_gun_245_x3,1.409,1.49,,,dant_gun_245_x3,1.409,1.49,,,dant_gun_245_x3,1.409,1.49,,,richelieu_gun_380_x3,0.9875,1.04,,,richelieu_gun_380_x3,0.9875,1.04,,,,,,,,,,,,
"gun_15_x4_france_bb,bc",,381,gun_15_x4,"france, france2","bb, bc",dant_gun_245_x4,1.409,1.49,,,dant_gun_245_x4,1.409,1.49,,,dant_gun_245_x4,1.409,1.49,,,richelieu_gun_380_x4,0.9875,1.04,,,richelieu_gun_380_x4,0.9875,1.04,,,,,,,,,,,,
"gun_16_x1_france_bb,bc",,406,gun_16_x1,"france, france2","bb, bc",dant_gun_245_x1,1.5,1.581,,,dant_gun_245_x1,1.5,1.581,,,dant_gun_245_x1,1.5,1.581,,,richelieu_gun_380_x1,1.05,1.1025,,,richelieu_gun_380_x1,1.05,1.1025,,,,,,,,,,,,
"gun_16_x2_france_bb,bc",,406,gun_16_x2,"france, france2","bb, bc",dant_gun_245_x2,1.5,1.581,,,dant_gun_245_x2,1.5,1.581,,,dant_gun_245_x2,1.5,1.581,,,richelieu_gun_380_x2,1.05,1.1025,,,richelieu_gun_380_x2,1.05,1.1025,,,,,,,,,,,,
"gun_16_x3_france_bb,bc",,406,gun_16_x3,"france, france2","bb, bc",dant_gun_245_x3,1.5,1.581,,,dant_gun_245_x3,1.5,1.581,,,dant_gun_245_x3,1.5,1.581,,,richelieu_gun_380_x3,1.05,1.1025,,,richelieu_gun_380_x3,1.05,1.1025,,,,,,,,,,,,
"gun_16_x4_france_bb,bc",,406,gun_16_x4,"france, france2","bb, bc",dant_gun_245_x4,1.5,1.581,,,dant_gun_245_x4,1.5,1.581,,,dant_gun_245_x4,1.5,1.581,,,richelieu_gun_380_x4,1.05,1.1025,,,richelieu_gun_380_x4,1.05,1.1025,,,,,,,,,,,,
"gun_17_x1_france_bb,bc",,432,gun_17_x1,"france, france2","bb, bc",dant_gun_245_x1,1.591,1.672,,,dant_gun_245_x1,1.591,1.672,,,richelieu_gun_380_x1,1.1125,1.165,,,richelieu_gun_380_x1,1.1125,1.165,,,richelieu_gun_380_x1,1.1125,1.165,,,,,,,,,,,,
"gun_17_x2_france_bb,bc",,432,gun_17_x2,"france, france2","bb, bc",dant_gun_245_x2,1.591,1.672,,,dant_gun_245_x2,1.591,1.672,,,richelieu_gun_380_x2,1.1125,1.165,,,richelieu_gun_380_x2,1.1125,1.165,,,richelieu_gun_380_x2,1.1125,1.165,,,,,,,,,,,,
"gun_17_x3_france_bb,bc",,432,gun_17_x3,"france, france2","bb, bc",dant_gun_245_x3,1.591,1.672,,,dant_gun_245_x3,1.591,1.672,,,richelieu_gun_380_x3,1.1125,1.165,,,richelieu_gun_380_x3,1.1125,1.165,,,richelieu_gun_380_x3,1.1125,1.165,,,,,,,,,,,,
"gun_17_x4_france_bb,bc",,432,gun_17_x4,"france, france2","bb, bc",dant_gun_245_x4,1.591,1.672,,,dant_gun_245_x4,1.591,1.672,,,richelieu_gun_380_x4,1.1125,1.165,,,richelieu_gun_380_x4,1.1125,1.165,,,richelieu_gun_380_x4,1.1125,1.165,,,,,,,,,,,,
"gun_18_x1_france_bb,bc",,457,gun_18_x1,"france, france2","bb, bc",dant_gun_245_x1,1.682,1.763,,,dant_gun_245_x1,1.682,1.763,,,richelieu_gun_380_x1,1.175,1.2275,,,richelieu_gun_380_x1,1.175,1.2275,,,richelieu_gun_380_x1,1.175,1.2275,,,,,,,,,,,,
"gun_18_x2_france_bb,bc",,457,gun_18_x2,"france, france2","bb, bc",dant_gun_245_x2,1.682,1.763,,,dant_gun_245_x2,1.682,1.763,,,richelieu_gun_380_x2,1.175,1.2275,,,richelieu_gun_380_x2,1.175,1.2275,,,richelieu_gun_380_x2,1.175,1.2275,,,,,,,,,,,,
"gun_18_x3_france_bb,bc",,457,gun_18_x3,"france, france2","bb, bc",dant_gun_245_x3,1.682,1.763,,,dant_gun_245_x3,1.682,1.763,,,richelieu_gun_380_x3,1.175,1.2275,,,richelieu_gun_380_x3,1.175,1.2275,,,richelieu_gun_380_x3,1.175,1.2275,,,,,,,,,,,,
"gun_18_x4_france_bb,bc",,457,gun_18_x4,"france, france2","bb, bc",dant_gun_245_x4,1.682,1.763,,,dant_gun_245_x4,1.682,1.763,,,richelieu_gun_380_x4,1.175,1.2275,,,richelieu_gun_380_x4,1.175,1.2275,,,richelieu_gun_380_x4,1.175,1.2275,,,,,,,,,,,,
"gun_19_x1_france_bb,bc",,483,gun_19_x1,"france, france2","bb, bc",dant_gun_245_x1,1.773,1.854,,,dant_gun_245_x1,1.773,1.854,,,richelieu_gun_380_x1,1.2375,1.29,,,richelieu_gun_380_x1,1.2375,1.29,,,richelieu_gun_380_x1,1.2375,1.29,,,,,,,,,,,,
"gun_19_x2_france_bb,bc",,483,gun_19_x2,"france, france2","bb, bc",dant_gun_245_x2,1.773,1.854,,,dant_gun_245_x2,1.773,1.854,,,richelieu_gun_380_x2,1.2375,1.29,,,richelieu_gun_380_x2,1.2375,1.29,,,richelieu_gun_380_x2,1.2375,1.29,,,,,,,,,,,,
"gun_19_x3_france_bb,bc",,483,gun_19_x3,"france, france2","bb, bc",dant_gun_245_x3,1.773,1.854,,,dant_gun_245_x3,1.773,1.854,,,richelieu_gun_380_x3,1.2375,1.29,,,richelieu_gun_380_x3,1.2375,1.29,,,richelieu_gun_380_x3,1.2375,1.29,,,,,,,,,,,,
"gun_19_x4_france_bb,bc",,483,gun_19_x4,"france, france2","bb, bc",dant_gun_245_x4,1.773,1.854,,,dant_gun_245_x4,1.773,1.854,,,richelieu_gun_380_x4,1.2375,1.29,,,richelieu_gun_380_x4,1.2375,1.29,,,richelieu_gun_380_x4,1.2375,1.29,,,,,,,,,,,,
"gun_20_x1_france_bb,bc",,508,gun_20_x1,"france, france2","bb, bc",dant_gun_245_x1,1.864,1.945,,,dant_gun_245_x1,1.864,1.945,,,richelieu_gun_380_x1,1.3,1.3525,,,richelieu_gun_380_x1,1.3,1.3525,,,richelieu_gun_380_x1,1.3,1.3525,,,,,,,,,,,,
"gun_20_x2_france_bb,bc",,508,gun_20_x2,"france, france2","bb, bc",dant_gun_245_x2,1.864,1.945,,,dant_gun_245_x2,1.864,1.945,,,richelieu_gun_380_x2,1.3,1.3525,,,richelieu_gun_380_x2,1.3,1.3525,,,richelieu_gun_380_x2,1.3,1.3525,,,,,,,,,,,,
"gun_20_x3_france_bb,bc",,508,gun_20_x3,"france, france2","bb, bc",dant_gun_245_x3,1.864,1.945,,,dant_gun_245_x3,1.864,1.945,,,richelieu_gun_380_x3,1.3,1.3525,,,richelieu_gun_380_x3,1.3,1.3525,,,richelieu_gun_380_x3,1.3,1.3525,,,,,,,,,,,,
"gun_20_x4_france_bb,bc",,508,gun_20_x4,"france, france2","bb, bc",dant_gun_245_x4,1.864,1.945,,,dant_gun_245_x4,1.864,1.945,,,richelieu_gun_380_x4,1.3,1.3525,,,richelieu_gun_380_x4,1.3,1.3525,,,richelieu_gun_380_x4,1.3,1.3525,,,,,,,,,,,,
###,,,###,,,,,,,,,,,,,,,,,,,,,,,,,,,,,,,,,,,,,
gun_2_x1_russia,,51,gun_2_x1,russia,"cl, ca, bc, bb",,,,,,,,,,,,,,,,,,,,,,,,,,,,,,,,,,,
gun_2_x2_russia,,51,gun_2_x2,russia,"cl, ca, bc, bb",,,,,,,,,,,,,,,,ussr_gun_50_x2,0.337,0.4715,,,ussr_gun_50_x2,0.337,0.4715,,,,,,,,,,,,
gun_2_x3_russia,,51,gun_2_x3,russia,"cl, ca, bc, bb",,,,,,,,,,,,,,,,ussr_gun_50_x3,0.337,0.4715,,,ussr_gun_50_x3,0.337,0.4715,,,,,,,,,,,,
gun_2_x4_russia,,51,gun_2_x4,russia,"cl, ca, bc, bb",,,,,,,,,,,,,,,,ussr_gun_50_x4,0.337,0.4715,,,ussr_gun_50_x4,0.337,0.4715,,,,,,,,,,,,
gun_2_x1_russia_dd,,51,gun_2_x1,russia,"dd, tb",,,,,,,,,,,,,,,,,,,,,,,,,,,,,,,,,,,
gun_2_x2_russia_dd,,51,gun_2_x2,russia,"dd, tb",,,,,,,,,,,,,,,,ussr_gun_50_x2,0.337,0.4715,,,ussr_gun_50_x2,0.337,0.4715,,,,,,,,,,,,
gun_2_x3_russia_dd,,51,gun_2_x3,russia,"dd, tb",,,,,,,,,,,,,,,,ussr_gun_50_x3,0.337,0.4715,,,ussr_gun_50_x3,0.337,0.4715,,,,,,,,,,,,
gun_2_x4_russia_dd,,51,gun_2_x4,russia,"dd, tb",,,,,,,,,,,,,,,,ussr_gun_50_x4,0.337,0.4715,,,ussr_gun_50_x4,0.337,0.4715,,,,,,,,,,,,
gun_3_x1_russia_dd,,76,gun_3_x1,russia,"dd, tb",,,,,,,,,,,,,,,,ussr_gun_406_x1,0.245,0.29,,,ussr_gun_406_x1,0.245,0.29,,,,,,,,,,,,
gun_3_x2_russia_dd,,76,gun_3_x2,russia,"dd, tb",,,,,,,,,,,,,,,,ussr_gun_100_x2,0.4915,0.626,,,ussr_gun_100_x2,0.4915,0.626,,,,,,,,,,,,
gun_3_x3_russia_dd,,76,gun_3_x3,russia,"dd, tb",,,,,,,,,,,,,,,,ussr_gun_100_x3,0.4915,0.626,,,ussr_gun_100_x3,0.4915,0.626,,,,,,,,,,,,
gun_3_x4_russia_dd,,76,gun_3_x4,russia,"dd, tb",,,,,,,,,,,,,,,,ussr_gun_406_x4,0.245,0.29,,,ussr_gun_406_x4,0.245,0.29,,,,,,,,,,,,
gun_4_x1_russia_dd,,102,gun_4_x1,russia,"dd, tb",,,,,,,,,,,,,,,,,,,,,,,,,,,,,,,,,,,
gun_4_x2_russia_dd,,102,gun_4_x2,russia,"dd, tb",,,,,,,,,,,,,,,,akizuki_gun_b_127_x2,0.646,0.7805,,,akizuki_gun_b_127_x2,0.646,0.7805,,,,,,,,,,,,
gun_4_x3_russia_dd,,102,gun_4_x3,russia,"dd, tb",,,,,,,,,,,,,,,,akizuki_gun_b_127_x3,0.646,0.7805,,,akizuki_gun_b_127_x3,0.646,0.7805,,,,,,,,,,,,
gun_4_x4_russia_dd,,102,gun_4_x4,russia,"dd, tb",,,,,,,,,,,,,,,,,,,,,,,,,,,,,,,,,,,
gun_5_x1_russia_dd,,127,gun_5_x1,russia,"dd, tb",,,,,,,,,,,,,,,,,,,,,,,,,,,,,,,,,,,
gun_5_x2_russia_dd,,127,gun_5_x2,russia,"dd, tb",,,,,,,,,,,,,,,,akizuki_gun_b_127_x2,0.8005,0.935,,,akizuki_gun_b_127_x2,0.8005,0.935,,,,,,,,,,,,
gun_5_x3_russia_dd,,127,gun_5_x3,russia,"dd, tb",,,,,,,,,,,,,,,,akizuki_gun_b_127_x3,0.8005,0.935,,,akizuki_gun_b_127_x3,0.8005,0.935,,,,,,,,,,,,
gun_5_x4_russia_dd,,127,gun_5_x4,russia,"dd, tb",,,,,,,,,,,,,,,,,,,,,,,,,,,,,,,,,,,
gun_3_x1_russia_cl,,76,gun_3_x1,russia,cl,,,,,,,,,,,spee_gun_150_x1,0.732,0.858,,,,,,,,,,,,,,,,,,,,,,
gun_3_x2_russia_cl,,76,gun_3_x2,russia,cl,bouvet_gun_138_x2,0.634,0.796,,,pen_gun_127_x2,0.815,1.04,,,spee_gun_150_x2,0.732,0.858,,,ussr_gun_50_x2,0.4915,0.626,,,ussr_gun_50_x2,0.4915,0.626,,,,,,,,,,,,
gun_3_x3_russia_cl,,76,gun_3_x3,russia,cl,,,,,,pen_gun_127_x3,0.815,1.04,,,spee_gun_150_x3,0.732,0.858,,,ussr_gun_50_x3,0.4915,0.626,,,ussr_gun_50_x3,0.4915,0.626,,,,,,,,,,,,
gun_3_x4_russia_cl,,76,gun_3_x4,russia,cl,,,,,,,,,,,,,,,,ussr_gun_50_x4,0.4915,0.626,,,ussr_gun_50_x4,0.4915,0.626,,,,,,,,,,,,
gun_4_x1_russia_cl,,102,gun_4_x1,russia,cl,,,,,,,,,,,spee_gun_150_x1,0.868,0.994,,,,,,,,,,,,,,,,,,,,,,
gun_4_x2_russia_cl,,102,gun_4_x2,russia,cl,tsesarevich_gun_152_x2,0.646,0.7805,,,pen_gun_127_x2,1.06,1.285,,,spee_gun_150_x2,0.868,0.994,,,ussr_gun_100_x2,0.646,0.7805,,,ussr_gun_100_x2,0.646,0.7805,,,,,,,,,,,,
gun_4_x3_russia_cl,,102,gun_4_x3,russia,cl,tsesarevich_gun_152_x3,0.646,0.7805,,,pen_gun_127_x3,1.06,1.285,,,spee_gun_150_x3,0.868,0.994,,,ussr_gun_100_x3,0.646,0.7805,,,ussr_gun_100_x3,0.646,0.7805,,,,,,,,,,,,
gun_4_x4_russia_cl,,102,gun_4_x4,russia,cl,,,,,,,,,,,,,,,,bismarck_gun_b_150_x4,0.646,0.7805,,,bismarck_gun_b_150_x4,0.646,0.7805,,,,,,,,,,,,
gun_5_x1_russia_cl,,127,gun_5_x1,russia,cl,,,,,,spee_gun_150_x1,1.004,1.13,,,spee_gun_150_x1,1.004,1.13,,,,,,,,,,,,,,,,,,,,,,
gun_5_x2_russia_cl,,127,gun_5_x2,russia,cl,tsesarevich_gun_152_x2,0.8005,0.935,,,spee_gun_150_x2,1.004,1.13,,,spee_gun_150_x2,1.004,1.13,,,ussr_gun_100_x2,0.8005,0.935,,,ussr_gun_100_x2,0.8005,0.935,,,,,,,,,,,,
gun_5_x3_russia_cl,,127,gun_5_x3,russia,cl,tsesarevich_gun_152_x3,0.8005,0.935,,,spee_gun_150_x3,1.004,1.13,,,spee_gun_150_x3,1.004,1.13,,,ussr_gun_100_x3,0.8005,0.935,,,ussr_gun_100_x3,0.8005,0.935,,,,,,,,,,,,
gun_5_x4_russia_cl,,127,gun_5_x4,russia,cl,,,,,,,,,,,,,,,,bismarck_gun_b_150_x4,0.8005,0.935,,,bismarck_gun_b_150_x4,0.8005,0.935,,,,,,,,,,,,
gun_6_x1_russia_cl,,152,gun_6_x1,russia,cl,,,,,,spee_gun_150_x1,1.14,1.266,,,spee_gun_150_x1,1.14,1.266,,,,,,,,,,,,,,,,,,,,,,
gun_6_x2_russia_cl,,152,gun_6_x2,russia,cl,tsesarevich_gun_152_x2,0.955,1.0895,,,spee_gun_150_x2,1.14,1.266,,,spee_gun_150_x2,1.14,1.266,,,ussr_gun_152_x2,0.955,1.0895,,,ussr_gun_152_x2,0.955,1.0895,,,,,,,,,,,,
gun_6_x3_russia_cl,,152,gun_6_x3,russia,cl,tsesarevich_gun_152_x3,0.955,1.0895,,,spee_gun_150_x3,1.14,1.266,,,spee_gun_150_x3,1.14,1.266,,,mont_gun_152_x3,0.93,1.04,,,mont_gun_152_x3,0.93,1.04,,,,,,,,,,,,
gun_6_x4_russia_cl,,152,gun_6_x4,russia,cl,,,,,,,,,,,,,,,,mont_gun_152_x4,0.93,1.04,,,mont_gun_152_x4,0.93,1.04,,,,,,,,,,,,
"gun_3_x1_russia_ca,bb,bc",,76,gun_3_x1,russia,"ca, bb, bc",bouvet_gun_138_x1,0.634,0.796,,,pen_gun_127_x1,0.815,1.04,,,spee_gun_150_x1,0.732,0.858,,,,,,,,,,,,,,,,,,,,,,
"gun_3_x2_russia_ca,bb,bc",,76,gun_3_x2,russia,"ca, bb, bc",bouvet_gun_138_x2,0.634,0.796,,,pen_gun_127_x2,0.815,1.04,,,spee_gun_150_x2,0.732,0.858,,,ussr_gun_50_x2,0.4915,0.626,,,ussr_gun_50_x2,0.4915,0.626,,,,,,,,,,,,
"gun_3_x3_russia_ca,bb,bc",,76,gun_3_x3,russia,"ca, bb, bc",,,,,,pen_gun_127_x3,0.815,1.04,,,spee_gun_150_x3,0.732,0.858,,,ussr_gun_50_x3,0.4915,0.626,,,ussr_gun_50_x3,0.4915,0.626,,,,,,,,,,,,
"gun_3_x4_russia_ca,bb,bc",,76,gun_3_x4,russia,"ca, bb, bc",,,,,,,,,,,,,,,,ussr_gun_50_x4,0.4915,0.626,,,ussr_gun_50_x4,0.4915,0.626,,,,,,,,,,,,
"gun_4_x1_russia_ca,bb,bc",,102,gun_4_x1,russia,"ca, bb, bc",tsesarevich_gun_152_x1,0.646,0.7805,,,pen_gun_127_x1,1.06,1.285,,,spee_gun_150_x1,0.868,0.994,,,,,,,,,,,,,,,,,,,,,,
"gun_4_x2_russia_ca,bb,bc",,102,gun_4_x2,russia,"ca, bb, bc",tsesarevich_gun_152_x2,0.646,0.7805,,,pen_gun_127_x2,1.06,1.285,,,spee_gun_150_x2,0.868,0.994,,,ussr_gun_100_x2,0.646,0.7805,,,ussr_gun_100_x2,0.646,0.7805,,,,,,,,,,,,
"gun_4_x3_russia_ca,bb,bc",,102,gun_4_x3,russia,"ca, bb, bc",tsesarevich_gun_152_x3,0.646,0.7805,,,pen_gun_127_x3,1.06,1.285,,,spee_gun_150_x3,0.868,0.994,,,ussr_gun_100_x3,0.646,0.7805,,,ussr_gun_100_x3,0.646,0.7805,,,,,,,,,,,,
"gun_4_x4_russia_ca,bb,bc",,102,gun_4_x4,russia,"ca, bb, bc",,,,,,,,,,,bismarck_gun_b_150_x4,0.646,0.7805,,,bismarck_gun_b_150_x4,0.646,0.7805,,,bismarck_gun_b_150_x4,0.646,0.7805,,,,,,,,,,,,
"gun_5_x1_russia_ca,bb,bc",,127,gun_5_x1,russia,"ca, bb, bc",tsesarevich_gun_152_x1,0.8005,0.935,,,spee_gun_150_x1,1.004,1.13,,,spee_gun_150_x1,1.004,1.13,,,,,,,,,,,,,,,,,,,,,,
"gun_5_x2_russia_ca,bb,bc",,127,gun_5_x2,russia,"ca, bb, bc",tsesarevich_gun_152_x2,0.8005,0.935,,,spee_gun_150_x2,1.004,1.13,,,spee_gun_150_x2,1.004,1.13,,,ussr_gun_152_x2,0.8005,0.935,,,ussr_gun_152_x2,0.8005,0.935,,,,,,,,,,,,
"gun_5_x3_russia_ca,bb,bc",,127,gun_5_x3,russia,"ca, bb, bc",tsesarevich_gun_152_x3,0.8005,0.935,,,spee_gun_150_x3,1.004,1.13,,,spee_gun_150_x3,1.004,1.13,,,ussr_gun_152_x3,0.8005,0.935,,,ussr_gun_152_x3,0.8005,0.935,,,,,,,,,,,,
"gun_5_x4_russia_ca,bb,bc",,127,gun_5_x4,russia,"ca, bb, bc",,,,,,,,,,,bismarck_gun_b_150_x4,0.8005,0.935,,,bismarck_gun_b_150_x4,0.8005,0.935,,,bismarck_gun_b_150_x4,0.8005,0.935,,,,,,,,,,,,
"gun_6_x1_russia_ca,bb,bc",,152,gun_6_x1,russia,"ca, bb, bc",tsesarevich_gun_152_x1,0.955,1.0895,,,spee_gun_150_x1,1.14,1.266,,,spee_gun_150_x1,1.14,1.266,,,,,,,,,,,,,,,,,,,,,,
"gun_6_x2_russia_ca,bb,bc",,152,gun_6_x2,russia,"ca, bb, bc",tsesarevich_gun_152_x2,0.955,1.0895,,,spee_gun_150_x2,1.14,1.266,,,spee_gun_150_x2,1.14,1.266,,,ussr_gun_152_x2,0.955,1.0895,,,ussr_gun_152_x2,0.955,1.0895,,,,,,,,,,,,
"gun_6_x3_russia_ca,bb,bc",,152,gun_6_x3,russia,"ca, bb, bc",tsesarevich_gun_152_x3,0.955,1.0895,,,spee_gun_150_x3,1.14,1.266,,,spee_gun_150_x3,1.14,1.266,,,mont_gun_152_x3,0.93,1.04,,,mont_gun_152_x3,0.93,1.04,,,,,,,,,,,,
"gun_6_x4_russia_ca,bb,bc",,152,gun_6_x4,russia,"ca, bb, bc",,,,,,,,,,,,,,,,mont_gun_152_x4,0.93,1.04,,,mont_gun_152_x4,0.93,1.04,,,,,,,,,,,,
"gun_7_x1_russia_cl,ca,bb,bc",,178,gun_7_x1,russia,"cl, ca, bb, bc",tsesarevich_gun_152_x1,1.1095,1.244,,,,,,,,,,,,,,,,,,,,,,,,,,,,,,,,
"gun_7_x2_russia_cl,ca,bb,bc",,178,gun_7_x2,russia,"cl, ca, bb, bc",tsesarevich_gun_152_x2,1.1095,1.244,,,dreadnought_gun_178_x2,1.276,1.402,,,dreadnought_gun_178_x2,1.276,1.402,,,ussr_gun_152_x2,1.1095,1.244,,,ussr_gun_152_x2,1.1095,1.244,,,,,,,,,,,,
"gun_7_x3_russia_cl,ca,bb,bc",,178,gun_7_x3,russia,"cl, ca, bb, bc",tsesarevich_gun_152_x3,1.1095,1.244,,,dreadnought_gun_178_x3,1.276,1.402,,,dreadnought_gun_178_x3,1.276,1.402,,,mont_gun_152_x3,1.057,1.167,,,mont_gun_152_x3,1.057,1.167,,,,,,,,,,,,
"gun_7_x4_russia_cl,ca,bb,bc",,178,gun_7_x4,russia,"cl, ca, bb, bc",,,,,,dreadnought_gun_178_x4,1.276,1.402,,,dreadnought_gun_178_x4,1.276,1.402,,,mont_gun_152_x4,1.057,1.167,,,mont_gun_152_x4,1.057,1.167,,,,,,,,,,,,
"gun_8_x1_russia_ca,bb,bc",,203,gun_8_x1,russia,"ca, bb, bc",tsesarevich_gun_152_x1,1.264,1.3985,,,dreadnought_gun_178_x1,1.412,1.538,,,ussr_gun_406_x1,0.495,0.54,,,ussr_gun_406_x1,0.495,0.54,,,ussr_gun_406_x1,0.495,0.54,,,,,,,,,,,,
"gun_8_x2_russia_ca,bb,bc",,203,gun_8_x2,russia,"ca, bb, bc",tsesarevich_gun_152_x2,1.264,1.3985,,,dreadnought_gun_178_x2,1.412,1.538,,,ussr_gun_406_x2,0.495,0.54,,,ussr_gun_406_x2,0.495,0.54,,,ussr_gun_406_x2,0.495,0.54,,,,,,,,,,,,
"gun_8_x3_russia_ca,bb,bc",,203,gun_8_x3,russia,"ca, bb, bc",tsesarevich_gun_152_x3,1.264,1.3985,,,dreadnought_gun_178_x3,1.412,1.538,,,ussr_gun_406_x3,0.495,0.54,,,ussr_gun_406_x3,0.495,0.54,,,ussr_gun_406_x3,0.495,0.54,,,,,,,,,,,,
"gun_8_x4_russia_ca,bb,bc",,203,gun_8_x4,russia,"ca, bb, bc",,,,,,dreadnought_gun_178_x4,1.412,1.538,,,ussr_gun_406_x4,0.495,0.54,,,ussr_gun_406_x4,0.495,0.54,,,ussr_gun_406_x4,0.495,0.54,,,,,,,,,,,,
"gun_9_x1_russia_ca,bb,bc",,229,gun_9_x1,russia,"ca, bb, bc",tsesarevich_gun_152_x1,1.4185,1.553,,,dreadnought_gun_178_x1,1.548,1.674,,,ussr_gun_406_x1,0.545,0.59,,,ussr_gun_406_x1,0.545,0.59,,,ussr_gun_406_x1,0.545,0.59,,,,,,,,,,,,
"gun_9_x2_russia_ca,bb,bc",,229,gun_9_x2,russia,"ca, bb, bc",tsesarevich_gun_152_x2,1.4185,1.553,,,dreadnought_gun_178_x2,1.548,1.674,,,ussr_gun_406_x2,0.545,0.59,,,ussr_gun_406_x2,0.545,0.59,,,ussr_gun_406_x2,0.545,0.59,,,,,,,,,,,,
"gun_9_x3_russia_ca,bb,bc",,229,gun_9_x3,russia,"ca, bb, bc",tsesarevich_gun_152_x3,1.4185,1.553,,,dreadnought_gun_178_x3,1.548,1.674,,,ussr_gun_406_x3,0.545,0.59,,,ussr_gun_406_x3,0.545,0.59,,,ussr_gun_406_x3,0.545,0.59,,,,,,,,,,,,
"gun_9_x4_russia_ca,bb,bc",,229,gun_9_x4,russia,"ca, bb, bc",,,,,,dreadnought_gun_178_x4,1.548,1.674,,,ussr_gun_406_x4,0.545,0.59,,,ussr_gun_406_x4,0.545,0.59,,,ussr_gun_406_x4,0.545,0.59,,,,,,,,,,,,
"gun_10_x1_russia_ca,bb,bc",,254,gun_10_x1,russia,"ca, bb, bc",tsesarevich_gun_305_x1,0.954,1.035,,,dreadnought_gun_178_x1,1.684,1.81,,,ussr_gun_406_x1,0.595,0.64,,,ussr_gun_406_x1,0.595,0.64,,,ussr_gun_406_x1,0.595,0.64,,,,,,,,,,,,
"gun_10_x2_russia_ca,bb,bc",,254,gun_10_x2,russia,"ca, bb, bc",tsesarevich_gun_305_x2,0.954,1.035,,,dreadnought_gun_178_x2,1.684,1.81,,,ussr_gun_406_x2,0.595,0.64,,,ussr_gun_406_x2,0.595,0.64,,,ussr_gun_406_x2,0.595,0.64,,,,,,,,,,,,
"gun_10_x3_russia_ca,bb,bc",,254,gun_10_x3,russia,"ca, bb, bc",tsesarevich_gun_305_x3,0.954,1.035,,,dreadnought_gun_178_x3,1.684,1.81,,,ussr_gun_406_x3,0.595,0.64,,,ussr_gun_406_x3,0.595,0.64,,,ussr_gun_406_x3,0.595,0.64,,,,,,,,,,,,
"gun_10_x4_russia_ca,bb,bc",,254,gun_10_x4,russia,"ca, bb, bc",,,,,,dreadnought_gun_178_x4,1.684,1.81,,,ussr_gun_406_x4,0.595,0.64,,,ussr_gun_406_x4,0.595,0.64,,,ussr_gun_406_x4,0.595,0.64,,,,,,,,,,,,
"gun_11_x1_russia_ca,bb,bc",,279,gun_11_x1,russia,"ca, bb, bc",tsesarevich_gun_305_x1,1.045,1.126,,,dreadnought_gun_b_305_x1,1.045,1.126,,,yamato_gun_b_460_x1,0.705,0.759,,,spee_gun_280_x1_a,0.9135,0.9808,,,spee_gun_280_x1_a,0.9135,0.9808,,,,,,,,,,,,
"gun_11_x2_russia_ca,bb,bc",,279,gun_11_x2,russia,"ca, bb, bc",tsesarevich_gun_305_x2,1.045,1.126,,,dreadnought_gun_b_305_x2,1.045,1.126,,,yamato_gun_b_460_x2,0.705,0.759,,,spee_gun_280_x2_a,0.9135,0.9808,,,spee_gun_280_x2_a,0.9135,0.9808,,,,,,,,,,,,
"gun_11_x3_russia_ca,bb,bc",,279,gun_11_x3,russia,"ca, bb, bc",tsesarevich_gun_305_x3,1.045,1.126,,,dreadnought_gun_b_305_x3,1.045,1.126,,,yamato_gun_b_460_x3,0.705,0.759,,,spee_gun_280_x3_a,0.9135,0.9808,,,spee_gun_280_x3_a,0.9135,0.9808,,,,,,,,,,,,
"gun_11_x4_russia_ca,bb,bc",,279,gun_11_x4,russia,"ca, bb, bc",,,,,,dreadnought_gun_b_305_x4,1.045,1.126,,,yamato_gun_b_460_x4,0.705,0.759,,,spee_gun_280_x4_a,0.9135,0.9808,,,spee_gun_280_x4_a,0.9135,0.9808,,,,,,,,,,,,
"gun_12_x1_russia_bb,bc",,305,gun_12_x1,russia,"ca, bb, bc",tsesarevich_gun_305_x1,1.136,1.217,,,dreadnought_gun_b_305_x1,1.136,1.217,,,yamato_gun_b_460_x1,0.765,0.818,,,spee_gun_280_x1_a,0.9908,1.0581,,,spee_gun_280_x1_a,0.9908,1.0581,,,,,,,,,,,,
"gun_12_x2_russia_bb,bc",,305,gun_12_x2,russia,"ca, bb, bc",tsesarevich_gun_305_x2,1.136,1.217,,,dreadnought_gun_b_305_x2,1.136,1.217,,,yamato_gun_b_460_x2,0.765,0.818,,,spee_gun_280_x2_a,0.9908,1.0581,,,spee_gun_280_x2_a,0.9908,1.0581,,,,,,,,,,,,
"gun_12_x3_russia_bb,bc",,305,gun_12_x3,russia,"ca, bb, bc",tsesarevich_gun_305_x3,1.136,1.217,,,dreadnought_gun_b_305_x3,1.136,1.217,,,yamato_gun_b_460_x3,0.765,0.818,,,spee_gun_280_x3_a,0.9908,1.0581,,,spee_gun_280_x3_a,0.9908,1.0581,,,,,,,,,,,,
"gun_12_x4_russia_bb,bc",,305,gun_12_x4,russia,"ca, bb, bc",dreadnought_gun_b_305_x4,1.136,1.217,,,dreadnought_gun_b_305_x4,1.136,1.217,,,yamato_gun_b_460_x4,0.765,0.818,,,spee_gun_280_x4_a,0.9908,1.0581,,,spee_gun_280_x4_a,0.9908,1.0581,,,,,,,,,,,,
"gun_13_x1_russia_bb,bc",,330,gun_13_x1,russia,"bb, bc",tsesarevich_gun_305_x1,1.227,1.308,,,dreadnought_gun_b_305_x1,1.227,1.308,,,yamato_gun_b_460_x1,0.823,0.877,,,spee_gun_280_x1_a,1.0681,1.1354,,,spee_gun_280_x1_a,1.0681,1.1354,,,,,,,,,,,,
"gun_13_x2_russia_bb,bc",,330,gun_13_x2,russia,"bb, bc",tsesarevich_gun_305_x2,1.227,1.308,,,dreadnought_gun_b_305_x2,1.227,1.308,,,yamato_gun_b_460_x2,0.823,0.877,,,spee_gun_280_x2_a,1.0681,1.1354,,,spee_gun_280_x2_a,1.0681,1.1354,,,,,,,,,,,,
"gun_13_x3_russia_bb,bc",,330,gun_13_x3,russia,"bb, bc",tsesarevich_gun_305_x3,1.227,1.308,,,dreadnought_gun_b_305_x3,1.227,1.308,,,yamato_gun_b_460_x3,0.823,0.877,,,spee_gun_280_x3_a,1.0681,1.1354,,,spee_gun_280_x3_a,1.0681,1.1354,,,,,,,,,,,,
"gun_13_x4_russia_bb,bc",,330,gun_13_x4,russia,"bb, bc",dreadnought_gun_b_305_x4,1.227,1.308,,,dreadnought_gun_b_305_x4,1.227,1.308,,,yamato_gun_b_460_x4,0.823,0.877,,,spee_gun_280_x4_a,1.0681,1.1354,,,spee_gun_280_x4_a,1.0681,1.1354,,,,,,,,,,,,
"gun_14_x1_russia_bb,bc",,356,gun_14_x1,russia,"bb, bc",tsesarevich_gun_305_x1,1.318,1.399,,,dreadnought_gun_b_305_x1,1.318,1.399,,,yamato_gun_b_460_x1,0.795,0.84,,,ussr_gun_406_x1,0.795,0.84,,,ussr_gun_406_x1,0.795,0.84,,,,,,,,,,,,
"gun_14_x2_russia_bb,bc",,356,gun_14_x2,russia,"bb, bc",tsesarevich_gun_305_x2,1.318,1.399,,,dreadnought_gun_b_305_x2,1.318,1.399,,,yamato_gun_b_460_x2,0.795,0.84,,,ussr_gun_406_x2,0.795,0.84,,,ussr_gun_406_x2,0.795,0.84,,,,,,,,,,,,
"gun_14_x3_russia_bb,bc",,356,gun_14_x3,russia,"bb, bc",tsesarevich_gun_305_x3,1.318,1.399,,,dreadnought_gun_b_305_x3,1.318,1.399,,,yamato_gun_b_460_x3,0.795,0.84,,,ussr_gun_406_x3,0.795,0.84,,,ussr_gun_406_x3,0.795,0.84,,,,,,,,,,,,
"gun_14_x4_russia_bb,bc",,356,gun_14_x4,russia,"bb, bc",dreadnought_gun_b_305_x4,1.318,1.399,,,dreadnought_gun_b_305_x4,1.318,1.399,,,yamato_gun_b_460_x4,0.795,0.84,,,ussr_gun_406_x4,0.795,0.84,,,ussr_gun_406_x4,0.795,0.84,,,,,,,,,,,,
"gun_15_x1_russia_bb,bc",,381,gun_15_x1,russia,"bb, bc",tsesarevich_gun_305_x1,1.409,1.49,,,dreadnought_gun_b_305_x1,1.409,1.49,,,yamato_gun_b_460_x1,0.845,0.89,,,ussr_gun_406_x1,0.845,0.89,,,ussr_gun_406_x1,0.845,0.89,,,,,,,,,,,,
"gun_15_x2_russia_bb,bc",,381,gun_15_x2,russia,"bb, bc",tsesarevich_gun_305_x2,1.409,1.49,,,dreadnought_gun_b_305_x2,1.409,1.49,,,yamato_gun_b_460_x2,0.845,0.89,,,ussr_gun_406_x2,0.845,0.89,,,ussr_gun_406_x2,0.845,0.89,,,,,,,,,,,,
"gun_15_x3_russia_bb,bc",,381,gun_15_x3,russia,"bb, bc",tsesarevich_gun_305_x3,1.409,1.49,,,dreadnought_gun_b_305_x3,1.409,1.49,,,yamato_gun_b_460_x3,0.845,0.89,,,ussr_gun_406_x3,0.845,0.89,,,ussr_gun_406_x3,0.845,0.89,,,,,,,,,,,,
"gun_15_x4_russia_bb,bc",,381,gun_15_x4,russia,"bb, bc",,,,,,dreadnought_gun_b_305_x4,1.409,1.49,,,yamato_gun_b_460_x4,0.845,0.89,,,ussr_gun_406_x4,0.845,0.89,,,ussr_gun_406_x4,0.845,0.89,,,,,,,,,,,,
"gun_16_x1_russia_bb,bc",,406,gun_16_x1,russia,"bb, bc",tsesarevich_gun_305_x1,1.5,1.581,,,dreadnought_gun_b_305_x1,1.5,1.581,,,yamato_gun_b_460_x1,0.895,0.94,,,ussr_gun_406_x1,0.895,0.94,,,ussr_gun_406_x1,0.895,0.94,,,,,,,,,,,,
"gun_16_x2_russia_bb,bc",,406,gun_16_x2,russia,"bb, bc",tsesarevich_gun_305_x2,1.5,1.581,,,dreadnought_gun_b_305_x2,1.5,1.581,,,yamato_gun_b_460_x2,0.895,0.94,,,ussr_gun_406_x2,0.895,0.94,,,ussr_gun_406_x2,0.895,0.94,,,,,,,,,,,,
"gun_16_x3_russia_bb,bc",,406,gun_16_x3,russia,"bb, bc",tsesarevich_gun_305_x3,1.5,1.581,,,dreadnought_gun_b_305_x3,1.5,1.581,,,yamato_gun_b_460_x3,0.895,0.94,,,ussr_gun_406_x3,0.895,0.94,,,ussr_gun_406_x3,0.895,0.94,,,,,,,,,,,,
"gun_16_x4_russia_bb,bc",,406,gun_16_x4,russia,"bb, bc",,,,,,dreadnought_gun_b_305_x4,1.5,1.581,,,yamato_gun_b_460_x4,0.895,0.94,,,ussr_gun_406_x4,0.895,0.94,,,ussr_gun_406_x4,0.895,0.94,,,,,,,,,,,,
"gun_17_x1_russia_bb,bc",,432,gun_17_x1,russia,"bb, bc",dreadnought_gun_b_305_x1,1.591,1.672,,,yamato_gun_b_460_x1,0.945,0.99,,,ussr_gun_406_x1,0.945,0.99,,,ussr_gun_406_x1,0.945,0.99,,,ussr_gun_406_x1,0.945,0.99,,,,,,,,,,,,
"gun_17_x2_russia_bb,bc",,432,gun_17_x2,russia,"bb, bc",dreadnought_gun_b_305_x2,1.591,1.672,,,yamato_gun_b_460_x2,0.945,0.99,,,ussr_gun_406_x2,0.945,0.99,,,ussr_gun_406_x2,0.945,0.99,,,ussr_gun_406_x2,0.945,0.99,,,,,,,,,,,,
"gun_17_x3_russia_bb,bc",,432,gun_17_x3,russia,"bb, bc",dreadnought_gun_b_305_x3,1.591,1.672,,,yamato_gun_b_460_x3,0.945,0.99,,,ussr_gun_406_x3,0.945,0.99,,,ussr_gun_406_x3,0.945,0.99,,,ussr_gun_406_x3,0.945,0.99,,,,,,,,,,,,
"gun_17_x4_russia_bb,bc",,432,gun_17_x4,russia,"bb, bc",dreadnought_gun_b_305_x4,1.591,1.672,,,yamato_gun_b_460_x4,0.945,0.99,,,ussr_gun_406_x4,0.945,0.99,,,ussr_gun_406_x4,0.945,0.99,,,ussr_gun_406_x4,0.945,0.99,,,,,,,,,,,,
"gun_18_x1_russia_bb,bc",,457,gun_18_x1,russia,"bb, bc",dreadnought_gun_b_305_x1,1.682,1.763,,,yamato_gun_b_460_x1,0.995,1.04,,,ussr_gun_406_x1,0.995,1.04,,,ussr_gun_406_x1,0.995,1.04,,,ussr_gun_406_x1,0.995,1.04,,,,,,,,,,,,
"gun_18_x2_russia_bb,bc",,457,gun_18_x2,russia,"bb, bc",dreadnought_gun_b_305_x2,1.682,1.763,,,yamato_gun_b_460_x2,0.995,1.04,,,ussr_gun_406_x2,0.995,1.04,,,ussr_gun_406_x2,0.995,1.04,,,ussr_gun_406_x2,0.995,1.04,,,,,,,,,,,,
"gun_18_x3_russia_bb,bc",,457,gun_18_x3,russia,"bb, bc",dreadnought_gun_b_305_x3,1.682,1.763,,,yamato_gun_b_460_x3,0.995,1.04,,,ussr_gun_406_x3,0.995,1.04,,,ussr_gun_406_x3,0.995,1.04,,,ussr_gun_406_x3,0.995,1.04,,,,,,,,,,,,
"gun_18_x4_russia_bb,bc",,457,gun_18_x4,russia,"bb, bc",dreadnought_gun_b_305_x4,1.682,1.763,,,yamato_gun_b_460_x4,0.995,1.04,,,ussr_gun_406_x4,0.995,1.04,,,ussr_gun_406_x4,0.995,1.04,,,ussr_gun_406_x4,0.995,1.04,,,,,,,,,,,,
"gun_19_x1_russia_bb,bc",,483,gun_19_x1,russia,"bb, bc",dreadnought_gun_b_305_x1,1.773,1.854,,,yamato_gun_b_460_x1,1.045,1.09,,,ussr_gun_406_x1,1.045,1.09,,,ussr_gun_406_x1,1.045,1.09,,,ussr_gun_406_x1,1.045,1.09,,,,,,,,,,,,
"gun_19_x2_russia_bb,bc",,483,gun_19_x2,russia,"bb, bc",dreadnought_gun_b_305_x2,1.773,1.854,,,yamato_gun_b_460_x2,1.045,1.09,,,ussr_gun_406_x2,1.045,1.09,,,ussr_gun_406_x2,1.045,1.09,,,ussr_gun_406_x2,1.045,1.09,,,,,,,,,,,,
"gun_19_x3_russia_bb,bc",,483,gun_19_x3,russia,"bb, bc",dreadnought_gun_b_305_x3,1.773,1.854,,,yamato_gun_b_460_x3,1.045,1.09,,,ussr_gun_406_x3,1.045,1.09,,,ussr_gun_406_x3,1.045,1.09,,,ussr_gun_406_x3,1.045,1.09,,,,,,,,,,,,
"gun_19_x4_russia_bb,bc",,483,gun_19_x4,russia,"bb, bc",dreadnought_gun_b_305_x4,1.773,1.854,,,yamato_gun_b_460_x4,1.045,1.09,,,ussr_gun_406_x4,1.045,1.09,,,ussr_gun_406_x4,1.045,1.09,,,ussr_gun_406_x4,1.045,1.09,,,,,,,,,,,,
"gun_20_x1_russia_bb,bc",,508,gun_20_x1,russia,"bb, bc",dreadnought_gun_b_305_x1,1.864,1.945,,,yamato_gun_b_460_x1,1.095,1.14,,,ussr_gun_406_x1,1.095,1.14,,,ussr_gun_406_x1,1.095,1.14,,,ussr_gun_406_x1,1.095,1.14,,,,,,,,,,,,
"gun_20_x2_russia_bb,bc",,508,gun_20_x2,russia,"bb, bc",dreadnought_gun_b_305_x2,1.864,1.945,,,yamato_gun_b_460_x2,1.095,1.14,,,ussr_gun_406_x2,1.095,1.14,,,ussr_gun_406_x2,1.095,1.14,,,ussr_gun_406_x2,1.095,1.14,,,,,,,,,,,,
"gun_20_x3_russia_bb,bc",,508,gun_20_x3,russia,"bb, bc",dreadnought_gun_b_305_x3,1.864,1.945,,,yamato_gun_b_460_x3,1.095,1.14,,,ussr_gun_406_x3,1.095,1.14,,,ussr_gun_406_x3,1.095,1.14,,,ussr_gun_406_x3,1.095,1.14,,,,,,,,,,,,
"gun_20_x4_russia_bb,bc",,508,gun_20_x4,russia,"bb, bc",dreadnought_gun_b_305_x4,1.864,1.945,,,yamato_gun_b_460_x4,1.095,1.14,,,ussr_gun_406_x4,1.095,1.14,,,ussr_gun_406_x4,1.095,1.14,,,ussr_gun_406_x4,1.095,1.14,,,,,,,,,,,,
###,,,###,,,,,,,,,,,,,,,,,,,,,,,,,,,,,,,,,,,,,
gun_2_x1_alt_russia,,51,gun_2_x1_alt,russia,,,,,,,,,,,,,,,,,ussr_gun_50_x1,0.637,0.772,,55,ussr_gun_50_x1,0.637,0.772,,55,,,,,,,,,,
gun_2_x2_alt_russia,,51,gun_2_x2_alt,russia,,,,,,,,,,,,,,,,,ussr_gun_50_x2,0.637,0.772,,55,ussr_gun_50_x2,0.637,0.772,,55,,,,,,,,,,
gun_2_x3_alt_russia,,51,gun_2_x3_alt,russia,,,,,,,,,,,,,,,,,ussr_gun_50_x3,0.637,0.772,,55,ussr_gun_50_x3,0.637,0.772,,55,,,,,,,,,,
gun_3_x1_alt_russia,,76,gun_3_x1_alt,russia,,,,,,,,,,,,,,,,,ussr_gun_50_x1,0.783,0.912,,50,ussr_gun_50_x1,0.783,0.912,,55,,,,,,,,,,
gun_3_x2_alt_russia,,76,gun_3_x2_alt,russia,,,,,,,,,,,,,,,,,ussr_gun_50_x2,0.783,0.912,,50,ussr_gun_50_x2,0.783,0.912,,55,,,,,,,,,,
gun_3_x3_alt_russia,,76,gun_3_x3_alt,russia,,,,,,,,,,,,,,,,,ussr_gun_50_x3,0.783,0.912,,50,ussr_gun_50_x3,0.783,0.912,,55,,,,,,,,,,
gun_4_x1_alt_russia,,102,gun_4_x1_alt,russia,,,,,,,small_gun_e_76_x1,1.19,1.305,,,small_gun_e_76_x1,1.19,1.305,,,,,,,,,,,,,,,,,,,,,,
gun_4_x2_alt_russia,,102,gun_4_x2_alt,russia,,,,,,,,,,,,,,,,,ussr_gun_100_x2,0.94,1.02,,,ussr_gun_100_x2,0.94,1.02,,,,,,,,,,,,
gun_4_x3_alt_russia,,102,gun_4_x3_alt,russia,,,,,,,,,,,,,,,,,ussr_gun_100_x3,0.94,1.02,,,ussr_gun_100_x3,0.94,1.02,,,,,,,,,,,,
gun_5_x1_alt_russia,,127,gun_5_x1_alt,russia,,,,,,,spee_gun_150_x1,1.105,1.19,,,spee_gun_150_x1,1.105,1.19,,,,,,,,,,,,,,,,,,,,,,
gun_5_x2_alt_russia,,127,gun_5_x2_alt,russia,,tsesarevich_gun_152_x2,0.8005,0.935,,,spee_gun_150_x2,1.004,1.13,,,,,,,,ussr_gun_100_x2,1.03,1.11,,,ussr_gun_100_x2,1.03,1.11,,,,,,,,,,,,
gun_5_x3_alt_russia,,127,gun_5_x3_alt,russia,,tsesarevich_gun_152_x3,0.8005,0.935,,,spee_gun_150_x3,1.004,1.13,,,,,,,,ussr_gun_100_x3,1.03,1.11,,,ussr_gun_100_x3,1.03,1.11,,,,,,,,,,,,
gun_6_x2_alt_russia,,152,gun_6_x2_alt,russia,,tsesarevich_gun_152_x2,0.955,1.0895,,,spee_gun_150_x2,1.195,1.28,,,spee_gun_150_x2,1.195,1.28,,,ussr_gun_152_x2,1.02,1.095,,,ussr_gun_152_x2,1.02,1.095,,,,,,,,,,,,
gun_6_x3_alt_russia,,152,gun_6_x3_alt,russia,,tsesarevich_gun_152_x3,0.955,1.0895,,,spee_gun_150_x3,1.195,1.28,,,spee_gun_150_x3,1.195,1.28,,,ussr_gun_152_x3,1.02,1.095,,,ussr_gun_152_x3,1.02,1.095,,,,,,,,,,,,
gun_7_x2_alt_russia,,178,gun_7_x2_alt,russia,,tsesarevich_gun_152_x2,1.1095,1.244,,,dreadnought_gun_178_x2,1.276,1.376,,,dreadnought_gun_178_x2,1.276,1.402,,,ussr_gun_152_x2,1.1,1.185,,,ussr_gun_152_x2,1.1,1.185,,,,,,,,,,,,
gun_7_x3_alt_russia,,178,gun_7_x3_alt,russia,,tsesarevich_gun_152_x3,1.1095,1.244,,,dreadnought_gun_178_x3,1.276,1.376,,,dreadnought_gun_178_x3,1.276,1.402,,,mont_gun_152_x3,1.19,1.269,,,ussr_gun_152_x3,1.1,1.185,,,,,,,,,,,,
gun_8_x2_alt_russia,,203,gun_8_x2_alt,russia,,tsesarevich_gun_152_x2,1.264,1.3985,,,agamemnon_gun_b_228_x2,1.348,1.454,,,ussr_gun_406_x2,0.495,0.54,,,ussr_gun_406_x2,0.495,0.54,,,ussr_gun_406_x2,0.495,0.54,,,,,,,,,,,,
gun_8_x3_alt_russia,,203,gun_8_x3_alt,russia,,tsesarevich_gun_152_x3,1.264,1.3985,,,agamemnon_gun_b_228_x3,1.348,1.454,,,ussr_gun_406_x3,0.495,0.54,,,ussr_gun_406_x3,0.495,0.54,,,ussr_gun_406_x3,0.495,0.54,,,,,,,,,,,,
gun_9_x2_alt_russia,,229,gun_9_x2_alt,russia,,tsesarevich_gun_152_x2,1.4185,1.553,,,agamemnon_gun_b_228_x2,1.458,1.544,,,ussr_gun_406_x2,0.545,0.59,,,ussr_gun_406_x2,0.545,0.59,,,ussr_gun_406_x2,0.545,0.59,,,,,,,,,,,,
gun_9_x3_alt_russia,,229,gun_9_x3_alt,russia,,tsesarevich_gun_152_x3,1.4185,1.553,,,agamemnon_gun_b_228_x3,1.458,1.544,,,ussr_gun_406_x3,0.545,0.59,,,ussr_gun_406_x3,0.545,0.59,,,ussr_gun_406_x3,0.545,0.59,,,,,,,,,,,,
gun_10_x2_alt_russia,,254,gun_10_x2_alt,russia,,tsesarevich_gun_305_x2,0.954,1.035,,,agamemnon_gun_b_228_x2,1.548,1.624,,,ussr_gun_406_x2,0.595,0.64,,,ussr_gun_406_x2,0.595,0.64,,,ussr_gun_406_x2,0.595,0.64,,,,,,,,,,,,
gun_10_x3_alt_russia,,254,gun_10_x3_alt,russia,,tsesarevich_gun_305_x3,0.954,1.035,,,agamemnon_gun_b_228_x3,1.548,1.624,,,ussr_gun_406_x3,0.595,0.64,,,ussr_gun_406_x3,0.595,0.64,,,ussr_gun_406_x3,0.595,0.64,,,,,,,,,,,,
gun_11_x2_alt_russia,,279,gun_11_x2_alt,russia,,tsesarevich_gun_305_x2,1.045,1.126,,,dreadnought_gun_b_305_x2,1.135,1.205,,,yamato_gun_b_460_x2,0.645,0.69,,,spee_gun_280_x2_a,1.0035,1.0708,,,spee_gun_280_x2_a,1.0035,1.0708,,,,,,,,,,,,
gun_11_x3_alt_russia,,279,gun_11_x3_alt,russia,,tsesarevich_gun_305_x3,1.045,1.126,,,dreadnought_gun_b_305_x3,1.135,1.205,,,yamato_gun_b_460_x3,0.645,0.69,,,spee_gun_280_x3_a,1.0035,1.0708,,,spee_gun_280_x3_a,1.0035,1.0708,,,,,,,,,,,,
gun_12_x2_alt_russia,,305,gun_12_x2_alt,russia,,tsesarevich_gun_305_x2,1.136,1.217,,,dreadnought_gun_b_305_x2,1.21,1.28,,,yamato_gun_b_460_x2,0.695,0.74,,,spee_gun_280_x2_a,0.9908,1.0581,,45,spee_gun_280_x2_a,0.9908,1.0581,,,,,,,,,,,,
gun_12_x3_alt_russia,,305,gun_12_x3_alt,russia,,tsesarevich_gun_305_x3,1.136,1.217,,,dreadnought_gun_b_305_x3,1.21,1.28,,,yamato_gun_b_460_x3,0.695,0.74,,,spee_gun_280_x3_a,0.9908,1.0581,,45,spee_gun_280_x3_a,0.9908,1.0581,,,,,,,,,,,,
gun_13_x2_alt_russia,,330,gun_13_x2_alt,russia,,tsesarevich_gun_305_x2,1.227,1.308,,,dreadnought_gun_b_305_x2,1.285,1.355,,,yamato_gun_460_x2,0.745,0.79,,,spee_gun_280_x2_a,1.0681,1.1354,,45,spee_gun_280_x2_a,1.0681,1.1354,,,,,,,,,,,,
gun_13_x3_alt_russia,,330,gun_13_x3_alt,russia,,tsesarevich_gun_305_x3,1.227,1.308,,,dreadnought_gun_b_305_x3,1.285,1.355,,,yamato_gun_460_x3,0.745,0.79,,,spee_gun_280_x3_a,1.0681,1.1354,,45,spee_gun_280_x3_a,1.0681,1.1354,,,,,,,,,,,,
gun_14_x2_alt_russia,,330,gun_14_x2_alt,russia,,tsesarevich_gun_305_x2,1.318,1.399,,,dreadnought_gun_b_305_x2,1.36,1.43,,,yamato_gun_460_x2,0.795,0.84,,,ussr_gun_406_x2,0.795,0.84,,45,ussr_gun_406_x2,0.795,0.84,,,,,,,,,,,,
gun_14_x3_alt_russia,,330,gun_14_x3_alt,russia,,tsesarevich_gun_305_x3,1.318,1.399,,,dreadnought_gun_b_305_x3,1.36,1.43,,,yamato_gun_460_x3,0.795,0.84,,,ussr_gun_406_x3,0.795,0.84,,45,ussr_gun_406_x3,0.795,0.84,,,,,,,,,,,,
gun_15_x2_alt_russia,,381,gun_15_x2_alt,russia,,tsesarevich_gun_305_x2,1.409,1.49,,,dreadnought_gun_b_305_x2,1.435,1.505,,,yamato_gun_460_x2,0.845,0.89,,,ussr_gun_406_x2,0.845,0.89,,45,ussr_gun_406_x2,0.845,0.89,,,,,,,,,,,,
gun_15_x3_alt_russia,,381,gun_15_x3_alt,russia,,tsesarevich_gun_305_x3,1.409,1.49,,,dreadnought_gun_b_305_x3,1.435,1.505,,,yamato_gun_460_x3,0.845,0.89,,,ussr_gun_406_x3,0.845,0.89,,45,ussr_gun_406_x3,0.845,0.89,,,,,,,,,,,,
gun_16_x2_alt_russia,,406,gun_16_x2_alt,russia,,tsesarevich_gun_305_x2,1.5,1.581,,,dreadnought_gun_b_305_x2,1.51,1.58,,,yamato_gun_460_x2,0.895,0.94,,,ussr_gun_406_x2,0.895,0.94,,45,ussr_gun_406_x2,0.895,0.94,,,,,,,,,,,,
gun_16_x3_alt_russia,,406,gun_16_x3_alt,russia,,tsesarevich_gun_305_x3,1.5,1.581,,,dreadnought_gun_b_305_x3,1.51,1.58,,,yamato_gun_460_x3,0.895,0.94,,,ussr_gun_406_x3,0.895,0.94,,45,ussr_gun_406_x3,0.895,0.94,,,,,,,,,,,,
gun_17_x2_alt_russia,,432,gun_17_x2_alt,russia,,dreadnought_gun_b_305_x2,1.585,1.655,,,dreadnought_gun_b_305_x2,1.585,1.655,,,yamato_gun_460_x2,0.945,0.99,,,yamato_gun_b_460_x2,0.945,0.99,,45,ussr_gun_406_x2,0.945,0.99,,,,,,,,,,,,
gun_17_x3_alt_russia,,432,gun_17_x3_alt,russia,,dreadnought_gun_b_305_x3,1.585,1.655,,,dreadnought_gun_b_305_x3,1.585,1.655,,,yamato_gun_460_x3,0.945,0.99,,,yamato_gun_b_460_x3,0.945,0.99,,45,ussr_gun_406_x3,0.945,0.99,,,,,,,,,,,,
gun_18_x2_alt_russia,,457,gun_18_x2_alt,russia,,dreadnought_gun_b_305_x2,1.66,1.73,,,dreadnought_gun_b_305_x2,1.66,1.73,,,yamato_gun_460_x2,0.995,1.04,,,yamato_gun_b_460_x2,0.995,1.04,,45,ussr_gun_406_x2,0.995,1.04,,,,,,,,,,,,
gun_18_x3_alt_russia,,457,gun_18_x3_alt,russia,,dreadnought_gun_b_305_x3,1.66,1.73,,,dreadnought_gun_b_305_x3,1.66,1.73,,,yamato_gun_460_x3,0.995,1.04,,,yamato_gun_b_460_x3,0.995,1.04,,45,ussr_gun_406_x3,0.995,1.04,,,,,,,,,,,,
###,,,###,,,,,,,,,,,,,,,,,,,,,,,,,,,,,,,,,,,,,
gun_2_x1_austria,,51,gun_2_x1,austria,,,,,,,,,,,,,,,,,,,,,,,,,,,,,,,,,,,,
gun_2_x2_austria,,51,gun_2_x2,austria,,,,,,,,,,,,,,,,,,,,,,,,,,,,,,,,,,,,
gun_2_x3_austria,,51,gun_2_x3,austria,,,,,,,,,,,,,,,,,,,,,,,,,,,,,,,,,,,,
gun_2_x4_austria,,51,gun_2_x4,austria,,,,,,,,,,,,,,,,,,,,,,,,,,,,,,,,,,,,
gun_3_x1_austria_dd,,76,gun_3_x1,austria,"dd, tb",,,,,,,,,,,,,,,,,,,,,,,,,,,,,,,,,,,
gun_3_x2_austria_dd,,76,gun_3_x2,austria,"dd, tb",,,,,,,,,,,,,,,,,,,,,,,,,,,,,,,,,,,
gun_3_x3_austria_dd,,76,gun_3_x3,austria,"dd, tb",,,,,,,,,,,,,,,,,,,,,,,,,,,,,,,,,,,
gun_3_x4_austria_dd,,76,gun_3_x4,austria,"dd, tb",,,,,,,,,,,,,,,,,,,,,,,,,,,,,,,,,,,
gun_4_x1_austria_dd,,102,gun_4_x1,austria,"dd, tb",,,,,,,,,,,,,,,,,,,,,,,,,,,,,,,,,,,
gun_4_x2_austria_dd,,102,gun_4_x2,austria,"dd, tb",,,,,,,,,,,,,,,,,,,,,,,,,,,,,,,,,,,
gun_4_x3_austria_dd,,102,gun_4_x3,austria,"dd, tb",,,,,,,,,,,,,,,,,,,,,,,,,,,,,,,,,,,
gun_4_x4_austria_dd,,102,gun_4_x4,austria,"dd, tb",,,,,,,,,,,,,,,,,,,,,,,,,,,,,,,,,,,
gun_5_x1_austria_dd,,127,gun_5_x1,austria,"dd, tb",,,,,,,,,,,,,,,,,,,,,,,,,,,,,,,,,,,
gun_5_x2_austria_dd,,127,gun_5_x2,austria,"dd, tb",,,,,,,,,,,,,,,,,,,,,,,,,,,,,,,,,,,
gun_5_x3_austria_dd,,127,gun_5_x3,austria,"dd, tb",,,,,,,,,,,,,,,,,,,,,,,,,,,,,,,,,,,
gun_5_x4_austria_dd,,127,gun_5_x4,austria,"dd, tb",,,,,,,,,,,,,,,,,,,,,,,,,,,,,,,,,,,
gun_3_x1_austria_cl,,76,gun_3_x1,austria,cl,,,,,,,,,,,spee_gun_150_x1,0.732,0.858,,,bismarck_gun_105_x1,0.732,0.858,,,bismarck_gun_105_x1,0.732,0.858,,,,,,,,,,,,
gun_3_x2_austria_cl,,76,gun_3_x2,austria,cl,,,,,,,,,,,spee_gun_150_x2,0.732,0.858,,,bismarck_gun_105_x2,0.732,0.858,,,bismarck_gun_105_x2,0.732,0.858,,,,,,,,,,,,
gun_3_x3_austria_cl,,76,gun_3_x3,austria,cl,,,,,,,,,,,spee_gun_150_x3,0.732,0.858,,,bismarck_gun_105_x3,0.732,0.858,,,bismarck_gun_105_x3,0.732,0.858,,,,,,,,,,,,
gun_3_x4_austria_cl,,76,gun_3_x4,austria,cl,,,,,,,,,,,,,,,,bismarck_gun_105_x4,0.732,0.858,,,bismarck_gun_105_x4,0.732,0.858,,,,,,,,,,,,
gun_4_x1_austria_cl,,102,gun_4_x1,austria,cl,,,,,,,,,,,spee_gun_150_x1,0.868,0.994,,,bismarck_gun_105_x1,0.868,0.994,,,bismarck_gun_105_x1,0.868,0.994,,,,,,,,,,,,
gun_4_x2_austria_cl,,102,gun_4_x2,austria,cl,,,,,,,,,,,spee_gun_150_x2,0.868,0.994,,,bismarck_gun_105_x2,0.868,0.994,,,bismarck_gun_105_x2,0.868,0.994,,,,,,,,,,,,
gun_4_x3_austria_cl,,102,gun_4_x3,austria,cl,,,,,,,,,,,spee_gun_150_x3,0.868,0.994,,,bismarck_gun_105_x3,0.868,0.994,,,bismarck_gun_105_x3,0.868,0.994,,,,,,,,,,,,
gun_4_x4_austria_cl,,102,gun_4_x4,austria,cl,,,,,,,,,,,,,,,,bismarck_gun_105_x4,0.868,0.994,,,bismarck_gun_105_x4,0.868,0.994,,,,,,,,,,,,
gun_5_x1_austria_cl,,127,gun_5_x1,austria,cl,,,,,,,,,,,spee_gun_150_x1,1.004,1.13,,,,,,,,,,,,,,,,,,,,,,
gun_5_x2_austria_cl,,127,gun_5_x2,austria,cl,,,,,,,,,,,spee_gun_150_x2,1.004,1.13,,,de_Ruyter_gun_150_x2,0.8005,0.935,,,de_Ruyter_gun_150_x2,0.8005,0.935,,,,,,,,,,,,
gun_5_x3_austria_cl,,127,gun_5_x3,austria,cl,,,,,,,,,,,spee_gun_150_x3,1.004,1.13,,,de_Ruyter_gun_150_x3,0.8005,0.935,,,de_Ruyter_gun_150_x3,0.8005,0.935,,,,,,,,,,,,
gun_5_x4_austria_cl,,127,gun_5_x4,austria,cl,,,,,,,,,,,,,,,,de_Ruyter_gun_150_x4,0.8005,0.935,,,de_Ruyter_gun_150_x4,0.8005,0.935,,,,,,,,,,,,
gun_6_x1_austria_cl,,152,gun_6_x1,austria,cl,,,,,,,,,,,,,,,,,,,,,,,,,,,,,,,,,,,
gun_6_x2_austria_cl,,152,gun_6_x2,austria,cl,,,,,,,,,,,bismarck_gun_b_150_x2,0.955,1.0895,,,de_Ruyter_gun_150_x2,0.955,1.0895,,,de_Ruyter_gun_150_x2,0.955,1.0895,,,,,,,,,,,,
gun_6_x3_austria_cl,,152,gun_6_x3,austria,cl,,,,,,,,,,,bismarck_gun_b_150_x3,0.955,1.0895,,,de_Ruyter_gun_150_x3,0.955,1.0895,,,de_Ruyter_gun_150_x3,0.955,1.0895,,,,,,,,,,,,
gun_6_x4_austria_cl,,152,gun_6_x4,austria,cl,,,,,,,,,,,bismarck_gun_b_150_x4,0.955,1.0895,,,de_Ruyter_gun_150_x4,0.955,1.0895,,,de_Ruyter_gun_150_x4,0.955,1.0895,,,,,,,,,,,,
"gun_3_x1_austria_ca,bb,bc",,76,gun_3_x1,austria,"ca, bb, bc",,,,,,,,,,,spee_gun_150_x1,0.732,0.858,,,bismarck_gun_105_x1,0.732,0.858,,,bismarck_gun_105_x1,0.732,0.858,,,,,,,,,,,,
"gun_3_x2_austria_ca,bb,bc",,76,gun_3_x2,austria,"ca, bb, bc",,,,,,,,,,,spee_gun_150_x2,0.732,0.858,,,bismarck_gun_105_x2,0.732,0.858,,,bismarck_gun_105_x2,0.732,0.858,,,,,,,,,,,,
"gun_3_x3_austria_ca,bb,bc",,76,gun_3_x3,austria,"ca, bb, bc",,,,,,,,,,,spee_gun_150_x3,0.732,0.858,,,bismarck_gun_105_x3,0.732,0.858,,,bismarck_gun_105_x3,0.732,0.858,,,,,,,,,,,,
"gun_3_x4_austria_ca,bb,bc",,76,gun_3_x4,austria,"ca, bb, bc",,,,,,,,,,,,,,,,bismarck_gun_105_x4,0.732,0.858,,,bismarck_gun_105_x4,0.732,0.858,,,,,,,,,,,,
"gun_4_x1_austria_ca,bb,bc",,102,gun_4_x1,austria,"ca, bb, bc",,,,,,vdt_gun_200_x1,0.7632,0.8632,,,spee_gun_150_x1,0.868,0.994,,,bismarck_gun_105_x1,0.868,0.994,,,bismarck_gun_105_x1,0.868,0.994,,,,,,,,,,,,
"gun_4_x2_austria_ca,bb,bc",,102,gun_4_x2,austria,"ca, bb, bc",,,,,,vdt_gun_200_x2,0.7632,0.8632,,,spee_gun_150_x2,0.868,0.994,,,bismarck_gun_105_x2,0.868,0.994,,,bismarck_gun_105_x2,0.868,0.994,,,,,,,,,,,,
"gun_4_x3_austria_ca,bb,bc",,102,gun_4_x3,austria,"ca, bb, bc",,,,,,,,,,,spee_gun_150_x3,0.868,0.994,,,bismarck_gun_105_x3,0.868,0.994,,,bismarck_gun_105_x3,0.868,0.994,,,,,,,,,,,,
"gun_4_x4_austria_ca,bb,bc",,102,gun_4_x4,austria,"ca, bb, bc",,,,,,,,,,,,,,,,bismarck_gun_105_x4,0.868,0.994,,,bismarck_gun_105_x4,0.868,0.994,,,,,,,,,,,,
"gun_5_x1_austria_ca,bb,bc",,127,gun_5_x1,austria,"ca, bb, bc",,,,,,vdt_gun_200_x1,0.8746,0.9746,,,spee_gun_150_x1,1.004,1.13,,,,,,,,,,,,,,,,,,,,,,
"gun_5_x2_austria_ca,bb,bc",,127,gun_5_x2,austria,"ca, bb, bc",,,,,,vdt_gun_200_x2,0.8746,0.9746,,,spee_gun_150_x2,1.004,1.13,,,de_Ruyter_gun_150_x2,0.8005,0.935,,,de_Ruyter_gun_150_x2,0.8005,0.935,,,,,,,,,,,,
"gun_5_x3_austria_ca,bb,bc",,127,gun_5_x3,austria,"ca, bb, bc",,,,,,,,,,,spee_gun_150_x3,1.004,1.13,,,de_Ruyter_gun_150_x3,0.8005,0.935,,,de_Ruyter_gun_150_x3,0.8005,0.935,,,,,,,,,,,,
"gun_5_x4_austria_ca,bb,bc",,127,gun_5_x4,austria,"ca, bb, bc",,,,,,,,,,,,,,,,de_Ruyter_gun_150_x4,0.8005,0.935,,,de_Ruyter_gun_150_x4,0.8005,0.935,,,,,,,,,,,,
"gun_6_x1_austria_ca,bb,bc",,152,gun_6_x1,austria,"ca, bb, bc",friedrich_gun_228_x1,0.643,0.7212,,,vdt_gun_200_x1,0.986,1.086,,,,,,,,,,,,,,,,,,,,,,,,,,,
"gun_6_x2_austria_ca,bb,bc",,152,gun_6_x2,austria,"ca, bb, bc",friedrich_gun_228_x2,0.643,0.7212,,,vdt_gun_200_x2,0.986,1.086,,,bismarck_gun_b_150_x2,0.955,1.0895,,,de_Ruyter_gun_150_x2,0.955,1.0895,,,de_Ruyter_gun_150_x2,0.955,1.0895,,,,,,,,,,,,
"gun_6_x3_austria_ca,bb,bc",,152,gun_6_x3,austria,"ca, bb, bc",friedrich_gun_228_x3,0.643,0.7212,,,,,,,,bismarck_gun_b_150_x3,0.955,1.0895,,,de_Ruyter_gun_150_x3,0.955,1.0895,,,de_Ruyter_gun_150_x3,0.955,1.0895,,,,,,,,,,,,
"gun_6_x4_austria_ca,bb,bc",,152,gun_6_x4,austria,"ca, bb, bc",,,,,,,,,,,bismarck_gun_b_150_x4,0.955,1.0895,,,de_Ruyter_gun_150_x4,0.955,1.0895,,,de_Ruyter_gun_150_x4,0.955,1.0895,,,,,,,,,,,,
"gun_7_x1_austria_cl,ca,bb,bc",,178,gun_7_x1,austria,"cl, ca, bb, bc",friedrich_gun_228_x1,0.7312,0.8094,,,vdt_gun_200_x1,1.0974,1.1974,,,,,,,,,,,,,,,,,,,,,,,,,,,
"gun_7_x2_austria_cl,ca,bb,bc",,178,gun_7_x2,austria,"cl, ca, bb, bc",friedrich_gun_228_x2,0.7312,0.8094,,,vdt_gun_200_x2,1.0974,1.1974,,,bismarck_gun_b_150_x2,1.1095,1.244,,,de_Ruyter_gun_150_x2,1.1095,1.244,,,de_Ruyter_gun_150_x2,1.1095,1.244,,,,,,,,,,,,
"gun_7_x3_austria_cl,ca,bb,bc",,178,gun_7_x3,austria,"cl, ca, bb, bc",friedrich_gun_228_x3,0.7312,0.8094,,,,,,,,bismarck_gun_b_150_x3,1.1095,1.244,,,de_Ruyter_gun_150_x3,1.1095,1.244,,,de_Ruyter_gun_150_x3,1.1095,1.244,,,,,,,,,,,,
"gun_7_x4_austria_cl,ca,bb,bc",,178,gun_7_x4,austria,"cl, ca, bb, bc",,,,,,,,,,,bismarck_gun_b_150_x4,1.1095,1.244,,,de_Ruyter_gun_150_x4,1.1095,1.244,,,de_Ruyter_gun_150_x4,1.1095,1.244,,,,,,,,,,,,
"gun_8_x1_austria_ca,bb,bc",,203,gun_8_x1,austria,"ca, bb, bc",friedrich_gun_228_x1,0.8194,0.8976,,,vdt_gun_200_x1,1.2088,1.3088,,,bismarck_gun_b_150_x1,1.264,1.3985,,,de_Ruyter_gun_150_x1,1.264,1.3985,,,de_Ruyter_gun_150_x1,1.264,1.3985,,,,,,,,,,,,
"gun_8_x2_austria_ca,bb,bc",,203,gun_8_x2,austria,"ca, bb, bc",friedrich_gun_228_x2,0.8194,0.8976,,,vdt_gun_200_x2,1.2088,1.3088,,,bismarck_gun_b_150_x2,1.264,1.3985,,,de_Ruyter_gun_150_x2,1.264,1.3985,,,de_Ruyter_gun_150_x2,1.264,1.3985,,,,,,,,,,,,
"gun_8_x3_austria_ca,bb,bc",,203,gun_8_x3,austria,"ca, bb, bc",friedrich_gun_228_x3,0.8194,0.8976,,,,,,,,bismarck_gun_b_150_x3,1.264,1.3985,,,de_Ruyter_gun_150_x3,1.264,1.3985,,,de_Ruyter_gun_150_x3,1.264,1.3985,,,,,,,,,,,,
"gun_8_x4_austria_ca,bb,bc",,203,gun_8_x4,austria,"ca, bb, bc",,,,,,,,,,,bismarck_gun_b_150_x4,1.264,1.3985,,,de_Ruyter_gun_150_x4,1.264,1.3985,,,de_Ruyter_gun_150_x4,1.264,1.3985,,,,,,,,,,,,
"gun_9_x1_austria_ca,bb,bc",,229,gun_9_x1,austria,"ca, bb, bc",friedrich_gun_228_x1,0.9076,0.9858,,,dido_gun_cal200_x1,0.987,1.086,,,vdt_gun_280_x1,0.8513,0.9304,,,spee_gun_var_280_x1,0.7589,0.8262,,,spee_gun_var_280_x1,0.7589,0.8262,,,,,,,,,,,,
"gun_9_x2_austria_ca,bb,bc",,229,gun_9_x2,austria,"ca, bb, bc",friedrich_gun_228_x2,0.9076,0.9858,,,dido_gun_cal200_x2,0.987,1.086,,,vdt_gun_280_x2,0.8513,0.9304,,,spee_gun_var_280_x2,0.7589,0.8262,,,spee_gun_var_280_x2,0.7589,0.8262,,,,,,,,,,,,
"gun_9_x3_austria_ca,bb,bc",,229,gun_9_x3,austria,"ca, bb, bc",friedrich_gun_228_x3,0.9076,0.9858,,,dido_gun_cal200_x3,0.987,1.086,,,vdt_gun_280_x3,0.8513,0.9304,,,spee_gun_var_280_x3,0.7589,0.8262,,,spee_gun_var_280_x3,0.7589,0.8262,,,,,,,,,,,,
"gun_9_x4_austria_ca,bb,bc",,229,gun_9_x4,austria,"ca, bb, bc",,,,,,dido_gun_cal200_x4,0.987,1.086,,,vdt_gun_280_x4,0.8513,0.9304,,,spee_gun_280_x4_a,0.7589,0.8262,,,spee_gun_280_x4_a,0.7589,0.8262,,,,,,,,,,,,
"gun_10_x1_austria_ca,bb,bc",,254,gun_10_x1,austria,"ca, bb, bc",brandenburg_gun_279_x1,0.979,1.06,,,dido_gun_cal200_x1,1.096,1.195,,,vdt_gun_280_x1,0.9404,1.0195,,,spee_gun_var_280_x1,0.8362,0.9035,,,spee_gun_var_280_x1,0.8362,0.9035,,,,,,,,,,,,
"gun_10_x2_austria_ca,bb,bc",,254,gun_10_x2,austria,"ca, bb, bc",brandenburg_gun_279_x2,0.979,1.06,,,dido_gun_cal200_x2,1.096,1.195,,,vdt_gun_280_x2,0.9404,1.0195,,,spee_gun_var_280_x2,0.8362,0.9035,,,spee_gun_var_280_x2,0.8362,0.9035,,,,,,,,,,,,
"gun_10_x3_austria_ca,bb,bc",,254,gun_10_x3,austria,"ca, bb, bc",brandenburg_gun_279_x3,0.979,1.06,,,dido_gun_cal200_x3,1.096,1.195,,,vdt_gun_280_x3,0.9404,1.0195,,,spee_gun_var_280_x3,0.8362,0.9035,,,spee_gun_var_280_x3,0.8362,0.9035,,,,,,,,,,,,
"gun_10_x4_austria_ca,bb,bc",,254,gun_10_x4,austria,"ca, bb, bc",,,,,,dido_gun_cal200_x4,1.096,1.195,,,vdt_gun_280_x4,0.9404,1.0195,,,spee_gun_280_x4_a,0.8362,0.9035,,,spee_gun_280_x4_a,0.8362,0.9035,,,,,,,,,,,,
"gun_11_x1_austria_ca,bb,bc",,279,gun_11_x1,austria,"ca, bb, bc",brandenburg_gun_279_x1,1.07,1.151,,,dido_gun_cal200_x1,1.205,1.304,,,vdt_gun_280_x1,1.0295,1.1086,,,spee_gun_var_280_x1,0.9135,0.9808,,,spee_gun_var_280_x1,0.9135,0.9808,,,,,,,,,,,,
"gun_11_x2_austria_ca,bb,bc",,279,gun_11_x2,austria,"ca, bb, bc",brandenburg_gun_279_x2,1.07,1.151,,,dido_gun_cal200_x2,1.205,1.304,,,vdt_gun_280_x2,1.0295,1.1086,,,spee_gun_var_280_x2,0.9135,0.9808,,,spee_gun_var_280_x2,0.9135,0.9808,,,,,,,,,,,,
"gun_11_x3_austria_ca,bb,bc",,279,gun_11_x3,austria,"ca, bb, bc",brandenburg_gun_279_x3,1.07,1.151,,,dido_gun_cal200_x3,1.205,1.304,,,vdt_gun_280_x3,1.0295,1.1086,,,spee_gun_var_280_x3,0.9135,0.9808,,,spee_gun_var_280_x3,0.9135,0.9808,,,,,,,,,,,,
"gun_11_x4_austria_ca,bb,bc",,279,gun_11_x4,austria,"ca, bb, bc",,,,,,dido_gun_cal200_x4,1.205,1.304,,,vdt_gun_280_x4,1.0295,1.1086,,,spee_gun_280_x4_a,0.9135,0.9808,,,spee_gun_280_x4_a,0.9135,0.9808,,,,,,,,,,,,
"gun_12_x1_austria_bb,bc",,305,gun_12_x1,austria,"ca, bb, bc",brandenburg_gun_279_x1,1.161,1.242,,,vdt_gun_280_x1,1.1186,1.1977,,,vdt_gun_280_x1,1.1186,1.1977,,,spee_gun_var_280_x1,0.9908,1.0581,,,spee_gun_var_280_x1,0.9908,1.0581,,,,,,,,,,,,
"gun_12_x2_austria_bb,bc",,305,gun_12_x2,austria,"ca, bb, bc",brandenburg_gun_279_x2,1.161,1.242,,,vdt_gun_280_x2,1.1186,1.1977,,,vdt_gun_280_x2,1.1186,1.1977,,,spee_gun_var_280_x2,0.9908,1.0581,,,spee_gun_var_280_x2,0.9908,1.0581,,,,,,,,,,,,
"gun_12_x3_austria_bb,bc",,305,gun_12_x3,austria,"ca, bb, bc",brandenburg_gun_279_x3,1.161,1.242,,,vdt_gun_280_x3,1.1186,1.1977,,,vdt_gun_280_x3,1.1186,1.1977,,,spee_gun_var_280_x3,0.9908,1.0581,,,spee_gun_var_280_x3,0.9908,1.0581,,,,,,,,,,,,
"gun_12_x4_austria_bb,bc",,305,gun_12_x4,austria,"ca, bb, bc",,,,,,vdt_gun_280_x4,1.1186,1.1977,,,vdt_gun_280_x4,1.1186,1.1977,,,spee_gun_280_x4_a,0.9908,1.0581,,,spee_gun_280_x4_a,0.9908,1.0581,,,,,,,,,,,,
"gun_13_x1_austria_bb,bc",,330,gun_13_x1,austria,"bb, bc",friedrich_gun_305_x1,1.2161,1.2924,,,vdt_gun_280_x1,1.2077,1.2868,,,vdt_gun_280_x1,1.2077,1.2868,,,spee_gun_var_280_x1,1.0681,1.1354,,,spee_gun_var_280_x1,1.0681,1.1354,,,,,,,,,,,,
"gun_13_x2_austria_bb,bc",,330,gun_13_x2,austria,"bb, bc",friedrich_gun_305_x2,1.2161,1.2924,,,vdt_gun_280_x2,1.2077,1.2868,,,vdt_gun_280_x2,1.2077,1.2868,,,spee_gun_var_280_x2,1.0681,1.1354,,,spee_gun_var_280_x2,1.0681,1.1354,,,,,,,,,,,,
"gun_13_x3_austria_bb,bc",,330,gun_13_x3,austria,"bb, bc",friedrich_gun_305_x3,1.2161,1.2924,,,vdt_gun_280_x3,1.2077,1.2868,,,vdt_gun_280_x3,1.2077,1.2868,,,spee_gun_var_280_x3,1.0681,1.1354,,,spee_gun_var_280_x3,1.0681,1.1354,,,,,,,,,,,,
"gun_13_x4_austria_bb,bc",,330,gun_13_x4,austria,"bb, bc",,,,,,vdt_gun_280_x4,1.2077,1.2868,,,vdt_gun_280_x4,1.2077,1.2868,,,spee_gun_280_x4_a,1.0681,1.1354,,,spee_gun_280_x4_a,1.0681,1.1354,,,,,,,,,,,,
"gun_14_x1_austria_bb,bc",,356,gun_14_x1,austria,"bb, bc",friedrich_gun_305_x1,1.3024,1.3787,,,vdt_gun_280_x1,1.2968,1.3759,,,vdt_gun_280_x1,1.2968,1.3759,,,spee_gun_var_280_x1,1.1454,1.2127,,,spee_gun_var_280_x1,1.1454,1.2127,,,,,,,,,,,,
"gun_14_x2_austria_bb,bc",,356,gun_14_x2,austria,"bb, bc",friedrich_gun_305_x2,1.3024,1.3787,,,vdt_gun_280_x2,1.2968,1.3759,,,vdt_gun_280_x2,1.2968,1.3759,,,spee_gun_var_280_x2,1.1454,1.2127,,,spee_gun_var_280_x2,1.1454,1.2127,,,,,,,,,,,,
"gun_14_x3_austria_bb,bc",,356,gun_14_x3,austria,"bb, bc",friedrich_gun_305_x3,1.3024,1.3787,,,vdt_gun_280_x3,1.2968,1.3759,,,vdt_gun_280_x3,1.2968,1.3759,,,spee_gun_var_280_x3,1.1454,1.2127,,,spee_gun_var_280_x3,1.1454,1.2127,,,,,,,,,,,,
"gun_14_x4_austria_bb,bc",,356,gun_14_x4,austria,"bb, bc",,,,,,vdt_gun_280_x4,1.2968,1.3759,,,vdt_gun_280_x4,1.2968,1.3759,,,spee_gun_280_x4_a,1.1454,1.2127,,,spee_gun_280_x4_a,1.1454,1.2127,,,,,,,,,,,,
"gun_15_x1_austria_bb,bc",,381,gun_15_x1,austria,"bb, bc",friedrich_gun_305_x1,1.3887,1.465,,,vdt_gun_280_x1,1.3859,1.465,,,vdt_gun_280_x1,1.3859,1.465,,,spee_gun_var_280_x1,1.2227,1.29,,,spee_gun_var_280_x1,1.2227,1.29,,,,,,,,,,,,
"gun_15_x2_austria_bb,bc",,381,gun_15_x2,austria,"bb, bc",friedrich_gun_305_x2,1.3887,1.465,,,vdt_gun_280_x2,1.3859,1.465,,,vdt_gun_280_x2,1.3859,1.465,,,spee_gun_var_280_x2,1.2227,1.29,,,spee_gun_var_280_x2,1.2227,1.29,,,,,,,,,,,,
"gun_15_x3_austria_bb,bc",,381,gun_15_x3,austria,"bb, bc",friedrich_gun_305_x3,1.3887,1.465,,,vdt_gun_280_x3,1.3859,1.465,,,vdt_gun_280_x3,1.3859,1.465,,,spee_gun_var_280_x3,1.2227,1.29,,,spee_gun_var_280_x3,1.2227,1.29,,,,,,,,,,,,
"gun_15_x4_austria_bb,bc",,381,gun_15_x4,austria,"bb, bc",,,,,,vdt_gun_280_x4,1.3859,1.465,,,vdt_gun_280_x4,1.3859,1.465,,,spee_gun_280_x4_a,1.2227,1.29,,,spee_gun_280_x4_a,1.2227,1.29,,,,,,,,,,,,
"gun_16_x1_austria_bb,bc",,406,gun_16_x1,austria,"bb, bc",friedrich_gun_305_x1,1.475,1.5513,,,vdt_gun_280_x1,1.475,1.5541,,,vdt_gun_280_x1,1.475,1.5541,,,spee_gun_var_280_x1,1.3,1.3673,,,spee_gun_var_280_x1,1.3,1.3673,,,,,,,,,,,,
"gun_16_x2_austria_bb,bc",,406,gun_16_x2,austria,"bb, bc",friedrich_gun_305_x2,1.475,1.5513,,,vdt_gun_280_x2,1.475,1.5541,,,vdt_gun_280_x2,1.475,1.5541,,,spee_gun_var_280_x2,1.3,1.3673,,,spee_gun_var_280_x2,1.3,1.3673,,,,,,,,,,,,
"gun_16_x3_austria_bb,bc",,406,gun_16_x3,austria,"bb, bc",friedrich_gun_305_x3,1.475,1.5513,,,vdt_gun_280_x3,1.475,1.5541,,,vdt_gun_280_x3,1.475,1.5541,,,spee_gun_var_280_x3,1.3,1.3673,,,spee_gun_var_280_x3,1.3,1.3673,,,,,,,,,,,,
"gun_16_x4_austria_bb,bc",,406,gun_16_x4,austria,"bb, bc",,,,,,vdt_gun_280_x4,1.475,1.5541,,,vdt_gun_280_x4,1.475,1.5541,,,spee_gun_280_x4_a,1.3,1.3673,,,spee_gun_280_x4_a,1.3,1.3673,,,,,,,,,,,,
"gun_17_x1_austria_bb,bc",,432,gun_17_x1,austria,"bb, bc",vdt_gun_280_x1,1.5641,1.6432,,,spee_gun_var_280_x1,1.3773,1.4446,,,spee_gun_var_280_x1,1.3773,1.4446,,,spee_gun_var_280_x1,1.3773,1.4446,,,spee_gun_var_280_x1,1.3773,1.4446,,,,,,,,,,,,
"gun_17_x2_austria_bb,bc",,432,gun_17_x2,austria,"bb, bc",vdt_gun_280_x2,1.5641,1.6432,,,spee_gun_var_280_x2,1.3773,1.4446,,,spee_gun_var_280_x2,1.3773,1.4446,,,spee_gun_var_280_x2,1.3773,1.4446,,,spee_gun_var_280_x2,1.3773,1.4446,,,,,,,,,,,,
"gun_17_x3_austria_bb,bc",,432,gun_17_x3,austria,"bb, bc",vdt_gun_280_x3,1.5641,1.6432,,,spee_gun_var_280_x3,1.3773,1.4446,,,spee_gun_var_280_x3,1.3773,1.4446,,,spee_gun_var_280_x3,1.3773,1.4446,,,spee_gun_var_280_x3,1.3773,1.4446,,,,,,,,,,,,
"gun_17_x4_austria_bb,bc",,432,gun_17_x4,austria,"bb, bc",vdt_gun_280_x4,1.5641,1.6432,,,spee_gun_280_x4_a,1.3773,1.4446,,,spee_gun_280_x4_a,1.3773,1.4446,,,spee_gun_280_x4_a,1.3773,1.4446,,,spee_gun_280_x4_a,1.3773,1.4446,,,,,,,,,,,,
"gun_18_x1_austria_bb,bc",,457,gun_18_x1,austria,"bb, bc",vdt_gun_280_x1,1.6532,1.7323,,,spee_gun_var_280_x1,1.4546,1.5219,,,spee_gun_var_280_x1,1.4546,1.5219,,,spee_gun_var_280_x1,1.4546,1.5219,,,spee_gun_var_280_x1,1.4546,1.5219,,,,,,,,,,,,
"gun_18_x2_austria_bb,bc",,457,gun_18_x2,austria,"bb, bc",vdt_gun_280_x2,1.6532,1.7323,,,spee_gun_var_280_x2,1.4546,1.5219,,,spee_gun_var_280_x2,1.4546,1.5219,,,spee_gun_var_280_x2,1.4546,1.5219,,,spee_gun_var_280_x2,1.4546,1.5219,,,,,,,,,,,,
"gun_18_x3_austria_bb,bc",,457,gun_18_x3,austria,"bb, bc",vdt_gun_280_x3,1.6532,1.7323,,,spee_gun_var_280_x3,1.4546,1.5219,,,spee_gun_var_280_x3,1.4546,1.5219,,,spee_gun_var_280_x3,1.4546,1.5219,,,spee_gun_var_280_x3,1.4546,1.5219,,,,,,,,,,,,
"gun_18_x4_austria_bb,bc",,457,gun_18_x4,austria,"bb, bc",vdt_gun_280_x4,1.6532,1.7323,,,spee_gun_280_x4_a,1.4546,1.5219,,,spee_gun_280_x4_a,1.4546,1.5219,,,spee_gun_280_x4_a,1.4546,1.5219,,,spee_gun_280_x4_a,1.4546,1.5219,,,,,,,,,,,,
"gun_19_x1_austria_bb,bc",,483,gun_19_x1,austria,"bb, bc",vdt_gun_280_x1,1.7423,1.8214,,,spee_gun_var_280_x1,1.5319,1.5992,,,spee_gun_var_280_x1,1.5319,1.5992,,,spee_gun_var_280_x1,1.5319,1.5992,,,spee_gun_var_280_x1,1.5319,1.5992,,,,,,,,,,,,
"gun_19_x2_austria_bb,bc",,483,gun_19_x2,austria,"bb, bc",vdt_gun_280_x2,1.7423,1.8214,,,spee_gun_var_280_x2,1.5319,1.5992,,,spee_gun_var_280_x2,1.5319,1.5992,,,spee_gun_var_280_x2,1.5319,1.5992,,,spee_gun_var_280_x2,1.5319,1.5992,,,,,,,,,,,,
"gun_19_x3_austria_bb,bc",,483,gun_19_x3,austria,"bb, bc",vdt_gun_280_x3,1.7423,1.8214,,,spee_gun_var_280_x3,1.5319,1.5992,,,spee_gun_var_280_x3,1.5319,1.5992,,,spee_gun_var_280_x3,1.5319,1.5992,,,spee_gun_var_280_x3,1.5319,1.5992,,,,,,,,,,,,
"gun_19_x4_austria_bb,bc",,483,gun_19_x4,austria,"bb, bc",vdt_gun_280_x4,1.7423,1.8214,,,spee_gun_280_x4_a,1.5319,1.5992,,,spee_gun_280_x4_a,1.5319,1.5992,,,spee_gun_280_x4_a,1.5319,1.5992,,,spee_gun_280_x4_a,1.5319,1.5992,,,,,,,,,,,,
"gun_20_x1_austria_bb,bc",,508,gun_20_x1,austria,"bb, bc",vdt_gun_280_x1,1.8314,1.9105,,,spee_gun_var_280_x1,1.6092,1.6765,,,spee_gun_var_280_x1,1.6092,1.6765,,,spee_gun_var_280_x1,1.6092,1.6765,,,spee_gun_var_280_x1,1.6092,1.6765,,,,,,,,,,,,
"gun_20_x2_austria_bb,bc",,508,gun_20_x2,austria,"bb, bc",vdt_gun_280_x2,1.8314,1.9105,,,spee_gun_var_280_x2,1.6092,1.6765,,,spee_gun_var_280_x2,1.6092,1.6765,,,spee_gun_var_280_x2,1.6092,1.6765,,,spee_gun_var_280_x2,1.6092,1.6765,,,,,,,,,,,,
"gun_20_x3_austria_bb,bc",,508,gun_20_x3,austria,"bb, bc",vdt_gun_280_x3,1.8314,1.9105,,,spee_gun_var_280_x3,1.6092,1.6765,,,spee_gun_var_280_x3,1.6092,1.6765,,,spee_gun_var_280_x3,1.6092,1.6765,,,spee_gun_var_280_x3,1.6092,1.6765,,,,,,,,,,,,
"gun_20_x4_austria_bb,bc",,508,gun_20_x4,austria,"bb, bc",vdt_gun_280_x4,1.8314,1.9105,,,spee_gun_280_x4_a,1.6092,1.6765,,,spee_gun_280_x4_a,1.6092,1.6765,,,spee_gun_280_x4_a,1.6092,1.6765,,,spee_gun_280_x4_a,1.6092,1.6765,,,,,,,,,,,,
###,,,###,,,,,,,,,,,,,,,,,,,,,,,,,,,,,,,,,,,,,
gun_2_x1_alt_austria,,51,gun_2_x1_alt,austria,,,,,,,,,,,,,,,,,,,,,,,,,,,,,,,,,,,,
gun_2_x2_alt_austria,,51,gun_2_x2_alt,austria,,,,,,,,,,,,,,,,,,,,,,,,,,,,,,,,,,,,
gun_2_x3_alt_austria,,51,gun_2_x3_alt,austria,,,,,,,,,,,,,,,,,,,,,,,,,,,,,,,,,,,,
gun_3_x1_alt_austria,,76,gun_3_x1_alt,austria,,,,,,,,,,,,spee_gun_150_x1,0.732,0.858,,,bismarck_gun_105_x1,0.732,0.858,,50,bismarck_gun_105_x1,0.732,0.858,,55,,,,,,,,,,
gun_3_x2_alt_austria,,76,gun_3_x2_alt,austria,,,,,,,,,,,,spee_gun_150_x2,0.732,0.858,,,bismarck_gun_105_x2,0.732,0.858,,50,bismarck_gun_105_x2,0.732,0.858,,55,,,,,,,,,,
gun_3_x3_alt_austria,,76,gun_3_x3_alt,austria,,,,,,,,,,,,spee_gun_150_x3,0.732,0.858,,,bismarck_gun_105_x3,0.732,0.858,,50,bismarck_gun_105_x3,0.732,0.858,,55,,,,,,,,,,
gun_4_x1_alt_austria,,102,gun_4_x1_alt,austria,,,,,,,vdt_gun_200_x1,0.7632,0.8632,,,spee_gun_150_x1,0.868,0.994,,,bismarck_gun_105_x1,0.868,0.994,,,bismarck_gun_105_x1,0.868,0.994,,,,,,,,,,,,
gun_4_x2_alt_austria,,102,gun_4_x2_alt,austria,,,,,,,vdt_gun_200_x2,0.7632,0.8632,,,spee_gun_150_x2,0.868,0.994,,,bismarck_gun_105_x2,0.868,0.994,,,bismarck_gun_105_x2,0.868,0.994,,,,,,,,,,,,
gun_4_x3_alt_austria,,102,gun_4_x3_alt,austria,,,,,,,,,,,,spee_gun_150_x3,0.868,0.994,,,bismarck_gun_105_x3,0.868,0.994,,,bismarck_gun_105_x3,0.868,0.994,,,,,,,,,,,,
gun_5_x1_alt_austria,,127,gun_5_x1_alt,austria,,,,,,,vdt_gun_200_x1,0.8746,0.9746,,,spee_gun_150_x1,1.004,1.13,,,,,,,,,,,,,,,,,,,,,,
gun_5_x2_alt_austria,,127,gun_5_x2_alt,austria,,,,,,,vdt_gun_200_x2,0.8746,0.9746,,,spee_gun_150_x2,1.004,1.13,,,de_Ruyter_gun_150_x2,0.8005,0.935,,,de_Ruyter_gun_150_x2,0.8005,0.935,,,,,,,,,,,,
gun_5_x3_alt_austria,,127,gun_5_x3_alt,austria,,,,,,,,,,,,spee_gun_150_x3,1.004,1.13,,,de_Ruyter_gun_150_x3,0.8005,0.935,,,de_Ruyter_gun_150_x3,0.8005,0.935,,,,,,,,,,,,
gun_6_x2_alt_austria,,152,gun_6_x2_alt,austria,,friedrich_gun_228_x2,0.643,0.7212,,,vdt_gun_200_x2,0.986,1.086,,,bismarck_gun_b_150_x2,0.955,1.0895,,,de_Ruyter_gun_150_x2,0.955,1.0895,,,de_Ruyter_gun_150_x2,0.955,1.0895,,,,,,,,,,,,
gun_6_x3_alt_austria,,152,gun_6_x3_alt,austria,,friedrich_gun_228_x3,0.643,0.7212,,,,,,,,bismarck_gun_b_150_x3,0.955,1.0895,,,de_Ruyter_gun_150_x3,0.955,1.0895,,,de_Ruyter_gun_150_x3,0.955,1.0895,,,,,,,,,,,,
gun_7_x2_alt_austria,,178,gun_7_x2_alt,austria,,friedrich_gun_228_x2,0.7312,0.8094,,,vdt_gun_200_x2,1.0974,1.1974,,,bismarck_gun_b_150_x2,1.1095,1.244,,,de_Ruyter_gun_150_x2,1.1095,1.244,,,de_Ruyter_gun_150_x2,1.1095,1.244,,,,,,,,,,,,
gun_7_x3_alt_austria,,178,gun_7_x3_alt,austria,,friedrich_gun_228_x3,0.7312,0.8094,,,,,,,,bismarck_gun_b_150_x3,1.1095,1.244,,,de_Ruyter_gun_150_x3,1.1095,1.244,,,de_Ruyter_gun_150_x3,1.1095,1.244,,,,,,,,,,,,
gun_8_x2_alt_austria,,203,gun_8_x2_alt,austria,,friedrich_gun_228_x2,0.8194,0.8976,,,vdt_gun_200_x2,1.2088,1.3088,,,bismarck_gun_b_150_x2,1.264,1.3985,,,de_Ruyter_gun_150_x2,1.264,1.3985,,,de_Ruyter_gun_150_x2,1.264,1.3985,,,,,,,,,,,,
gun_8_x3_alt_austria,,203,gun_8_x3_alt,austria,,friedrich_gun_228_x3,0.8194,0.8976,,,,,,,,bismarck_gun_b_150_x3,1.264,1.3985,,,de_Ruyter_gun_150_x3,1.264,1.3985,,,de_Ruyter_gun_150_x3,1.264,1.3985,,,,,,,,,,,,
gun_9_x2_alt_austria,,229,gun_9_x2_alt,austria,,friedrich_gun_228_x2,0.9076,0.9858,,,dido_gun_cal200_x2,0.987,1.086,,,vdt_gun_280_x2,0.8513,0.9304,,,spee_gun_var_280_x2,0.7589,0.8262,,,spee_gun_var_280_x2,0.7589,0.8262,,,,,,,,,,,,
gun_9_x3_alt_austria,,229,gun_9_x3_alt,austria,,friedrich_gun_228_x3,0.9076,0.9858,,,dido_gun_cal200_x3,0.987,1.086,,,vdt_gun_280_x3,0.8513,0.9304,,,spee_gun_var_280_x3,0.7589,0.8262,,,spee_gun_var_280_x3,0.7589,0.8262,,,,,,,,,,,,
gun_10_x2_alt_austria,,254,gun_10_x2_alt,austria,,brandenburg_gun_279_x2,0.979,1.06,,,dido_gun_cal200_x2,1.096,1.195,,,vdt_gun_280_x2,0.9404,1.0195,,,spee_gun_var_280_x2,0.8362,0.9035,,,spee_gun_var_280_x2,0.8362,0.9035,,,,,,,,,,,,
gun_10_x3_alt_austria,,254,gun_10_x3_alt,austria,,brandenburg_gun_279_x3,0.979,1.06,,,dido_gun_cal200_x3,1.096,1.195,,,vdt_gun_280_x3,0.9404,1.0195,,,spee_gun_var_280_x3,0.8362,0.9035,,,spee_gun_var_280_x3,0.8362,0.9035,,,,,,,,,,,,
gun_11_x2_alt_austria,,279,gun_11_x2_alt,austria,,brandenburg_gun_279_x2,1.07,1.151,,,dido_gun_cal200_x2,1.205,1.304,,,vdt_gun_280_x2,1.0295,1.1086,,,spee_gun_var_280_x2,0.9135,0.9808,,,spee_gun_var_280_x2,0.9135,0.9808,,,,,,,,,,,,
gun_11_x3_alt_austria,,279,gun_11_x3_alt,austria,,brandenburg_gun_279_x3,1.07,1.151,,,dido_gun_cal200_x3,1.205,1.304,,,vdt_gun_280_x3,1.0295,1.1086,,,spee_gun_var_280_x3,0.9135,0.9808,,,spee_gun_var_280_x3,0.9135,0.9808,,,,,,,,,,,,
gun_12_x2_alt_austria,,305,gun_12_x2_alt,austria,,brandenburg_gun_279_x2,1.161,1.242,,,vdt_gun_280_x2,1.1186,1.1977,,,vdt_gun_280_x2,1.1186,1.1977,,,spee_gun_var_280_x2,0.9908,1.0581,,45,spee_gun_var_280_x2,0.9908,1.0581,,,,,,,,,,,,
gun_12_x3_alt_austria,,305,gun_12_x3_alt,austria,,brandenburg_gun_279_x3,1.161,1.242,,,vdt_gun_280_x3,1.1186,1.1977,,,vdt_gun_280_x3,1.1186,1.1977,,,spee_gun_var_280_x3,0.9908,1.0581,,45,spee_gun_var_280_x3,0.9908,1.0581,,,,,,,,,,,,
gun_13_x2_alt_austria,,330,gun_13_x2_alt,austria,,friedrich_gun_305_x2,1.2161,1.2924,,,vdt_gun_280_x2,1.2077,1.2868,,,vdt_gun_280_x2,1.2077,1.2868,,,spee_gun_var_280_x2,1.0681,1.1354,,45,spee_gun_var_280_x2,1.0681,1.1354,,,,,,,,,,,,
gun_13_x3_alt_austria,,330,gun_13_x3_alt,austria,,friedrich_gun_305_x3,1.2161,1.2924,,,vdt_gun_280_x3,1.2077,1.2868,,,vdt_gun_280_x3,1.2077,1.2868,,,spee_gun_var_280_x3,1.0681,1.1354,,45,spee_gun_var_280_x3,1.0681,1.1354,,,,,,,,,,,,
gun_14_x2_alt_austria,,356,gun_14_x2_alt,austria,,friedrich_gun_305_x2,1.3024,1.3787,,,vdt_gun_280_x2,1.2968,1.3759,,,vdt_gun_280_x2,1.2968,1.3759,,,spee_gun_var_280_x2,1.1454,1.2127,,45,spee_gun_var_280_x2,1.1454,1.2127,,,,,,,,,,,,
gun_14_x3_alt_austria,,356,gun_14_x3_alt,austria,,friedrich_gun_305_x3,1.3024,1.3787,,,vdt_gun_280_x3,1.2968,1.3759,,,vdt_gun_280_x3,1.2968,1.3759,,,spee_gun_var_280_x3,1.1454,1.2127,,45,spee_gun_var_280_x3,1.1454,1.2127,,,,,,,,,,,,
gun_15_x2_alt_austria,,381,gun_15_x2_alt,austria,,friedrich_gun_305_x2,1.3887,1.465,,,vdt_gun_280_x2,1.3859,1.465,,,vdt_gun_280_x2,1.3859,1.465,,,spee_gun_var_280_x2,1.2227,1.29,,45,spee_gun_var_280_x2,1.2227,1.29,,,,,,,,,,,,
gun_15_x3_alt_austria,,381,gun_15_x3_alt,austria,,friedrich_gun_305_x3,1.3887,1.465,,,vdt_gun_280_x3,1.3859,1.465,,,vdt_gun_280_x3,1.3859,1.465,,,spee_gun_var_280_x3,1.2227,1.29,,45,spee_gun_var_280_x3,1.2227,1.29,,,,,,,,,,,,
gun_16_x2_alt_austria,,406,gun_16_x2_alt,austria,,friedrich_gun_305_x2,1.475,1.5513,,,vdt_gun_280_x2,1.475,1.5541,,,vdt_gun_280_x2,1.475,1.5541,,,spee_gun_var_280_x2,1.3,1.3673,,45,spee_gun_var_280_x2,1.3,1.3673,,,,,,,,,,,,
gun_16_x3_alt_austria,,406,gun_16_x3_alt,austria,,friedrich_gun_305_x3,1.475,1.5513,,,vdt_gun_280_x3,1.475,1.5541,,,vdt_gun_280_x3,1.475,1.5541,,,spee_gun_var_280_x3,1.3,1.3673,,45,spee_gun_var_280_x3,1.3,1.3673,,,,,,,,,,,,
gun_17_x2_alt_austria,,432,gun_17_x2_alt,austria,,vdt_gun_280_x2,1.5641,1.6432,,,spee_gun_var_280_x2,1.3773,1.4446,,,spee_gun_var_280_x2,1.3773,1.4446,,,spee_gun_var_280_x2,1.3773,1.4446,,45,spee_gun_var_280_x2,1.3773,1.4446,,,,,,,,,,,,
gun_17_x3_alt_austria,,432,gun_17_x3_alt,austria,,vdt_gun_280_x3,1.5641,1.6432,,,spee_gun_var_280_x3,1.3773,1.4446,,,spee_gun_var_280_x3,1.3773,1.4446,,,spee_gun_var_280_x3,1.3773,1.4446,,45,spee_gun_var_280_x3,1.3773,1.4446,,,,,,,,,,,,
gun_18_x2_alt_austria,,457,gun_18_x2_alt,austria,,vdt_gun_280_x2,1.6532,1.7323,,,spee_gun_var_280_x2,1.4546,1.5219,,,spee_gun_var_280_x2,1.4546,1.5219,,,spee_gun_var_280_x2,1.4546,1.5219,,45,spee_gun_var_280_x2,1.4546,1.5219,,,,,,,,,,,,
gun_18_x3_alt_austria,,457,gun_18_x3_alt,austria,,vdt_gun_280_x3,1.6532,1.7323,,,spee_gun_var_280_x3,1.4546,1.5219,,,spee_gun_var_280_x3,1.4546,1.5219,,,spee_gun_var_280_x3,1.4546,1.5219,,45,spee_gun_var_280_x3,1.4546,1.5219,,,,,,,,,,,,
###,,,###,,,,,,,,,,,,,,,,,,,,,,,,,,,,,,,,,,,,,
gun_2_x1_spain,,51,gun_2_x1,spain,,,,,,,,,,,,,,,,,,,,,,,,,,,,,,,,,,,,
gun_2_x2_spain,,51,gun_2_x2,spain,,,,,,,,,,,,,,,,,,,,,,,,,,,,,,,,,,,,
gun_2_x3_spain,,51,gun_2_x3,spain,,,,,,,,,,,,,,,,,,,,,,,,,,,,,,,,,,,,
gun_2_x4_spain,,51,gun_2_x4,spain,,,,,,,,,,,,,,,,,,,,,,,,,,,,,,,,,,,,
gun_3_x1_spain_dd,,76,gun_3_x1,spain,"dd, tb",,,,,,,,,,,,,,,,,,,,,,,,,,,,,,,,,,,
gun_3_x2_spain_dd,,76,gun_3_x2,spain,"dd, tb",,,,,,,,,,,,,,,,,,,,,,,,,,,,,,,,,,,
gun_3_x3_spain_dd,,76,gun_3_x3,spain,"dd, tb",,,,,,,,,,,,,,,,,,,,,,,,,,,,,,,,,,,
gun_3_x4_spain_dd,,76,gun_3_x4,spain,"dd, tb",,,,,,,,,,,,,,,,,,,,,,,,,,,,,,,,,,,
gun_4_x1_spain_dd,,102,gun_4_x1,spain,"dd, tb",,,,,,,,,,,,,,,,,,,,,,,,,,,,,,,,,,,
gun_4_x2_spain_dd,,102,gun_4_x2,spain,"dd, tb",,,,,,,,,,,,,,,,,,,,,,,,,,,,,,,,,,,
gun_4_x3_spain_dd,,102,gun_4_x3,spain,"dd, tb",,,,,,,,,,,,,,,,,,,,,,,,,,,,,,,,,,,
gun_4_x4_spain_dd,,102,gun_4_x4,spain,"dd, tb",,,,,,,,,,,,,,,,,,,,,,,,,,,,,,,,,,,
gun_5_x1_spain_dd,,127,gun_5_x1,spain,"dd, tb",,,,,,,,,,,,,,,,,,,,,,,,,,,,,,,,,,,
gun_5_x2_spain_dd,,127,gun_5_x2,spain,"dd, tb",,,,,,,,,,,,,,,,,,,,,,,,,,,,,,,,,,,
gun_5_x3_spain_dd,,127,gun_5_x3,spain,"dd, tb",,,,,,,,,,,,,,,,,,,,,,,,,,,,,,,,,,,
gun_5_x4_spain_dd,,127,gun_5_x4,spain,"dd, tb",,,,,,,,,,,,,,,,,,,,,,,,,,,,,,,,,,,
gun_3_x1_spain_cl,,76,gun_3_x1,spain,cl,,,,,,,,,,,,,,,,,,,,,,,,,,,,,,,,,,,
gun_3_x2_spain_cl,,76,gun_3_x2,spain,cl,,,,,,,,,,,,,,,,,,,,,,,,,,,,,,,,,,,
gun_3_x3_spain_cl,,76,gun_3_x3,spain,cl,,,,,,,,,,,,,,,,,,,,,,,,,,,,,,,,,,,
gun_3_x4_spain_cl,,76,gun_3_x4,spain,cl,,,,,,,,,,,,,,,,,,,,,,,,,,,,,,,,,,,
gun_4_x1_spain_cl,,102,gun_4_x1,spain,cl,,,,,,,,,,,,,,,,,,,,,,,,,,,,,,,,,,,
gun_4_x2_spain_cl,,102,gun_4_x2,spain,cl,,,,,,,,,,,,,,,,,,,,,,,,,,,,,,,,,,,
gun_4_x3_spain_cl,,102,gun_4_x3,spain,cl,,,,,,,,,,,,,,,,,,,,,,,,,,,,,,,,,,,
gun_4_x4_spain_cl,,102,gun_4_x4,spain,cl,,,,,,,,,,,,,,,,,,,,,,,,,,,,,,,,,,,
gun_5_x1_spain_cl,,127,gun_5_x1,spain,cl,,,,,,,,,,,,,,,,,,,,,,,,,,,,,,,,,,,
gun_5_x2_spain_cl,,127,gun_5_x2,spain,cl,,,,,,,,,,,,,,,,,,,,,,,,,,,,,,,,,,,
gun_5_x3_spain_cl,,127,gun_5_x3,spain,cl,,,,,,,,,,,,,,,,,,,,,,,,,,,,,,,,,,,
gun_5_x4_spain_cl,,127,gun_5_x4,spain,cl,,,,,,,,,,,,,,,,,,,,,,,,,,,,,,,,,,,
gun_6_x1_spain_cl,,152,gun_6_x1,spain,cl,,,,,,,,,,,,,,,,,,,,,,,,,,,,,,,,,,,
gun_6_x2_spain_cl,,152,gun_6_x2,spain,cl,,,,,,,,,,,,,,,,,,,,,,,,,,,,,,,,,,,
gun_6_x3_spain_cl,,152,gun_6_x3,spain,cl,,,,,,,,,,,,,,,,,,,,,,,,,,,,,,,,,,,
gun_6_x4_spain_cl,,152,gun_6_x4,spain,cl,,,,,,,,,,,,,,,,,,,,,,,,,,,,,,,,,,,
"gun_3_x1_spain_ca,bb,bc",,76,gun_3_x1,spain,"ca, bb, bc",tsesarevich_gun_152_x1,0.4915,0.626,,,,,,,,,,,,,,,,,,,,,,,,,,,,,,,,
"gun_3_x2_spain_ca,bb,bc",,76,gun_3_x2,spain,"ca, bb, bc",tsesarevich_gun_152_x2,0.4915,0.626,,,,,,,,,,,,,,,,,,,,,,,,,,,,,,,,
"gun_3_x3_spain_ca,bb,bc",,76,gun_3_x3,spain,"ca, bb, bc",tsesarevich_gun_152_x3,0.4915,0.626,,,,,,,,,,,,,,,,,,,,,,,,,,,,,,,,
"gun_3_x4_spain_ca,bb,bc",,76,gun_3_x4,spain,"ca, bb, bc",,,,,,,,,,,,,,,,,,,,,,,,,,,,,,,,,,,
"gun_4_x1_spain_ca,bb,bc",,102,gun_4_x1,spain,"ca, bb, bc",tsesarevich_gun_152_x1,0.646,0.7805,,,,,,,,,,,,,,,,,,,,,,,,,,,,,,,,
"gun_4_x2_spain_ca,bb,bc",,102,gun_4_x2,spain,"ca, bb, bc",tsesarevich_gun_152_x2,0.646,0.7805,,,,,,,,,,,,,,,,,,,,,,,,,,,,,,,,
"gun_4_x3_spain_ca,bb,bc",,102,gun_4_x3,spain,"ca, bb, bc",tsesarevich_gun_152_x3,0.646,0.7805,,,,,,,,,,,,,,,,,,,,,,,,,,,,,,,,
"gun_4_x4_spain_ca,bb,bc",,102,gun_4_x4,spain,"ca, bb, bc",,,,,,,,,,,,,,,,,,,,,,,,,,,,,,,,,,,
"gun_5_x1_spain_ca,bb,bc",,127,gun_5_x1,spain,"ca, bb, bc",tsesarevich_gun_152_x1,0.8005,0.935,,,,,,,,,,,,,,,,,,,,,,,,,,,,,,,,
"gun_5_x2_spain_ca,bb,bc",,127,gun_5_x2,spain,"ca, bb, bc",tsesarevich_gun_152_x2,0.8005,0.935,,,,,,,,,,,,,,,,,,,,,,,,,,,,,,,,
"gun_5_x3_spain_ca,bb,bc",,127,gun_5_x3,spain,"ca, bb, bc",tsesarevich_gun_152_x3,0.8005,0.935,,,,,,,,,,,,,,,,,,,,,,,,,,,,,,,,
"gun_5_x4_spain_ca,bb,bc",,127,gun_5_x4,spain,"ca, bb, bc",,,,,,,,,,,,,,,,,,,,,,,,,,,,,,,,,,,
"gun_6_x1_spain_ca,bb,bc",,152,gun_6_x1,spain,"ca, bb, bc",tsesarevich_gun_152_x1,0.955,1.0895,,,,,,,,,,,,,,,,,,,,,,,,,,,,,,,,
"gun_6_x2_spain_ca,bb,bc",,152,gun_6_x2,spain,"ca, bb, bc",tsesarevich_gun_152_x2,0.955,1.0895,,,,,,,,,,,,,,,,,,,,,,,,,,,,,,,,
"gun_6_x3_spain_ca,bb,bc",,152,gun_6_x3,spain,"ca, bb, bc",tsesarevich_gun_152_x3,0.955,1.0895,,,,,,,,,,,,,,,,,,,,,,,,,,,,,,,,
"gun_6_x4_spain_ca,bb,bc",,152,gun_6_x4,spain,"ca, bb, bc",,,,,,,,,,,,,,,,,,,,,,,,,,,,,,,,,,,
"gun_7_x1_spain_cl,ca,bb,bc",,178,gun_7_x1,spain,"cl, ca, bb, bc",tsesarevich_gun_152_x1,1.1095,1.244,,,,,,,,,,,,,,,,,,,,,,,,,,,,,,,,
"gun_7_x2_spain_cl,ca,bb,bc",,178,gun_7_x2,spain,"cl, ca, bb, bc",tsesarevich_gun_152_x2,1.1095,1.244,,,,,,,,,,,,,,,,,,,,,,,,,,,,,,,,
"gun_7_x3_spain_cl,ca,bb,bc",,178,gun_7_x3,spain,"cl, ca, bb, bc",tsesarevich_gun_152_x3,1.1095,1.244,,,,,,,,,,,,,,,,,,,,,,,,,,,,,,,,
"gun_7_x4_spain_cl,ca,bb,bc",,178,gun_7_x4,spain,"cl, ca, bb, bc",,,,,,,,,,,,,,,,,,,,,,,,,,,,,,,,,,,
"gun_8_x1_spain_ca,bb,bc",,203,gun_8_x1,spain,"ca, bb, bc",tsesarevich_gun_152_x1,1.264,1.3985,,,,,,,,,,,,,,,,,,,,,,,,,,,,,,,,
"gun_8_x2_spain_ca,bb,bc",,203,gun_8_x2,spain,"ca, bb, bc",tsesarevich_gun_152_x2,1.264,1.3985,,,,,,,,,,,,,,,,,,,,,,,,,,,,,,,,
"gun_8_x3_spain_ca,bb,bc",,203,gun_8_x3,spain,"ca, bb, bc",tsesarevich_gun_152_x3,1.264,1.3985,,,,,,,,,,,,,,,,,,,,,,,,,,,,,,,,
"gun_8_x4_spain_ca,bb,bc",,203,gun_8_x4,spain,"ca, bb, bc",,,,,,,,,,,,,,,,,,,,,,,,,,,,,,,,,,,
"gun_9_x1_spain_ca,bb,bc",,229,gun_9_x1,spain,"ca, bb, bc",,,,,,,,,,,,,,,,,,,,,kgeorge_gun_380_x1,0.6125,0.665,,,,,,,,,,,,
"gun_9_x2_spain_ca,bb,bc",,229,gun_9_x2,spain,"ca, bb, bc",,,,,,,,,,,,,,,,,,,,,kgeorge_gun_380_x2,0.6125,0.665,,,,,,,,,,,,
"gun_9_x3_spain_ca,bb,bc",,229,gun_9_x3,spain,"ca, bb, bc",,,,,,,,,,,,,,,,,,,,,kgeorge_gun_380_x3,0.6125,0.665,,,,,,,,,,,,
"gun_9_x4_spain_ca,bb,bc",,229,gun_9_x4,spain,"ca, bb, bc",,,,,,,,,,,,,,,,,,,,,kgeorge_gun_380_x4,0.6125,0.665,,,,,,,,,,,,
"gun_10_x1_spain_ca,bb,bc",,254,gun_10_x1,spain,"ca, bb, bc",,,,,,,,,,,,,,,,,,,,,kgeorge_gun_380_x1,0.675,0.7275,,,,,,,,,,,,
"gun_10_x2_spain_ca,bb,bc",,254,gun_10_x2,spain,"ca, bb, bc",,,,,,,,,,,,,,,,,,,,,kgeorge_gun_380_x2,0.675,0.7275,,,,,,,,,,,,
"gun_10_x3_spain_ca,bb,bc",,254,gun_10_x3,spain,"ca, bb, bc",,,,,,,,,,,,,,,,,,,,,kgeorge_gun_380_x3,0.675,0.7275,,,,,,,,,,,,
"gun_10_x4_spain_ca,bb,bc",,254,gun_10_x4,spain,"ca, bb, bc",,,,,,,,,,,,,,,,,,,,,kgeorge_gun_380_x4,0.675,0.7275,,,,,,,,,,,,
"gun_11_x1_spain_ca,bb,bc",,279,gun_11_x1,spain,"ca, bb, bc",,,,,,,,,,,,,,,,,,,,,kgeorge_gun_380_x1,0.7375,0.79,,,,,,,,,,,,
"gun_11_x2_spain_ca,bb,bc",,279,gun_11_x2,spain,"ca, bb, bc",,,,,,,,,,,,,,,,,,,,,kgeorge_gun_380_x2,0.7375,0.79,,,,,,,,,,,,
"gun_11_x3_spain_ca,bb,bc",,279,gun_11_x3,spain,"ca, bb, bc",,,,,,,,,,,,,,,,,,,,,kgeorge_gun_380_x3,0.7375,0.79,,,,,,,,,,,,
"gun_11_x4_spain_ca,bb,bc",,279,gun_11_x4,spain,"ca, bb, bc",,,,,,,,,,,,,,,,,,,,,kgeorge_gun_380_x4,0.7375,0.79,,,,,,,,,,,,
"gun_12_x1_spain_bb,bc",,305,gun_12_x1,spain,"ca, bb, bc",brandenburg_gun_279_x1,1.161,1.242,,,,,,,,,,,,,,,,,,kgeorge_gun_380_x1,0.8,0.8525,,,,,,,,,,,,
"gun_12_x2_spain_bb,bc",,305,gun_12_x2,spain,"ca, bb, bc",brandenburg_gun_279_x2,1.161,1.242,,,,,,,,,,,,,,,,,,kgeorge_gun_380_x2,0.8,0.8525,,,,,,,,,,,,
"gun_12_x3_spain_bb,bc",,305,gun_12_x3,spain,"ca, bb, bc",brandenburg_gun_279_x3,1.161,1.242,,,,,,,,,,,,,,,,,,kgeorge_gun_380_x3,0.8,0.8525,,,,,,,,,,,,
"gun_12_x4_spain_bb,bc",,305,gun_12_x4,spain,"ca, bb, bc",,,,,,,,,,,,,,,,,,,,,kgeorge_gun_380_x4,0.8,0.8525,,,,,,,,,,,,
"gun_13_x1_spain_bb,bc",,330,gun_13_x1,spain,"bb, bc",brandenburg_gun_279_x1,1.252,1.333,,,,,,,,,,,,,,,,,,kgeorge_gun_380_x1,0.8625,0.915,,,,,,,,,,,,
"gun_13_x2_spain_bb,bc",,330,gun_13_x2,spain,"bb, bc",brandenburg_gun_279_x2,1.252,1.333,,,,,,,,,,,,,,,,,,kgeorge_gun_380_x2,0.8625,0.915,,,,,,,,,,,,
"gun_13_x3_spain_bb,bc",,330,gun_13_x3,spain,"bb, bc",brandenburg_gun_279_x3,1.252,1.333,,,,,,,,,,,,,,,,,,kgeorge_gun_380_x3,0.8625,0.915,,,,,,,,,,,,
"gun_13_x4_spain_bb,bc",,330,gun_13_x4,spain,"bb, bc",,,,,,,,,,,,,,,,,,,,,kgeorge_gun_380_x4,0.8625,0.915,,,,,,,,,,,,
"gun_14_x1_spain_bb,bc",,356,gun_14_x1,spain,"bb, bc",brandenburg_gun_279_x1,1.343,1.424,,,,,,,,,,,,,,,,,,kgeorge_gun_380_x1,0.925,0.9775,,,,,,,,,,,,
"gun_14_x2_spain_bb,bc",,356,gun_14_x2,spain,"bb, bc",brandenburg_gun_279_x2,1.343,1.424,,,,,,,,,,,,,,,,,,kgeorge_gun_380_x2,0.925,0.9775,,,,,,,,,,,,
"gun_14_x3_spain_bb,bc",,356,gun_14_x3,spain,"bb, bc",brandenburg_gun_279_x3,1.343,1.424,,,,,,,,,,,,,,,,,,kgeorge_gun_380_x3,0.925,0.9775,,,,,,,,,,,,
"gun_14_x4_spain_bb,bc",,356,gun_14_x4,spain,"bb, bc",,,,,,,,,,,,,,,,,,,,,kgeorge_gun_380_x4,0.925,0.9775,,,,,,,,,,,,
"gun_15_x1_spain_bb,bc",,381,gun_15_x1,spain,"bb, bc",brandenburg_gun_279_x1,1.434,1.515,,,kgeorge_gun_380_x1,0.9875,1.04,,,kgeorge_gun_380_x1,0.9875,1.04,,,kgeorge_gun_380_x1,0.9875,1.04,,,kgeorge_gun_380_x1,0.9875,1.04,,,,,,,,,,,,
"gun_15_x2_spain_bb,bc",,381,gun_15_x2,spain,"bb, bc",brandenburg_gun_279_x2,1.434,1.515,,,kgeorge_gun_380_x2,0.9875,1.04,,,kgeorge_gun_380_x2,0.9875,1.04,,,kgeorge_gun_380_x2,0.9875,1.04,,,kgeorge_gun_380_x2,0.9875,1.04,,,,,,,,,,,,
"gun_15_x3_spain_bb,bc",,381,gun_15_x3,spain,"bb, bc",brandenburg_gun_279_x3,1.434,1.515,,,kgeorge_gun_380_x3,0.9875,1.04,,,kgeorge_gun_380_x3,0.9875,1.04,,,kgeorge_gun_380_x3,0.9875,1.04,,,kgeorge_gun_380_x3,0.9875,1.04,,,,,,,,,,,,
"gun_15_x4_spain_bb,bc",,381,gun_15_x4,spain,"bb, bc",,,,,,kgeorge_gun_380_x4,0.9875,1.04,,,kgeorge_gun_380_x4,0.9875,1.04,,,kgeorge_gun_380_x4,0.9875,1.04,,,kgeorge_gun_380_x4,0.9875,1.04,,,,,,,,,,,,
"gun_16_x1_spain_bb,bc",,406,gun_16_x1,spain,"bb, bc",brandenburg_gun_279_x1,1.525,1.606,,,kgeorge_gun_380_x1,1.05,1.1025,,,kgeorge_gun_380_x1,1.05,1.1025,,,kgeorge_gun_380_x1,1.05,1.1025,,,kgeorge_gun_380_x1,1.05,1.1025,,,,,,,,,,,,
"gun_16_x2_spain_bb,bc",,406,gun_16_x2,spain,"bb, bc",brandenburg_gun_279_x2,1.525,1.606,,,kgeorge_gun_380_x2,1.05,1.1025,,,kgeorge_gun_380_x2,1.05,1.1025,,,kgeorge_gun_380_x2,1.05,1.1025,,,kgeorge_gun_380_x2,1.05,1.1025,,,,,,,,,,,,
"gun_16_x3_spain_bb,bc",,406,gun_16_x3,spain,"bb, bc",brandenburg_gun_279_x3,1.525,1.606,,,kgeorge_gun_380_x3,1.05,1.1025,,,kgeorge_gun_380_x3,1.05,1.1025,,,kgeorge_gun_380_x3,1.05,1.1025,,,kgeorge_gun_380_x3,1.05,1.1025,,,,,,,,,,,,
"gun_16_x4_spain_bb,bc",,406,gun_16_x4,spain,"bb, bc",,,,,,kgeorge_gun_380_x4,1.05,1.1025,,,kgeorge_gun_380_x4,1.05,1.1025,,,kgeorge_gun_380_x4,1.05,1.1025,,,kgeorge_gun_380_x4,1.05,1.1025,,,,,,,,,,,,
"gun_17_x1_spain_bb,bc",,432,gun_17_x1,spain,"bb, bc",kgeorge_gun_380_x1,1.1125,1.165,,,kgeorge_gun_380_x1,1.1125,1.165,,,kgeorge_gun_380_x1,1.1125,1.165,,,kgeorge_gun_380_x1,1.1125,1.165,,,kgeorge_gun_380_x1,1.1125,1.165,,,,,,,,,,,,
"gun_17_x2_spain_bb,bc",,432,gun_17_x2,spain,"bb, bc",kgeorge_gun_380_x2,1.1125,1.165,,,kgeorge_gun_380_x2,1.1125,1.165,,,kgeorge_gun_380_x2,1.1125,1.165,,,kgeorge_gun_380_x2,1.1125,1.165,,,kgeorge_gun_380_x2,1.1125,1.165,,,,,,,,,,,,
"gun_17_x3_spain_bb,bc",,432,gun_17_x3,spain,"bb, bc",kgeorge_gun_380_x3,1.1125,1.165,,,kgeorge_gun_380_x3,1.1125,1.165,,,kgeorge_gun_380_x3,1.1125,1.165,,,kgeorge_gun_380_x3,1.1125,1.165,,,kgeorge_gun_380_x3,1.1125,1.165,,,,,,,,,,,,
"gun_17_x4_spain_bb,bc",,432,gun_17_x4,spain,"bb, bc",kgeorge_gun_380_x4,1.1125,1.165,,,kgeorge_gun_380_x4,1.1125,1.165,,,kgeorge_gun_380_x4,1.1125,1.165,,,kgeorge_gun_380_x4,1.1125,1.165,,,kgeorge_gun_380_x4,1.1125,1.165,,,,,,,,,,,,
"gun_18_x1_spain_bb,bc",,457,gun_18_x1,spain,"bb, bc",kgeorge_gun_380_x1,1.175,1.2275,,,kgeorge_gun_380_x1,1.175,1.2275,,,kgeorge_gun_380_x1,1.175,1.2275,,,kgeorge_gun_380_x1,1.175,1.2275,,,kgeorge_gun_380_x1,1.175,1.2275,,,,,,,,,,,,
"gun_18_x2_spain_bb,bc",,457,gun_18_x2,spain,"bb, bc",kgeorge_gun_380_x2,1.175,1.2275,,,kgeorge_gun_380_x2,1.175,1.2275,,,kgeorge_gun_380_x2,1.175,1.2275,,,kgeorge_gun_380_x2,1.175,1.2275,,,kgeorge_gun_380_x2,1.175,1.2275,,,,,,,,,,,,
"gun_18_x3_spain_bb,bc",,457,gun_18_x3,spain,"bb, bc",kgeorge_gun_380_x3,1.175,1.2275,,,kgeorge_gun_380_x3,1.175,1.2275,,,kgeorge_gun_380_x3,1.175,1.2275,,,kgeorge_gun_380_x3,1.175,1.2275,,,kgeorge_gun_380_x3,1.175,1.2275,,,,,,,,,,,,
"gun_18_x4_spain_bb,bc",,457,gun_18_x4,spain,"bb, bc",kgeorge_gun_380_x4,1.175,1.2275,,,kgeorge_gun_380_x4,1.175,1.2275,,,kgeorge_gun_380_x4,1.175,1.2275,,,kgeorge_gun_380_x4,1.175,1.2275,,,kgeorge_gun_380_x4,1.175,1.2275,,,,,,,,,,,,
"gun_19_x1_spain_bb,bc",,483,gun_19_x1,spain,"bb, bc",kgeorge_gun_380_x1,1.2375,1.29,,,kgeorge_gun_380_x1,1.2375,1.29,,,kgeorge_gun_380_x1,1.2375,1.29,,,kgeorge_gun_380_x1,1.2375,1.29,,,kgeorge_gun_380_x1,1.2375,1.29,,,,,,,,,,,,
"gun_19_x2_spain_bb,bc",,483,gun_19_x2,spain,"bb, bc",kgeorge_gun_380_x2,1.2375,1.29,,,kgeorge_gun_380_x2,1.2375,1.29,,,kgeorge_gun_380_x2,1.2375,1.29,,,kgeorge_gun_380_x2,1.2375,1.29,,,kgeorge_gun_380_x2,1.2375,1.29,,,,,,,,,,,,
"gun_19_x3_spain_bb,bc",,483,gun_19_x3,spain,"bb, bc",kgeorge_gun_380_x3,1.2375,1.29,,,kgeorge_gun_380_x3,1.2375,1.29,,,kgeorge_gun_380_x3,1.2375,1.29,,,kgeorge_gun_380_x3,1.2375,1.29,,,kgeorge_gun_380_x3,1.2375,1.29,,,,,,,,,,,,
"gun_19_x4_spain_bb,bc",,483,gun_19_x4,spain,"bb, bc",kgeorge_gun_380_x4,1.2375,1.29,,,kgeorge_gun_380_x4,1.2375,1.29,,,kgeorge_gun_380_x4,1.2375,1.29,,,kgeorge_gun_380_x4,1.2375,1.29,,,kgeorge_gun_380_x4,1.2375,1.29,,,,,,,,,,,,
"gun_20_x1_spain_bb,bc",,508,gun_20_x1,spain,"bb, bc",kgeorge_gun_380_x1,1.3,1.3525,,,kgeorge_gun_380_x1,1.3,1.3525,,,kgeorge_gun_380_x1,1.3,1.3525,,,kgeorge_gun_380_x1,1.3,1.3525,,,kgeorge_gun_380_x1,1.3,1.3525,,,,,,,,,,,,
"gun_20_x2_spain_bb,bc",,508,gun_20_x2,spain,"bb, bc",kgeorge_gun_380_x2,1.3,1.3525,,,kgeorge_gun_380_x2,1.3,1.3525,,,kgeorge_gun_380_x2,1.3,1.3525,,,kgeorge_gun_380_x2,1.3,1.3525,,,kgeorge_gun_380_x2,1.3,1.3525,,,,,,,,,,,,
"gun_20_x3_spain_bb,bc",,508,gun_20_x3,spain,"bb, bc",kgeorge_gun_380_x3,1.3,1.3525,,,kgeorge_gun_380_x3,1.3,1.3525,,,kgeorge_gun_380_x3,1.3,1.3525,,,kgeorge_gun_380_x3,1.3,1.3525,,,kgeorge_gun_380_x3,1.3,1.3525,,,,,,,,,,,,
"gun_20_x4_spain_bb,bc",,508,gun_20_x4,spain,"bb, bc",kgeorge_gun_380_x4,1.3,1.3525,,,kgeorge_gun_380_x4,1.3,1.3525,,,kgeorge_gun_380_x4,1.3,1.3525,,,kgeorge_gun_380_x4,1.3,1.3525,,,kgeorge_gun_380_x4,1.3,1.3525,,,,,,,,,,,,
###,,,###,,,,,,,,,,,,,,,,,,,,,,,,,,,,,,,,,,,,,
gun_2_x1_china,,51,gun_2_x1,china,,,,,,,,,,,,,,,,,,,,,,,,,,,,,,,,,,,,
gun_2_x2_china,,51,gun_2_x2,china,,,,,,,,,,,,,,,,,,,,,,,,,,,,,,,,,,,,
gun_2_x3_china,,51,gun_2_x3,china,,,,,,,,,,,,,,,,,,,,,,,,,,,,,,,,,,,,
gun_2_x4_china,,51,gun_2_x4,china,,,,,,,,,,,,,,,,,,,,,,,,,,,,,,,,,,,,
gun_3_x1_china_dd,,76,gun_3_x1,china,"dd, tb",,,,,,,,,,,,,,,,,,,,,,,,,,,,,,,,,,,
gun_3_x2_china_dd,,76,gun_3_x2,china,"dd, tb",maine_gun_152_x2,0.718,0.912,,,pen_gun_127_x2,0.815,1.04,,,dreadnought_gun_178_x2,0.732,0.858,,,ussr_gun_100_x2,0.4915,0.626,,,ussr_gun_152_x2,0.4915,0.626,,,,,,,,,,,,
gun_3_x3_china_dd,,76,gun_3_x3,china,"dd, tb",maine_gun_152_x3,0.718,0.912,,,pen_gun_127_x3,0.815,1.04,,,dreadnought_gun_178_x3,0.732,0.858,,,ussr_gun_100_x3,0.4915,0.626,,,ussr_gun_152_x3,0.4915,0.626,,,,,,,,,,,,
gun_3_x4_china_dd,,76,gun_3_x4,china,"dd, tb",,,,,,,,,,,dreadnought_gun_178_x4,0.732,0.858,,,,,,,,,,,,,,,,,,,,,,
gun_4_x1_china_dd,,102,gun_4_x1,china,"dd, tb",,,,,,,,,,,,,,,,,,,,,,,,,,,,,,,,,,,
gun_4_x2_china_dd,,102,gun_4_x2,china,"dd, tb",maine_gun_152_x2,0.932,1.126,,,pen_gun_127_x2,1.06,1.285,,,dreadnought_gun_178_x2,0.868,0.994,,,ussr_gun_100_x2,0.646,0.7805,,,ussr_gun_152_x2,0.646,0.7805,,,,,,,,,,,,
gun_4_x3_china_dd,,102,gun_4_x3,china,"dd, tb",maine_gun_152_x3,0.932,1.126,,,pen_gun_127_x3,1.06,1.285,,,dreadnought_gun_178_x3,0.868,0.994,,,ussr_gun_100_x3,0.646,0.7805,,,ussr_gun_152_x3,0.646,0.7805,,,,,,,,,,,,
gun_4_x4_china_dd,,102,gun_4_x4,china,"dd, tb",,,,,,,,,,,dreadnought_gun_178_x4,0.868,0.994,,,,,,,,,,,,,,,,,,,,,,
gun_5_x1_china_dd,,127,gun_5_x1,china,"dd, tb",,,,,,,,,,,,,,,,ussr_gun_100_x1,0.8005,0.935,,,ussr_gun_152_x1,0.8005,0.935,,,,,,,,,,,,
gun_5_x2_china_dd,,127,gun_5_x2,china,"dd, tb",maine_gun_152_x2,1.146,1.34,,,maine_gun_230_x2,0.868,0.994,,,dreadnought_gun_178_x2,1.004,1.13,,,ussr_gun_100_x2,0.8005,0.935,,,ussr_gun_152_x2,0.8005,0.935,,,,,,,,,,,,
gun_5_x3_china_dd,,127,gun_5_x3,china,"dd, tb",maine_gun_152_x3,1.146,1.34,,,maine_gun_230_x3,0.868,0.994,,,dreadnought_gun_178_x3,1.004,1.13,,,ussr_gun_100_x3,0.8005,0.935,,,ussr_gun_152_x3,0.8005,0.935,,,,,,,,,,,,
gun_5_x4_china_dd,,127,gun_5_x4,china,"dd, tb",,,,,,,,,,,dreadnought_gun_178_x4,1.004,1.13,,,,,,,,,,,,,,,,,,,,,,
gun_3_x1_china_cl,,76,gun_3_x1,china,cl,maine_gun_152_x1,0.718,0.912,,,pen_gun_127_x1,0.815,1.04,,,,,,,,,,,,,,,,,,,,,,,,,,,
gun_3_x2_china_cl,,76,gun_3_x2,china,cl,maine_gun_152_x2,0.718,0.912,,,pen_gun_127_x2,0.815,1.04,,,dreadnought_gun_178_x2,0.732,0.858,,,dreadnought_gun_178_x2,0.732,0.858,,,ussr_gun_152_x2,0.4915,0.626,,,,,,,,,,,,
gun_3_x3_china_cl,,76,gun_3_x3,china,cl,maine_gun_152_x3,0.718,0.912,,,pen_gun_127_x3,0.815,1.04,,,dreadnought_gun_178_x3,0.732,0.858,,,dreadnought_gun_178_x3,0.732,0.858,,,ussr_gun_152_x3,0.4915,0.626,,,,,,,,,,,,
gun_3_x4_china_cl,,76,gun_3_x4,china,cl,,,,,,,,,,,dreadnought_gun_178_x4,0.732,0.858,,,dreadnought_gun_178_x4,0.732,0.858,,,bismarck_gun_150_x4,0.337,0.4715,,,,,,,,,,,,
gun_4_x1_china_cl,,102,gun_4_x1,china,cl,maine_gun_152_x1,0.932,1.126,,,pen_gun_127_x1,1.06,1.285,,,,,,,,,,,,,,,,,,,,,,,,,,,
gun_4_x2_china_cl,,102,gun_4_x2,china,cl,maine_gun_152_x2,0.932,1.126,,,pen_gun_127_x2,1.06,1.285,,,dreadnought_gun_178_x2,0.868,0.994,,,dreadnought_gun_178_x2,0.868,0.994,,,ussr_gun_152_x2,0.646,0.7805,,,,,,,,,,,,
gun_4_x3_china_cl,,102,gun_4_x3,china,cl,maine_gun_152_x3,0.932,1.126,,,pen_gun_127_x3,1.06,1.285,,,dreadnought_gun_178_x3,0.868,0.994,,,dreadnought_gun_178_x3,0.868,0.994,,,ussr_gun_152_x3,0.646,0.7805,,,,,,,,,,,,
gun_4_x4_china_cl,,102,gun_4_x4,china,cl,,,,,,,,,,,dreadnought_gun_178_x4,0.868,0.994,,,dreadnought_gun_178_x4,0.868,0.994,,,bismarck_gun_150_x4,0.4915,0.626,,,,,,,,,,,,
gun_5_x1_china_cl,,127,gun_5_x1,china,cl,maine_gun_152_x1,1.146,1.34,,,,,,,,,,,,,,,,,,,,,,,,,,,,,,,,
gun_5_x2_china_cl,,127,gun_5_x2,china,cl,maine_gun_152_x2,1.146,1.34,,,maine_gun_230_x2,0.868,0.994,,,dreadnought_gun_178_x2,1.004,1.13,,,dreadnought_gun_178_x2,1.004,1.13,,,ussr_gun_152_x2,0.8005,0.935,,,,,,,,,,,,
gun_5_x3_china_cl,,127,gun_5_x3,china,cl,maine_gun_152_x3,1.146,1.34,,,maine_gun_230_x3,0.868,0.994,,,dreadnought_gun_178_x3,1.004,1.13,,,dreadnought_gun_178_x3,1.004,1.13,,,ussr_gun_152_x3,0.8005,0.935,,,,,,,,,,,,
gun_5_x4_china_cl,,127,gun_5_x4,china,cl,,,,,,,,,,,dreadnought_gun_178_x4,1.004,1.13,,,dreadnought_gun_178_x4,1.004,1.13,,,bismarck_gun_150_x4,0.646,0.7805,,,,,,,,,,,,
gun_6_x1_china_cl,,152,gun_6_x1,china,cl,,,,,,,,,,,,,,,,,,,,,,,,,,,,,,,,,,,
gun_6_x2_china_cl,,152,gun_6_x2,china,cl,maine_gun_254_x2_a,0.65,0.745,,,maine_gun_230_x2,1.004,1.13,,,dreadnought_gun_178_x2,1.14,1.266,,,dreadnought_gun_178_x2,1.14,1.266,,,ussr_gun_152_x2,0.955,1.0895,,,,,,,,,,,,
gun_6_x3_china_cl,,152,gun_6_x3,china,cl,maine_gun_254_x3_a,0.65,0.745,,,maine_gun_230_x3,1.004,1.13,,,dreadnought_gun_178_x3,1.14,1.266,,,dreadnought_gun_178_x3,1.14,1.266,,,ussr_gun_152_x3,0.955,1.0895,,,,,,,,,,,,
gun_6_x4_china_cl,,152,gun_6_x4,china,cl,,,,,,,,,,,dreadnought_gun_178_x4,1.14,1.266,,,dreadnought_gun_178_x4,1.14,1.266,,,bismarck_gun_150_x4,0.8005,0.935,,,,,,,,,,,,
"gun_3_x1_china_ca,bb,bc",,76,gun_3_x1,china,"ca, bb, bc",maine_gun_152_x1,0.718,0.912,,,pen_gun_127_x1,0.815,1.04,,,,,,,,,,,,,,,,,,,,,,,,,,,
"gun_3_x2_china_ca,bb,bc",,76,gun_3_x2,china,"ca, bb, bc",maine_gun_152_x2,0.718,0.912,,,pen_gun_127_x2,0.815,1.04,,,dreadnought_gun_178_x2,0.732,0.858,,,dreadnought_gun_178_x2,0.732,0.858,,,ussr_gun_152_x2,0.4915,0.626,,,,,,,,,,,,
"gun_3_x3_china_ca,bb,bc",,76,gun_3_x3,china,"ca, bb, bc",maine_gun_152_x3,0.718,0.912,,,pen_gun_127_x3,0.815,1.04,,,dreadnought_gun_178_x3,0.732,0.858,,,dreadnought_gun_178_x3,0.732,0.858,,,ussr_gun_152_x3,0.4915,0.626,,,,,,,,,,,,
"gun_3_x4_china_ca,bb,bc",,76,gun_3_x4,china,"ca, bb, bc",,,,,,,,,,,dreadnought_gun_178_x4,0.732,0.858,,,dreadnought_gun_178_x4,0.732,0.858,,,bismarck_gun_150_x4,0.337,0.4715,,,,,,,,,,,,
"gun_4_x1_china_ca,bb,bc",,102,gun_4_x1,china,"ca, bb, bc",maine_gun_152_x1,0.932,1.126,,,pen_gun_127_x1,1.06,1.285,,,,,,,,,,,,,,,,,,,,,,,,,,,
"gun_4_x2_china_ca,bb,bc",,102,gun_4_x2,china,"ca, bb, bc",maine_gun_152_x2,0.932,1.126,,,pen_gun_127_x2,1.06,1.285,,,dreadnought_gun_178_x2,0.868,0.994,,,dreadnought_gun_178_x2,0.868,0.994,,,ussr_gun_152_x2,0.646,0.7805,,,,,,,,,,,,
"gun_4_x3_china_ca,bb,bc",,102,gun_4_x3,china,"ca, bb, bc",maine_gun_152_x3,0.932,1.126,,,pen_gun_127_x3,1.06,1.285,,,dreadnought_gun_178_x3,0.868,0.994,,,dreadnought_gun_178_x3,0.868,0.994,,,ussr_gun_152_x3,0.646,0.7805,,,,,,,,,,,,
"gun_4_x4_china_ca,bb,bc",,102,gun_4_x4,china,"ca, bb, bc",,,,,,,,,,,dreadnought_gun_178_x4,0.868,0.994,,,dreadnought_gun_178_x4,0.868,0.994,,,bismarck_gun_150_x4,0.4915,0.626,,,,,,,,,,,,
"gun_5_x1_china_ca,bb,bc",,127,gun_5_x1,china,"ca, bb, bc",maine_gun_152_x1,1.146,1.34,,,,,,,,,,,,,,,,,,,,,,,,,,,,,,,,
"gun_5_x2_china_ca,bb,bc",,127,gun_5_x2,china,"ca, bb, bc",maine_gun_152_x2,1.146,1.34,,,maine_gun_230_x2,0.868,0.994,,,dreadnought_gun_178_x2,1.004,1.13,,,dreadnought_gun_178_x2,1.004,1.13,,,ussr_gun_152_x2,0.8005,0.935,,,,,,,,,,,,
"gun_5_x3_china_ca,bb,bc",,127,gun_5_x3,china,"ca, bb, bc",maine_gun_152_x3,1.146,1.34,,,maine_gun_230_x3,0.868,0.994,,,dreadnought_gun_178_x3,1.004,1.13,,,dreadnought_gun_178_x3,1.004,1.13,,,ussr_gun_152_x3,0.8005,0.935,,,,,,,,,,,,
"gun_5_x4_china_ca,bb,bc",,127,gun_5_x4,china,"ca, bb, bc",,,,,,,,,,,dreadnought_gun_178_x4,1.004,1.13,,,dreadnought_gun_178_x4,1.004,1.13,,,bismarck_gun_150_x4,0.646,0.7805,,,,,,,,,,,,
"gun_6_x1_china_ca,bb,bc",,152,gun_6_x1,china,"ca, bb, bc",maine_gun_254_x1_a,0.65,0.745,,,,,,,,,,,,,,,,,,,,,,,,,,,,,,,,
"gun_6_x2_china_ca,bb,bc",,152,gun_6_x2,china,"ca, bb, bc",maine_gun_254_x2_a,0.65,0.745,,,maine_gun_230_x2,1.004,1.13,,,dreadnought_gun_178_x2,1.14,1.266,,,dreadnought_gun_178_x2,1.14,1.266,,,ussr_gun_152_x2,0.955,1.0895,,,,,,,,,,,,
"gun_6_x3_china_ca,bb,bc",,152,gun_6_x3,china,"ca, bb, bc",maine_gun_254_x3_a,0.65,0.745,,,maine_gun_230_x3,1.004,1.13,,,dreadnought_gun_178_x3,1.14,1.266,,,dreadnought_gun_178_x3,1.14,1.266,,,ussr_gun_152_x3,0.955,1.0895,,,,,,,,,,,,
"gun_6_x4_china_ca,bb,bc",,152,gun_6_x4,china,"ca, bb, bc",,,,,,,,,,,dreadnought_gun_178_x4,1.14,1.266,,,dreadnought_gun_178_x4,1.14,1.266,,,bismarck_gun_150_x4,0.8005,0.935,,,,,,,,,,,,
"gun_7_x1_china_cl,ca,bb,bc",,178,gun_7_x1,china,"cl, ca, bb, bc",maine_gun_254_x1_a,0.755,0.85,,,maine_gun_254_x1_b,0.793,0.906,,,brooklyn_gun_152_x1,0.857,0.974,,,brooklyn_gun_152_x1,0.857,0.974,,,brooklyn_gun_b_152_x1,0.857,0.974,,,,,,,,,,,,
"gun_7_x2_china_cl,ca,bb,bc",,178,gun_7_x2,china,"cl, ca, bb, bc",maine_gun_254_x2_a,0.755,0.85,,,maine_gun_254_x2_b,0.793,0.906,,,brooklyn_gun_152_x2,0.857,0.974,,,brooklyn_gun_152_x2,0.857,0.974,,,brooklyn_gun_b_152_x2,0.857,0.974,,,,,,,,,,,,
"gun_7_x3_china_cl,ca,bb,bc",,178,gun_7_x3,china,"cl, ca, bb, bc",maine_gun_254_x3_a,0.755,0.85,,,maine_gun_254_x3_b,0.793,0.906,,,brooklyn_gun_152_x3,0.857,0.974,,,brooklyn_gun_152_x3,0.857,0.974,,,brooklyn_gun_b_152_x3,0.857,0.974,,,,,,,,,,,,
"gun_7_x4_china_cl,ca,bb,bc",,178,gun_7_x4,china,"cl, ca, bb, bc",,,,,,,,,,,brooklyn_gun_152_x4,0.857,0.974,,,brooklyn_gun_152_x4,0.857,0.974,,,brooklyn_gun_b_152_x4,0.857,0.974,,,,,,,,,,,,
"gun_8_x1_china_ca,bb,bc",,203,gun_8_x1,china,"ca, bb, bc",maine_gun_254_x1_a,0.86,0.955,,,maine_gun_254_x1_b,0.916,1.029,,,brooklyn_gun_152_x1,0.984,1.101,,,brooklyn_gun_152_x1,0.984,1.101,,,brooklyn_gun_b_152_x1,0.984,1.101,,,,,,,,,,,,
"gun_8_x2_china_ca,bb,bc",,203,gun_8_x2,china,"ca, bb, bc",maine_gun_254_x2_a,0.86,0.955,,,maine_gun_254_x2_b,0.916,1.029,,,brooklyn_gun_152_x2,0.984,1.101,,,brooklyn_gun_152_x2,0.984,1.101,,,brooklyn_gun_b_152_x2,0.984,1.101,,,,,,,,,,,,
"gun_8_x3_china_ca,bb,bc",,203,gun_8_x3,china,"ca, bb, bc",maine_gun_254_x3_a,0.86,0.955,,,maine_gun_254_x3_b,0.916,1.029,,,brooklyn_gun_152_x3,0.984,1.101,,,brooklyn_gun_152_x3,0.984,1.101,,,brooklyn_gun_b_152_x3,0.984,1.101,,,,,,,,,,,,
"gun_8_x4_china_ca,bb,bc",,203,gun_8_x4,china,"ca, bb, bc",,,,,,,,,,,brooklyn_gun_152_x4,0.984,1.101,,,brooklyn_gun_152_x4,0.984,1.101,,,brooklyn_gun_b_152_x4,0.984,1.101,,,,,,,,,,,,
"gun_9_x1_china_ca,bb,bc",,229,gun_9_x1,china,"ca, bb, bc",maine_gun_254_x1_a,0.965,1.06,,,maine_gun_254_x1_b,1.039,1.152,,,dreadnought_gun_b_305_x1,0.863,0.944,,,brooklyn_gun_152_x1,1.111,1.228,,,brooklyn_gun_b_152_x1,1.111,1.228,,,,,,,,,,,,
"gun_9_x2_china_ca,bb,bc",,229,gun_9_x2,china,"ca, bb, bc",maine_gun_254_x2_a,0.965,1.06,,,maine_gun_254_x2_b,1.039,1.152,,,dreadnought_gun_b_305_x2,0.863,0.944,,,brooklyn_gun_152_x2,1.111,1.228,,,brooklyn_gun_b_152_x2,1.111,1.228,,,,,,,,,,,,
"gun_9_x3_china_ca,bb,bc",,229,gun_9_x3,china,"ca, bb, bc",maine_gun_254_x3_a,0.965,1.06,,,maine_gun_254_x3_b,1.039,1.152,,,dreadnought_gun_b_305_x3,0.863,0.944,,,brooklyn_gun_152_x3,1.111,1.228,,,brooklyn_gun_b_152_x3,1.111,1.228,,,,,,,,,,,,
"gun_9_x4_china_ca,bb,bc",,229,gun_9_x4,china,"ca, bb, bc",,,,,,,,,,,dreadnought_gun_b_305_x4,0.863,0.944,,,brooklyn_gun_152_x4,1.111,1.228,,,brooklyn_gun_b_152_x4,1.111,1.228,,,,,,,,,,,,
"gun_10_x1_china_ca,bb,bc",,254,gun_10_x1,china,"ca, bb, bc",maine_gun_254_x1_a,1.07,1.165,,,maine_gun_254_x1_b,1.162,1.275,,,dreadnought_gun_b_305_x1,0.954,1.035,,,brooklyn_gun_152_x1,1.238,1.355,,,brooklyn_gun_b_152_x1,1.238,1.355,,,,,,,,,,,,
"gun_10_x2_china_ca,bb,bc",,254,gun_10_x2,china,"ca, bb, bc",maine_gun_254_x2_a,1.07,1.165,,,maine_gun_254_x2_b,1.162,1.275,,,dreadnought_gun_b_305_x2,0.954,1.035,,,brooklyn_gun_152_x2,1.238,1.355,,,brooklyn_gun_b_152_x2,1.238,1.355,,,,,,,,,,,,
"gun_10_x3_china_ca,bb,bc",,254,gun_10_x3,china,"ca, bb, bc",maine_gun_254_x3_a,1.07,1.165,,,maine_gun_254_x3_b,1.162,1.275,,,dreadnought_gun_b_305_x3,0.954,1.035,,,brooklyn_gun_152_x3,1.238,1.355,,,brooklyn_gun_b_152_x3,1.238,1.355,,,,,,,,,,,,
"gun_10_x4_china_ca,bb,bc",,254,gun_10_x4,china,"ca, bb, bc",,,,,,,,,,,dreadnought_gun_b_305_x4,0.954,1.035,,,brooklyn_gun_152_x4,1.238,1.355,,,brooklyn_gun_b_152_x4,1.238,1.355,,,,,,,,,,,,
"gun_11_x1_china_ca,bb,bc",,279,gun_11_x1,china,"ca, bb, bc",maine_gun_254_x1_a,1.175,1.27,,,maine_gun_254_x1_b,1.285,1.398,,,dreadnought_gun_b_305_x1,1.045,1.126,,,ussr_gun_406_x1,0.645,0.69,,,ussr_gun_406_x1,0.645,0.69,,,,,,,,,,,,
"gun_11_x2_china_ca,bb,bc",,279,gun_11_x2,china,"ca, bb, bc",maine_gun_254_x2_a,1.175,1.27,,,maine_gun_254_x2_b,1.285,1.398,,,dreadnought_gun_b_305_x2,1.045,1.126,,,ussr_gun_406_x2,0.645,0.69,,,ussr_gun_406_x2,0.645,0.69,,,,,,,,,,,,
"gun_11_x3_china_ca,bb,bc",,279,gun_11_x3,china,"ca, bb, bc",maine_gun_254_x3_a,1.175,1.27,,,maine_gun_254_x3_b,1.285,1.398,,,dreadnought_gun_b_305_x3,1.045,1.126,,,ussr_gun_406_x3,0.645,0.69,,,ussr_gun_406_x3,0.645,0.69,,,,,,,,,,,,
"gun_11_x4_china_ca,bb,bc",,279,gun_11_x4,china,"ca, bb, bc",,,,,,,,,,,dreadnought_gun_b_305_x4,1.045,1.126,,,ussr_gun_406_x4,0.645,0.69,,,ussr_gun_406_x4,0.645,0.69,,,,,,,,,,,,
"gun_12_x1_china_bb,bc",,305,gun_12_x1,china,"ca, bb, bc",maine_gun_254_x1_a,1.28,1.375,,,maine_gun_254_x1_b,1.408,1.521,,,dreadnought_gun_b_305_x1,1.136,1.217,,,ussr_gun_406_x1,0.695,0.74,,,ussr_gun_406_x1,0.695,0.74,,,,,,,,,,,,
"gun_12_x2_china_bb,bc",,305,gun_12_x2,china,"ca, bb, bc",maine_gun_254_x2_a,1.28,1.375,,,maine_gun_254_x2_b,1.408,1.521,,,dreadnought_gun_b_305_x2,1.136,1.217,,,ussr_gun_406_x2,0.695,0.74,,,ussr_gun_406_x2,0.695,0.74,,,,,,,,,,,,
"gun_12_x3_china_bb,bc",,305,gun_12_x3,china,"ca, bb, bc",maine_gun_254_x3_a,1.28,1.375,,,maine_gun_254_x3_b,1.408,1.521,,,dreadnought_gun_b_305_x3,1.136,1.217,,,ussr_gun_406_x3,0.695,0.74,,,ussr_gun_406_x3,0.695,0.74,,,,,,,,,,,,
"gun_12_x4_china_bb,bc",,305,gun_12_x4,china,"ca, bb, bc",,,,,,,,,,,dreadnought_gun_b_305_x4,1.136,1.217,,,ussr_gun_406_x4,0.695,0.74,,,ussr_gun_406_x4,0.695,0.74,,,,,,,,,,,,
"gun_13_x1_china_bb,bc",,330,gun_13_x1,china,"bb, bc",maine_gun_254_x1_a,1.385,1.48,,,ny_gun_210_x1,2.0365,2.171,,,dreadnought_gun_b_305_x1,1.227,1.308,,,ussr_gun_406_x1,0.745,0.79,,,ussr_gun_406_x1,0.745,0.79,,,,,,,,,,,,
"gun_13_x2_china_bb,bc",,330,gun_13_x2,china,"bb, bc",maine_gun_254_x2_a,1.385,1.48,,,ny_gun_210_x2,2.0365,2.171,,,dreadnought_gun_b_305_x2,1.227,1.308,,,ussr_gun_406_x2,0.745,0.79,,,ussr_gun_406_x2,0.745,0.79,,,,,,,,,,,,
"gun_13_x3_china_bb,bc",,330,gun_13_x3,china,"bb, bc",maine_gun_254_x3_a,1.385,1.48,,,ny_gun_210_x3,2.0365,2.171,,,dreadnought_gun_b_305_x3,1.227,1.308,,,ussr_gun_406_x3,0.745,0.79,,,ussr_gun_406_x3,0.745,0.79,,,,,,,,,,,,
"gun_13_x4_china_bb,bc",,330,gun_13_x4,china,"bb, bc",,,,,,,,,,,dreadnought_gun_b_305_x4,1.227,1.308,,,ussr_gun_406_x4,0.745,0.79,,,ussr_gun_406_x4,0.745,0.79,,,,,,,,,,,,
"gun_14_x1_china_bb,bc",,356,gun_14_x1,china,"bb, bc",maine_gun_254_x1_a,1.49,1.585,,,ny_gun_210_x1,2.191,2.3255,,,dreadnought_gun_b_305_x1,1.318,1.399,,,ussr_gun_406_x1,0.795,0.84,,,ussr_gun_406_x1,0.795,0.84,,,,,,,,,,,,
"gun_14_x2_china_bb,bc",,356,gun_14_x2,china,"bb, bc",maine_gun_254_x2_a,1.49,1.585,,,ny_gun_210_x2,2.191,2.3255,,,dreadnought_gun_b_305_x2,1.318,1.399,,,ussr_gun_406_x2,0.795,0.84,,,ussr_gun_406_x2,0.795,0.84,,,,,,,,,,,,
"gun_14_x3_china_bb,bc",,356,gun_14_x3,china,"bb, bc",maine_gun_254_x3_a,1.49,1.585,,,ny_gun_210_x3,2.191,2.3255,,,dreadnought_gun_b_305_x3,1.318,1.399,,,ussr_gun_406_x3,0.795,0.84,,,ussr_gun_406_x3,0.795,0.84,,,,,,,,,,,,
"gun_14_x4_china_bb,bc",,356,gun_14_x4,china,"bb, bc",,,,,,,,,,,dreadnought_gun_b_305_x4,1.318,1.399,,,ussr_gun_406_x4,0.795,0.84,,,ussr_gun_406_x4,0.795,0.84,,,,,,,,,,,,
"gun_15_x1_china_bb,bc",,381,gun_15_x1,china,"bb, bc",maine_gun_254_x1_a,1.595,1.69,,,ny_gun_210_x1,2.3455,2.48,,,ny_gun_356_x1,1.409,1.49,,,ussr_gun_406_x1,0.845,0.89,,,ussr_gun_406_x1,0.845,0.89,,,,,,,,,,,,
"gun_15_x2_china_bb,bc",,381,gun_15_x2,china,"bb, bc",maine_gun_254_x2_a,1.595,1.69,,,ny_gun_210_x2,2.3455,2.48,,,ny_gun_356_x2,1.409,1.49,,,ussr_gun_406_x2,0.845,0.89,,,ussr_gun_406_x2,0.845,0.89,,,,,,,,,,,,
"gun_15_x3_china_bb,bc",,381,gun_15_x3,china,"bb, bc",maine_gun_254_x3_a,1.595,1.69,,,ny_gun_210_x3,2.3455,2.48,,,ny_gun_356_x3,1.409,1.49,,,ussr_gun_406_x3,0.845,0.89,,,ussr_gun_406_x3,0.845,0.89,,,,,,,,,,,,
"gun_15_x4_china_bb,bc",,381,gun_15_x4,china,"bb, bc",,,,,,,,,,,ny_gun_356_x4,1.409,1.49,,,ussr_gun_406_x4,0.845,0.89,,,ussr_gun_406_x4,0.845,0.89,,,,,,,,,,,,
"gun_16_x1_china_bb,bc",,406,gun_16_x1,china,"bb, bc",maine_gun_254_x1_a,1.7,1.795,,,ny_gun_210_x1,2.5,2.6345,,,ny_gun_356_x1,1.5,1.581,,,ussr_gun_406_x1,0.895,0.94,,,ussr_gun_406_x1,0.895,0.94,,,,,,,,,,,,
"gun_16_x2_china_bb,bc",,406,gun_16_x2,china,"bb, bc",maine_gun_254_x2_a,1.7,1.795,,,ny_gun_210_x2,2.5,2.6345,,,ny_gun_356_x2,1.5,1.581,,,ussr_gun_406_x2,0.895,0.94,,,ussr_gun_406_x2,0.895,0.94,,,,,,,,,,,,
"gun_16_x3_china_bb,bc",,406,gun_16_x3,china,"bb, bc",maine_gun_254_x3_a,1.7,1.795,,,ny_gun_210_x3,2.5,2.6345,,,ny_gun_356_x3,1.5,1.581,,,ussr_gun_406_x3,0.895,0.94,,,ussr_gun_406_x3,0.895,0.94,,,,,,,,,,,,
"gun_16_x4_china_bb,bc",,406,gun_16_x4,china,"bb, bc",,,,,,,,,,,ny_gun_356_x4,1.5,1.581,,,ussr_gun_406_x4,0.895,0.94,,,ussr_gun_406_x4,0.895,0.94,,,,,,,,,,,,
"gun_17_x1_china_bb,bc",,432,gun_17_x1,china,"bb, bc",ny_gun_210_x1,2.6545,2.789,,,ny_gun_356_x1,1.591,1.672,,,yamato_gun_460_x1,0.945,0.99,,,yamato_gun_b_460_x1,0.945,0.99,,,yamato_gun_b_460_x1,0.945,0.99,,,,,,,,,,,,
"gun_17_x2_china_bb,bc",,432,gun_17_x2,china,"bb, bc",ny_gun_210_x2,2.6545,2.789,,,ny_gun_356_x2,1.591,1.672,,,yamato_gun_460_x2,0.945,0.99,,,yamato_gun_b_460_x2,0.945,0.99,,,yamato_gun_b_460_x2,0.945,0.99,,,,,,,,,,,,
"gun_17_x3_china_bb,bc",,432,gun_17_x3,china,"bb, bc",ny_gun_210_x3,2.6545,2.789,,,ny_gun_356_x3,1.591,1.672,,,yamato_gun_460_x3,0.945,0.99,,,yamato_gun_b_460_x3,0.945,0.99,,,yamato_gun_b_460_x3,0.945,0.99,,,,,,,,,,,,
"gun_17_x4_china_bb,bc",,432,gun_17_x4,china,"bb, bc",,,,,,ny_gun_356_x4,1.591,1.672,,,yamato_gun_460_x4,0.945,0.99,,,yamato_gun_b_460_x4,0.945,0.99,,,yamato_gun_b_460_x4,0.945,0.99,,,,,,,,,,,,
"gun_18_x1_china_bb,bc",,457,gun_18_x1,china,"bb, bc",ny_gun_210_x1,2.809,2.9435,,,ny_gun_356_x1,1.682,1.763,,,yamato_gun_460_x1,0.995,1.04,,,yamato_gun_b_460_x1,0.995,1.04,,,yamato_gun_b_460_x1,0.995,1.04,,,,,,,,,,,,
"gun_18_x2_china_bb,bc",,457,gun_18_x2,china,"bb, bc",ny_gun_210_x2,2.809,2.9435,,,ny_gun_356_x2,1.682,1.763,,,yamato_gun_460_x2,0.995,1.04,,,yamato_gun_b_460_x2,0.995,1.04,,,yamato_gun_b_460_x2,0.995,1.04,,,,,,,,,,,,
"gun_18_x3_china_bb,bc",,457,gun_18_x3,china,"bb, bc",ny_gun_210_x3,2.809,2.9435,,,ny_gun_356_x3,1.682,1.763,,,yamato_gun_460_x3,0.995,1.04,,,yamato_gun_b_460_x3,0.995,1.04,,,yamato_gun_b_460_x3,0.995,1.04,,,,,,,,,,,,
"gun_18_x4_china_bb,bc",,457,gun_18_x4,china,"bb, bc",,,,,,ny_gun_356_x4,1.682,1.763,,,yamato_gun_460_x4,0.995,1.04,,,yamato_gun_b_460_x4,0.995,1.04,,,yamato_gun_b_460_x4,0.995,1.04,,,,,,,,,,,,
"gun_19_x1_china_bb,bc",,483,gun_19_x1,china,"bb, bc",ny_gun_210_x1,2.9635,3.098,,,ny_gun_356_x1,1.773,1.854,,,yamato_gun_460_x1,1.045,1.09,,,yamato_gun_b_460_x1,1.045,1.09,,,yamato_gun_b_460_x1,1.045,1.09,,,,,,,,,,,,
"gun_19_x2_china_bb,bc",,483,gun_19_x2,china,"bb, bc",ny_gun_210_x2,2.9635,3.098,,,ny_gun_356_x2,1.773,1.854,,,yamato_gun_460_x2,1.045,1.09,,,yamato_gun_b_460_x2,1.045,1.09,,,yamato_gun_b_460_x2,1.045,1.09,,,,,,,,,,,,
"gun_19_x3_china_bb,bc",,483,gun_19_x3,china,"bb, bc",ny_gun_210_x3,2.9635,3.098,,,ny_gun_356_x3,1.773,1.854,,,yamato_gun_460_x3,1.045,1.09,,,yamato_gun_b_460_x3,1.045,1.09,,,yamato_gun_b_460_x3,1.045,1.09,,,,,,,,,,,,
"gun_19_x4_china_bb,bc",,483,gun_19_x4,china,"bb, bc",,,,,,ny_gun_356_x4,1.773,1.854,,,yamato_gun_460_x4,1.045,1.09,,,yamato_gun_b_460_x4,1.045,1.09,,,yamato_gun_b_460_x4,1.045,1.09,,,,,,,,,,,,
"gun_20_x1_china_bb,bc",,508,gun_20_x1,china,"bb, bc",ny_gun_210_x1,3.118,3.2525,,,ny_gun_356_x1,1.864,1.945,,,yamato_gun_460_x1,1.095,1.14,,,yamato_gun_b_460_x1,1.095,1.14,,,yamato_gun_b_460_x1,1.095,1.14,,,,,,,,,,,,
"gun_20_x2_china_bb,bc",,508,gun_20_x2,china,"bb, bc",ny_gun_210_x2,3.118,3.2525,,,ny_gun_356_x2,1.864,1.945,,,yamato_gun_460_x2,1.095,1.14,,,yamato_gun_b_460_x2,1.095,1.14,,,yamato_gun_b_460_x2,1.095,1.14,,,,,,,,,,,,
"gun_20_x3_china_bb,bc",,508,gun_20_x3,china,"bb, bc",ny_gun_210_x3,3.118,3.2525,,,ny_gun_356_x3,1.864,1.945,,,yamato_gun_460_x3,1.095,1.14,,,yamato_gun_b_460_x3,1.095,1.14,,,yamato_gun_b_460_x3,1.095,1.14,,,,,,,,,,,,
"gun_20_x4_china_bb,bc",,508,gun_20_x4,china,"bb, bc",,,,,,ny_gun_356_x4,1.864,1.945,,,yamato_gun_460_x4,1.095,1.14,,,yamato_gun_b_460_x4,1.095,1.14,,,yamato_gun_b_460_x4,1.095,1.14,,,,,,,,,,,,
###,,,###,,,,,,,,,,,,,,,,,,,,,,,,,,,,,,,,,,,,,
gun_2_x1_alt_china,,51,gun_2_x1_alt,china,,,,,,,,,,,,,,,,,,,,,,,,,,,,,,,,,,,,
gun_2_x2_alt_china,,51,gun_2_x2_alt,china,,,,,,,,,,,,,,,,,,,,,,,,,,,,,,,,,,,,
gun_2_x3_alt_china,,51,gun_2_x3_alt,china,,,,,,,,,,,,,,,,,,,,,,,,,,,,,,,,,,,,
gun_3_x1_alt_china,,76,gun_3_x1_alt,china,,,,,,,,,,,,,,,,,,,,,50,,,,,55,,,,,,,,,,
gun_3_x2_alt_china,,76,gun_3_x2_alt,china,,maine_gun_152_x2,0.718,0.912,,,pen_gun_127_x2,0.815,1.04,,,dreadnought_gun_178_x2,0.732,0.858,,,ussr_gun_100_x2,0.4915,0.626,,50,ussr_gun_152_x2,0.4915,0.626,,55,,,,,,,,,,
gun_3_x3_alt_china,,76,gun_3_x3_alt,china,,maine_gun_152_x3,0.718,0.912,,,pen_gun_127_x3,0.815,1.04,,,dreadnought_gun_178_x3,0.732,0.858,,,ussr_gun_100_x3,0.4915,0.626,,50,ussr_gun_152_x3,0.4915,0.626,,55,,,,,,,,,,
gun_4_x1_alt_china,,102,gun_4_x1_alt,china,,,,,,,,,,,,,,,,,,,,,,,,,,,,,,,,,,,,
gun_4_x2_alt_china,,102,gun_4_x2_alt,china,,maine_gun_152_x2,0.932,1.126,,,pen_gun_127_x2,1.06,1.285,,,dreadnought_gun_178_x2,0.868,0.994,,,ussr_gun_100_x2,0.646,0.7805,,,ussr_gun_152_x2,0.646,0.7805,,,,,,,,,,,,
gun_4_x3_alt_china,,102,gun_4_x3_alt,china,,maine_gun_152_x3,0.932,1.126,,,pen_gun_127_x3,1.06,1.285,,,dreadnought_gun_178_x3,0.868,0.994,,,ussr_gun_100_x3,0.646,0.7805,,,ussr_gun_152_x3,0.646,0.7805,,,,,,,,,,,,
gun_5_x1_alt_china,,127,gun_5_x1_alt,china,,,,,,,,,,,,,,,,,ussr_gun_100_x1,0.8005,0.935,,,ussr_gun_152_x1,0.8005,0.935,,,,,,,,,,,,
gun_5_x2_alt_china,,127,gun_5_x2_alt,china,,maine_gun_152_x2,1.146,1.34,,,maine_gun_230_x2,0.868,0.994,,,dreadnought_gun_178_x2,1.004,1.13,,,ussr_gun_100_x2,0.8005,0.935,,,ussr_gun_152_x2,0.8005,0.935,,,,,,,,,,,,
gun_5_x3_alt_china,,127,gun_5_x3_alt,china,,maine_gun_152_x3,1.146,1.34,,,maine_gun_230_x3,0.868,0.994,,,dreadnought_gun_178_x3,1.004,1.13,,,ussr_gun_100_x3,0.8005,0.935,,,ussr_gun_152_x3,0.8005,0.935,,,,,,,,,,,,
gun_6_x2_alt_china,,152,gun_6_x2_alt,china,,maine_gun_254_x2_a,0.65,0.745,,,maine_gun_230_x2,1.004,1.13,,,dreadnought_gun_178_x2,1.14,1.266,,,dreadnought_gun_178_x2,1.14,1.266,,,ussr_gun_152_x2,0.955,1.0895,,,,,,,,,,,,
gun_6_x3_alt_china,,152,gun_6_x3_alt,china,,maine_gun_254_x3_a,0.65,0.745,,,maine_gun_230_x3,1.004,1.13,,,dreadnought_gun_178_x3,1.14,1.266,,,dreadnought_gun_178_x3,1.14,1.266,,,ussr_gun_152_x3,0.955,1.0895,,,,,,,,,,,,
gun_7_x2_alt_china,,178,gun_7_x2_alt,china,,maine_gun_254_x2_a,0.755,0.85,,,maine_gun_254_x2_b,0.793,0.906,,,brooklyn_gun_152_x2,0.857,0.974,,,brooklyn_gun_152_x2,0.857,0.974,,,brooklyn_gun_b_152_x2,0.857,0.974,,,,,,,,,,,,
gun_7_x3_alt_china,,178,gun_7_x3_alt,china,,maine_gun_254_x3_a,0.755,0.85,,,maine_gun_254_x3_b,0.793,0.906,,,brooklyn_gun_152_x3,0.857,0.974,,,brooklyn_gun_152_x3,0.857,0.974,,,brooklyn_gun_b_152_x3,0.857,0.974,,,,,,,,,,,,
gun_8_x2_alt_china,,203,gun_8_x2_alt,china,,maine_gun_254_x2_a,0.86,0.955,,,maine_gun_254_x2_b,0.916,1.029,,,brooklyn_gun_152_x2,0.984,1.101,,,brooklyn_gun_152_x2,0.984,1.101,,,brooklyn_gun_b_152_x2,0.984,1.101,,,,,,,,,,,,
gun_8_x3_alt_china,,203,gun_8_x3_alt,china,,maine_gun_254_x3_a,0.86,0.955,,,maine_gun_254_x3_b,0.916,1.029,,,brooklyn_gun_152_x3,0.984,1.101,,,brooklyn_gun_152_x3,0.984,1.101,,,brooklyn_gun_b_152_x3,0.984,1.101,,,,,,,,,,,,
gun_9_x2_alt_china,,229,gun_9_x2_alt,china,,maine_gun_254_x2_a,0.965,1.06,,,maine_gun_254_x2_b,1.039,1.152,,,dreadnought_gun_b_305_x2,0.863,0.944,,,brooklyn_gun_152_x2,1.111,1.228,,,brooklyn_gun_b_152_x2,1.111,1.228,,,,,,,,,,,,
gun_9_x3_alt_china,,229,gun_9_x3_alt,china,,maine_gun_254_x3_a,0.965,1.06,,,maine_gun_254_x3_b,1.039,1.152,,,dreadnought_gun_b_305_x3,0.863,0.944,,,brooklyn_gun_152_x3,1.111,1.228,,,brooklyn_gun_b_152_x3,1.111,1.228,,,,,,,,,,,,
gun_10_x2_alt_china,,254,gun_10_x2_alt,china,,maine_gun_254_x2_a,1.07,1.165,,,maine_gun_254_x2_b,1.162,1.275,,,dreadnought_gun_b_305_x2,0.954,1.035,,,brooklyn_gun_152_x2,1.238,1.355,,,brooklyn_gun_b_152_x2,1.238,1.355,,,,,,,,,,,,
gun_10_x3_alt_china,,254,gun_10_x3_alt,china,,maine_gun_254_x3_a,1.07,1.165,,,maine_gun_254_x3_b,1.162,1.275,,,dreadnought_gun_b_305_x3,0.954,1.035,,,brooklyn_gun_152_x3,1.238,1.355,,,brooklyn_gun_b_152_x3,1.238,1.355,,,,,,,,,,,,
gun_11_x2_alt_china,,279,gun_11_x2_alt,china,,maine_gun_254_x2_a,1.175,1.27,,,maine_gun_254_x2_b,1.285,1.398,,,dreadnought_gun_b_305_x2,1.045,1.126,,,ussr_gun_406_x2,0.645,0.69,,,ussr_gun_406_x2,0.645,0.69,,,,,,,,,,,,
gun_11_x3_alt_china,,279,gun_11_x3_alt,china,,maine_gun_254_x3_a,1.175,1.27,,,maine_gun_254_x3_b,1.285,1.398,,,dreadnought_gun_b_305_x3,1.045,1.126,,,ussr_gun_406_x3,0.645,0.69,,,ussr_gun_406_x3,0.645,0.69,,,,,,,,,,,,
gun_12_x2_alt_china,,305,gun_12_x2_alt,china,,maine_gun_254_x2_a,1.28,1.375,,,maine_gun_254_x2_b,1.408,1.521,,,dreadnought_gun_b_305_x2,1.136,1.217,,,ussr_gun_406_x2,0.695,0.74,,45,ussr_gun_406_x2,0.695,0.74,,,,,,,,,,,,
gun_12_x3_alt_china,,305,gun_12_x3_alt,china,,maine_gun_254_x3_a,1.28,1.375,,,maine_gun_254_x3_b,1.408,1.521,,,dreadnought_gun_b_305_x3,1.136,1.217,,,ussr_gun_406_x3,0.695,0.74,,45,ussr_gun_406_x3,0.695,0.74,,,,,,,,,,,,
gun_13_x2_alt_china,,330,gun_13_x2_alt,china,,maine_gun_254_x2_a,1.385,1.48,,,ny_gun_210_x2,2.0365,2.171,,,dreadnought_gun_b_305_x2,1.227,1.308,,,ussr_gun_406_x2,0.745,0.79,,45,ussr_gun_406_x2,0.745,0.79,,,,,,,,,,,,
gun_13_x3_alt_china,,330,gun_13_x3_alt,china,,maine_gun_254_x3_a,1.385,1.48,,,ny_gun_210_x3,2.0365,2.171,,,dreadnought_gun_b_305_x3,1.227,1.308,,,ussr_gun_406_x3,0.745,0.79,,45,ussr_gun_406_x3,0.745,0.79,,,,,,,,,,,,
gun_14_x2_alt_china,,356,gun_14_x2_alt,china,,maine_gun_254_x2_a,1.49,1.585,,,ny_gun_210_x2,2.191,2.3255,,,dreadnought_gun_b_305_x2,1.318,1.399,,,ussr_gun_406_x2,0.795,0.84,,45,ussr_gun_406_x2,0.795,0.84,,,,,,,,,,,,
gun_14_x3_alt_china,,356,gun_14_x3_alt,china,,maine_gun_254_x3_a,1.49,1.585,,,ny_gun_210_x3,2.191,2.3255,,,dreadnought_gun_b_305_x3,1.318,1.399,,,ussr_gun_406_x3,0.795,0.84,,45,ussr_gun_406_x3,0.795,0.84,,,,,,,,,,,,
gun_15_x2_alt_china,,381,gun_15_x2_alt,china,,maine_gun_254_x2_a,1.595,1.69,,,ny_gun_210_x2,2.3455,2.48,,,ny_gun_356_x2,1.409,1.49,,,ussr_gun_406_x2,0.845,0.89,,45,ussr_gun_406_x2,0.845,0.89,,,,,,,,,,,,
gun_15_x3_alt_china,,381,gun_15_x3_alt,china,,maine_gun_254_x3_a,1.595,1.69,,,ny_gun_210_x3,2.3455,2.48,,,ny_gun_356_x3,1.409,1.49,,,ussr_gun_406_x3,0.845,0.89,,45,ussr_gun_406_x3,0.845,0.89,,,,,,,,,,,,
gun_16_x2_alt_china,,406,gun_16_x2_alt,china,,maine_gun_254_x2_a,1.7,1.795,,,ny_gun_210_x2,2.5,2.6345,,,ny_gun_356_x2,1.5,1.581,,,ussr_gun_406_x2,0.895,0.94,,45,ussr_gun_406_x2,0.895,0.94,,,,,,,,,,,,
gun_16_x3_alt_china,,406,gun_16_x3_alt,china,,maine_gun_254_x3_a,1.7,1.795,,,ny_gun_210_x3,2.5,2.6345,,,ny_gun_356_x3,1.5,1.581,,,ussr_gun_406_x3,0.895,0.94,,45,ussr_gun_406_x3,0.895,0.94,,,,,,,,,,,,
gun_17_x2_alt_china,,432,gun_17_x2_alt,china,,ny_gun_210_x2,2.6545,2.789,,,ny_gun_356_x2,1.591,1.672,,,yamato_gun_460_x2,0.945,0.99,,,yamato_gun_b_460_x2,0.945,0.99,,45,yamato_gun_b_460_x2,0.945,0.99,,,,,,,,,,,,
gun_17_x3_alt_china,,432,gun_17_x3_alt,china,,ny_gun_210_x3,2.6545,2.789,,,ny_gun_356_x3,1.591,1.672,,,yamato_gun_460_x3,0.945,0.99,,,yamato_gun_b_460_x3,0.945,0.99,,45,yamato_gun_b_460_x3,0.945,0.99,,,,,,,,,,,,
gun_18_x2_alt_china,,457,gun_18_x2_alt,china,,ny_gun_210_x2,2.809,2.9435,,,ny_gun_356_x2,1.682,1.763,,,yamato_gun_460_x2,0.995,1.04,,,yamato_gun_b_460_x2,0.995,1.04,,45,yamato_gun_b_460_x2,0.995,1.04,,,,,,,,,,,,
gun_18_x3_alt_china,,457,gun_18_x3_alt,china,,ny_gun_210_x3,2.809,2.9435,,,ny_gun_356_x3,1.682,1.763,,,yamato_gun_460_x3,0.995,1.04,,,yamato_gun_b_460_x3,0.995,1.04,,45,yamato_gun_b_460_x3,0.995,1.04,,,,,,,,,,,,
###,,,###,,,,,,,,,,,,,,,,,,,,,,,,,,,,,,,,,,,,,
gun_2_x1_ottoman,,51,gun_2_x1,ottoman,,,,,,,,,,,,,,,,,iowa_gun_127_x1,0.5,0.68,,,iowa_gun_127_x1,0.5,0.68,,,,,,,,,,,,
gun_2_x2_ottoman,,51,gun_2_x2,ottoman,,dido_gun_cal200_x2,0.224,0.323,,,dreadnought_gun_178_x2,0.596,0.722,,,iowa_gun_127_x2,0.5,0.68,,,iowa_gun_127_x2,0.5,0.68,,,iowa_gun_127_x2,0.5,0.68,,,,,,,,,,,,
gun_2_x3_ottoman,,51,gun_2_x3,ottoman,,dido_gun_cal200_x3,0.224,0.323,,,dreadnought_gun_178_x3,0.596,0.722,,,iowa_gun_127_x3,0.5,0.68,,,iowa_gun_127_x3,0.5,0.68,,,iowa_gun_127_x3,0.5,0.68,,,,,,,,,,,,
gun_2_x4_ottoman,,51,gun_2_x4,ottoman,,dido_gun_cal200_x4,0.224,0.323,,,dreadnought_gun_178_x4,0.596,0.722,,,iowa_gun_127_x4,0.5,0.68,,,iowa_gun_127_x4,0.5,0.68,,,iowa_gun_127_x4,0.5,0.68,,,,,,,,,,,,
gun_3_x1_ottoman_dd,,76,gun_3_x1,ottoman,"dd, tb",,,,,,,,,,,,,,,,,,,,,,,,,,,,,,,,,,,
gun_3_x2_ottoman_dd,,76,gun_3_x2,ottoman,"dd, tb",dido_gun_cal200_x2,0.333,0.432,,,dreadnought_gun_178_x2,0.732,0.858,,,didox_gun_cal133_x2,0.732,0.858,,,dido_gun_cal133_x2,0.732,0.858,,,dido_gun_cal133_x2,0.732,0.858,,,,,,,,,,,,
gun_3_x3_ottoman_dd,,76,gun_3_x3,ottoman,"dd, tb",dido_gun_cal200_x3,0.333,0.432,,,dreadnought_gun_178_x3,0.732,0.858,,,didox_gun_cal133_x3,0.732,0.858,,,dido_gun_cal133_x3,0.732,0.858,,,dido_gun_cal133_x3,0.732,0.858,,,,,,,,,,,,
gun_3_x4_ottoman_dd,,76,gun_3_x4,ottoman,"dd, tb",dido_gun_cal200_x4,0.333,0.432,,,dreadnought_gun_178_x4,0.732,0.858,,,didox_gun_cal133_x4,0.732,0.858,,,dido_gun_cal133_x4,0.732,0.858,,,dido_gun_cal133_x4,0.732,0.858,,,,,,,,,,,,
gun_4_x1_ottoman_dd,,102,gun_4_x1,ottoman,"dd, tb",,,,,,,,,,,,,,,,,,,,,,,,,,,,,,,,,,,
gun_4_x2_ottoman_dd,,102,gun_4_x2,ottoman,"dd, tb",dido_gun_cal200_x2,0.442,0.541,,,dreadnought_gun_178_x2,0.868,0.994,,,didox_gun_cal133_x2,0.868,0.994,,,dido_gun_cal133_x2,0.868,0.994,,,dido_gun_cal133_x2,0.868,0.994,,,,,,,,,,,,
gun_4_x3_ottoman_dd,,102,gun_4_x3,ottoman,"dd, tb",dido_gun_cal200_x3,0.442,0.541,,,dreadnought_gun_178_x3,0.868,0.994,,,didox_gun_cal133_x3,0.868,0.994,,,dido_gun_cal133_x3,0.868,0.994,,,dido_gun_cal133_x3,0.868,0.994,,,,,,,,,,,,
gun_4_x4_ottoman_dd,,102,gun_4_x4,ottoman,"dd, tb",dido_gun_cal200_x4,0.442,0.541,,,dreadnought_gun_178_x4,0.868,0.994,,,didox_gun_cal133_x4,0.868,0.994,,,dido_gun_cal133_x4,0.868,0.994,,,dido_gun_cal133_x4,0.868,0.994,,,,,,,,,,,,
gun_5_x1_ottoman_dd,,127,gun_5_x1,ottoman,"dd, tb",,,,,,,,,,,,,,,,,,,,,,,,,,,,,,,,,,,
gun_5_x2_ottoman_dd,,127,gun_5_x2,ottoman,"dd, tb",dido_gun_cal200_x2,0.551,0.65,,,dreadnought_gun_178_x2,1.004,1.13,,,didox_gun_cal133_x2,1.004,1.13,,,dido_gun_cal133_x2,1.004,1.13,,,dido_gun_cal133_x2,1.004,1.13,,,,,,,,,,,,
gun_5_x3_ottoman_dd,,127,gun_5_x3,ottoman,"dd, tb",dido_gun_cal200_x3,0.551,0.65,,,dreadnought_gun_178_x3,1.004,1.13,,,didox_gun_cal133_x3,1.004,1.13,,,dido_gun_cal133_x3,1.004,1.13,,,dido_gun_cal133_x3,1.004,1.13,,,,,,,,,,,,
gun_5_x4_ottoman_dd,,127,gun_5_x4,ottoman,"dd, tb",dido_gun_cal200_x4,0.551,0.65,,,dreadnought_gun_178_x4,1.004,1.13,,,didox_gun_cal133_x4,1.004,1.13,,,dido_gun_cal133_x4,1.004,1.13,,,dido_gun_cal133_x4,1.004,1.13,,,,,,,,,,,,
gun_3_x1_ottoman_cl,,76,gun_3_x1,ottoman,cl,,,,,,,,,,,,,,,,,,,,,,,,,,,,,,,,,,,
gun_3_x2_ottoman_cl,,76,gun_3_x2,ottoman,cl,dido_gun_cal200_x2,0.333,0.432,,,dreadnought_gun_178_x2,0.732,0.858,,,didox_gun_cal133_x2,0.732,0.858,,,dido_gun_cal133_x2,0.732,0.858,,,dido_gun_cal133_x2,0.732,0.858,,,,,,,,,,,,
gun_3_x3_ottoman_cl,,76,gun_3_x3,ottoman,cl,dido_gun_cal200_x3,0.333,0.432,,,dreadnought_gun_178_x3,0.732,0.858,,,didox_gun_cal133_x3,0.732,0.858,,,dido_gun_cal133_x3,0.732,0.858,,,dido_gun_cal133_x3,0.732,0.858,,,,,,,,,,,,
gun_3_x4_ottoman_cl,,76,gun_3_x4,ottoman,cl,dido_gun_cal200_x4,0.333,0.432,,,dreadnought_gun_178_x4,0.732,0.858,,,didox_gun_cal133_x4,0.732,0.858,,,dido_gun_cal133_x4,0.732,0.858,,,dido_gun_cal133_x4,0.732,0.858,,,,,,,,,,,,
gun_4_x1_ottoman_cl,,102,gun_4_x1,ottoman,cl,,,,,,,,,,,,,,,,,,,,,,,,,,,,,,,,,,,
gun_4_x2_ottoman_cl,,102,gun_4_x2,ottoman,cl,dido_gun_cal200_x2,0.442,0.541,,,dreadnought_gun_178_x2,0.868,0.994,,,didox_gun_cal133_x2,0.868,0.994,,,dido_gun_cal133_x2,0.868,0.994,,,dido_gun_cal133_x2,0.868,0.994,,,,,,,,,,,,
gun_4_x3_ottoman_cl,,102,gun_4_x3,ottoman,cl,dido_gun_cal200_x3,0.442,0.541,,,dreadnought_gun_178_x3,0.868,0.994,,,didox_gun_cal133_x3,0.868,0.994,,,dido_gun_cal133_x3,0.868,0.994,,,dido_gun_cal133_x3,0.868,0.994,,,,,,,,,,,,
gun_4_x4_ottoman_cl,,102,gun_4_x4,ottoman,cl,dido_gun_cal200_x4,0.442,0.541,,,dreadnought_gun_178_x4,0.868,0.994,,,didox_gun_cal133_x4,0.868,0.994,,,dido_gun_cal133_x4,0.868,0.994,,,dido_gun_cal133_x4,0.868,0.994,,,,,,,,,,,,
gun_5_x1_ottoman_cl,,127,gun_5_x1,ottoman,cl,,,,,,,,,,,,,,,,,,,,,,,,,,,,,,,,,,,
gun_5_x2_ottoman_cl,,127,gun_5_x2,ottoman,cl,dido_gun_cal200_x2,0.551,0.65,,,dreadnought_gun_178_x2,1.004,1.13,,,didox_gun_cal133_x2,1.004,1.13,,,dido_gun_cal133_x2,1.004,1.13,,,dido_gun_cal133_x2,1.004,1.13,,,,,,,,,,,,
gun_5_x3_ottoman_cl,,127,gun_5_x3,ottoman,cl,dido_gun_cal200_x3,0.551,0.65,,,dreadnought_gun_178_x3,1.004,1.13,,,didox_gun_cal133_x3,1.004,1.13,,,dido_gun_cal133_x3,1.004,1.13,,,dido_gun_cal133_x3,1.004,1.13,,,,,,,,,,,,
gun_5_x4_ottoman_cl,,127,gun_5_x4,ottoman,cl,dido_gun_cal200_x4,0.551,0.65,,,dreadnought_gun_178_x4,1.004,1.13,,,didox_gun_cal133_x4,1.004,1.13,,,dido_gun_cal133_x4,1.004,1.13,,,dido_gun_cal133_x4,1.004,1.13,,,,,,,,,,,,
gun_6_x1_ottoman_cl,,152,gun_6_x1,ottoman,cl,,,,,,,,,,,,,,,,,,,,,,,,,,,,,,,,,,,
gun_6_x2_ottoman_cl,,152,gun_6_x2,ottoman,cl,dido_gun_cal200_x2,0.66,0.759,,,dreadnought_gun_178_x2,1.14,1.266,,,warrior_gun_228_x2,0.71,0.81,,,dido_gun_cal133_x2,0.732,0.858,,,dido_gun_cal133_x2,0.732,0.858,,,,,,,,,,,,
gun_6_x3_ottoman_cl,,152,gun_6_x3,ottoman,cl,dido_gun_cal200_x3,0.66,0.759,,,dreadnought_gun_178_x3,1.14,1.266,,,warrior_gun_228_x3,0.71,0.81,,,dido_gun_cal133_x3,0.732,0.858,,,dido_gun_cal133_x3,0.732,0.858,,,,,,,,,,,,
gun_6_x4_ottoman_cl,,152,gun_6_x4,ottoman,cl,dido_gun_cal200_x4,0.66,0.759,,,dreadnought_gun_178_x4,1.14,1.266,,,warrior_gun_228_x4,0.71,0.81,,,dido_gun_cal133_x4,0.732,0.858,,,dido_gun_cal133_x4,0.732,0.858,,,,,,,,,,,,
"gun_3_x1_ottoman_ca,bb,bc",,76,gun_3_x1,ottoman,"ca, bb, bc",,,,,,,,,,,,,,,,,,,,,,,,,,,,,,,,,,,
"gun_3_x2_ottoman_ca,bb,bc",,76,gun_3_x2,ottoman,"ca, bb, bc",dido_gun_cal200_x2,0.333,0.432,,,dreadnought_gun_178_x2,0.732,0.858,,,didox_gun_cal133_x2,0.732,0.858,,,dido_gun_cal133_x2,0.868,0.994,,,dido_gun_cal133_x2,0.868,0.994,,,,,,,,,,,,
"gun_3_x3_ottoman_ca,bb,bc",,76,gun_3_x3,ottoman,"ca, bb, bc",dido_gun_cal200_x3,0.333,0.432,,,dreadnought_gun_178_x3,0.732,0.858,,,didox_gun_cal133_x3,0.732,0.858,,,dido_gun_cal133_x3,0.868,0.994,,,dido_gun_cal133_x3,0.868,0.994,,,,,,,,,,,,
"gun_3_x4_ottoman_ca,bb,bc",,76,gun_3_x4,ottoman,"ca, bb, bc",dido_gun_cal200_x4,0.333,0.432,,,dreadnought_gun_178_x4,0.732,0.858,,,didox_gun_cal133_x4,0.732,0.858,,,dido_gun_cal133_x4,0.868,0.994,,,dido_gun_cal133_x4,0.868,0.994,,,,,,,,,,,,
"gun_4_x1_ottoman_ca,bb,bc",,102,gun_4_x1,ottoman,"ca, bb, bc",,,,,,,,,,,,,,,,,,,,,,,,,,,,,,,,,,,
"gun_4_x2_ottoman_ca,bb,bc",,102,gun_4_x2,ottoman,"ca, bb, bc",dido_gun_cal200_x2,0.442,0.541,,,dreadnought_gun_178_x2,0.868,0.994,,,didox_gun_cal133_x2,0.868,0.994,,,dido_gun_cal133_x2,1.004,1.13,,,dido_gun_cal133_x2,1.004,1.13,,,,,,,,,,,,
"gun_4_x3_ottoman_ca,bb,bc",,102,gun_4_x3,ottoman,"ca, bb, bc",dido_gun_cal200_x3,0.442,0.541,,,dreadnought_gun_178_x3,0.868,0.994,,,didox_gun_cal133_x3,0.868,0.994,,,dido_gun_cal133_x3,1.004,1.13,,,dido_gun_cal133_x3,1.004,1.13,,,,,,,,,,,,
"gun_4_x4_ottoman_ca,bb,bc",,102,gun_4_x4,ottoman,"ca, bb, bc",dido_gun_cal200_x4,0.442,0.541,,,dreadnought_gun_178_x4,0.868,0.994,,,didox_gun_cal133_x4,0.868,0.994,,,dido_gun_cal133_x4,1.004,1.13,,,dido_gun_cal133_x4,1.004,1.13,,,,,,,,,,,,
"gun_5_x1_ottoman_ca,bb,bc",,127,gun_5_x1,ottoman,"ca, bb, bc",,,,,,,,,,,,,,,,,,,,,,,,,,,,,,,,,,,
"gun_5_x2_ottoman_ca,bb,bc",,127,gun_5_x2,ottoman,"ca, bb, bc",dido_gun_cal200_x2,0.551,0.65,,,dreadnought_gun_178_x2,1.004,1.13,,,didox_gun_cal133_x2,1.004,1.13,,,dido_gun_cal133_x2,1.14,1.266,,,dido_gun_cal133_x2,1.14,1.266,,,,,,,,,,,,
"gun_5_x3_ottoman_ca,bb,bc",,127,gun_5_x3,ottoman,"ca, bb, bc",dido_gun_cal200_x3,0.551,0.65,,,dreadnought_gun_178_x3,1.004,1.13,,,didox_gun_cal133_x3,1.004,1.13,,,dido_gun_cal133_x3,1.14,1.266,,,dido_gun_cal133_x3,1.14,1.266,,,,,,,,,,,,
"gun_5_x4_ottoman_ca,bb,bc",,127,gun_5_x4,ottoman,"ca, bb, bc",dido_gun_cal200_x4,0.551,0.65,,,dreadnought_gun_178_x4,1.004,1.13,,,didox_gun_cal133_x4,1.004,1.13,,,dido_gun_cal133_x4,1.14,1.266,,,dido_gun_cal133_x4,1.14,1.266,,,,,,,,,,,,
"gun_6_x1_ottoman_ca,bb,bc",,152,gun_6_x1,ottoman,"ca, bb, bc",friedrich_gun_228_x1,0.643,0.7212,,,,,,,,,,,,,,,,,,,,,,,,,,,,,,,,
"gun_6_x2_ottoman_ca,bb,bc",,152,gun_6_x2,ottoman,"ca, bb, bc",friedrich_gun_228_x2,0.643,0.7212,,,dreadnought_gun_178_x2,1.14,1.266,,,warrior_gun_228_x2,0.71,0.81,,,bismarck_gun_150_x2,0.955,1.0895,,,bismarck_gun_150_x2,0.955,1.0895,,,,,,,,,,,,
"gun_6_x3_ottoman_ca,bb,bc",,152,gun_6_x3,ottoman,"ca, bb, bc",friedrich_gun_228_x3,0.643,0.7212,,,dreadnought_gun_178_x3,1.14,1.266,,,warrior_gun_228_x3,0.71,0.81,,,bismarck_gun_150_x3,0.955,1.0895,,,bismarck_gun_150_x3,0.955,1.0895,,,,,,,,,,,,
"gun_6_x4_ottoman_ca,bb,bc",,152,gun_6_x4,ottoman,"ca, bb, bc",,,,,,dreadnought_gun_178_x4,1.14,1.266,,,warrior_gun_228_x4,0.71,0.81,,,bismarck_gun_150_x4,0.955,1.0895,,,bismarck_gun_150_x4,0.955,1.0895,,,,,,,,,,,,
"gun_7_x1_ottoman_cl,ca,bb,bc",,178,gun_7_x1,ottoman,"cl, ca, bb, bc",friedrich_gun_228_x1,0.7312,0.8094,,,vdt_gun_200_x1,0.986,1.086,,,warrior_gun_228_x1,0.819,0.919,,,bismarck_gun_150_x1,1.1095,1.244,,,bismarck_gun_150_x1,1.1095,1.244,,,,,,,,,,,,
"gun_7_x2_ottoman_cl,ca,bb,bc",,178,gun_7_x2,ottoman,"cl, ca, bb, bc",friedrich_gun_228_x2,0.7312,0.8094,,,vdt_gun_200_x2,0.986,1.086,,,warrior_gun_228_x2,0.819,0.919,,,bismarck_gun_150_x2,1.1095,1.244,,,bismarck_gun_150_x2,1.1095,1.244,,,,,,,,,,,,
"gun_7_x3_ottoman_cl,ca,bb,bc",,178,gun_7_x3,ottoman,"cl, ca, bb, bc",friedrich_gun_228_x3,0.7312,0.8094,,,,,,,,warrior_gun_228_x3,0.819,0.919,,,bismarck_gun_150_x3,1.1095,1.244,,,bismarck_gun_150_x3,1.1095,1.244,,,,,,,,,,,,
"gun_7_x4_ottoman_cl,ca,bb,bc",,178,gun_7_x4,ottoman,"cl, ca, bb, bc",,,,,,,,,,,warrior_gun_228_x4,0.819,0.919,,,bismarck_gun_150_x4,1.1095,1.244,,,bismarck_gun_150_x4,1.1095,1.244,,,,,,,,,,,,
"gun_8_x1_ottoman_ca,bb,bc",,203,gun_8_x1,ottoman,"ca, bb, bc",friedrich_gun_228_x1,0.8194,0.8976,,,vdt_gun_200_x1,1.0974,1.1974,,,warrior_gun_228_x1,0.928,1.028,,,bismarck_gun_150_x1,1.264,1.3985,,,bismarck_gun_150_x1,1.264,1.3985,,,,,,,,,,,,
"gun_8_x2_ottoman_ca,bb,bc",,203,gun_8_x2,ottoman,"ca, bb, bc",friedrich_gun_228_x2,0.8194,0.8976,,,vdt_gun_200_x2,1.0974,1.1974,,,warrior_gun_228_x2,0.928,1.028,,,bismarck_gun_150_x2,1.264,1.3985,,,bismarck_gun_150_x2,1.264,1.3985,,,,,,,,,,,,
"gun_8_x3_ottoman_ca,bb,bc",,203,gun_8_x3,ottoman,"ca, bb, bc",friedrich_gun_228_x3,0.8194,0.8976,,,,,,,,warrior_gun_228_x3,0.928,1.028,,,bismarck_gun_150_x3,1.264,1.3985,,,bismarck_gun_150_x3,1.264,1.3985,,,,,,,,,,,,
"gun_8_x4_ottoman_ca,bb,bc",,203,gun_8_x4,ottoman,"ca, bb, bc",,,,,,,,,,,warrior_gun_228_x4,0.928,1.028,,,bismarck_gun_150_x4,1.264,1.3985,,,bismarck_gun_150_x4,1.264,1.3985,,,,,,,,,,,,
"gun_9_x1_ottoman_ca,bb,bc",,229,gun_9_x1,ottoman,"ca, bb, bc",friedrich_gun_228_x1,0.9076,0.9858,,,vdt_gun_280_x1,0.8513,0.9304,,,vdt_gun_280_x1,0.8513,0.9304,,,spee_gun_280_x1_a,0.7589,0.8262,,,spee_gun_280_x1_a,0.7589,0.8262,,,,,,,,,,,,
"gun_9_x2_ottoman_ca,bb,bc",,229,gun_9_x2,ottoman,"ca, bb, bc",friedrich_gun_228_x2,0.9076,0.9858,,,vdt_gun_280_x2,0.8513,0.9304,,,vdt_gun_280_x2,0.8513,0.9304,,,spee_gun_280_x2_a,0.7589,0.8262,,,spee_gun_280_x2_a,0.7589,0.8262,,,,,,,,,,,,
"gun_9_x3_ottoman_ca,bb,bc",,229,gun_9_x3,ottoman,"ca, bb, bc",friedrich_gun_228_x3,0.9076,0.9858,,,vdt_gun_280_x3,0.8513,0.9304,,,vdt_gun_280_x3,0.8513,0.9304,,,spee_gun_280_x3_a,0.7589,0.8262,,,spee_gun_280_x3_a,0.7589,0.8262,,,,,,,,,,,,
"gun_9_x4_ottoman_ca,bb,bc",,229,gun_9_x4,ottoman,"ca, bb, bc",,,,,,vdt_gun_280_x4,0.8513,0.9304,,,vdt_gun_280_x4,0.8513,0.9304,,,spee_gun_280_x4_a,0.7589,0.8262,,,spee_gun_280_x4_a,0.7589,0.8262,,,,,,,,,,,,
"gun_10_x1_ottoman_ca,bb,bc",,254,gun_10_x1,ottoman,"ca, bb, bc",friedrich_gun_228_x1,0.9958,1.074,,,vdt_gun_280_x1,0.9404,1.0195,,,vdt_gun_280_x1,0.9404,1.0195,,,spee_gun_280_x1_a,0.8362,0.9035,,,spee_gun_280_x1_a,0.8362,0.9035,,,,,,,,,,,,
"gun_10_x2_ottoman_ca,bb,bc",,254,gun_10_x2,ottoman,"ca, bb, bc",friedrich_gun_228_x2,0.9958,1.074,,,vdt_gun_280_x2,0.9404,1.0195,,,vdt_gun_280_x2,0.9404,1.0195,,,spee_gun_280_x2_a,0.8362,0.9035,,,spee_gun_280_x2_a,0.8362,0.9035,,,,,,,,,,,,
"gun_10_x3_ottoman_ca,bb,bc",,254,gun_10_x3,ottoman,"ca, bb, bc",friedrich_gun_228_x3,0.9958,1.074,,,vdt_gun_280_x3,0.9404,1.0195,,,vdt_gun_280_x3,0.9404,1.0195,,,spee_gun_280_x3_a,0.8362,0.9035,,,spee_gun_280_x3_a,0.8362,0.9035,,,,,,,,,,,,
"gun_10_x4_ottoman_ca,bb,bc",,254,gun_10_x4,ottoman,"ca, bb, bc",,,,,,vdt_gun_280_x4,0.9404,1.0195,,,vdt_gun_280_x4,0.9404,1.0195,,,spee_gun_280_x4_a,0.8362,0.9035,,,spee_gun_280_x4_a,0.8362,0.9035,,,,,,,,,,,,
"gun_11_x1_ottoman_ca,bb,bc",,279,gun_11_x1,ottoman,"ca, bb, bc",brandenburg_gun_279_x1,1.07,1.151,,,vdt_gun_280_x1,1.0295,1.1086,,,vdt_gun_280_x1,1.0295,1.1086,,,spee_gun_280_x1_a,0.9135,0.9808,,,spee_gun_280_x1_a,0.9135,0.9808,,,,,,,,,,,,
"gun_11_x2_ottoman_ca,bb,bc",,279,gun_11_x2,ottoman,"ca, bb, bc",brandenburg_gun_279_x2,1.07,1.151,,,vdt_gun_280_x2,1.0295,1.1086,,,vdt_gun_280_x2,1.0295,1.1086,,,spee_gun_280_x2_a,0.9135,0.9808,,,spee_gun_280_x2_a,0.9135,0.9808,,,,,,,,,,,,
"gun_11_x3_ottoman_ca,bb,bc",,279,gun_11_x3,ottoman,"ca, bb, bc",brandenburg_gun_279_x3,1.07,1.151,,,vdt_gun_280_x3,1.0295,1.1086,,,vdt_gun_280_x3,1.0295,1.1086,,,spee_gun_280_x3_a,0.9135,0.9808,,,spee_gun_280_x3_a,0.9135,0.9808,,,,,,,,,,,,
"gun_11_x4_ottoman_ca,bb,bc",,279,gun_11_x4,ottoman,"ca, bb, bc",,,,,,vdt_gun_280_x4,1.0295,1.1086,,,vdt_gun_280_x4,1.0295,1.1086,,,spee_gun_280_x4_a,0.9135,0.9808,,,spee_gun_280_x4_a,0.9135,0.9808,,,,,,,,,,,,
"gun_12_x1_ottoman_bb,bc",,305,gun_12_x1,ottoman,"ca, bb, bc",friedrich_gun_305_x1,1.1298,1.2061,,,vdt_gun_280_x1,1.1186,1.1977,,,vdt_gun_280_x1,1.1186,1.1977,,,spee_gun_280_x1_a,0.9908,1.0581,,,spee_gun_280_x1_a,0.9908,1.0581,,,,,,,,,,,,
"gun_12_x2_ottoman_bb,bc",,305,gun_12_x2,ottoman,"ca, bb, bc",friedrich_gun_305_x2,1.1298,1.2061,,,vdt_gun_280_x2,1.1186,1.1977,,,vdt_gun_280_x2,1.1186,1.1977,,,spee_gun_280_x2_a,0.9908,1.0581,,,spee_gun_280_x2_a,0.9908,1.0581,,,,,,,,,,,,
"gun_12_x3_ottoman_bb,bc",,305,gun_12_x3,ottoman,"ca, bb, bc",friedrich_gun_305_x3,1.1298,1.2061,,,vdt_gun_280_x3,1.1186,1.1977,,,vdt_gun_280_x3,1.1186,1.1977,,,spee_gun_280_x3_a,0.9908,1.0581,,,spee_gun_280_x3_a,0.9908,1.0581,,,,,,,,,,,,
"gun_12_x4_ottoman_bb,bc",,305,gun_12_x4,ottoman,"ca, bb, bc",,,,,,vdt_gun_280_x4,1.1186,1.1977,,,vdt_gun_280_x4,1.1186,1.1977,,,spee_gun_280_x4_a,0.9908,1.0581,,,spee_gun_280_x4_a,0.9908,1.0581,,,,,,,,,,,,
"gun_13_x1_ottoman_bb,bc",,330,gun_13_x1,ottoman,"bb, bc",friedrich_gun_305_x1,1.2161,1.2924,,,vdt_gun_280_x1,1.2077,1.2868,,,vdt_gun_280_x1,1.2077,1.2868,,,spee_gun_280_x1_a,1.0681,1.1354,,,spee_gun_280_x1_a,1.0681,1.1354,,,,,,,,,,,,
"gun_13_x2_ottoman_bb,bc",,330,gun_13_x2,ottoman,"bb, bc",friedrich_gun_305_x2,1.2161,1.2924,,,vdt_gun_280_x2,1.2077,1.2868,,,vdt_gun_280_x2,1.2077,1.2868,,,spee_gun_280_x2_a,1.0681,1.1354,,,spee_gun_280_x2_a,1.0681,1.1354,,,,,,,,,,,,
"gun_13_x3_ottoman_bb,bc",,330,gun_13_x3,ottoman,"bb, bc",friedrich_gun_305_x3,1.2161,1.2924,,,vdt_gun_280_x3,1.2077,1.2868,,,vdt_gun_280_x3,1.2077,1.2868,,,spee_gun_280_x3_a,1.0681,1.1354,,,spee_gun_280_x3_a,1.0681,1.1354,,,,,,,,,,,,
"gun_13_x4_ottoman_bb,bc",,330,gun_13_x4,ottoman,"bb, bc",,,,,,vdt_gun_280_x4,1.2077,1.2868,,,vdt_gun_280_x4,1.2077,1.2868,,,spee_gun_280_x4_a,1.0681,1.1354,,,spee_gun_280_x4_a,1.0681,1.1354,,,,,,,,,,,,
"gun_14_x1_ottoman_bb,bc",,356,gun_14_x1,ottoman,"bb, bc",friedrich_gun_305_x1,1.3024,1.3787,,,vdt_gun_280_x1,1.2968,1.3759,,,vdt_gun_280_x1,1.2968,1.3759,,,spee_gun_280_x1_a,1.1454,1.2127,,,spee_gun_280_x1_a,1.1454,1.2127,,,,,,,,,,,,
"gun_14_x2_ottoman_bb,bc",,356,gun_14_x2,ottoman,"bb, bc",friedrich_gun_305_x2,1.3024,1.3787,,,vdt_gun_280_x2,1.2968,1.3759,,,vdt_gun_280_x2,1.2968,1.3759,,,spee_gun_280_x2_a,1.1454,1.2127,,,spee_gun_280_x2_a,1.1454,1.2127,,,,,,,,,,,,
"gun_14_x3_ottoman_bb,bc",,356,gun_14_x3,ottoman,"bb, bc",friedrich_gun_305_x3,1.3024,1.3787,,,vdt_gun_280_x3,1.2968,1.3759,,,vdt_gun_280_x3,1.2968,1.3759,,,spee_gun_280_x3_a,1.1454,1.2127,,,spee_gun_280_x3_a,1.1454,1.2127,,,,,,,,,,,,
"gun_14_x4_ottoman_bb,bc",,356,gun_14_x4,ottoman,"bb, bc",,,,,,vdt_gun_280_x4,1.2968,1.3759,,,vdt_gun_280_x4,1.2968,1.3759,,,spee_gun_280_x4_a,1.1454,1.2127,,,spee_gun_280_x4_a,1.1454,1.2127,,,,,,,,,,,,
"gun_15_x1_ottoman_bb,bc",,381,gun_15_x1,ottoman,"bb, bc",friedrich_gun_305_x1,1.3887,1.465,,,vdt_gun_280_x1,1.3859,1.465,,,vdt_gun_280_x1,1.3859,1.465,,,spee_gun_280_x1_a,1.2227,1.29,,,spee_gun_280_x1_a,1.2227,1.29,,,,,,,,,,,,
"gun_15_x2_ottoman_bb,bc",,381,gun_15_x2,ottoman,"bb, bc",friedrich_gun_305_x2,1.3887,1.465,,,vdt_gun_280_x2,1.3859,1.465,,,vdt_gun_280_x2,1.3859,1.465,,,spee_gun_280_x2_a,1.2227,1.29,,,spee_gun_280_x2_a,1.2227,1.29,,,,,,,,,,,,
"gun_15_x3_ottoman_bb,bc",,381,gun_15_x3,ottoman,"bb, bc",friedrich_gun_305_x3,1.3887,1.465,,,vdt_gun_280_x3,1.3859,1.465,,,vdt_gun_280_x3,1.3859,1.465,,,spee_gun_280_x3_a,1.2227,1.29,,,spee_gun_280_x3_a,1.2227,1.29,,,,,,,,,,,,
"gun_15_x4_ottoman_bb,bc",,381,gun_15_x4,ottoman,"bb, bc",,,,,,vdt_gun_280_x4,1.3859,1.465,,,vdt_gun_280_x4,1.3859,1.465,,,spee_gun_280_x4_a,1.2227,1.29,,,spee_gun_280_x4_a,1.2227,1.29,,,,,,,,,,,,
"gun_16_x1_ottoman_bb,bc",,406,gun_16_x1,ottoman,"bb, bc",friedrich_gun_305_x1,1.475,1.5513,,,vdt_gun_280_x1,1.475,1.5541,,,vdt_gun_280_x1,1.475,1.5541,,,spee_gun_280_x1_a,1.3,1.3673,,,spee_gun_280_x1_a,1.3,1.3673,,,,,,,,,,,,
"gun_16_x2_ottoman_bb,bc",,406,gun_16_x2,ottoman,"bb, bc",friedrich_gun_305_x2,1.475,1.5513,,,vdt_gun_280_x2,1.475,1.5541,,,vdt_gun_280_x2,1.475,1.5541,,,spee_gun_280_x2_a,1.3,1.3673,,,spee_gun_280_x2_a,1.3,1.3673,,,,,,,,,,,,
"gun_16_x3_ottoman_bb,bc",,406,gun_16_x3,ottoman,"bb, bc",friedrich_gun_305_x3,1.475,1.5513,,,vdt_gun_280_x3,1.475,1.5541,,,vdt_gun_280_x3,1.475,1.5541,,,spee_gun_280_x3_a,1.3,1.3673,,,spee_gun_280_x3_a,1.3,1.3673,,,,,,,,,,,,
"gun_16_x4_ottoman_bb,bc",,406,gun_16_x4,ottoman,"bb, bc",,,,,,vdt_gun_280_x4,1.475,1.5541,,,vdt_gun_280_x4,1.475,1.5541,,,spee_gun_280_x4_a,1.3,1.3673,,,spee_gun_280_x4_a,1.3,1.3673,,,,,,,,,,,,
"gun_17_x1_ottoman_bb,bc",,432,gun_17_x1,ottoman,"bb, bc",spee_gun_280_x1_a,1.3773,1.4446,,,spee_gun_280_x1_a,1.3773,1.4446,,,spee_gun_280_x1_a,1.3773,1.4446,,,spee_gun_280_x1_a,1.3773,1.4446,,,spee_gun_280_x1_a,1.3773,1.4446,,,,,,,,,,,,
"gun_17_x2_ottoman_bb,bc",,432,gun_17_x2,ottoman,"bb, bc",spee_gun_280_x2_a,1.3773,1.4446,,,spee_gun_280_x2_a,1.3773,1.4446,,,spee_gun_280_x2_a,1.3773,1.4446,,,spee_gun_280_x2_a,1.3773,1.4446,,,spee_gun_280_x2_a,1.3773,1.4446,,,,,,,,,,,,
"gun_17_x3_ottoman_bb,bc",,432,gun_17_x3,ottoman,"bb, bc",spee_gun_280_x3_a,1.3773,1.4446,,,spee_gun_280_x3_a,1.3773,1.4446,,,spee_gun_280_x3_a,1.3773,1.4446,,,spee_gun_280_x3_a,1.3773,1.4446,,,spee_gun_280_x3_a,1.3773,1.4446,,,,,,,,,,,,
"gun_17_x4_ottoman_bb,bc",,432,gun_17_x4,ottoman,"bb, bc",spee_gun_280_x4_a,1.3773,1.4446,,,spee_gun_280_x4_a,1.3773,1.4446,,,spee_gun_280_x4_a,1.3773,1.4446,,,spee_gun_280_x4_a,1.3773,1.4446,,,spee_gun_280_x4_a,1.3773,1.4446,,,,,,,,,,,,
"gun_18_x1_ottoman_bb,bc",,457,gun_18_x1,ottoman,"bb, bc",spee_gun_280_x1_a,1.4546,1.5219,,,spee_gun_280_x1_a,1.4546,1.5219,,,spee_gun_280_x1_a,1.4546,1.5219,,,spee_gun_280_x1_a,1.4546,1.5219,,,spee_gun_280_x1_a,1.4546,1.5219,,,,,,,,,,,,
"gun_18_x2_ottoman_bb,bc",,457,gun_18_x2,ottoman,"bb, bc",spee_gun_280_x2_a,1.4546,1.5219,,,spee_gun_280_x2_a,1.4546,1.5219,,,spee_gun_280_x2_a,1.4546,1.5219,,,spee_gun_280_x2_a,1.4546,1.5219,,,spee_gun_280_x2_a,1.4546,1.5219,,,,,,,,,,,,
"gun_18_x3_ottoman_bb,bc",,457,gun_18_x3,ottoman,"bb, bc",spee_gun_280_x3_a,1.4546,1.5219,,,spee_gun_280_x3_a,1.4546,1.5219,,,spee_gun_280_x3_a,1.4546,1.5219,,,spee_gun_280_x3_a,1.4546,1.5219,,,spee_gun_280_x3_a,1.4546,1.5219,,,,,,,,,,,,
"gun_18_x4_ottoman_bb,bc",,457,gun_18_x4,ottoman,"bb, bc",spee_gun_280_x4_a,1.4546,1.5219,,,spee_gun_280_x4_a,1.4546,1.5219,,,spee_gun_280_x4_a,1.4546,1.5219,,,spee_gun_280_x4_a,1.4546,1.5219,,,spee_gun_280_x4_a,1.4546,1.5219,,,,,,,,,,,,
"gun_19_x1_ottoman_bb,bc",,483,gun_19_x1,ottoman,"bb, bc",spee_gun_280_x1_a,1.5319,1.5992,,,spee_gun_280_x1_a,1.5319,1.5992,,,spee_gun_280_x1_a,1.5319,1.5992,,,spee_gun_280_x1_a,1.5319,1.5992,,,spee_gun_280_x1_a,1.5319,1.5992,,,,,,,,,,,,
"gun_19_x2_ottoman_bb,bc",,483,gun_19_x2,ottoman,"bb, bc",spee_gun_280_x2_a,1.5319,1.5992,,,spee_gun_280_x2_a,1.5319,1.5992,,,spee_gun_280_x2_a,1.5319,1.5992,,,spee_gun_280_x2_a,1.5319,1.5992,,,spee_gun_280_x2_a,1.5319,1.5992,,,,,,,,,,,,
"gun_19_x3_ottoman_bb,bc",,483,gun_19_x3,ottoman,"bb, bc",spee_gun_280_x3_a,1.5319,1.5992,,,spee_gun_280_x3_a,1.5319,1.5992,,,spee_gun_280_x3_a,1.5319,1.5992,,,spee_gun_280_x3_a,1.5319,1.5992,,,spee_gun_280_x3_a,1.5319,1.5992,,,,,,,,,,,,
"gun_19_x4_ottoman_bb,bc",,483,gun_19_x4,ottoman,"bb, bc",spee_gun_280_x4_a,1.5319,1.5992,,,spee_gun_280_x4_a,1.5319,1.5992,,,spee_gun_280_x4_a,1.5319,1.5992,,,spee_gun_280_x4_a,1.5319,1.5992,,,spee_gun_280_x4_a,1.5319,1.5992,,,,,,,,,,,,
"gun_20_x1_ottoman_bb,bc",,508,gun_20_x1,ottoman,"bb, bc",spee_gun_280_x1_a,1.6092,1.6765,,,spee_gun_280_x1_a,1.6092,1.6765,,,spee_gun_280_x1_a,1.6092,1.6765,,,spee_gun_280_x1_a,1.6092,1.6765,,,spee_gun_280_x1_a,1.6092,1.6765,,,,,,,,,,,,
"gun_20_x2_ottoman_bb,bc",,508,gun_20_x2,ottoman,"bb, bc",spee_gun_280_x2_a,1.6092,1.6765,,,spee_gun_280_x2_a,1.6092,1.6765,,,spee_gun_280_x2_a,1.6092,1.6765,,,spee_gun_280_x2_a,1.6092,1.6765,,,spee_gun_280_x2_a,1.6092,1.6765,,,,,,,,,,,,
"gun_20_x3_ottoman_bb,bc",,508,gun_20_x3,ottoman,"bb, bc",spee_gun_280_x3_a,1.6092,1.6765,,,spee_gun_280_x3_a,1.6092,1.6765,,,spee_gun_280_x3_a,1.6092,1.6765,,,spee_gun_280_x3_a,1.6092,1.6765,,,spee_gun_280_x3_a,1.6092,1.6765,,,,,,,,,,,,
"gun_20_x4_ottoman_bb,bc",,508,gun_20_x4,ottoman,"bb, bc",spee_gun_280_x4_a,1.6092,1.6765,,,spee_gun_280_x4_a,1.6092,1.6765,,,spee_gun_280_x4_a,1.6092,1.6765,,,spee_gun_280_x4_a,1.6092,1.6765,,,spee_gun_280_x4_a,1.6092,1.6765,,,,,,,,,,,,
###,,,,,,,,,,,,,,,,,,,,,,,,,,,,,,,,,,,,,,,,
