@name,enabled,type,nameUi,order,cost,weight,costMod,crew,model,scale,group,mountPoints,countries,param,stats,caliber,#caliberInch,barrels,hullWeightRatio,sectionsMin,sectionsMax,tonnageMin,tonnageMax,maxAllowedCaliber,beamMin,beamMax,draughtMin,draughtMax,beamCoef,draughtCoef,minMainTurrets,minMainBarrels,speedLimiter,#comment,#comment2,#cost_base,#cost_base_mod
#id,enabled / disabled,type of part,name for human,order in ui,part's cost,used tonnage,cost multiplier (after auto-calc),crew for part,visual model name,scaling of model,grouping (for guns etc),allowed mount points types (empty means free),available to countries (or all),various params: todo: document,,gun: caliber in mm,gun: caliber in inches,gun: amount of barrels,hull: basic ratio of hull weight,hull: min amount of sections,hull: max amount of sections,hull: max allowed tonnage,hull: max allowed tonnage,guns limi,,,,,,,,,,"comment, shown only here",,part's cost,
default,1,,,0,0,0,1,0,,1,,,,,,0,0,0,-1,0,-1,-1,-1,-1,-9,10,-15,16.5,0.6,0.505,-1,-1,32.5,,32,0,
##,,hull,,,,,,,,,,,,,,,,,,,,,,,,,,,,,,,,,,,
bb_5_iowa_new,,hull,New Modern Battleship II,29,-1,-1,1.55,1000,iowa_hull_b,1,,,"usa, argentina","type(bb), BB_Modern_Iowa_small, No_Barb, bb, g4","hsize(1500), hull_form(90), stability(85), floatability(80), endurance(64), spot(0), turn(25), vis(7750), beam(0), draught(0)",,,,0.156,2,3,47500,57500,,-9.5,10.5,-20.5,18.5,0.73,0.625,3,6,31,,31.5,-1,
bb_usa_north_carolina_new,,hull,New Modern Battleship I,35,-1,-1,1.55,950,north_carolina_hull,1,,,"usa, korea, argentina, brazil","type(bb), BB_NorthCarolina, Big_SuperStructure, Mixed_Quads, bb, g4, Typical_Modern_BB, quad_guns_need","hsize(3300), hull_form(90), stability(82), floatability(78), endurance(61), spot(0), turn(28), vis(7800), beam(0), draught(0)",,,,0.13,1,2,44500,52500,18,-9.5,10.5,-20.5,18.5,0.73,0.625,3,6,30,,31,-1,
bb_exp_china,,hull,New Modern Battleship ,40,-1,-1,1.55,900,alsace_hull_a,1.05,,,china,"type(bb), BB_Modern_China, Big_SuperStructure, Mixed_Quads, bb, g4, BB_Alsace","hsize(2200), hull_form(97), stability(80), floatability(83), endurance(60), spot(0), turn(38), vis(7500), beam(0), draught(0)",,,,0.156,1,2,42500,52500,18,-9.5,10.5,-20.5,18.5,0.73,0.625,3,6,31,,31.5,-1,
bb_4_germanyM,,hull,New Modernized Dreadnought,90,-1,-1,1.3,790,austria_bc_hull,1.05,,,"germany, austria","type(bb), BC_Derfflinger, BC_Derfflinger_Large, bb, g3, battlecruiser_forward, barbette_need, Big_SuperStructure, BB_Modernized_Austria_New, Middle_SuperStructure, Pole_tower","hsize(1100), hull_form(87), stability(79), floatability(74), endurance(66), spot(0), turn(49), vis(8550), beam(0), draught(0)",,,,0.18,0,1,40000,50000,18,,,,,,,3,6,25,,24.5,-1,
bb_1_usa_arizona_var,,hull,New Dreadnought VI,99,-1,-1,,715,usa_standard_bb_hull,1.2,,,"usa, chile","type(bb), bb, BB_USA_Arizona_Big, battlecruiser_forward, No_Barb, g3, g4, var(no_casemate)","hsize(1800), hull_form(60), stability(70), floatability(70), endurance(69), spot(0), turn(54), vis(7000), beam(0), draught(0)",,,,0.19,3,4,31500,42500,19,-5,13,,,,,4,8,24,,22,-1,
bb_1_usa_arizona,,hull,New Dreadnought V,105,-1,-1,,635,usa_standard_bb_hull,1.15,,,"usa, korea, argentina","type(bb), bb, BB_USA_Arizona, battlecruiser_forward, No_Barb, g3","hsize(1250), hull_form(56), stability(84), floatability(75), endurance(65), spot(0), turn(53), vis(6200), beam(0), draught(0)",,,,0.178,2,4,27500,35500,17,-5,13,,,,,4,8,23,,21.75,-1,
bb_3_german_exp,,hull,New Dreadnought IV,110,-1,-1,,750,iron_duke_hull,1.135,,,"italy, germany","type(bb), BB_Italy_Old, Old_Small_Towers, BB_Super, barbette_need, bb, g3, BC_Derfflinger, BC_Derfflinger_Large, var(stern_step), battlecruiser_forward, RussianCenterline","hsize(1000), hull_form(86), stability(60), floatability(62), endurance(52), spot(0), turn(66), vis(6400), beam(0), draught(0)",,,,0.18,1,3,26000,32000,16,,,,,,,3,6,25,,24.5,-1,
bb_2_britain_duke,,hull,New Dreadnought IV,114,-1,-1,,675,iron_duke_hull,1.1,,,"britain, greece, denmark, norway, sweden","type(bb), BB_Britain_Alt2, bb, g3, BB_Iron_Duke","hsize(700), hull_form(85), stability(77), floatability(79), endurance(53), spot(0), turn(55), vis(6900), beam(0), draught(0)",,,,0.175,2,4,23600,31500,17,,,,,,,4,6,23,,21.9,-1,
bb_1_italy,,hull,New Dreadnought III,121,-1,-1,,640,cavour_hull,0.95,,,"italy, brazil","type(bb), BB_Italy_Old, Old_Small_Towers,barbette_need, bb, g3","hsize(1000), hull_form(86), stability(60), floatability(62), endurance(52), spot(0), turn(66), vis(6400), beam(0), draught(0)",,,,0.18,1,3,23000,30000,16,,,,,,,4,8,22.5,,21.8,-1,
bb_1_neptune,,hull,New Dreadnought II,135,-1,-1,,600,neptune_hull,1,,,"britain, greece","type(bb), BC_Britain_Var, bb, g2, RussianCenterline, Small_Foredeck, early_dreadnought","hsize(550), hull_form(77), stability(73), floatability(68), endurance(52), spot(0),  turn(50), vis(6750), beam(0), draught(0)",,,,0.18,1,3,19500,27500,15,-2,17,,,,,4,6,22,,21.5,-1,
bb_1_courbet,,hull,New Dreadnought I,140,-1,-1,,580,courbet_hull,1,,,"france, brazil","type(bb), BB_French_Early, early_dreadnought, bb, g2","hsize(450), hull_form(73), stability(60), floatability(65), endurance(54), spot(0), turn(65), vis(6750), beam(0), draught(0)",,,,0.19,1,2,18500,27000,14,-2,17,,,,,4,6,21.5,,21,-1,
b1_edward,,hull,New Semi-Dreadnought,160,-1,-1,1.1,500,king_edward_hull,1.15,,,"britain, spain, japan, netherlands, belgium, brazil, chile","type(bb), B_Agamemnon, g1","hsize(355), hull_form(66), stability(59), floatability(71), endurance(43), spot(0), turn(57), vis(5800), beam(0), draught(0)",,,,0.2033,2,3,13500,18500,18,-3,14,-17.5,10,,,5,8,20.5,,17.7,-1,
b3_braunschweig,,hull,New Battleship III,161,-1,-1,0.95,550,braunschweig_hull_a,1,,,germany,"type(bb), B_Friedrich, g1","hsize(300), hull_form(77), stability(40), floatability(45), endurance(50), spot(0), turn(65), vis(5100), beam(0), draught(0)",,,,0.195,1,3,12000,17000,16,,,,,,,2,3,19.5,,18.3,-1,
b2_braunschweig,,hull,New Battleship II,162,-1,-1,0.95,550,braunschweig_hull_b,1,,,germany,"type(bb), B_Friedrich, g1","hsize(300), hull_form(77), stability(40), floatability(45), endurance(50), spot(0), turn(65), vis(5100), beam(0), draught(0)",,,,0.195,1,3,12000,17000,16,,,,,,,2,3,19.5,,18.3,-1,
bc_exp_china,,hull,New Fully Armored Battlecruiser,230,-1,-1,1.5,750,vanguard_hull,1,,,"britain, brazil","type(bc), BB_Vanguard, Mixed_Quads, Middle_Big, bc, g4","hsize(2950), hull_form(104), stability(75), floatability(65), endurance(60), spot(0), turn(60), vis(7800), beam(0), draught(0)",,,,0.2,1,2,45000,58000,18,,,,,,,3,6,36,,32,-1,
bc_5_german_derf,,hull,New Battlecruiser VI,240,-1,-1,,700,dreadnought_hull_d_barb,1.38,,,germany,"type(bc), BC_Derfflinger, BC_Derfflinger_Large, bc, g3","hsize(2900), hull_form(92), stability(75), floatability(79), endurance(56), spot(0), turn(71), vis(6900), beam(0), draught(0)",,,,0.2,1,3,38500,47500,18,,,,,,,3,6,33,,28.9,-1,
bc_4_britain_r,,hull,New Battlecruiser V,243,-1,-1,1.175,700,renown_hull,1,,,"britain, portugal, chile, argentina","type(bc), BB_British_Advanced, bc, g3, g4, Mixed_Quads","hsize(2500), hull_form(93), stability(74), floatability(73), endurance(42), spot(0), turn(69), vis(7400), beam(0), draught(0)",,,,0.18,4,5,33500,37500,18,,,,,,,3,6,32,,32,-1,
bc_3_britain_tiger,,hull,New Battlecruiser IV,251,-1,-1,1.05,650,dreadnought_hull_d,1,,,"britain, greece, portugal, chile, argentina","type(bc), BB_British_Advanced, barbette_need, bc, g4, g3, BC_Britain_Var","hsize(1700), hull_form(88), stability(76), floatability(77), endurance(45), spot(0), turn(60), vis(7700), beam(0), draught(0)",,,,0.1854,2,3,29500,34000,17,,,,,,,3,6,30,,28.5,-1,
ca_5_china_exp,,hull,New Modern Heavy Cruiser,315,-1,-1,1.65,425,clev_hull_a,0.9,,,china,"type(ca), CA_Heavy_Japan, No_Barb, ca, g3","hsize(950), hull_form(103), stability(63), floatability(64), endurance(49), spot(0), turn(77), vis(6300), beam(0), draught(0)",,,,0.119,0,1,11700,14700,,,,,,,,3,6,32.5,,35.3,-1,
ca_4_pensacola_new,,hull,New Heavy Cruiser I,326,-1,-1,1.3,400,pensacola_hull_a,1,,,"usa, brazil, argentina","type(ca), Pensacola, ca, g2, g3, No_Barb, Essential_Central_Funnels, var(middle_boats)","hsize(2700), hull_form(93), stability(64), floatability(67), endurance(47), spot(0), turn(77), vis(5200), beam(0), draught(0)",,,,0.125,2,5,10000,12500,,,,,,,,3,6,31,,31,-1,
cl_2_brazil,,hull,New Light Cruiser III,475,-1,-1,0.85,195,weymouth_hull,1.025,,,"britain, brazil","type(cl), CL_Emden, CL_Britain_Narrow, cl, g1, Tower_Forward_Early, Coastal_Ship, Essential_Central_Funnels, No_Barb, barbette_need","hsize(550), hull_form(72), stability(33), floatability(37), endurance(15), spot(0), turn(65), vis(3800), beam(0), draught(0)",,,,0.3,3,5,3000,8000,,,,,,,,2,2,26,,22.7,-1,
cv_1,,hull,Not a CV,495,-1,-1,1.7,380,cv_test_hull,1,,,"usa, britain, portugal, chile, argentina","type(cl), CL_Modern_2, No_Barb, cl, g4, CV_Test","hsize(2560), hull_form(110), stability(65), floatability(60), endurance(28), spot(0), turn(75), vis(3800), beam(0), draught(0)",,,,0.17,0,3,6900,9900,,,,,,,,3,6,34,,35.9,-1,
dd_4_german,,hull,New Destroyer IV,520,-1,-1,3.6,100,dd_hull_thin_a,1.35,,,germany,"type(dd), German_DD_New, DD_huge, dd, g2, g3, shipgen_clamp(speed_max:28; draught_max:-50)","hsize(750), hull_form(85), stability(55), floatability(50), endurance(29), spot(0), turn(65), vis(2800), beam(0), draught(0)",,,,0.35,1,3,1650,2200,,,0,,,,,3,4,34,0.4,34,-1,
tb_sloop_new,,hull,New Modern Torpedo Boat,559,-1,-1,1,70,dd_hull_long_nose,0.81,,,brazil,"type(tb), TB_sloop_towers_france, dd, Tower_Forward_Early","hsize(500), hull_form(90), stability(45), floatability(79), endurance(85), spot(0), turn(82), vis(2475), beam(0), draught(0)",,,,0.3,1,4,750,1250,4,,,,,,,2,2,30,,27,-1,
##,,barbette,,,,,,,,,,,,,,,,,,,,,,,,,,,,,,,,,,,
qe_barbette_tiny,,barbette,New Barbette base for small guns,540,19500,2.5,,1,qe_gun_114_mount,1,,si_barbette,,"sec_super_side, sec_super_low, height_special","size(1), barbette_sec(1.25)",152,6,,,,,,,,,,,,,,,,,2.5,1.875,16500,49500
tribal_barbette_aux,,barbette,New Superfiring Barbette (Wide),570,79500,9.25,,3,tribal_tower_test,1,,si_barbette,,"sec_super_side, sec_super_low, height_special","size(1.85), barbette_sec(7.5)",203,8,,,,,,,,,,,,,,,,,9.25,6.9375,24500,73500
dd_barbette_aux,,barbette,New Superfiring Barbette,570,79500,9.25,,2,dd_barbette_mid,1,,si_barbette,,"sec_super_side, sec_super_low, height_special","size(1.85), barbette_sec(7.5)",203,8,,,,,,,,,,,,,,,,,9.25,6.9375,24500,73500
si_barbette_nelson_1_tall,,barbette,New Reinforced Barbette (medium Profile),590,754000,175.8,,14,nelson_barbette_a_tall,1,,si_barbette,,"main_super, main_super_medium, need(bc;bb), big_barbette","size(6.5), barbette(80)",457,18,,,,,,,,,,,,,,,,,175.8,131.85,200000,600000
##,,funnel,,,,,,,,,,,,,,,,,,,,,,,,,,,,,,,,,,,
vanguard_funnel_2_biggervar,,funnel,New Tall Funnel XI,844,2310000,580,,60,vanguard_funnel,1.05,,funnel,,"need(BB_Kgeorge_Big;BB_Kgeorge_Super;BC_British_Modernized;BB_British_N3;BB_British_G3;BC_Hood;BB_Vanguard), needunlock(late_BB_funnels_level_4)","funnel(1), fcap(72.5), smoke(62.5), size(14)",,,,,,,,,,,,,,,,,,,368,294.4,195000,585000
vanguard_funnel_2,,funnel,New Tall Funnel X,845,2160000,560,,55,vanguard_funnel,1,,funnel,,"need(BB_Kgeorge_Big;BB_Kgeorge_Super;BC_British_Modernized;BB_British_N3;BB_British_G3;BC_Hood;BB_Vanguard), needunlock(late_BB_funnels_level_4)","funnel(1), fcap(70), smoke(60), size(13.5)",,,,,,,,,,,,,,,,,,,320,256,175000,525000
vanguard_funnel_2_small,,funnel,New Tall Funnel IX,846,2020000,540,,55,vanguard_funnel,0.95,,funnel,,"need(BB_Kgeorge_Big;BB_Kgeorge_Super;BC_British_Modernized;BB_British_N3;BB_British_G3;BC_Hood;BB_Vanguard), needunlock(late_BB_funnels_level_4)","funnel(1), fcap(67.5), smoke(58), size(12.5)",,,,,,,,,,,,,,,,,,,320,256,175000,525000
vanguard_funnel_2_smaller,,funnel,New Tall Funnel VIII,847,1940000,520,,50,vanguard_funnel,0.9,,funnel,,"need(BB_Kgeorge_Big;BB_Kgeorge_Super;BC_British_Modernized;BB_British_N3;BB_British_G3;BC_Hood;BB_Vanguard), needunlock(late_BB_funnels_level_4)","funnel(1), fcap(65), smoke(56), size(11.5)",,,,,,,,,,,,,,,,,,,320,256,175000,525000
vanguard_funnel_2_smallest,,funnel,New Tall Funnel VII,848,1860000,500,,50,vanguard_funnel,0.85,,funnel,,"need(BB_Kgeorge_Big;BB_Kgeorge_Super;BC_British_Modernized;BB_British_N3;BB_British_G3;BC_Hood;BB_Vanguard), needunlock(late_BB_funnels_level_3)","funnel(1), fcap(62.5), smoke(54), size(10.5)",,,,,,,,,,,,,,,,,,,320,256,175000,525000
dunkerque_funnel_2_large,,funnel,New Advanced Modern Funnel III,8,1940000,520,,60,dunkerque_funnel_b,1.05,,funnel,,need(BB_Modern_Richelieu;BB_Modern_Richelieu_Big;BB_Alsace;BB_Modern_China_Super;BC_Modern_Richelieu),"funnel(1), fcap(67.5), smoke(58), size(12.5)",,,,,,,,,,,,,,,,,,,,,,
dunkerque_funnel_2,,funnel,New Advanced Modern Funnel II,9,1860000,500,,55,dunkerque_funnel_b,1,,funnel,,need(BB_Modern_Richelieu;BB_Modern_Richelieu_Big;BB_Alsace;BB_Modern_China_Super;BC_Modern_Richelieu),"funnel(1), fcap(65), smoke(56), size(11.5)",,,,,,,,,,,,,,,,,,,,,,
dunkerque_funnel_2_small,,funnel,New Advanced Modern Funnel I,10,1722000,480,,50,dunkerque_funnel_b,0.95,,funnel,,need(BB_Modern_Richelieu;BB_Modern_Richelieu_Big;BB_Alsace;BB_Modern_China_Super;BC_Modern_Richelieu),"funnel(1), fcap(62.5), smoke(54), size(10.5)",,,,,,,,,,,,,,,,,,,,,,
dunkerque_funnel_1_large,,funnel,New Modern Funnel III,11,1940000,520,,60,dunkerque_funnel_a,1.05,,funnel,,need(BB_Modern_Richelieu;BB_Modern_Richelieu_Big;BB_Alsace;BB_Modern_China_Super;BC_Modern_Richelieu),"funnel(1), fcap(67.5), smoke(58), size(12.5)",,,,,,,,,,,,,,,,,,,,,,
dunkerque_funnel_1,,funnel,New Modern Funnel II,12,1860000,500,,55,dunkerque_funnel_a,1,,funnel,,need(BB_Modern_Richelieu;BB_Modern_Richelieu_Big;BB_Alsace;BB_Modern_China_Super;BC_Modern_Richelieu),"funnel(1), fcap(65), smoke(56), size(11.5)",,,,,,,,,,,,,,,,,,,,,,
dunkerque_funnel_1_small,,funnel,New Modern Funnel I,13,1722000,480,,50,dunkerque_funnel_a,0.95,,funnel,,need(BB_Modern_Richelieu;BB_Modern_Richelieu_Big;BB_Alsace;BB_Modern_China_Super;BC_Modern_Richelieu),"funnel(1), fcap(62.5), smoke(54), size(10.5)",,,,,,,,,,,,,,,,,,,,,,
aigle_funnel_modern_7,,funnel,New Enhanced Angled Funnel IV (Large),1470,330000,50,,15,aigle_funnel_a,1.2,,funnel,,need(DD_Modern_Generic_3;DD_Modern_Generic_2;Shimakaze;DD_Modern_Generic_2;DD_Modern_France),"funnel(1), fcap(50), smoke(22), size(9.5)",,,,,,,,,,,,,,,,,,,58.24,46.592,40000,120000
aigle_funnel_modern_6_big,,funnel,New Enhanced Angled Funnel III (Large),1471,300000,47,,14,aigle_funnel_a_var,1.15,,funnel,,"need(DD_Modern_Japan;DD_Modern_Generic_3;DD_Modern_Generic_5;DD_Modern_Generic_2;DD_Modern_Generic_6;Shimakaze;DD_Modern_Generic_2;DD_Modern_France), needunlock(lateDDfunnels_level_4)","funnel(1), fcap(47), smoke(20), size(9)",,,,,,,,,,,,,,,,,,,54.4,43.52,33000,99000
aigle_funnel_modern_6,,funnel,New Enhanced Angled Funnel II (Large),1472,270000,45,,12,aigle_funnel_a,1.1,,funnel,,"need(DD_Modern_Japan;DD_Modern_Generic_3;DD_Modern_Generic_5;DD_Modern_Generic_2;DD_Modern_Generic_6;Shimakaze;DD_Modern_Generic_2;DD_Modern_France), needunlock(lateDDfunnels_level_4)","funnel(1), fcap(45), smoke(19), size(8.5)",,,,,,,,,,,,,,,,,,,51.2,40.96,29000,87000
aigle_funnel_modern_5,,funnel,New Enhanced Angled Funnel I (Large),1473,225000,35,,10,aigle_funnel_a_var,1.05,,funnel,,need(DD_Modern_Japan;DD_Modern_Generic_3;DD_Modern_Generic_5;DD_Modern_Generic_2;DD_Modern_Generic_6;Shimakaze;DD_Modern_Generic_2;DD_Modern_France),"funnel(1), fcap(35), smoke(17), size(7)",,,,,,,,,,,,,,,,,,,38.4,30.72,23500,70500
aigle_funnel_modern_4_big,,,New Enhanced Angled Funnel IV,1474,330000,50,,15,aigle_funnel_b,1.2,,funnel,,need(DD_Modern_Generic_3;DD_Modern_Generic_2;Shimakaze;DD_Modern_Generic_2;DD_Modern_France),"funnel(1), fcap(50), smoke(22), size(9.5)",,,,,,,,,,,,,,,,,,,,,,
aigle_funnel_modern_4,,,New Enhanced Angled Funnel III,1475,300000,47,,14,aigle_funnel_b_var,1.15,,funnel,,"need(DD_Modern_Japan;DD_Modern_Generic_3;DD_Modern_Generic_5;DD_Modern_Generic_2;DD_Modern_Generic_6;Shimakaze;DD_Modern_Generic_2;DD_Modern_France), needunlock(lateDDfunnels_level_4)","funnel(1), fcap(47), smoke(20), size(9)",,,,,,,,,,,,,,,,,,,,,,
aigle_funnel_modern_3,,,New Enhanced Angled Funnel II,1476,270000,45,,12,aigle_funnel_b,1.1,,funnel,,"need(DD_Modern_Japan;DD_Modern_Generic_3;DD_Modern_Generic_5;DD_Modern_Generic_2;DD_Modern_Generic_6;Shimakaze;DD_Modern_Generic_2;DD_Modern_France), needunlock(lateDDfunnels_level_4)","funnel(1), fcap(45), smoke(19), size(8.5)",,,,,,,,,,,,,,,,,,,,,,
aigle_funnel_modern_2_big,,,New Enhanced Angled Funnel I,1477,225000,35,,10,aigle_funnel_b_var,1.05,,funnel,,need(DD_Modern_Japan;DD_Modern_Generic_3;DD_Modern_Generic_5;DD_Modern_Generic_2;DD_Modern_Generic_6;Shimakaze;DD_Modern_Generic_2;DD_Modern_France),"funnel(1), fcap(35), smoke(17), size(7)",,,,,,,,,,,,,,,,,,,,,,
aigle_funnel_modern_2,,,New Angled Funnel IV,1478,330000,50,,15,aigle_funnel_c,1.2,,funnel,,need(DD_Modern_Generic_3;DD_Modern_Generic_2;Shimakaze;DD_Modern_Generic_2;DD_Modern_France),"funnel(1), fcap(50), smoke(22), size(9.5)",,,,,,,,,,,,,,,,,,,,,,
aigle_funnel_modern_1,,,New Angled Funnel III,1479,300000,47,,14,aigle_funnel_c,1.15,,funnel,,"need(DD_Modern_Japan;DD_Modern_Generic_3;DD_Modern_Generic_5;DD_Modern_Generic_2;DD_Modern_Generic_6;Shimakaze;DD_Modern_Generic_2;DD_Modern_France), needunlock(lateDDfunnels_level_4)","funnel(1), fcap(47), smoke(20), size(9)",,,,,,,,,,,,,,,,,,,,,,
aigle_funnel_modern_0_big,,,New Angled Funnel II,1480,270000,45,,12,aigle_funnel_c,1.1,,funnel,,"need(DD_Modern_Japan;DD_Modern_Generic_3;DD_Modern_Generic_5;DD_Modern_Generic_2;DD_Modern_Generic_6;Shimakaze;DD_Modern_Generic_2;DD_Modern_France), needunlock(lateDDfunnels_level_4)","funnel(1), fcap(45), smoke(19), size(8.5)",,,,,,,,,,,,,,,,,,,,,,
aigle_funnel_modern_0,,,New Angled Funnel I,1481,225000,35,,10,aigle_funnel_c,1.05,,funnel,,need(DD_Modern_Japan;DD_Modern_Generic_3;DD_Modern_Generic_5;DD_Modern_Generic_2;DD_Modern_Generic_6;Shimakaze;DD_Modern_Generic_2;DD_Modern_France),"funnel(1), fcap(35), smoke(17), size(7)",,,,,,,,,,,,,,,,,,,,,,
##,,tower_main,,,,,,,,,,,,,,,,,,,,,,,,,,,,,,,,,,,
modern_tower_main_2_alsace,,tower_main,New Light Modern Tower IV,8,22350000,2100,,410,alsace_tower_main_a,1.1,,tower_main,,need(BB_Modern_Richelieu_Big;BB_Modern_Richelieu;BC_Modern_Richelieu;Large_Cruiser_Henri;BB_Alsace;BB_Modern_China_Super),"tower_main(1), night(70), aim(34), acc(22), acc_long(43), radio(86), fire_ex(26), smoke(-59), size(26.5), tspot(7000), torpedo_detect(76)",,,,,,,,,,,,,,,,,,,1800,1350,7450000,22350000
modern_tower_main_2_alsace_small,,tower_main,New Light Modern Tower III,8,22350000,1980,,400,alsace_tower_main_a,1.05,,tower_main,,need(BB_Modern_Richelieu_Big;BB_Modern_Richelieu;BC_Modern_Richelieu;Large_Cruiser_Henri;BB_Alsace;BB_Modern_China_Super),"tower_main(1), night(69), aim(33), acc(21), acc_long(42), radio(85), fire_ex(25), smoke(-58), size(25.5), tspot(6950), torpedo_detect(75)",,,,,,,,,,,,,,,,,,,1800,1350,7450000,22350000
modern_tower_main_1_alsace,,tower_main,New Light Modern Tower II,9,21000000,1860,,390,alsace_tower_main_a,1,,tower_main,,"need(BB_Modern_Richelieu_Big;BB_Modern_Richelieu;BC_Modern_Richelieu;Large_Cruiser_Henri;BB_Alsace;BB_Modern_China_Super), needunlock(late_BB_towers_level_3)","tower_main(1), night(67), aim(32), acc(20), acc_long(41), radio(83), fire_ex(24), smoke(-57), size(25), tspot(6750), torpedo_detect(72.5)",,,,,,,,,,,,,,,,,,,1860,1395,7000000,21000000
modern_tower_main_1_alsace_small,,tower_main,New Light Modern Tower I,10,19500000,1740,,380,alsace_tower_main_a,0.95,,tower_main,,need(BB_Modern_Richelieu_Big;BB_Modern_Richelieu;BC_Modern_Richelieu;Large_Cruiser_Henri;BB_Alsace;BB_Modern_China_Super),"tower_main(1), night(65), aim(31), acc(19), acc_long(39), radio(80), fire_ex(23), smoke(-56), size(24.5), tspot(6550), torpedo_detect(70)",,,,,,,,,,,,,,,,,,,1740,1305,6500000,19500000
vanguard_tower_2,,tower_main,New Advanced Tower IV (Wide),1900,37500000,3045,,600,vanguard_tower_main,1.1,,tower_main,,need(BB_Vanguard;BB_Kgeorge_Super;BB_KGeorge_Big;BC_British_Super),"tower_main(1), night(90), aim(58), acc(41), acc_long(63), radio(98), fire_ex(43), smoke(-79), size(41), tspot(9000), torpedo_detect(99)",,,,,,,,,,,,,,,,,,,1410,1057.5,7300000,21900000
vanguard_tower_1,,tower_main,New Advanced Tower III (Wide),1901,33000000,2670,,550,vanguard_tower_main,1.05,,tower_main,,need(BB_Vanguard;BB_Kgeorge_Super;BB_KGeorge_Big;BC_British_Super),"tower_main(1), night(85), aim(55), acc(39), acc_long(60), radio(96), fire_ex(40), smoke(-77), size(39), tspot(8800), torpedo_detect(97)",,,,,,,,,,,,,,,,,,,2274,1705.5,5050000,15150000
vanguard_tower_0,,tower_main,New Advanced Tower II (Wide),1902,29700000,2370,,510,vanguard_tower_main,1,,tower_main,,need(BB_Vanguard;BB_Kgeorge_Super;BB_KGeorge_Big;BC_British_Super),"tower_main(1), night(82), aim(52), acc(37), acc_long(57), radio(93), fire_ex(37), smoke(-74), size(37), tspot(8600), torpedo_detect(95)",,,,,,,,,,,,,,,,,,,1950,1462.5,4450000,13350000
vanguard_tower_0_smallvar,,tower_main,New Advanced Tower I (Wide),1903,27000000,2070,,450,vanguard_tower_main,0.95,,tower_main,,need(BB_Vanguard;BB_Kgeorge_Super;BB_KGeorge_Big;BC_British_Super),"tower_main(1), night(79), aim(49), acc(35), acc_long(54), radio(90), fire_ex(34), smoke(-71), size(35), tspot(8400), torpedo_detect(92)",,,,,,,,,,,,,,,,,,,1770,1327.5,4050000,12150000
vanguard_tower_2b,,tower_main,New Advanced Tower IV,1904,37500000,3045,,600,vanguard_tower_main_b,1.1,,tower_main,,need(BB_Vanguard;BB_Kgeorge_Super;BB_KGeorge_Big;BC_British_Super),"tower_main(1), night(90), aim(58), acc(41), acc_long(63), radio(98), fire_ex(43), smoke(-79), size(41), tspot(9000), torpedo_detect(99)",,,,,,,,,,,,,,,,,,,1410,1057.5,7300000,21900000
vanguard_tower_1b,,tower_main,New Advanced Tower III,1905,33000000,2670,,550,vanguard_tower_main_b,1.05,,tower_main,,need(BB_Vanguard;BB_Kgeorge_Super;BB_KGeorge_Big;BC_British_Super),"tower_main(1), night(85), aim(55), acc(39), acc_long(60), radio(96), fire_ex(40), smoke(-77), size(39), tspot(8800), torpedo_detect(97)",,,,,,,,,,,,,,,,,,,2274,1705.5,5050000,15150000
vanguard_tower_0b,,tower_main,New Advanced Tower II,1906,29700000,2370,,510,vanguard_tower_main_b,1,,tower_main,,need(BB_Vanguard;BB_Kgeorge_Super;BB_KGeorge_Big;BC_British_Super),"tower_main(1), night(82), aim(52), acc(37), acc_long(57), radio(93), fire_ex(37), smoke(-74), size(37), tspot(8600), torpedo_detect(95)",,,,,,,,,,,,,,,,,,,1950,1462.5,4450000,13350000
vanguard_tower_0_smallvarb,,tower_main,New Advanced Tower I,1907,27000000,2070,,450,vanguard_tower_main_b,0.95,,tower_main,,need(BB_Vanguard;BB_Kgeorge_Super;BB_KGeorge_Big;BC_British_Super),"tower_main(1), night(79), aim(49), acc(35), acc_long(54), radio(90), fire_ex(34), smoke(-71), size(35), tspot(8400), torpedo_detect(92)",,,,,,,,,,,,,,,,,,,1770,1327.5,4050000,12150000
warspite_tower_4_big,,tower_main,New Modernized Barbette Tower IV,1908,37500000,3045,,600,warspite_tower_main,1.1,,tower_main,,"need(BB_KGeorge;BC_British_Modernized;BC_British_Super;BB_Britain_Modernized;BB_British_N3), needunlock(late_BB_towers_level_4)","tower_main(1), night(90), aim(58), acc(41), acc_long(63), radio(98), fire_ex(43), smoke(-79), size(41), tspot(9000), torpedo_detect(99)",,,,,,,,,,,,,,,,,,,2370,1777.5,9900000,29700000
warspite_tower_4,,tower_main,New Modernized Barbette Tower III,1909,33000000,2670,,550,warspite_tower_main,1.05,,tower_main,,need(BB_KGeorge;BC_British_Modernized;BB_Britain_Modernized;BB_British_N3),"tower_main(1), night(85), aim(55), acc(39), acc_long(60), radio(96), fire_ex(40), smoke(-77), size(39), tspot(8800), torpedo_detect(97)",,,,,,,,,,,,,,,,,,,2070,1552.5,9000000,27000000
warspite_tower_3_big,,tower_main,New Modernized Barbette Tower II,1910,29700000,2370,,510,warspite_tower_main,1,,tower_main,,need(BB_KGeorge;BC_British_Modernized;BB_Britain_Modernized;BB_British_N3),"tower_main(1), night(82), aim(52), acc(37), acc_long(57), radio(93), fire_ex(37), smoke(-74), size(37), tspot(8600), torpedo_detect(95)",,,,,,,,,,,,,,,,,,,2010,1507.5,9000000,27000000
warspite_tower_3,,tower_main,New Modernized Barbette Tower I,1911,27000000,2070,,450,warspite_tower_main,0.95,,tower_main,,need(BB_KGeorge;BC_British_Modernized;BB_Britain_Modernized;BB_British_N3),"tower_main(1), night(79), aim(49), acc(35), acc_long(54), radio(90), fire_ex(34), smoke(-71), size(35), tspot(8400), torpedo_detect(92)",,,,,,,,,,,,,,,,,,,1650,1237.5,8000000,24000000
warspite_tower_2,,tower_main,New Modernized Tower IV,1912,37500000,3045,,600,warspite_tower_main_b,1.1,,tower_main,,"need(BB_KGeorge;BC_British_Modernized;BC_British_Super;BB_Britain_Modernized;BB_British_N3), needunlock(late_BB_towers_level_4)","tower_main(1), night(90), aim(58), acc(41), acc_long(63), radio(98), fire_ex(43), smoke(-79), size(41), tspot(9000), torpedo_detect(99)",,,,,,,,,,,,,,,,,,,1410,1057.5,7300000,21900000
warspite_tower_1,,tower_main,New Modernized Tower III,1913,33000000,2670,,550,warspite_tower_main_b,1.05,,tower_main,,need(BB_KGeorge;BC_British_Modernized;BB_Britain_Modernized;BB_British_N3),"tower_main(1), night(85), aim(55), acc(39), acc_long(60), radio(96), fire_ex(40), smoke(-77), size(39), tspot(8800), torpedo_detect(97)",,,,,,,,,,,,,,,,,,,2274,1705.5,5050000,15150000
warspite_tower_0,,tower_main,New Modernized Tower II,1914,29700000,2370,,510,warspite_tower_main_b,1,,tower_main,,need(BB_KGeorge;BC_British_Modernized;BB_Britain_Modernized;BB_British_N3),"tower_main(1), night(82), aim(52), acc(37), acc_long(57), radio(93), fire_ex(37), smoke(-74), size(37), tspot(8600), torpedo_detect(95)",,,,,,,,,,,,,,,,,,,1950,1462.5,4450000,13350000
warspite_tower_0_smallvar,,tower_main,New Modernized Tower I,1915,27000000,2070,,450,warspite_tower_main_b,0.95,,tower_main,,need(BB_KGeorge;BC_British_Modernized;BB_Britain_Modernized;BB_British_N3),"tower_main(1), night(79), aim(49), acc(35), acc_long(54), radio(90), fire_ex(34), smoke(-71), size(35), tspot(8400), torpedo_detect(92)",,,,,,,,,,,,,,,,,,,1770,1327.5,4050000,12150000
g3_tower_1b,,tower_main,New Advanced Control Tower III,1916,33000000,2670,,550,g3_tower_main,1.05,,tower_main,,need(BB_British_G3;BC_British_Super;BB_British_N3;BB_British_Nelson),"tower_main(1), night(85), aim(55), acc(39), acc_long(60), radio(96), fire_ex(40), smoke(-77), size(39), tspot(8800), torpedo_detect(97)",,,,,,,,,,,,,,,,,,,2274,1705.5,5050000,15150000
g3_tower_0b,,tower_main,New Advanced Control Tower II,1917,29700000,2370,,510,g3_tower_main,1,,tower_main,,need(BB_British_G3;BC_British_Super;BB_British_N3;BB_British_Nelson),"tower_main(1), night(82), aim(52), acc(37), acc_long(57), radio(93), fire_ex(37), smoke(-74), size(37), tspot(8600), torpedo_detect(95)",,,,,,,,,,,,,,,,,,,1950,1462.5,4450000,13350000
g3_tower_0_smallvarb,,tower_main,New Advanced Control Tower I,1918,27000000,2070,,450,g3_tower_main,0.95,,tower_main,,need(BB_British_G3;BC_British_Super;BB_British_N3;BB_British_Nelson),"tower_main(1), night(79), aim(49), acc(35), acc_long(54), radio(90), fire_ex(34), smoke(-71), size(35), tspot(8400), torpedo_detect(92)",,,,,,,,,,,,,,,,,,,1770,1327.5,4050000,12150000
teg_tower_main_austria_3,,tower_main,New Large Main Tower IV,2000,9900000,1050,,170,teg_tower_main_a,1.17,,tower_main,,need(BB_Tegetthof),"tower_main(1), night(56), aim(20), acc(14), acc_long(25), radio(84), fire_ex(20.5), smoke(-46), size(26), tspot(6500), torpedo_detect(66)",,,,,,,,,,,,,,,,,,,810,607.5,1700000,5100000
teg_tower_main_austria_2,,tower_main,New Large Main Tower III,2001,7500000,960,,160,teg_tower_main_b,1.11,,tower_main,,need(BB_Tegetthof),"tower_main(1), night(54), aim(19), acc(13), acc_long(24), radio(82), fire_ex(19.5), smoke(-45), size(24.5), tspot(6250), torpedo_detect(64)",,,,,,,,,,,,,,,,,,,750,562.5,1400000,4200000
teg_tower_main_austria_1,,tower_main,New Large Main Tower II,2002,5100000,870,,150,teg_tower_main_a,1.05,,tower_main,,need(BB_Tegetthof),"tower_main(1), night(52), aim(18), acc(12), acc_long(23), radio(80), fire_ex(18.5), smoke(-43), size(23), tspot(6000), torpedo_detect(62)",,,,,,,,,,,,,,,,,,,660,495,735000,2205000
teg_tower_main_austria_0,,tower_main,New Large Main Tower I,2003,3600000,780,,140,teg_tower_main_b,1,,tower_main,,need(BB_Tegetthof),"tower_main(1), night(50), aim(17), acc(11), acc_long(22), radio(78), fire_ex(17.5), smoke(-41), size(21.5), tspot(5750), torpedo_detect(60)",,,,,,,,,,,,,,,,,,,600,450,675000,2025000
aigle_dd_tower_4,,tower_main,New Modern Tower IV,2550,1620000,190,,70,aigle_tower_main_a,1.2,,tower_main,,need(DD_Modern_Generic_7;DD_Modern_France;DD_Modern_Generic_Italy;DD_Modern_Generic_5;DD_Modern_Generic_6;DD_Modern_Generic_USA;DD_Modern_Generic_2),"tower_main(1), night(65), aim(17.5), acc(14.5), acc_long(37), radio(76), fire_ex(30), smoke(-40), size(24), tspot(4200), torpedo_detect(140)",,,,,,,,,,,,,,,,,,,165,123.75,620000,1860000
aigle_dd_tower_5,,tower_main,New Modern Tower III,2551,1470000,168,,65,aigle_tower_main_a,1.1,,tower_main,,need(DD_Modern_Generic_7;DD_Modern_France;DD_Modern_Generic_Italy;DD_Modern_Generic_5;DD_Modern_Generic_6;DD_Modern_Generic_USA;DD_Modern_Generic_2),"tower_main(1), night(63), aim(16.5), acc(13.5), acc_long(35), radio(74), fire_ex(28), smoke(-39), size(23), tspot(4000), torpedo_detect(130)",,,,,,,,,,,,,,,,,,,120,90,550000,1650000
aigle_dd_tower_6,,tower_main,New Modern Tower II,2552,1260000,144,,55,aigle_tower_main_a,1,,tower_main,,need(DD_Modern_Generic_7;DD_Modern_France;DD_Modern_Generic_Italy;DD_Modern_Generic_5;DD_Modern_Generic_6;DD_Modern_Generic_USA;DD_Modern_Generic_2),"tower_main(1), night(60), aim(15), acc(13), acc_long(33), radio(72), fire_ex(27), smoke(-38.5), size(22), tspot(3800), torpedo_detect(120)",,,,,,,,,,,,,,,,,,,108,81,450000,1350000
aigle_dd_tower_7,,tower_main,New Modern Tower I,2553,1050000,120,,48,aigle_tower_main_a,0.95,,tower_main,,need(DD_Modern_Generic_7;DD_Modern_France;DD_Modern_Generic_Italy;DD_Modern_Generic_5;DD_Modern_Generic_6;DD_Modern_Generic_USA;DD_Modern_Generic_2),"tower_main(1), night(50), aim(12), acc(11), acc_long(30), radio(70), fire_ex(25), smoke(-38), size(21), tspot(3600), torpedo_detect(110)",,,,,,,,,,,,,,,,,,,102,76.5,380000,1140000
aigle_dd_tower_8,,tower_main,New Small Modern Tower IV,2554,1620000,190,,70,aigle_tower_main_b,1.2,,tower_main,,need(DD_Modern_Generic_7;DD_Modern_France;DD_Modern_Generic_Italy;DD_Modern_Generic_5;DD_Modern_Generic_6;DD_Modern_Generic_USA;DD_Modern_Generic_2),"tower_main(1), night(65), aim(17.5), acc(14.5), acc_long(37), radio(76), fire_ex(30), smoke(-40), size(24), tspot(4200), torpedo_detect(140)",,,,,,,,,,,,,,,,,,,165,123.75,620000,1860000
aigle_dd_tower_9,,tower_main,New Small Modern Tower III,2555,1470000,168,,65,aigle_tower_main_b,1.1,,tower_main,,need(DD_Modern_Generic_7;DD_Modern_France;DD_Modern_Generic_Italy;DD_Modern_Generic_5;DD_Modern_Generic_6;DD_Modern_Generic_USA;DD_Modern_Generic_2),"tower_main(1), night(63), aim(16.5), acc(13.5), acc_long(35), radio(74), fire_ex(28), smoke(-39), size(23), tspot(4000), torpedo_detect(130)",,,,,,,,,,,,,,,,,,,120,90,550000,1650000
aigle_dd_tower_10,,tower_main,New Small Modern Tower II,2556,1260000,144,,55,aigle_tower_main_b,1,,tower_main,,need(DD_Modern_Generic_7;DD_Modern_France;DD_Modern_Generic_Italy;DD_Modern_Generic_5;DD_Modern_Generic_6;DD_Modern_Generic_USA;DD_Modern_Generic_2),"tower_main(1), night(60), aim(15), acc(13), acc_long(33), radio(72), fire_ex(27), smoke(-38.5), size(22), tspot(3800), torpedo_detect(120)",,,,,,,,,,,,,,,,,,,108,81,450000,1350000
aigle_dd_tower_11,,tower_main,New Small Modern Tower I,2557,1050000,120,,48,aigle_tower_main_b,0.95,,tower_main,,need(DD_Modern_Generic_7;DD_Modern_France;DD_Modern_Generic_Italy;DD_Modern_Generic_5;DD_Modern_Generic_6;DD_Modern_Generic_USA;DD_Modern_Generic_2),"tower_main(1), night(50), aim(12), acc(11), acc_long(30), radio(70), fire_ex(25), smoke(-38), size(21), tspot(3600), torpedo_detect(110)",,,,,,,,,,,,,,,,,,,102,76.5,380000,1140000
new_dd_tower_4,,tower_main,New Modern Tower IV,2558,1620000,190,,70,tribal_tower_main_a,1.24,,tower_main,,"need(DD_Modern_Generic_7;DD_Modern_France;DD_Modern_Generic_Italy;DD_Modern_Generic_5;DD_Modern_Generic_6;DD_Modern_Generic_USA), needunlock(lateDDtowers_level_3)","tower_main(1), night(65), aim(17.5), acc(14.5), acc_long(37), radio(76), fire_ex(30), smoke(-40), size(24), tspot(4200), torpedo_detect(140)",,,,,,,,,,,,,,,,,,,165,123.75,620000,1860000
new_dd_tower_3,,tower_main,New Modern Tower III,2559,1470000,168,,65,tribal_tower_main_a,1.19,,tower_main,,"need(DD_Modern_Generic_7;DD_Modern_France;DD_Modern_Generic_Italy;DD_Modern_Generic_5;DD_Modern_Generic_6;DD_Modern_Generic_USA), needunlock(lateDDtowers_level_2)","tower_main(1), night(63), aim(16.5), acc(13.5), acc_long(35), radio(74), fire_ex(28), smoke(-39), size(23), tspot(4000), torpedo_detect(130)",,,,,,,,,,,,,,,,,,,120,90,550000,1650000
new_dd_tower_2,,tower_main,New Modern Tower II,2560,1260000,144,,55,tribal_tower_main_a,1.11,,tower_main,,need(DD_Modern_Generic_7;DD_Modern_France;DD_Modern_Generic_Italy;DD_Modern_Generic_5;DD_Modern_Generic_6;DD_Modern_Generic_USA),"tower_main(1), night(60), aim(15), acc(13), acc_long(33), radio(72), fire_ex(27), smoke(-38.5), size(22), tspot(3800), torpedo_detect(120)",,,,,,,,,,,,,,,,,,,108,81,450000,1350000
new_dd_tower_1,,tower_main,New Modern Tower I,2561,1050000,120,,48,tribal_tower_main_a,1.05,,tower_main,,need(DD_Modern_Generic_7;DD_Modern_France;DD_Modern_Generic_Italy;DD_Modern_Generic_5;DD_Modern_Generic_6;DD_Modern_Generic_USA),"tower_main(1), night(50), aim(12), acc(11), acc_long(30), radio(70), fire_ex(25), smoke(-38), size(21), tspot(3600), torpedo_detect(110)",,,,,,,,,,,,,,,,,,,102,76.5,380000,1140000
new_destroyer_tower_main_modern,,tower_main,New Small Modern Tower III,2562,1350000,108,,52,tribal_tower_main_b,1.1,,tower_main,,need(DD_Modern_Japan;DD_Modern_Generic_6;Shimakaze;DD_Modern_Generic_Small;DD_Modern_Generic;DD_Modern_Generic_3;DD_Modern_Generic_4;DD_Modern_Generic_USA),"tower_main(1), night(50), aim(15), acc(10), acc_long(33), radio(75), fire_ex(30), smoke(-35), size(22), tspot(2500), torpedo_detect(144)",,,,,,,,,,,,,,,,,,,169,126.75,750000,2250000
new_destroyer_tower_main_modern_4,,tower_main,New Small Modern Tower II,2563,1140000,102,,47,tribal_tower_main_b,1,,tower_main,,need(DD_Modern_Japan;DD_Modern_Generic_6;Shimakaze;DD_Modern_Generic_Small;DD_Modern_Generic;DD_Modern_Generic_3;DD_Modern_Generic_4;DD_Modern_Generic_USA),"tower_main(1), night(45), aim(14), acc(9), acc_long(30), radio(66), fire_ex(26), smoke(-33), size(20.5), tspot(2400), torpedo_detect(106)",,,,,,,,,,,,,,,,,,,159,119.25,640000,1920000
new_destroyer_tower_main_modern_4_small,,tower_main,New Small Modern Tower I,2564,990000,90,,44,tribal_tower_main_b,0.9,,tower_main,,need(DD_Modern_Japan;DD_Modern_Generic_6;Shimakaze;DD_Modern_Generic_Small;DD_Modern_Generic;DD_Modern_Generic_3;DD_Modern_Generic_4;DD_Modern_Generic_USA),"tower_main(1), night(42), aim(13), acc(8), acc_long(28), radio(64), fire_ex(24), smoke(-30), size(19.5), tspot(2300), torpedo_detect(96)",,,,,,,,,,,,,,,,,,,177,132.75,224000,672000
1934_destroyer_tower_main_modern_4_small,,tower_main,New Small Modern Tower I,31,990000,90,,44,1934_tower_main_b,1.1,,tower_main,,need(DD_Modern_Japan;DD_Modern_Generic_6;Shimakaze;DD_Modern_Generic_Small;DD_Modern_Generic;DD_Modern_Generic_3;DD_Modern_Generic_4;DD_Modern_Generic_USA),"tower_main(1), night(42), aim(13), acc(8), acc_long(28), radio(64), fire_ex(24), smoke(-30), size(19.5), tspot(2300), torpedo_detect(96)",,,,,,,,,,,,,,,,,,,177,132.75,224000,672000
fargo_tower_main_adv4,,tower_main,New Complex Modern Tower IV,31,19000000,1000,,360,fargo_tower_main,1.15,,tower_main,,"need(CL_Brooklyn;CL_Cleveland;CA_Cleveland), needunlock(latecruisertowers_level_4)","tower_main(1), night(77), aim(44), acc(25), acc_long(44.5), radio(71), fire_ex(27), smoke(-37), size(33), tspot(8500), torpedo_detect(83)",,,,,,,,,,,,,,,,,,,1150,862.5,1900000,5700000
fargo_tower_main_adv3,,tower_main,New Complex Modern Tower III,31,16000000,850,,340,fargo_tower_main,1.1,,tower_main,,"need(CL_Brooklyn;CL_Cleveland;CA_Cleveland), needunlock(latecruisertowers_level_3)","tower_main(1), night(75), aim(42), acc(24), acc_long(42.5), radio(69), fire_ex(26), smoke(-36), size(31.5), tspot(8200), torpedo_detect(80)",,,,,,,,,,,,,,,,,,,1000,750,1900000,5700000
fargo_tower_main_adv2,,tower_main,New Complex Modern Tower II,31,11500000,700,,270,fargo_tower_main,1.05,,tower_main,,need(CL_Brooklyn;CL_Cleveland;DD_Hybrid_Generic;CA_Cleveland),"tower_main(1), night(72), aim(40), acc(23), acc_long(40.5), radio(67), fire_ex(25), smoke(-35), size(30.5), tspot(8000), torpedo_detect(77)",,,,,,,,,,,,,,,,,,,725,543.75,1900000,5700000
fargo_tower_main_adv1,,tower_main,New Complex Modern Tower I,31,10000000,600,,250,fargo_tower_main,1,,tower_main,,need(CL_Brooklyn;CL_Cleveland;DD_Hybrid_Generic;CA_Cleveland),"tower_main(1), night(70), aim(38), acc(22), acc_long(39), radio(65), fire_ex(24), smoke(-34), size(29.5), tspot(7800), torpedo_detect(75)",,,,,,,,,,,,,,,,,,,655,491.25,1900000,5700000
bertin_tower_main_adv3,,tower_main,New Complex Modern Tower III,31,16000000,850,,340,bertin_tower_main,1.1,,tower_main,,"need(France_CL_Exp_Advanced;France_CA_Exp), needunlock(latecruisertowers_level_2)","tower_main(1), night(75), aim(42), acc(24), acc_long(42.5), radio(69), fire_ex(26), smoke(-36), size(31.5), tspot(8200), torpedo_detect(80)",,,,,,,,,,,,,,,,,,,1000,750,1900000,5700000
bertin_tower_main_adv2,,tower_main,New Complex Modern Tower II,31,11500000,700,,270,bertin_tower_main,1.05,,tower_main,,"need(France_CL_Exp_Advanced;France_CA_Exp), needunlock(latecruisertowers_level_2)","tower_main(1), night(72), aim(40), acc(23), acc_long(40.5), radio(67), fire_ex(25), smoke(-35), size(30.5), tspot(8000), torpedo_detect(77)",,,,,,,,,,,,,,,,,,,725,543.75,1900000,5700000
bertin_tower_main_adv1,,tower_main,New Complex Modern Tower I,31,10000000,600,,250,bertin_tower_main,1,,tower_main,,"need(France_CL_Exp_Advanced;France_CA_Exp), needunlock(latecruisertowers_level_2)","tower_main(1), night(70), aim(38), acc(22), acc_long(39), radio(65), fire_ex(24), smoke(-34), size(29.5), tspot(7800), torpedo_detect(75)",,,,,,,,,,,,,,,,,,,655,491.25,1900000,5700000
bayern_tower_german_main_3_large,,tower_main,New Advanced Foredeck Tower III,2100,2475000,714,,130,bayern_tower_main,1.1,,tower_main,,"need(BC_VonderTann_Large;BB_Helgoland;BC_Derfflinger), needunlock(early_BB_towers_level_4)","tower_main(1), night(32), aim(15.5), acc(9), acc_long(17), radio(35), fire_ex(11.5), smoke(-33), size(16), tspot(4500), torpedo_detect(52)",,,,,,,,,,,,,,,,,,,432,324,495000,1485000
bayern_tower_german_main_2_large,,tower_main,New Advanced Foredeck Tower II,2101,2295000,660,,125,bayern_tower_main,1.05,,tower_main,,"need(BC_VonderTann_Large;BB_Helgoland;BC_Derfflinger), needunlock(early_BB_towers_level_4)","tower_main(1), night(30), aim(14.5), acc(8), acc_long(16), radio(34), fire_ex(11), smoke(-32), size(15.5), tspot(4300), torpedo_detect(50)",,,,,,,,,,,,,,,,,,,420,315,465000,1395000
bayern_tower_german_main_1_large,,tower_main,New Advanced Foredeck Tower I,2102,2115000,588,,120,bayern_tower_main,1,,tower_main,,"need(BC_VonderTann_Large;BC_Derfflinger), needunlock(early_BB_towers_level_3)","tower_main(1), night(28), aim(13.5), acc(7), acc_long(15), radio(33), fire_ex(10.5), smoke(-31), size(15), tspot(4100), torpedo_detect(48)",,,,,,,,,,,,,,,,,,,390,292.5,425000,1275000
modern_tower_main_1_montana_enlarged,,tower_main,New Modern Tower V,32,26400000,3642,,580,montana_tower_main,1.1,,tower_main,,"need(BB_Modern_Iowa;BB_Modern_Iowa_small;BB_NorthCarolina;BB_Modern_China), with_barbette","tower_main(1), night(77), aim(41), acc(29), acc_long(61), radio(96), fire_ex(36), smoke(-72), size(36.5), tspot(7850), torpedo_detect(96)",,,,,,,,,,,,,,,,,,,3642,2731.5,8800000,26400000
modern_tower_main_1_montana_big,,tower_main,New Modern Tower IV,33,27000000,3720,,600,montana_tower_main,1.05,,tower_main,,"need(BB_Modern_Iowa;BB_Modern_Iowa_small;BB_Compact_Iowa;BB_Modern_China), with_barbette, needunlock(late_BB_towers_level_4)","tower_main(1), night(80), aim(50), acc(34), acc_long(62), radio(95), fire_ex(41), smoke(-74), size(38), tspot(7950), torpedo_detect(97)",,,,,,,,,,,,,,,,,,,3720,2790,9000000,27000000
modern_tower_main_1_montana,,tower_main,New Modern Tower III,34,24000000,3300,,550,montana_tower_main,1,,tower_main,,"need(BB_Modern_Iowa;BB_Modern_Iowa_small;BB_Compact_Iowa;BB_Modern_China), with_barbette, needunlock(late_BB_towers_level_4)","tower_main(1), night(75), aim(40), acc(28), acc_long(60), radio(95), fire_ex(35), smoke(-70), size(35), tspot(7750), torpedo_detect(95)",,,,,,,,,,,,,,,,,,,3300,2475,8000000,24000000
modern_tower_main_1_montana_small,,tower_main,New Modern Tower II,35,21000000,2700,,500,montana_tower_main,0.95,,tower_main,,"need(BB_Modern_Iowa;BB_Modern_Iowa_small;BB_Modern_Iowa_modernized;BB_Compact_Iowa;BB_Modern_China), with_barbette","tower_main(1), night(72), aim(37), acc(26), acc_long(55), radio(90), fire_ex(32), smoke(-65), size(32), tspot(7450), torpedo_detect(90)",,,,,,,,,,,,,,,,,,,2700,2025,7000000,21000000
modern_tower_main_1_montana_smallest,,tower_main,New Modern Tower I,36,19500000,2520,,450,montana_tower_main,0.9,,tower_main,,"need(BB_Modern_Iowa_modernized;BB_Modern_Iowa;BB_Compact_Iowa;BB_Modern_China), with_barbette","tower_main(1), night(69), aim(35), acc(23.5), acc_long(50), radio(80), fire_ex(28), smoke(-55), size(29), tspot(7050), torpedo_detect(80)",,,,,,,,,,,,,,,,,,,2520,1890,6500000,19500000
hood_tower_5_modernized,,tower_main,New Rebuild Modern Tower V,2700,39500000,2900,,470,hood_tower_main_var,1.1,,tower_main,,"need(BC_Hood;BB_British_N3;BB_Fast_Modern;BB_British_G3), needunlock(late_BB_towers_level_4)","tower_main(1), night(68), aim(48), acc(41), acc_long(61), radio(96), fire_ex(37), smoke(-79), size(35), tspot(8400), torpedo_detect(98)",,,,,,,,,,,,,,,,,,,1920,1440,4400000,13200000
hood_tower_3_barb,,tower_main,New Modern Tower III (Enhanced),1947,16200000,2340,,320,hood_tower_main_b_barb,1,,tower_main,,need(BC_Hood;BB_British_Advanced;BB_Generic_Advanced;BB_British_N3;BB_Fast_Modern),"tower_main(1), night(64), aim(33), acc(28), acc_long(48), radio(83), fire_ex(23), smoke(-66), size(29), tspot(6800), torpedo_detect(83)",,,,,,,,,,,,,,,,,,,2040,1530,6500000,19500000
modern_tower_main_2_scharnhorst,,tower_main,New Advanced Tower IV (Barbette),38,25000000,3300,,510,scharn_tower_main,1.1,,tower_main,,"need(BB_Modern_Germany;BB_Modern_Germany_small;BB_Modern_Germany_xs;BC_Modern_Germany;BB_Fast_Modern), with_barbette, needunlock(late_BB_towers_level_4)","tower_main(1), night(68), aim(39), acc(28), acc_long(43), radio(88), fire_ex(28.5), smoke(-70), size(35), tspot(7350), torpedo_detect(88.5)",,,,,,,,,,,,,,,,,,,3150,2362.5,7900000,23700000
modern_tower_main_1_scharnhorst_bigger,,tower_main,New Advanced Tower III (Barbette),39,23700000,3150,,495,scharn_tower_main,1.05,,tower_main,,"need(BB_Modern_Germany;BB_Modern_Germany_small;BB_Modern_Germany_xs;BC_Modern_Germany;BB_Fast_Modern;BC_Modern_Russia;BB_Compact_Soyuz), with_barbette, needunlock(late_BB_towers_level_4)","tower_main(1), night(67), aim(38), acc(27), acc_long(42), radio(87), fire_ex(27.5), smoke(-69), size(34.5), tspot(7250), torpedo_detect(87.5)",,,,,,,,,,,,,,,,,,,3150,2362.5,7900000,23700000
modern_tower_main_1_scharnhorst_big,,tower_main,New Advanced Tower II (Barbette),40,22200000,2970,,475,scharn_tower_main,1,,tower_main,,"need(BB_Modern_Germany;BB_Modern_Germany_small;BB_Modern_Germany_xs;BC_Modern_Germany;BB_Fast_Modern;BC_Modern_Russia;BB_Compact_Soyuz), with_barbette","tower_main(1), night(66), aim(37), acc(26), acc_long(41), radio(86), fire_ex(26.5), smoke(-68), size(33.7), tspot(7150), torpedo_detect(86.5)",,,,,,,,,,,,,,,,,,,2970,2227.5,7400000,22200000
modern_tower_main_1_scharnhorst,,tower_main,New Advanced Tower I (Barbette),41,21000000,2820,,450,scharn_tower_main,0.95,,tower_main,,"need(BB_Modern_Germany;BB_Modern_Germany_small;BB_Modern_Germany_xs;BC_Modern_Germany;BB_Fast_Modern;BC_Modern_Russia;BB_Compact_Soyuz), with_barbette","tower_main(1), night(65), aim(36), acc(25), acc_long(40), radio(85), fire_ex(25.5), smoke(-67), size(33), tspot(7050), torpedo_detect(85)",,,,,,,,,,,,,,,,,,,2820,2115,7000000,21000000
modern_tower_main_0_scharnhorst,,tower_main,New Advanced Tower (Barbette),41,20000000,2720,,425,scharn_tower_main,0.9,,tower_main,,"need(BB_Modern_Germany;BB_Modern_Germany_small;BB_Modern_Germany_xs;BC_Modern_Germany;BB_Fast_Modern;BC_Modern_Russia;BB_Compact_Soyuz), with_barbette","tower_main(1), night(64), aim(35), acc(24), acc_long(39), radio(84), fire_ex(25), smoke(-66), size(32), tspot(7000), torpedo_detect(84)",,,,,,,,,,,,,,,,,,,2820,2115,7000000,21000000
modern_tower_main_3_schill_small2,,tower_main,New Light Modern Tower II (Big Barbette),41,23700000,1194,,400,schill_tower_main_b,0.85,,tower_main,,"need(CA_Heavy_Japan;CA_Heavy_Japan2;CA_German_Pocket_Big), funnel_mount","tower_main(1), night(74), aim(33), acc(22), acc_long(40), radio(87), fire_ex(27), smoke(-56), size(26), tspot(6850), torpedo_detect(78)",,,,,,,,,,,,,,,,,,,1194,895.5,7900000,23700000
modern_tower_main_3_schill_small2_heavyca2,,tower_main,New Light Modern Tower II (Small Barbette),41,23700000,1194,,400,schill_tower_main_a,0.85,,tower_main,,"need(CA_Heavy_Japan;CA_Heavy_Japan2;CA_German_Pocket_Big), funnel_mount","tower_main(1), night(74), aim(33), acc(22), acc_long(40), radio(87), fire_ex(27), smoke(-56), size(26), tspot(6850), torpedo_detect(78)",,,,,,,,,,,,,,,,,,,1350,1012.5,7900000,23700000
modern_tower_main_3_schill_small_var,,tower_main,New Light Modern Tower I (Big Barbette),41,21600000,1134,,390,schill_tower_main_b,0.8,,tower_main,,"need(CA_Heavy_Japan;CA_Heavy_Japan2;CA_German_Pocket_Big), funnel_mount","tower_main(1), night(72), aim(31), acc(21), acc_long(39), radio(85), fire_ex(26), smoke(-55), size(25), tspot(6650), torpedo_detect(76)",,,,,,,,,,,,,,,,,,,1134,850.5,7200000,21600000
modern_tower_main_3_schill_small2_heavyca1,,tower_main,New Light Modern Tower I (Small Barbette),41,21600000,1134,,390,schill_tower_main_a,0.8,,tower_main,,"need(CA_Heavy_Japan;CA_Heavy_Japan2;CA_German_Pocket_Big), funnel_mount","tower_main(1), night(72), aim(31), acc(21), acc_long(39), radio(85), fire_ex(26), smoke(-55), size(25), tspot(6650), torpedo_detect(76)",,,,,,,,,,,,,,,,,,,1250,937.5,7900000,23700000
renown_tower_4_smallvar,,tower_main,New Modern Tower IV,41,16800000,2400,,340,renown_tower_main,1.1,,tower_main,,"need(BC_Hood;BB_British_Advanced;BB_Generic_Advanced;BB_British_N3;BB_Fast_Modern), needunlock(late_BB_towers_level_4)","tower_main(1), night(65), aim(39), acc(38), acc_long(52), radio(84), fire_ex(24), smoke(-71), size(30), tspot(7000), torpedo_detect(85)",,,,,,,,,,,,,,,,,,,2340,1755,7100000,21300000
renown_tower_3,,tower_main,New Modern Tower III,41,16200000,2340,,320,renown_tower_main,1.05,,tower_main,,"need(BC_Hood;BB_British_Advanced;BB_Generic_Advanced;BB_British_N3;BB_Fast_Modern), needunlock(late_BB_towers_level_4)","tower_main(1), night(64), aim(38), acc(37), acc_long(51), radio(83), fire_ex(23), smoke(-70), size(29), tspot(6800), torpedo_detect(83)",,,,,,,,,,,,,,,,,,,2040,1530,6500000,19500000
renown_tower_3_smallvar,,tower_main,New Modern Tower II,41,15450000,2220,,310,renown_tower_main,1,,tower_main,,need(BC_Hood;BB_British_Advanced;BB_Generic_Advanced;BB_British_N3;BB_Fast_Modern),"tower_main(1), night(63), aim(36), acc(36), acc_long(50), radio(80), fire_ex(22), smoke(-69), size(28), tspot(6600), torpedo_detect(81)",,,,,,,,,,,,,,,,,,,1800,1350,6000000,18000000
renown_tower_2,,tower_main,New Modern Tower I,41,14700000,2160,,300,renown_tower_main,0.95,,tower_main,,need(BC_Hood;BB_British_Advanced;BB_Generic_Advanced;BB_British_N3),"tower_main(1), night(60), aim(35), acc(35), acc_long(49), radio(80), fire_ex(24), smoke(-68), size(27), tspot(6500), torpedo_detect(79)",,,,,,,,,,,,,,,,,,,1620,1215,5500000,16500000
dreadnought_tower_main_california_10,,tower_main,New Enhanced Casemate Tower V,41,42500000,3150,,525,cali_tower_main_a,1.2,,tower_main,,need(BB_USA_Arizona_Big),"tower_main(1), night(95), aim(31.5), acc(27.5), acc_long(49.5), radio(92), fire_ex(35), smoke(-72), size(44.5), tspot(10100), torpedo_detect(91)",,,,,,,,,,,,,,,,,,,3720,2790,6550000,19650000
dreadnought_tower_main_california_8,,tower_main,New Enhanced Casemate Tower IV,41,35600000,2900,,490,cali_tower_main_a,1.15,,tower_main,,need(BB_USA_Arizona_Big),"tower_main(1), night(91), aim(28.5), acc(25.5), acc_long(45.5), radio(89), fire_ex(34), smoke(-70), size(41.5), tspot(9200), torpedo_detect(87)",,,,,,,,,,,,,,,,,,,3290,2467.5,6550000,19650000
dreadnought_tower_main_california_6,,tower_main,New Enhanced Casemate Tower III,41,30500000,2650,,460,cali_tower_main_a,1.15,,tower_main,,need(BB_USA_Arizona;BB_USA_Arizona_Big),"tower_main(1), night(87), aim(26.5), acc(23.5), acc_long(43), radio(86), fire_ex(33), smoke(-69), size(39), tspot(8500), torpedo_detect(83)",,,,,,,,,,,,,,,,,,,2960,2220,6550000,19650000
dreadnought_tower_main_california_4,,tower_main,New Enhanced Casemate Tower II,41,24500000,2350,,425,cali_tower_main_a,1.1,,tower_main,,need(BB_USA_Arizona;BB_USA_Arizona_Big),"tower_main(1), night(82), aim(25.5), acc(21.5), acc_long(39), radio(85), fire_ex(31), smoke(-67), size(36), tspot(8000), torpedo_detect(81)",,,,,,,,,,,,,,,,,,,2460,1845,6550000,19650000
dreadnought_tower_main_california_2,,tower_main,New Enhanced Casemate Tower I,41,19500000,2050,,400,cali_tower_main_a,1.05,,tower_main,,need(BB_USA_Arizona),"tower_main(1), night(82), aim(22.5), acc(17.5), acc_long(36), radio(82), fire_ex(29), smoke(-65), size(32.5), tspot(7300), torpedo_detect(77)",,,,,,,,,,,,,,,,,,,1900,1425,6550000,19650000
dreadnought_tower_main_california_9,,tower_main,New Casemate Tower V,41,39500000,2950,,505,cali_tower_main_b,1.2,,tower_main,,need(BB_USA_Arizona_Big),"tower_main(1), night(93), aim(29.5), acc(26.5), acc_long(47.5), radio(90), fire_ex(34.5), smoke(-71), size(42.5), tspot(9600), torpedo_detect(89)",,,,,,,,,,,,,,,,,,,3460,2595,6550000,19650000
dreadnought_tower_main_california_7,,tower_main,New Casemate Tower IV,41,32500000,2700,,475,cali_tower_main_b,1.15,,tower_main,,need(BB_USA_Arizona_Big),"tower_main(1), night(89), aim(27.5), acc(24.5), acc_long(44), radio(87), fire_ex(33.5), smoke(-69), size(41), tspot(8900), torpedo_detect(85)",,,,,,,,,,,,,,,,,,,3160,2370,6550000,19650000
dreadnought_tower_main_california_5,,tower_main,New Casemate Tower III,41,27600000,2450,,445,cali_tower_main_b,1.1,,tower_main,,need(BB_USA_Arizona;BB_USA_Arizona_Big),"tower_main(1), night(85), aim(24.5), acc(22.5), acc_long(41), radio(84), fire_ex(32), smoke(-68), size(38), tspot(8350), torpedo_detect(82)",,,,,,,,,,,,,,,,,,,2790,2092.5,6550000,19650000
dreadnought_tower_main_california_3,,tower_main,New Casemate Tower II,41,22600000,2100,,415,cali_tower_main_b,1.1,,tower_main,,need(BB_USA_Arizona),"tower_main(1), night(84), aim(23.5), acc(19.5), acc_long(37), radio(83), fire_ex(30), smoke(-66), size(34), tspot(7600), torpedo_detect(79)",,,,,,,,,,,,,,,,,,,2250,1687.5,6550000,19650000
dreadnought_tower_main_california_1,,tower_main,New Casemate Tower I,41,17600000,1850,,395,cali_tower_main_b,1.05,,tower_main,,need(BB_USA_Arizona),"tower_main(1), night(80), aim(20.5), acc(16.5), acc_long(34), radio(80), fire_ex(28), smoke(-64), size(31.5), tspot(7000), torpedo_detect(75)",,,,,,,,,,,,,,,,,,,1850,1387.5,6550000,19650000
french_courbet_tower_main_0_bigger,,tower_main,New Small Advanced Tower II,41,1860000,495,,160,courbet_tower_main_a_var,1,,tower_main,,"need(BB_Danton; BB_French_Early;CL_Armor_Exp_var3), needunlock(early_BB_towers_level_3)","tower_main(1), night(19), aim(11.5), acc(9.5), acc_long(10.5), radio(47), fire_ex(13), smoke(-24), size(15.5), tspot(2950), torpedo_detect(23.5)",,,,,,,,,,,,,,,,,,,575,431.25,250000,750000
french_courbet_tower_main_2,,tower_main,New Advanced Front Tower II,41,1650000,540,,185,courbet_tower_main_b_var,1,,tower_main,,need(BB_Danton; BB_French_Early;CA_Large_France2;CL_Armor_Exp_var3),"tower_main(1), night(16.5), aim(11), acc(9), acc_long(10), radio(48), fire_ex(16), smoke(-27), size(18.5), tspot(2950), torpedo_detect(23.5)",,,,,,,,,,,,,,,,,,,500,375,250000,750000
french_courbet_tower_main_0_big,,tower_main,New Small Advanced Tower II,41,1560000,435,,150,courbet_tower_main_a,1,,tower_main,,"need(BB_Danton; BB_French_Early;CA_Large_France2;CL_Armor_Exp_var3), needunlock(early_BB_towers_level_2)","tower_main(1), night(17), aim(10.5), acc(9), acc_long(9.5), radio(45), fire_ex(11), smoke(-23), size(14.5), tspot(2750), torpedo_detect(22.5)",,,,,,,,,,,,,,,,,,,410,307.5,250000,750000
french_courbet_tower_main_1,,tower_main,New Advanced Front Tower I,41,1470000,495,,170,courbet_tower_main_b,1,,tower_main,,need(BB_Danton; BB_French_Early;CA_Large_France2;CL_Armor_Exp_var3),"tower_main(1), night(15), aim(10), acc(8), acc_long(9.5), radio(46), fire_ex(15.5), smoke(-26), size(17.5), tspot(2750), torpedo_detect(22.5)",,,,,,,,,,,,,,,,,,,330,247.5,250000,750000
tiger_tower_main_big_1_small,,tower_main,New Advanced Tower V,12,3870000,870,,155,tiger_tower_main,1.15,,tower_main,,"need(BC;BC_Britain;BC_Small;BB_Britain_Alt;BC_Britain_Var), need(g2;g3)","tower_main(1), night(45), aim(17), acc(12), acc_long(24), radio(78), fire_ex(19.5), smoke(-42), size(20.5), tspot(5500), torpedo_detect(60)",,,,,,,,,,,,,,,,,,,522,391.5,825000,2475000
tiger_tower_main_big_2_var,,tower_main,New Advanced Tower IV,12,3600000,834,,150,tiger_tower_main,1.1,,tower_main,,"need(BC_Britain_Var;BB_Britain_Alt), need(g2;g3)","tower_main(1), night(43), aim(16), acc(11), acc_long(22), radio(76), fire_ex(18.5), smoke(-37), size(19.5), tspot(5200), torpedo_detect(58)",,,,,,,,,,,,,,,,,,,498,373.5,775000,2325000
tiger_tower_main_big_2_var_small,,tower_main,New Advanced Tower III,12,3390000,744,,140,tiger_tower_main,1.05,,tower_main,,"need(BC_Britain_Var;BB_Britain_Alt), need(g2;g3)","tower_main(1), night(40), aim(15), acc(10), acc_long(21), radio(75), fire_ex(17.5), smoke(-36), size(19), tspot(4900), torpedo_detect(57)",,,,,,,,,,,,,,,,,,,420,315,750000,2250000
tiger_tower_main_big_1_var,,tower_main,New Advanced Tower II,12,3000000,660,,130,tiger_tower_main,1,,tower_main,,"need(BC_Britain_Var;BB_Britain_Alt), need(g2;g3)","tower_main(1), night(37), aim(14), acc(9), acc_long(20), radio(74), fire_ex(17), smoke(-35), size(18.5), tspot(4700), torpedo_detect(56)",,,,,,,,,,,,,,,,,,,390,292.5,700000,2100000
tiger_tower_main_big_1_var_small,,tower_main,New Advanced Tower I,12,2760000,600,,120,tiger_tower_main,0.95,,tower_main,,"need(BC_Britain_Var;BB_Britain_Alt), need(g2;g3)","tower_main(1), night(35), aim(13), acc(8), acc_long(19), radio(72), fire_ex(16), smoke(-34), size(18), tspot(4500), torpedo_detect(54)",,,,,,,,,,,,,,,,,,,525,393.75,900000,2700000
queen_mary_tower_main_big_1_small,,tower_main,New Advanced Tower III,13,3870000,870,,155,queen_mary_tower_main,1.15,,tower_main,,"need(BB_Super_Britain;BB_Super;BB;BC;BC_Britain;BC_BritainSuper;BC_Hybrid;BC_Britain_Medium;BC_Britain_Var;BB_Britain_Alt;BB_Britain_Alt2;BB_French_Advanced), need(g2;g3)","tower_main(1), night(45), aim(17), acc(12), acc_long(24), radio(78), fire_ex(19.5), smoke(-42), size(20.5), tspot(5500), torpedo_detect(60)",,,,,,,,,,,,,,,,,,,522,391.5,825000,2475000
queen_mary_tower_main_big_2_var,,tower_main,New Advanced Tower II (Enhanced),13,3600000,834,,150,queen_mary_tower_main,1.1,,tower_main,,"need(BB_Super_Britain;BB_Super;BB;BC;BC_Britain;BC_BritainSuper;BC_Hybrid;BC_Britain_Medium;BC_Britain_Var;BB_Britain_Alt;BB_Britain_Alt2;BB_French_Advanced), need(g2;g3)","tower_main(1), night(43), aim(16), acc(11), acc_long(22), radio(76), fire_ex(18.5), smoke(-37), size(19.5), tspot(5200), torpedo_detect(58)",,,,,,,,,,,,,,,,,,,498,373.5,775000,2325000
queen_mary_tower_main_big_2_var_small,,tower_main,New Advanced Tower II,13,3390000,744,,140,queen_mary_tower_main,1.05,,tower_main,,"need(BB_Super_Britain;BB_Super;BB;BC;BC_Britain;BC_BritainSuper;BC_Hybrid;BC_Britain_Medium;BC_Britain_Var;BB_Britain_Alt;BB_Britain_Alt2;BB_French_Advanced), need(g2;g3)","tower_main(1), night(40), aim(15), acc(10), acc_long(21), radio(75), fire_ex(17.5), smoke(-36), size(19), tspot(4900), torpedo_detect(57)",,,,,,,,,,,,,,,,,,,420,315,750000,2250000
queen_mary_tower_main_big_1_var,,tower_main,New Advanced Tower I (Enhanced),13,3000000,660,,130,queen_mary_tower_main,1,,tower_main,,"need(BB_Super_Britain;BB_Super;BB;BC;BC_Britain;BC_BritainSuper;BC_Hybrid;BC_Britain_Medium;BC_Britain_Var;BB_Britain_Alt;BB_Britain_Alt2;BB_French_Advanced), need(g2;g3)","tower_main(1), night(37), aim(14), acc(9), acc_long(20), radio(74), fire_ex(17), smoke(-35), size(18.5), tspot(4700), torpedo_detect(56)",,,,,,,,,,,,,,,,,,,390,292.5,700000,2100000
queen_mary_tower_main_big_1_var_small,,tower_main,New Advanced Tower I,13,2760000,600,,120,queen_mary_tower_main,0.95,,tower_main,,"need(BB_Super_Britain;BB_Super;BB;BC;BC_Britain;BC_BritainSuper;BC_Hybrid;BC_Britain_Medium;BC_Britain_Var;BB_Britain_Alt;BB_Britain_Alt2;BB_French_Advanced), need(g2;g3)","tower_main(1), night(35), aim(13), acc(8), acc_long(19), radio(72), fire_ex(16), smoke(-34), size(18), tspot(4500), torpedo_detect(54)",,,,,,,,,,,,,,,,,,,525,393.75,900000,2700000
belfast_tower_main_13,,tower_main,New Large Targeting Tower IX,41,15000000,950,,550,belfast_tower_main_b,1.7,,tower_main,,need(CA_Tiger),"tower_main(1), night(91), aim(62), acc(42), acc_long(64), radio(103), fire_ex(34), smoke(-47), size(35.5), tspot(9650), torpedo_detect(100)",,,,,,,,,,,,,,,,,,,1235,926.25,6500000,19500000
belfast_tower_main_12,,tower_main,New Large Targeting Tower VIII,41,14750000,900,,500,belfast_tower_main_b,1.6,,tower_main,,need(CA_Tiger),"tower_main(1), night(89), aim(60), acc(40), acc_long(62), radio(101), fire_ex(33), smoke(-46), size(34.5), tspot(9450), torpedo_detect(98)",,,,,,,,,,,,,,,,,,,1100,825,5700000,17100000
belfast_tower_main_11,,tower_main,New Large Targeting Tower VII,41,14250000,850,,480,belfast_tower_main_b,1.5,,tower_main,,need(CL_EscortCruiser_British;CA_Tiger;CL_Tiger),"tower_main(1), night(87), aim(58), acc(38), acc_long(60), radio(99), fire_ex(32), smoke(-45), size(33.5), tspot(9250), torpedo_detect(96)",,,,,,,,,,,,,,,,,,,990,742.5,5000000,15000000
belfast_tower_main_10,,tower_main,New Large Targeting Tower VI,41,14000000,800,,460,belfast_tower_main_b,1.45,,tower_main,,need(CL_EscortCruiser_British;CL_Tiger),"tower_main(1), night(85), aim(56), acc(36), acc_long(58), radio(97), fire_ex(31), smoke(-44), size(32.5), tspot(9000), torpedo_detect(94)",,,,,,,,,,,,,,,,,,,1050,787.5,2300000,6900000
belfast_tower_main_9,,tower_main,New Large Targeting Tower V,41,13750000,750,,440,belfast_tower_main_b,1.4,,tower_main,,need(CL_EscortCruiser_British;CL_Tiger;CL_Town),"tower_main(1), night(83), aim(54), acc(34), acc_long(56), radio(95), fire_ex(30), smoke(-43), size(31.5), tspot(8750), torpedo_detect(90)",,,,,,,,,,,,,,,,,,,955,716.25,2300000,6900000
belfast_tower_main_8,,tower_main,New Large Targeting Tower IV,41,13500000,700,,380,belfast_tower_main_c,1.33,,tower_main,,need(CL_Town),"tower_main(1), night(81), aim(52), acc(32), acc_long(54), radio(93), fire_ex(29), smoke(-42), size(30.5), tspot(8500), torpedo_detect(88)",,,,,,,,,,,,,,,,,,,905,678.75,2300000,6900000
belfast_tower_main_7,,tower_main,New Large Targeting Tower III,41,13250000,650,,360,belfast_tower_main_c,1.27,,tower_main,,need(CL_Town),"tower_main(1), night(79), aim(50), acc(30), acc_long(52), radio(91), fire_ex(28), smoke(-41), size(29.5), tspot(8200), torpedo_detect(86)",,,,,,,,,,,,,,,,,,,915,686.25,4400000,13200000
belfast_tower_main_6,,tower_main,New Large Targeting Tower II,41,13000000,625,,340,belfast_tower_main_c,1.21,,tower_main,,need(CL_Town),"tower_main(1), night(77), aim(48), acc(28), acc_long(50), radio(89), fire_ex(27), smoke(-40), size(28.5), tspot(8000), torpedo_detect(84)",,,,,,,,,,,,,,,,,,,855,641.25,3900000,11700000
belfast_tower_main_5,,tower_main,New Large Targeting Tower I,41,12750000,600,,320,belfast_tower_main_c,1.15,,tower_main,,need(CL_Dido;CL_Town),"tower_main(1), night(75), aim(46), acc(26), acc_long(48), radio(87), fire_ex(26), smoke(-39), size(27.5), tspot(7800), torpedo_detect(82)",,,,,,,,,,,,,,,,,,,1235,926.25,6500000,19500000
belfast_tower_main_4,,tower_main,New Light Targeting Tower I (Enhanced),41,10750000,550,,300,belfast_tower_main_c,1,,tower_main,,need(CL_Dido),"tower_main(1), night(70), aim(44), acc(24), acc_long(46), radio(85), fire_ex(25), smoke(-38), size(26.5), tspot(7500), torpedo_detect(80)",,,,,,,,,,,,,,,,,,,925,693.75,2300000,6900000
hawkins_cl_tower_3,,tower_main,New Basic Modern Tower III,41,1010000,390,,120,hawkins_tower_main_short,1.25,,tower_main,,"need(C_class), needunlock(latecruisertowers_level_3)","tower_main(1), night(28), aim(11), acc(9), acc_long(7), radio(31), fire_ex(13), smoke(-34), size(14.5), tspot(2750), torpedo_detect(31)",,,,,,,,,,,,,,,,,,,288,216,320000,960000
hawkins_cl_tower_2,,tower_main,New Basic Modern Tower II,41,930000,350,,115,hawkins_tower_main_short,1.2,,tower_main,,"need(C_class), needunlock(latecruisertowers_level_2)","tower_main(1), night(25), aim(10), acc(8), acc_long(6), radio(29), fire_ex(12), smoke(-32), size(13.5), tspot(2650), torpedo_detect(30)",,,,,,,,,,,,,,,,,,,240,180,285000,855000
hawkins_cl_tower_1,,tower_main,New Basic Modern Tower I,41,880000,320,,110,hawkins_tower_main_short,1.15,,tower_main,,need(C_class),"tower_main(1), night(22), aim(9), acc(7), acc_long(5), radio(27), fire_ex(11), smoke(-30), size(12.5), tspot(2550), torpedo_detect(29)",,,,,,,,,,,,,,,,,,,198,148.5,240000,720000
hawkins_ca_tower_4,,tower_main,New Modern Tower IV,41,1680000,520,,260,hawkins_tower_main,1.297,,tower_main,,"need(France_CA_Exp;Hawkins_Class), needunlock(lateDDtowers_level_2)","tower_main(1), night(67), aim(19), acc(16), acc_long(37), radio(78), fire_ex(32), smoke(-44), size(26), tspot(4300), torpedo_detect(150)",,,,,,,,,,,,,,,,,,,177,132.75,570000,1710000
hawkins_ca_tower_3,,tower_main,New Modern Tower III,41,1470000,490,,240,hawkins_tower_main,1.257,,tower_main,,"need(France_CA_Exp;Hawkins_Class), needunlock(lateDDtowers_level_2)","tower_main(1), night(65), aim(18), acc(15), acc_long(35), radio(76), fire_ex(30), smoke(-43), size(25), tspot(4100), torpedo_detect(140)",,,,,,,,,,,,,,,,,,,153,114.75,470000,1410000
hawkins_ca_tower_2,,tower_main,New Modern Tower II,41,1260000,460,,220,hawkins_tower_main,1.21,,tower_main,,need(France_CA_Exp;Hawkins_Class),"tower_main(1), night(63), aim(17), acc(14), acc_long(33), radio(74), fire_ex(28), smoke(-42), size(23), tspot(3900), torpedo_detect(134)",,,,,,,,,,,,,,,,,,,135,101.25,430000,1290000
hawkins_ca_tower_1,,tower_main,New Modern Tower I,41,1050000,430,,200,hawkins_tower_main,1.15,,tower_main,,need(France_CA_Exp;Hawkins_Class),"tower_main(1), night(55), aim(14), acc(12), acc_long(30), radio(72), fire_ex(26), smoke(-41), size(21.5), tspot(3700), torpedo_detect(126)",,,,,,,,,,,,,,,,,,,114,85.5,350000,1050000
dreadnought_tower_main_Pensa_Var5,,tower_main,New Tall Advanced Tower V,41,15500000,1025,,340,pensacola_tower_main_a,1.1,,tower_main,,need(Pensacola),"tower_main(1), night(60), aim(30), acc(31.5), acc_long(49), radio(84), fire_ex(24), smoke(-64), size(27), tspot(6650), torpedo_detect(84)",,,,,,,,,,,,,,,,,,,3350,2512.5,13950000,41850000
dreadnought_tower_main_Pensa_Var4,,tower_main,New Tall Advanced Tower IV,41,14000000,1000,,320,pensacola_tower_main_a,1.05,,tower_main,,need(Pensacola),"tower_main(1), night(60), aim(29), acc(29.5), acc_long(47), radio(82), fire_ex(23), smoke(-62), size(26), tspot(6450), torpedo_detect(82)",,,,,,,,,,,,,,,,,,,3000,2250,12900000,38700000
dreadnought_tower_main_Pensa_Var3,,tower_main,New Tall Advanced Tower III,41,12500000,975,,300,pensacola_tower_main_a,1,,tower_main,,need(Pensacola),"tower_main(1), night(58), aim(27), acc(27.5), acc_long(45), radio(80), fire_ex(22), smoke(-60), size(25), tspot(6250), torpedo_detect(80)",,,,,,,,,,,,,,,,,,,2800,2100,11900000,35700000
dreadnought_tower_main_Pensa_Var2,,tower_main,New Tall Advanced Tower II,41,11000000,950,,280,pensacola_tower_main_a,0.95,,tower_main,,need(Pensacola;France_CA_Exp),"tower_main(1), night(58), aim(26), acc(24), acc_long(42), radio(72), fire_ex(21), smoke(-58), size(32), tspot(6250), torpedo_detect(77)",,,,,,,,,,,,,,,,,,,2500,1875,10000000,30000000
dreadnought_tower_main_Pensa_Var1,,tower_main,New Tall Advanced Tower I,41,10000000,925,,265,pensacola_tower_main_a,0.9,,tower_main,,need(Pensacola;France_CA_Exp),"tower_main(1), night(55), aim(24), acc(22), acc_long(40), radio(70), fire_ex(20), smoke(-57), size(30), tspot(6050), torpedo_detect(75)""",,,,,,,,,,,,,,,,,,,2225,1668.75,9100000,27300000
omaha_tower_main_4,,tower_main,New Tall Advanced Tower V,41,15500000,1025,,340,omaha_tower_main_a,0.65,,tower_main,,need(Omaha;Omaha_Base),"tower_main(1), night(60), aim(30), acc(31.5), acc_long(49), radio(84), fire_ex(24), smoke(-64), size(27), tspot(6650), torpedo_detect(84)",,,,,,,,,,,,,,,,,,,3350,2512.5,13950000,41850000
omaha_tower_main_3,,tower_main,New Tall Advanced Tower IV,41,14000000,1000,,320,omaha_tower_main_a,0.6,,tower_main,,need(Omaha;Omaha_Base),"tower_main(1), night(60), aim(29), acc(29.5), acc_long(47), radio(82), fire_ex(23), smoke(-62), size(26), tspot(6450), torpedo_detect(82)",,,,,,,,,,,,,,,,,,,3000,2250,12900000,38700000
omaha_tower_main_2,,tower_main,New Tall Advanced Tower III,41,12500000,975,,300,omaha_tower_main_a,0.55,,tower_main,,need(Omaha;Omaha_Base),"tower_main(1), night(58), aim(27), acc(27.5), acc_long(45), radio(80), fire_ex(22), smoke(-60), size(25), tspot(6250), torpedo_detect(80)",,,,,,,,,,,,,,,,,,,2800,2100,11900000,35700000
omaha_tower_main_1,,tower_main,New Tall Advanced Tower II,41,11000000,950,,280,omaha_tower_main_a,0.5,,tower_main,,need(Omaha;Omaha_Base),"tower_main(1), night(58), aim(26), acc(24), acc_long(42), radio(72), fire_ex(21), smoke(-58), size(32), tspot(6250), torpedo_detect(77)",,,,,,,,,,,,,,,,,,,2500,1875,10000000,30000000
##,,tower_sec,,,,,,,,,,,,,,,,,,,,,,,,,,,,,,,,,,,
vanguard_sec_tower_2_big,,tower_sec,New Large Sec Tower IV (Wide),2870,10350000,1230,,170,vanguard_tower_sec,1.1,,tower_sec,,need(BB_Vanguard;BB_Kgeorge_Super;BB_KGeorge_Big;BC_British_Super),"tower_sec(1), night(55), aim(24.5), acc(22), acc_long(12), fire_ex(35), size(24), tspot(6650), torpedo_detect(58)",,,,,,,,,,,,,,,,,,,1230,922.5,3450000,10350000
vanguard_sec_tower_2,,tower_sec,New Large Sec Tower III (Wide),2871,9000000,1110,,160,vanguard_tower_sec,1.05,,tower_sec,,need(BB_Vanguard;BB_Kgeorge_Super;BB_KGeorge_Big;BC_British_Super),"tower_sec(1), night(50), aim(23.5), acc(21), acc_long(10), fire_ex(33), size(22), tspot(6450), torpedo_detect(56)",,,,,,,,,,,,,,,,,,,1110,832.5,3000000,9000000
vanguard_sec_tower_2_small,,tower_sec,New Large Sec Tower II (Wide),2872,7950000,990,,150,vanguard_tower_sec,1,,tower_sec,,need(BB_Vanguard;BB_Kgeorge_Super;BB_KGeorge_Big;BC_British_Super),"tower_sec(1), night(47), aim(22.5), acc(20), acc_long(8), fire_ex(30), size(21), tspot(6250), torpedo_detect(54)",,,,,,,,,,,,,,,,,,,990,742.5,2650000,7950000
vanguard_sec_tower_2_vsmall,,tower_sec,New Large Sec Tower I (Wide),2873,8650000,870,,140,vanguard_tower_sec,0.95,,tower_sec,,need(BB_Vanguard;BB_Kgeorge_Super;BB_KGeorge_Big;BC_British_Super),"tower_sec(1), night(45), aim(21.5), acc(19), acc_long(6), fire_ex(28), size(19), tspot(6050), torpedo_detect(52)",,,,,,,,,,,,,,,,,,,990,742.5,2650000,7950000
vanguard_sec_tower_2_bigb,,tower_sec,New Large Sec Tower IV,2874,10350000,1230,,170,vanguard_tower_sec_b,1.1,,tower_sec,,need(BB_Vanguard;BB_Kgeorge_Super;BB_KGeorge_Big;BC_British_Super),"tower_sec(1), night(55), aim(24.5), acc(22), acc_long(12), fire_ex(35), size(24), tspot(6650), torpedo_detect(58)",,,,,,,,,,,,,,,,,,,1230,922.5,3450000,10350000
vanguard_sec_tower_2b,,tower_sec,New Large Sec Tower III,2875,9000000,1110,,160,vanguard_tower_sec_b,1.05,,tower_sec,,need(BB_Vanguard;BB_Kgeorge_Super;BB_KGeorge_Big;BC_British_Super),"tower_sec(1), night(50), aim(23.5), acc(21), acc_long(10), fire_ex(33), size(22), tspot(6450), torpedo_detect(56)",,,,,,,,,,,,,,,,,,,1110,832.5,3000000,9000000
vanguard_sec_tower_2_smallb,,tower_sec,New Large Sec Tower II,2876,7950000,990,,150,vanguard_tower_sec_b,1,,tower_sec,,need(BB_Vanguard;BB_Kgeorge_Super;BB_KGeorge_Big;BC_British_Super),"tower_sec(1), night(47), aim(22.5), acc(20), acc_long(8), fire_ex(30), size(21), tspot(6250), torpedo_detect(54)",,,,,,,,,,,,,,,,,,,990,742.5,2650000,7950000
vanguard_sec_tower_2_vsmallb,,tower_sec,New Large Sec Tower I,2877,8650000,870,,140,vanguard_tower_sec_b,0.95,,tower_sec,,need(BB_Vanguard;BB_Kgeorge_Super;BB_KGeorge_Big;BC_British_Super),"tower_sec(1), night(45), aim(21.5), acc(19), acc_long(6), fire_ex(28), size(19), tspot(6050), torpedo_detect(52)",,,,,,,,,,,,,,,,,,,990,742.5,2650000,7950000
warspite_sec_tower_2b_bigb,,tower_sec,New Modernized Sec Tower IV,2878,10350000,1230,,170,warspite_tower_sec,1.1,,tower_sec,,"need(BB_KGeorge;BC_British_Modernized;BC_British_Super;BB_Britain_Modernized;BB_British_N3), needunlock(late_BB_towers_level_4)","tower_sec(1), night(55), aim(24.5), acc(22), acc_long(12), fire_ex(35), size(24), tspot(6650), torpedo_detect(58)",,,,,,,,,,,,,,,,,,,,,,
warspite_sec_tower_2b,,tower_sec,New Modernized Sec Tower III,2879,9000000,1110,,160,warspite_tower_sec,1.05,,tower_sec,,need(BB_KGeorge;BC_British_Modernized;BB_Britain_Modernized;BB_British_N3),"tower_sec(1), night(50), aim(23.5), acc(21), acc_long(10), fire_ex(33), size(22), tspot(6450), torpedo_detect(56)",,,,,,,,,,,,,,,,,,,1110,832.5,3000000,9000000
warspite_sec_tower_2_smallb,,tower_sec,New Modernized Sec Tower II,2880,7950000,990,,150,warspite_tower_sec,1,,tower_sec,,need(BB_KGeorge;BC_British_Modernized;BB_Britain_Modernized;BB_British_N3),"tower_sec(1), night(47), aim(22.5), acc(20), acc_long(8), fire_ex(30), size(21), tspot(6250), torpedo_detect(54)",,,,,,,,,,,,,,,,,,,990,742.5,2650000,7950000
warspite_sec_tower_2_vsmallb,,tower_sec,New Modernized Sec Tower I,2881,8650000,870,,140,warspite_tower_sec,0.95,,tower_sec,,need(BB_KGeorge;BC_British_Modernized;BB_Britain_Modernized;BB_British_N3),"tower_sec(1), night(45), aim(21.5), acc(19), acc_long(6), fire_ex(28), size(19), tspot(6050), torpedo_detect(52)",,,,,,,,,,,,,,,,,,,990,742.5,2650000,7950000
g3_sec_tower_2b,,tower_sec,New Large Sec Tower III,2882,9000000,1110,,160,g3_tower_sec,1.05,,tower_sec,,need(BB_British_G3;BC_British_Super;BB_British_N3;BB_British_Nelson),"tower_sec(1), night(50), aim(23.5), acc(21), acc_long(10), fire_ex(33), size(22), tspot(6450), torpedo_detect(56)",,,,,,,,,,,,,,,,,,,1110,832.5,3000000,9000000
g3_sec_tower_2_smallb,,tower_sec,New Large Sec Tower II,2883,7950000,990,,150,g3_tower_sec,1,,tower_sec,,need(BB_British_G3;BC_British_Super;BB_British_N3;BB_British_Nelson),"tower_sec(1), night(47), aim(22.5), acc(20), acc_long(8), fire_ex(30), size(21), tspot(6250), torpedo_detect(54)",,,,,,,,,,,,,,,,,,,990,742.5,2650000,7950000
g3_sec_tower_2_vsmallb,,tower_sec,New Large Sec Tower I,2884,8650000,870,,140,g3_tower_sec,0.95,,tower_sec,,need(BB_British_G3;BC_British_Super;BB_British_N3;BB_British_Nelson),"tower_sec(1), night(45), aim(21.5), acc(19), acc_long(6), fire_ex(28), size(19), tspot(6050), torpedo_detect(52)",,,,,,,,,,,,,,,,,,,990,742.5,2650000,7950000
modern_tower_sec_alsace_5,,tower_sec,New Light Sec Tower IV,47,8500000,660,,160,alsace_tower_sec_a,1.1,,tower_sec,,"need(BB_Modern_Richelieu;BB_Modern_Richelieu_Big;BB_Alsace;BB_Modern_China_Super), funnel_mount","tower_sec(1), night(43), aim(23), acc(19), acc_long(4), fire_ex(23), smoke(-19), size(20), tspot(4300), torpedo_detect(34)",,,,,,,,,,,,,,,,,,,630,472.5,2500000,7500000
modern_tower_sec_alsace_4,,tower_sec,New Light Sec Tower III,47,7500000,630,,160,alsace_tower_sec_a,1.05,,tower_sec,,"need(BB_Modern_Richelieu;BB_Modern_Richelieu_Big;BB_Alsace;BB_Modern_China_Super), funnel_mount","tower_sec(1), night(42), aim(22), acc(18), acc_long(3), fire_ex(22), smoke(-18.5), size(19.5), tspot(4200), torpedo_detect(33)",,,,,,,,,,,,,,,,,,,630,472.5,2500000,7500000
modern_tower_sec_alsace_3,,tower_sec,New Light Sec Tower II,48,6600000,585,,150,alsace_tower_sec_a,1,,tower_sec,,"need(BB_Modern_Richelieu_Big;BB_Modern_Richelieu;BC_Modern_Richelieu;BB_Modern_Italy;BC_Modern_Russia;CA_Large_Austria;BB_Modern_Spain;BB_Modern_Austria2;CA_Large_Russia;BC_Modern_Russia2;Large_Cruiser_Italy;BB_Alsace;BB_Modern_China_Super), funnel_mount","tower_sec(1), night(40), aim(21), acc(17), acc_long(2.5), fire_ex(21), smoke(-17.5), size(19), tspot(4100), torpedo_detect(32)",,,,,,,,,,,,,,,,,,,585,438.75,2200000,6600000
modern_tower_sec_alsace_2,,tower_sec,New Light Sec Tower I,49,5400000,555,,150,alsace_tower_sec_a,0.95,,tower_sec,,"need(BB_Modern_Richelieu_Big;BB_Modern_Richelieu;BB_Modern_France_Small;BC_Modern_Richelieu;BB_Modern_Italy;BC_Modern_Russia;CA_Large_Austria;BB_Modern_Spain;BB_Modern_Austria2;CA_Large_Russia;BC_Modern_Russia2;Large_Cruiser_Italy;BB_Alsace;BB_Modern_China_Super), funnel_mount","tower_sec(1), night(40), aim(20), acc(16.5), acc_long(2), fire_ex(20), smoke(-17), size(18.5), tspot(4000), torpedo_detect(30)",,,,,,,,,,,,,,,,,,,555,416.25,1800000,5400000
modern_tower_sec_dunkerque_5,,tower_sec,New Light Sec Tower IV,47,8500000,660,,160,dunkerque_tower_sec,1.1,,tower_sec,,"need(BB_Modern_Richelieu;BB_Modern_Richelieu_Big;BB_Alsace;BB_Modern_China_Super), funnel_mount","tower_sec(1), night(43), aim(23), acc(19), acc_long(4), fire_ex(23), smoke(-19), size(20), tspot(4300), torpedo_detect(34)",,,,,,,,,,,,,,,,,,,630,472.5,2500000,7500000
modern_tower_sec_dunkerque_4,,tower_sec,New Light Sec Tower III,47,7500000,630,,160,dunkerque_tower_sec,1.05,,tower_sec,,"need(BB_Modern_Richelieu;BB_Modern_Richelieu_Big;BB_Alsace;BB_Modern_China_Super), funnel_mount","tower_sec(1), night(42), aim(22), acc(18), acc_long(3), fire_ex(22), smoke(-18.5), size(19.5), tspot(4200), torpedo_detect(33)",,,,,,,,,,,,,,,,,,,630,472.5,2500000,7500000
modern_tower_sec_dunkerque_3,,tower_sec,New Light Sec Tower II,48,6600000,585,,150,dunkerque_tower_sec,1,,tower_sec,,"need(BB_Modern_Richelieu_Big;BB_Modern_Richelieu;BC_Modern_Richelieu;BB_Modern_Italy;BC_Modern_Russia;CA_Large_Austria;BB_Modern_Spain;BB_Modern_Austria2;CA_Large_Russia;BC_Modern_Russia2;Large_Cruiser_Italy;BB_Alsace;BB_Modern_China_Super), funnel_mount","tower_sec(1), night(40), aim(21), acc(17), acc_long(2.5), fire_ex(21), smoke(-17.5), size(19), tspot(4100), torpedo_detect(32)",,,,,,,,,,,,,,,,,,,585,438.75,2200000,6600000
modern_tower_sec_dunkerque_2,,tower_sec,New Light Sec Tower I,49,5400000,555,,150,dunkerque_tower_sec,0.95,,tower_sec,,"need(BB_Modern_Richelieu_Big;BB_Modern_Richelieu;BB_Modern_France_Small;BC_Modern_Richelieu;BB_Modern_Italy;BC_Modern_Russia;CA_Large_Austria;BB_Modern_Spain;BB_Modern_Austria2;CA_Large_Russia;BC_Modern_Russia2;Large_Cruiser_Italy;BB_Alsace;BB_Modern_China_Super), funnel_mount","tower_sec(1), night(40), aim(20), acc(16.5), acc_long(2), fire_ex(20), smoke(-17), size(18.5), tspot(4000), torpedo_detect(30)",,,,,,,,,,,,,,,,,,,555,416.25,1800000,5400000
teg_austria_tower_sec_3,,tower_sec,New Large Sec Tower III,49,1590000,420,,70,teg_tower_sec_a,1.17,,tower_sec,,"need(BC_BritainSuper;BB_Super;BB;BB_Flat;BB_Flat2;BC;BC_Britain;BC_Hybrid;BC_Small;CA_Late2;BB_Italy_Old;BB_Britain_Alt;BB_French_Early;BB_French_Advanced;BB_Tegetthof), need(g1;g2;g3)","tower_sec(1), night(18), aim(11), acc(9), fire_ex(14), smoke(-9), size(13), tspot(3200), torpedo_detect(30)",,,,,,,,,,,,,,,,,,,390,292.5,535000,1605000
teg_austria_tower_sec_2,,tower_sec,New Large Sec Tower II,49,1410000,390,,65,teg_tower_sec_a,1.1,,tower_sec,,"need(BC_BritainSuper;BB_Super;BB;BB_Flat;BB_Flat2;BC;BC_Britain;BC_Hybrid;BC_Small;CA_Late2;BB_Italy_Old;BB_Britain_Alt;BB_French_Early;BB_French_Advanced;BB_Tegetthof), need(g1;g2;g3)","tower_sec(1), night(16), aim(10), acc(8), fire_ex(13), smoke(-8), size(12), tspot(3000), torpedo_detect(28)",,,,,,,,,,,,,,,,,,,486,364.5,635000,1905000
teg_austria_tower_sec_1,,tower_sec,New Large Sec Tower I,49,1260000,360,,60,teg_tower_sec_a,1.05,,tower_sec,,"need(BC_BritainSuper;BB_Super;BB;BB_Flat;BB_Flat2;BC;BC_Britain;BC_Hybrid;BC_Small;CA_Late2;BB_Italy_Old;BB_Britain_Alt;BB_French_Early;BB_French_Advanced;BB_Tegetthof), need(g1;g2;g3)","tower_sec(1), night(14), aim(9), acc(7), fire_ex(12), smoke(-7), size(11), tspot(2800), torpedo_detect(26)",,,,,,,,,,,,,,,,,,,444,333,595000,1785000
teg_austria_tower_sec_0,,tower_sec,New Large Sec Tower I,49,1110000,330,,55,teg_tower_sec_a,1,,tower_sec,,"need(BB_Tegetthof), need(g1;g2;g3)","tower_sec(1), night(12), aim(8), acc(6), fire_ex(11), smoke(-6), size(10), tspot(2600), torpedo_detect(24)",,,,,,,,,,,,,,,,,,,408,306,535000,1605000
aigle_destroyer_tower_sec_modern_1,,tower_sec,New Small Gun Tower IV,50,675000,91.8,,40,aigle_tower_sec,1.2,,tower_sec,,need(DD_Modern_Japan;DD_Modern_Generic_6;Shimakaze;DD_Modern_Generic_Small;DD_Modern_Generic;DD_Modern_Generic_3;DD_Modern_Generic_4;DD_Modern_Generic_7;DD_Modern_France;DD_Modern_Generic_Italy;DD_Modern_Generic_5;DD_Modern_Generic_USA;DD_Modern_Generic_2),"tower_sec(1), night(37), aim(15.5), acc(13), acc_long(13), fire_ex(24.5), size(14), tspot(1950), torpedo_detect(56)",,,,,,,,,,,,,,,,,,,66,49.5,130000,390000
aigle_destroyer_tower_sec_modern_2,,tower_sec,New Small Gun Tower III,50,615000,84,,38,aigle_tower_sec,1.1,,tower_sec,,need(DD_Modern_Japan;DD_Modern_Generic_6;Shimakaze;DD_Modern_Generic_Small;DD_Modern_Generic;DD_Modern_Generic_3;DD_Modern_Generic_4;DD_Modern_Generic_7;DD_Modern_France;DD_Modern_Generic_Italy;DD_Modern_Generic_5;DD_Modern_Generic_USA;DD_Modern_Generic_2),"tower_sec(1), night(35), aim(15), acc(12.5), acc_long(12.5), fire_ex(24), size(13.5), tspot(1900), torpedo_detect(54)",,,,,,,,,,,,,,,,,,,60,45,110000,330000
aigle_destroyer_tower_sec_modern_3,,tower_sec,New Small Gun Tower II,50,555000,79.8,,36,aigle_tower_sec,1,,tower_sec,,need(DD_Modern_Japan;DD_Modern_Generic_6;Shimakaze;DD_Modern_Generic_Small;DD_Modern_Generic;DD_Modern_Generic_3;DD_Modern_Generic_4;DD_Modern_Generic_7;DD_Modern_France;DD_Modern_Generic_Italy;DD_Modern_Generic_5;DD_Modern_Generic_USA;DD_Modern_Generic_2),"tower_sec(1), night(33), aim(14.5), acc(12), acc_long(12), fire_ex(23.5), size(13), tspot(1850), torpedo_detect(52)",,,,,,,,,,,,,,,,,,,54,40.5,92000,276000
aigle_destroyer_tower_sec_modern_4,,tower_sec,New Small Gun Tower I,50,495000,73.2,,34,aigle_tower_sec,0.95,,tower_sec,,need(DD_Modern_Japan;DD_Modern_Generic_6;Shimakaze;DD_Modern_Generic_Small;DD_Modern_Generic;DD_Modern_Generic_3;DD_Modern_Generic_4;DD_Modern_Generic_7;DD_Modern_France;DD_Modern_Generic_Italy;DD_Modern_Generic_5;DD_Modern_Generic_USA;DD_Modern_Generic_2),"tower_sec(1), night(31), aim(14), acc(11.5), acc_long(11.5), fire_ex(23), size(12.5), tspot(1800), torpedo_detect(50)",,,,,,,,,,,,,,,,,,,,,,
new_destroyer_tower_sec_modern_5_xbig,,tower_sec,New Small Gun Tower IV,50,675000,91.8,,40,tribal_tower_sec_b,1.1,,tower_sec,,need(DD_Modern_Japan;DD_Modern_Generic_6;Shimakaze;DD_Modern_Generic_Small;DD_Modern_Generic;DD_Modern_Generic_3;DD_Modern_Generic_4;DD_Modern_Generic_7;DD_Modern_France;DD_Modern_Generic_Italy;DD_Modern_Generic_5;DD_Modern_Generic_USA),"tower_sec(1), night(37), aim(15.5), acc(13), acc_long(13), fire_ex(24.5), size(14), tspot(1950), torpedo_detect(56)",,,,,,,,,,,,,,,,,,,66,49.5,130000,390000
new_destroyer_tower_sec_modern_5_big,,tower_sec,New Small Gun Tower III,50,615000,84,,38,tribal_tower_sec_b,1.05,,tower_sec,,need(DD_Modern_Japan;DD_Modern_Generic_6;Shimakaze;DD_Modern_Generic_Small;DD_Modern_Generic;DD_Modern_Generic_3;DD_Modern_Generic_4;DD_Modern_Generic_7;DD_Modern_France;DD_Modern_Generic_Italy;DD_Modern_Generic_5;DD_Modern_Generic_USA),"tower_sec(1), night(35), aim(15), acc(12.5), acc_long(12.5), fire_ex(24), size(13.5), tspot(1900), torpedo_detect(54)",,,,,,,,,,,,,,,,,,,60,45,110000,330000
new_destroyer_tower_sec_modern_5,,tower_sec,New Small Gun Tower II,50,555000,79.8,,36,tribal_tower_sec_a,1,,tower_sec,,need(DD_Modern_Japan;DD_Modern_Generic_6;Shimakaze;DD_Modern_Generic_Small;DD_Modern_Generic;DD_Modern_Generic_3;DD_Modern_Generic_4;DD_Modern_Generic_7;DD_Modern_France;DD_Modern_Generic_Italy;DD_Modern_Generic_5;DD_Modern_Generic_USA),"tower_sec(1), night(33), aim(14.5), acc(12), acc_long(12), fire_ex(23.5), size(13), tspot(1850), torpedo_detect(52)",,,,,,,,,,,,,,,,,,,54,40.5,92000,276000
new_destroyer_tower_sec_modern_4,,tower_sec,New Small Gun Tower I,50,495000,73.2,,34,tribal_tower_sec_a,0.95,,tower_sec,,need(DD_Modern_Japan;DD_Modern_Generic_6;Shimakaze;DD_Modern_Generic_Small;DD_Modern_Generic;DD_Modern_Generic_3;DD_Modern_Generic_4;DD_Modern_Generic_7;DD_Modern_France;DD_Modern_Generic_Italy;DD_Modern_Generic_5;DD_Modern_Generic_USA),"tower_sec(1), night(31), aim(14), acc(11.5), acc_long(11.5), fire_ex(23), size(12.5), tspot(1800), torpedo_detect(50)",,,,,,,,,,,,,,,,,,,,,,
bayern_tower_sec_german_1_large,,tower_sec,New Advanced Reardeck Tower III,50,1155000,339,,80,bayern_tower_sec,1.1,,tower_sec,,"need(BC_VonderTann_Large;BC_Derfflinger;BB_Helgoland;German_CA_Treaty_exp), needunlock(early_BB_towers_level_3)","tower_sec(1), night(18), aim(11), acc(6.5), fire_ex(14), size(13.5), tspot(3100), torpedo_detect(32.5)",,,,,,,,,,,,,,,,,,,140,105,165000,495000
bayern_tower_sec_german_b2_large,,tower_sec,New Advanced Reardeck Tower II,50,1035000,333,,75,bayern_tower_sec,1.05,,tower_sec,,need(BC_VonderTann_Large;BC_Derfflinger;BB_Helgoland;German_CA_Treaty;German_CA_Treaty_exp),"tower_sec(1), night(16), aim(10), acc(5.5), fire_ex(13), size(13), tspot(2900), torpedo_detect(30.5)",,,,,,,,,,,,,,,,,,,120,90,135000,405000
bayern_tower_sec_german_b1_large,,tower_sec,New Advanced Reardeck Tower I,50,915000,285,,72,bayern_tower_sec,1,,tower_sec,,need(BC_VonderTann_Large;BC_Derfflinger;BB_Helgoland;German_CA_Treaty;German_CA_Treaty_exp),"tower_sec(1), night(14), aim(9.5), acc(5), fire_ex(12.5), size(12.5), tspot(2700), torpedo_detect(28.5)",,,,,,,,,,,,,,,,,,,213,159.75,185000,555000
1934_destroyer_tower_sec_modern_5,,tower_sec,New Small Gun Tower I,50,495000,73.2,,34,1934_tower_sec,1.2,,tower_sec,,need(DD_Modern_Japan;DD_Modern_Generic_6;Shimakaze;DD_Modern_Generic_Small;DD_Modern_Generic;DD_Modern_Generic_3;DD_Modern_Generic_4;DD_Modern_Generic_7;DD_Modern_France;DD_Modern_Generic_Italy;DD_Modern_Generic_5;DD_Modern_Generic_USA),"tower_sec(1), night(31), aim(14), acc(11.5), acc_long(11.5), fire_ex(23), size(12.5), tspot(1800), torpedo_detect(50)",,,,,,,,,,,,,,,,,,,,,,
fargo_tower_sec_4_big,,tower_sec,New Medium Targeting Tower IV,53,7450000,750,,200,fargo_tower_sec,1.1,,tower_sec,,need(CL_Brooklyn;CL_Cleveland;CA_Cleveland),"tower_sec(1), night(38), aim(19), acc(18), acc_long(27), fire_ex(22), size(23.5), tspot(5800), torpedo_detect(52)",,,,,,,,,,,,,,,,,,,595,446.25,750000,2250000
fargo_tower_sec_4,,tower_sec,New Medium Targeting Tower III,53,6550000,660,,190,fargo_tower_sec,1.05,,tower_sec,,need(CL_Brooklyn;CL_Cleveland;CA_Cleveland),"tower_sec(1), night(35), aim(17), acc(16), acc_long(25), fire_ex(21), size(22), tspot(5500), torpedo_detect(50)",,,,,,,,,,,,,,,,,,,520,390,750000,2250000
fargo_tower_sec_4_small2,,tower_sec,New Medium Targeting Tower II,53,5250000,595,,180,fargo_tower_sec,1,,tower_sec,,need(CL_Brooklyn;CL_Cleveland;CA_Cleveland),"tower_sec(1), night(33), aim(16), acc(15), acc_long(23), fire_ex(20), size(21), tspot(5200), torpedo_detect(48)",,,,,,,,,,,,,,,,,,,400,300,750000,2250000
fargo_tower_sec_4_small1,,tower_sec,New Medium Targeting Tower I,53,4550000,520,,170,fargo_tower_sec,0.95,,tower_sec,,need(CL_Brooklyn;CL_Cleveland;CA_Cleveland),"tower_sec(1), night(33), aim(16), acc(14), acc_long(20), fire_ex(19), size(20), tspot(4900), torpedo_detect(46)",,,,,,,,,,,,,,,,,,,350,262.5,750000,2250000
bertin_tower_sec_4,,tower_sec,New Medium Targeting Tower III,53,6550000,660,,190,bertin_tower_sec,1.05,,tower_sec,,need(France_CL_Exp_Advanced),"tower_sec(1), night(35), aim(17), acc(16), acc_long(25), fire_ex(21), size(22), tspot(5500), torpedo_detect(50)",,,,,,,,,,,,,,,,,,,520,390,750000,2250000
bertin_tower_sec_4_small2,,tower_sec,New Medium Targeting Tower II,53,5250000,595,,180,bertin_tower_sec,1,,tower_sec,,need(France_CL_Exp_Advanced),"tower_sec(1), night(33), aim(16), acc(15), acc_long(23), fire_ex(20), size(21), tspot(5200), torpedo_detect(48)",,,,,,,,,,,,,,,,,,,400,300,750000,2250000
bertin_tower_sec_4_small1,,tower_sec,New Medium Targeting Tower I,53,4550000,520,,170,bertin_tower_sec,0.95,,tower_sec,,need(France_CL_Exp_Advanced),"tower_sec(1), night(33), aim(16), acc(14), acc_long(20), fire_ex(19), size(20), tspot(4900), torpedo_detect(46)",,,,,,,,,,,,,,,,,,,350,262.5,750000,2250000
battlecruiser_sec_hood_3_smaller,,tower_sec,Small Modern Sec Tower II,2970,3000000,582,,95,hood_tower_sec_b,1,,tower_sec,,"need(BC_Hood;BB_Modern_Austria;BB_Modern_Russia;BB_Semi_Japan;BB_Modern_France_Small;BB_British_Advanced;BB_Generic_Advanced;BB_British_N3;BB_British_G3;BB_Fast_Modern;BB_Modern_Germany), big_sec","tower_sec(1), night(27), aim(14.5), acc(11.5), fire_ex(19), size(16.5), tspot(4800), torpedo_detect(38)",,,,,,,,,,,,,,,,,,,582,436.5,1000000,3000000
montana_tower_sec_7_big3,,tower_sec,New Modern Sec Tower V,54,18700000,3270,,380,montana_tower_sec,1.1,,tower_sec,,"need(BB_Modern_Iowa;BB_NorthCarolina;BB_Modern_Iowa_small;BB_Modern_China), big_sec","tower_sec(1), night(54), aim(34), acc(26), acc_long(15), fire_ex(38), smoke(-22.5), size(28), tspot(5600), torpedo_detect(49)",,,,,,,,,,,,,,,,,,,3270,2452.5,5150000,15450000
montana_tower_sec_7_big2,,tower_sec,New Modern Sec Tower IV,55,17500000,3140,,370,montana_tower_sec,1.05,,tower_sec,,"need(BB_Modern_Iowa;BB_NorthCarolina;BB_Modern_Iowa_small;BB_Modern_China), big_sec","tower_sec(1), night(53), aim(33), acc(25), acc_long(14), fire_ex(37), smoke(-21.5), size(27), tspot(5400), torpedo_detect(48)",,,,,,,,,,,,,,,,,,,3140,2355,5150000,15450000
montana_tower_sec_7_big,,tower_sec,New Modern Sec Tower III,56,16250000,2950,,360,montana_tower_sec,1,,tower_sec,,"need(BB_Modern_Iowa;BB_NorthCarolina;BB_Modern_Iowa_small;BB_Modern_China), big_sec","tower_sec(1), night(52), aim(32), acc(24), acc_long(13), fire_ex(36), smoke(-20.5), size(26), tspot(5200), torpedo_detect(47)",,,,,,,,,,,,,,,,,,,2950,2212.5,5150000,15450000
montana_tower_sec_7,,tower_sec,New Modern Sec Tower II,57,15450000,2700,,350,montana_tower_sec,0.95,,tower_sec,,"need(BB_Modern_Iowa;BB_NorthCarolina;BB_Modern_Iowa_small;BB_Compact_Iowa;BB_Modern_China), big_sec","tower_sec(1), night(50), aim(30), acc(22), acc_long(12), fire_ex(35), smoke(-19.5), size(25), tspot(5000), torpedo_detect(45)",,,,,,,,,,,,,,,,,,,2700,2025,5150000,15450000
montana_tower_sec_7_small,,tower_sec,New Modern Sec Tower I,58,12750000,2200,,350,montana_tower_sec,0.9,,tower_sec,,"need(BB_Modern_Iowa;BB_NorthCarolina;BB_Modern_Iowa_small;BB_Compact_Iowa;BB_Modern_China), big_sec","tower_sec(1), night(45), aim(28), acc(21), acc_long(11), fire_ex(34), smoke(-18.5), size(24), tspot(4800), torpedo_detect(43)",,,,,,,,,,,,,,,,,,,2200,1650,4250000,12750000
battlecruiser_sec_hood_modern,,tower_sec,New Rebuild Modern Sec Tower III (Enhanced),3400,9800000,910,,160,hood_tower_sec_var,1.1,,tower_sec,,"need(BC_Hood;BB_Modern_Austria;BB_Modern_Russia;BB_Semi_Japan;BB_Modern_France_Small;BB_British_Advanced;BB_Generic_Advanced;BB_British_N3;BB_British_G3;BB_Fast_Modern;BB_Modern_Germany), big_sec, needunlock(late_BB_towers_level_4)","tower_sec(1), night(45), aim(22.5), acc(25), fire_ex(32.5), size(19), tspot(6500), torpedo_detect(55)",,,,,,,,,,,,,,,,,,,810,607.5,1600000,4800000
modern_tower_sec_scharnhorst_3,,tower_sec,New Advanced Sec Tower IV,60,12000000,1150,,215,scharn_tower_sec,1.1,,tower_sec,,need(BB_Modern_Germany;BB_Modern_Germany_small;BB_Modern_Germany_xs;BB_Fast_Modern;BC_Modern_Russia;BB_Compact_Soyuz),"tower_sec(1), night(46), aim(27.5), acc(21.5), acc_long(6), fire_ex(26.5), smoke(-21), size(25), tspot(4700), torpedo_detect(39.5)",,,,,,,,,,,,,,,,,,,1074,805.5,3500000,10500000
modern_tower_sec_scharnhorst_2_big,,tower_sec,New Advanced Sec Tower III,61,10500000,1074,,200,scharn_tower_sec,1.05,,tower_sec,,need(BB_Modern_Germany;BB_Modern_Germany_small;BB_Modern_Germany_xs;BB_Fast_Modern;BC_Modern_Russia;BB_Compact_Soyuz),"tower_sec(1), night(44), aim(26.5), acc(20.5), acc_long(5), fire_ex(25.5), smoke(-20), size(24), tspot(4600), torpedo_detect(38.5)",,,,,,,,,,,,,,,,,,,1074,805.5,3500000,10500000
modern_tower_sec_scharnhorst_2,,tower_sec,New Advanced Sec Tower II,62,9600000,960,,185,scharn_tower_sec,1,,tower_sec,,need(BB_Modern_Germany;BB_Modern_Germany_small;BB_Modern_Germany_xs;BB_Fast_Modern;BC_Modern_Russia;BB_Compact_Soyuz),"tower_sec(1), night(42), aim(26), acc(20), acc_long(4), fire_ex(25), smoke(-19.5), size(23.5), tspot(4500), torpedo_detect(37.5)",,,,,,,,,,,,,,,,,,,960,720,3200000,9600000
modern_tower_sec_scharnhorst_1,,tower_sec,New Advanced Sec Tower I,63,8100000,840,,170,scharn_tower_sec,0.95,,tower_sec,,need(BB_Modern_Germany;BB_Modern_Germany_small;BB_Modern_Germany_xs;BB_Fast_Modern;BC_Modern_Russia;BB_Compact_Soyuz),"tower_sec(1), night(40), aim(24), acc(19), acc_long(2), fire_ex(22), smoke(-18.5), size(22.5), tspot(4200), torpedo_detect(35)",,,,,,,,,,,,,,,,,,,840,630,2700000,8100000
modern_tower_sec_scharnhorst_0,,tower_sec,New Advanced Sec Tower,63,7600000,720,,155,scharn_tower_sec,0.9,,tower_sec,,need(BB_Modern_Germany;BB_Modern_Germany_small;BB_Modern_Germany_xs;BB_Fast_Modern;BC_Modern_Russia;BB_Compact_Soyuz),"tower_sec(1), night(39), aim(23), acc(18), acc_long(1), fire_ex(21), smoke(-18), size(21.5), tspot(4100), torpedo_detect(34)",,,,,,,,,,,,,,,,,,,840,630,2700000,8100000
modern_tower_sec_schill_5,,tower_sec,New Light Sec Tower II (Big Barbette),63,6600000,585,,160,schill_tower_sec_b,0.85,,tower_sec,,"need(CA_Heavy_Japan;CA_Heavy_Japan2;CA_German_Pocket_Big), funnel_mount","tower_sec(1), night(42), aim(22), acc(18), acc_long(3), fire_ex(22), smoke(-18.5), size(19.5), tspot(4200), torpedo_detect(33)",,,,,,,,,,,,,,,,,,,720,540,3000000,9000000
modern_tower_sec_schill_4,,tower_sec,New Light Sec Tower II (Small Barbette),63,6600000,585,,160,schill_tower_sec_a,0.85,,tower_sec,,"need(CA_Heavy_Japan;CA_Heavy_Japan2;CA_German_Pocket_Big), funnel_mount","tower_sec(1), night(42), aim(22), acc(18), acc_long(3), fire_ex(22), smoke(-18.5), size(19.5), tspot(4200), torpedo_detect(33)",,,,,,,,,,,,,,,,,,,630,472.5,2500000,7500000
modern_tower_sec_schill_3,,tower_sec,New Light Sec Tower I (Big Barbette),63,5400000,555,,150,schill_tower_sec_b,0.8,,tower_sec,,"need(CA_Heavy_Japan;CA_Heavy_Japan2;CA_German_Pocket_Big), funnel_mount","tower_sec(1), night(40), aim(21), acc(17), acc_long(2.5), fire_ex(21), smoke(-17.5), size(19), tspot(4100), torpedo_detect(32)",,,,,,,,,,,,,,,,,,,585,438.75,2200000,6600000
modern_tower_sec_schill_2,,tower_sec,New Light Sec Tower I (Small Barbette),63,5400000,555,,150,schill_tower_sec_a,0.8,,tower_sec,,"need(CA_Heavy_Japan;CA_Heavy_Japan2;CA_German_Pocket_Big), funnel_mount","tower_sec(1), night(40), aim(21), acc(17), acc_long(2.5), fire_ex(21), smoke(-17.5), size(19), tspot(4100), torpedo_detect(32)",,,,,,,,,,,,,,,,,,,555,416.25,1800000,5400000
battlecruiser_sec_renown_4,,tower_sec,New Modern Sec Tower IV,63,4800000,810,,120,renown_tower_sec,1.1,,tower_sec,,"need(BC_Hood;BB_Modern_Austria;BB_Modern_Russia;BB_Semi_Japan;BB_Modern_France_Small;BB_British_Advanced;BB_Generic_Advanced;BB_British_N3;BB_British_G3;BB_Fast_Modern;BB_Modern_Germany), big_sec, needunlock(late_BB_towers_level_4)","tower_sec(1), night(35), aim(17.5), acc(15), fire_ex(22.5), size(17.5), tspot(5500), torpedo_detect(45)",,,,,,,,,,,,,,,,,,,810,607.5,1600000,4800000
battlecruiser_sec_renown_4_small,,tower_sec,New Modern Sec Tower III,63,4200000,762,,110,renown_tower_sec,1.05,,tower_sec,,"need(BC_Hood;BB_Modern_Austria;BB_Modern_Russia;BB_Semi_Japan;BB_Modern_France_Small;BB_British_Advanced;BB_Generic_Advanced;BB_British_N3;BB_British_G3;BB_Fast_Modern;BB_Modern_Germany), big_sec, needunlock(late_BB_towers_level_4)","tower_sec(1), night(33), aim(16.5), acc(14), fire_ex(21.5), size(17.2), tspot(5300), torpedo_detect(44)",,,,,,,,,,,,,,,,,,,762,571.5,1400000,4200000
battlecruiser_sec_renown_3,,tower_sec,New Modern Sec Tower II,63,3300000,630,,100,renown_tower_sec,1,,tower_sec,,"need(BC_Hood;BB_Modern_Austria;BB_Modern_Russia;BB_Semi_Japan;BB_Modern_France_Small;BB_British_Advanced;BB_Generic_Advanced;BB_British_N3;BB_British_G3;BB_Fast_Modern;BB_Modern_Germany), big_sec, needunlock(late_BB_towers_level_4)","tower_sec(1), night(30), aim(15), acc(12), fire_ex(20), size(17), tspot(5000), torpedo_detect(40)",,,,,,,,,,,,,,,,,,,630,472.5,1100000,3300000
battlecruiser_sec_renown_3_small,,tower_sec,New Modern Sec Tower I,63,3000000,582,,95,renown_tower_sec,0.95,,tower_sec,,"need(BC_Hood;BB_Modern_Austria;BB_Modern_Russia;BB_Semi_Japan;BB_Modern_France_Small;BB_British_Advanced;BB_Generic_Advanced;BB_British_N3;BB_British_G3;BB_Fast_Modern;BB_Modern_Germany), big_sec, needunlock(late_BB_towers_level_3)","tower_sec(1), night(27), aim(14.5), acc(11.5), fire_ex(19), size(16.5), tspot(4800), torpedo_detect(38)",,,,,,,,,,,,,,,,,,,582,436.5,1000000,3000000
california_sec_tower_8,,tower_sec,New Enhanced Sec Tower III,63,3460000,1215,,94,cali_tower_sec_b,1.1,,tower_sec,,need(BB_USA_NewYork_modernized;BB_USA_NewYork_modernized_wide;BB_USA_Arizona_Big),"tower_sec(1), night(35), aim(31), acc_long(35), acc(26), fire_ex(22), smoke(-28), size(22), tspot(6450), torpedo_detect(56)",,,,,,,,,,,,,,,,,,,1215,911.25,655000,1965000
california_sec_tower_9,,tower_sec,New Enhanced Sec Tower II,63,2960000,935,,84,cali_tower_sec_b,1.05,,tower_sec,,need(BB_USA_NewYork_modernized;BB_USA_NewYork_modernized_wide;BB_USA_Arizona_Big),"tower_sec(1), night(29.5), aim(27.5), acc_long(30), acc(23), fire_ex(20), smoke(-26), size(19), tspot(5750), torpedo_detect(50)",,,,,,,,,,,,,,,,,,,935,701.25,655000,1965000
california_sec_tower_10,,tower_sec,New Enhanced Sec Tower I,63,2265000,795,,84,cali_tower_sec_b,1,,tower_sec,,need(BB_USA_NewYork_modernized;BB_USA_NewYork_modernized_wide;BB_USA_Arizona;BB_USA_Arizona_Big),"tower_sec(1), night(23.5), aim(23.5), acc_long(26), acc(19), fire_ex(18), smoke(-23), size(16), tspot(4750), torpedo_detect(44)",,,,,,,,,,,,,,,,,,,795,596.25,655000,1965000
california_sec_tower_11,,tower_sec,New Enhanced Sec Tower III,63,3460000,1215,,94,cali_tower_sec,1.1,,tower_sec,,need(BB_USA_NewYork_modernized;BB_USA_NewYork_modernized_wide;BB_USA_Arizona_Big),"tower_sec(1), night(35), aim(31), acc_long(35), acc(26), fire_ex(22), smoke(-28), size(22), tspot(6450), torpedo_detect(56)",,,,,,,,,,,,,,,,,,,1215,911.25,655000,1965000
california_sec_tower_12,,tower_sec,New Enhanced Sec Tower II,63,2960000,935,,84,cali_tower_sec,1.05,,tower_sec,,need(BB_USA_NewYork_modernized;BB_USA_NewYork_modernized_wide;BB_USA_Arizona_Big),"tower_sec(1), night(29.5), aim(27.5), acc_long(30), acc(23), fire_ex(20), smoke(-26), size(19), tspot(5750), torpedo_detect(50)",,,,,,,,,,,,,,,,,,,935,701.25,655000,1965000
california_sec_tower_13,,tower_sec,New Enhanced Sec Tower I,63,2265000,795,,84,cali_tower_sec,1,,tower_sec,,need(BB_USA_NewYork_modernized;BB_USA_NewYork_modernized_wide;BB_USA_Arizona;BB_USA_Arizona_Big),"tower_sec(1), night(23.5), aim(23.5), acc_long(26), acc(19), fire_ex(18), smoke(-23), size(16), tspot(4750), torpedo_detect(44)",,,,,,,,,,,,,,,,,,,795,596.25,655000,1965000
qm_tower_sec_big_3,,tower_sec,New Rear Tower V,63,2550000,570,,100,queen_mary_tower_sec,1.25,,tower_sec,,"need(BB_Super_Britain;BB_Super;BB;BC;BC_Britain;BC_BritainSuper;BC_Hybrid;BC_Britain_Medium;BC_Britain_Var;BB_Britain_Alt;BB_Britain_Alt2;BB_French_Advanced), need(g2;g3)","tower_sec(1), night(23), aim(13.5), acc(10), fire_ex(16.5), size(15.5), tspot(4700), torpedo_detect(37)",,,,,,,,,,,,,,,,,,,570,427.5,850000,2550000
qm_tower_sec_big_2,,tower_sec,New Rear Tower IV,63,2250000,510,,90,queen_mary_tower_sec,1.2,,tower_sec,,"need(BB_Super_Britain;BB_Super;BB;BC;BC_Britain;BC_BritainSuper;BC_Hybrid;BC_Britain_Medium;BC_Britain_Var;BB_Britain_Alt;BB_Britain_Alt2;BB_French_Advanced), need(g2;g3)","tower_sec(1), night(20), aim(12.5), acc(9), fire_ex(15), size(14.5), tspot(4500), torpedo_detect(35)",,,,,,,,,,,,,,,,,,,510,382.5,750000,2250000
qm_tower_sec_big_2_small,,tower_sec,New Rear Tower III,63,1950000,450,,75,queen_mary_tower_sec,1.15,,tower_sec,,"need(BB_Super_Britain;BB_Super;BB;BC;BC_Britain;BC_BritainSuper;BC_Hybrid;BC_Britain_Medium;BC_Britain_Var;BB_Britain_Alt;BB_Britain_Alt2;BB_French_Advanced), need(g2;g3)","tower_sec(1), night(17), aim(11), acc(8.5), fire_ex(14.5), size(13.5), tspot(4200), torpedo_detect(32)",,,,,,,,,,,,,,,,,,,450,337.5,650000,1950000
qm_tower_sec_big_1,,tower_sec,New Rear Tower II (Enhanced),63,1770000,414,,65,queen_mary_tower_sec,1.1,,tower_sec,,"need(BB_Super_Britain;BB_Super;BB;BC;BC_Britain;BC_BritainSuper;BC_Hybrid;BC_Britain_Medium;BC_Britain_Var;BB_Britain_Alt;BB_Britain_Alt2;BB_French_Advanced), need(g2;g3)","tower_sec(1), night(15), aim(10), acc(8), fire_ex(14), size(12.5), tspot(3600), torpedo_detect(29.5)",,,,,,,,,,,,,,,,,,,414,310.5,590000,1770000
qm_tower_sec_big_1_small,,tower_sec,New Rear Tower II,63,1635000,394.2,,62,queen_mary_tower_sec,1.05,,tower_sec,,"need(BB_Super_Britain;BB_Super;BB;BC;BC_Britain;BC_BritainSuper;BC_Hybrid;BC_Britain_Medium;BC_Britain_Var;BB_Britain_Alt;BB_Britain_Alt2;BB_French_Advanced), need(g2;g3)","tower_sec(1), night(13.5), aim(9), acc(7.5), fire_ex(13), size(12), tspot(3450), torpedo_detect(28.5)",,,,,,,,,,,,,,,,,,,394.2,295.65,545000,1635000
qm_tower_sec_big_1_var_large,,tower_sec,New Rear Tower I (Enhanced),63,1500000,372,,60,queen_mary_tower_sec,1,,tower_sec,,"need(BB_Super_Britain;BB_Super;BB;BC;BC_Britain;BC_BritainSuper;BC_Hybrid;BC_Britain_Medium;BC_Britain_Var;BB_Britain_Alt;BB_Britain_Alt2;BB_French_Advanced), need(g2;g3)","tower_sec(1), night(12.5), aim(8), acc(7), fire_ex(12), size(11.5), tspot(3200), torpedo_detect(26.5)",,,,,,,,,,,,,,,,,,,372,279,500000,1500000
qm_tower_sec_big_1_var,,tower_sec,New Rear Tower I,63,1200000,351,,55,queen_mary_tower_sec,0.95,,tower_sec,,"need(BB_Super_Britain;BB_Super;BB;BC;BC_Britain;BC_BritainSuper;BC_Hybrid;BC_Britain_Medium;BC_Britain_Var;BB_Britain_Alt;BB_Britain_Alt2;BB_French_Advanced), need(g2;g3)","tower_sec(1), night(10.5), aim(6), acc(5.5), fire_ex(11), size(10.5), tspot(2950), torpedo_detect(24.5)",,,,,,,,,,,,,,,,,,,351,263.25,400000,1200000
tiger_tower_sec_big_3,,tower_sec,New Rear Tower VI,63,2550000,570,,100,tiger_tower_sec,1.2,,tower_sec,,"need(BB_Super_Britain;BB_Super;BB;BC;BC_Britain;BC_BritainSuper;BC_Hybrid;BC_Britain_Medium;BC_Britain_Var;BB_Britain_Alt;BB_Britain_Alt2;BB_French_Advanced), need(g2;g3)","tower_sec(1), night(23), aim(13.5), acc(10), fire_ex(16.5), size(15.5), tspot(4700), torpedo_detect(37)",,,,,,,,,,,,,,,,,,,570,427.5,850000,2550000
tiger_tower_sec_big_2,,tower_sec,New Rear Tower V,63,2250000,510,,90,tiger_tower_sec,1.15,,tower_sec,,"need(BB_Super_Britain;BB_Super;BB;BC;BC_Britain;BC_BritainSuper;BC_Hybrid;BC_Britain_Medium;BC_Britain_Var;BB_Britain_Alt;BB_Britain_Alt2;BB_French_Advanced), need(g2;g3)","tower_sec(1), night(20), aim(12.5), acc(9), fire_ex(15), size(14.5), tspot(4500), torpedo_detect(35)",,,,,,,,,,,,,,,,,,,510,382.5,750000,2250000
tiger_tower_sec_big_2_small,,tower_sec,New Rear Tower IV,63,1950000,450,,75,tiger_tower_sec,1.1,,tower_sec,,"need(BB_Super_Britain;BB_Super;BB;BC;BC_Britain;BC_BritainSuper;BC_Hybrid;BC_Britain_Medium;BC_Britain_Var;BB_Britain_Alt;BB_Britain_Alt2;BB_French_Advanced), need(g2;g3)","tower_sec(1), night(17), aim(11), acc(8.5), fire_ex(14.5), size(13.5), tspot(4200), torpedo_detect(32)",,,,,,,,,,,,,,,,,,,450,337.5,650000,1950000
tiger_tower_sec_big_1,,tower_sec,New Rear Tower III,63,1770000,414,,65,tiger_tower_sec,1.05,,tower_sec,,"need(BB_Super_Britain;BB_Super;BB;BC;BC_Britain;BC_BritainSuper;BC_Hybrid;BC_Britain_Medium;BC_Britain_Var;BB_Britain_Alt;BB_Britain_Alt2;BB_French_Advanced), need(g2;g3)","tower_sec(1), night(15), aim(10), acc(8), fire_ex(14), size(12.5), tspot(3600), torpedo_detect(29.5)",,,,,,,,,,,,,,,,,,,414,310.5,590000,1770000
tiger_tower_sec_big_1_small,,tower_sec,New Rear Tower II,63,1635000,394.2,,62,tiger_tower_sec,1,,tower_sec,,"need(BB_Super_Britain;BB_Super;BB;BC;BC_Britain;BC_BritainSuper;BC_Hybrid;BC_Britain_Medium;BC_Britain_Var;BB_Britain_Alt;BB_Britain_Alt2;BB_French_Advanced), need(g2;g3)","tower_sec(1), night(13.5), aim(9), acc(7.5), fire_ex(13), size(12), tspot(3450), torpedo_detect(28.5)",,,,,,,,,,,,,,,,,,,394.2,295.65,545000,1635000
tiger_tower_sec_big_1_var_large,,tower_sec,New Rear Tower I,63,1500000,372,,60,tiger_tower_sec,0.95,,tower_sec,,"need(BB_Super_Britain;BB_Super;BB;BC;BC_Britain;BC_BritainSuper;BC_Hybrid;BC_Britain_Medium;BC_Britain_Var;BB_Britain_Alt;BB_Britain_Alt2;BB_French_Advanced), need(g2;g3)","tower_sec(1), night(12.5), aim(8), acc(7), fire_ex(12), size(11.5), tspot(3200), torpedo_detect(26.5)",,,,,,,,,,,,,,,,,,,372,279,500000,1500000
tiger_tower_sec_big_1_var,,tower_sec,New Rear Tower,63,1200000,351,,55,tiger_tower_sec,0.9,,tower_sec,,"need(BB_Super_Britain;BB_Super;BB;BC;BC_Britain;BC_BritainSuper;BC_Hybrid;BC_Britain_Medium;BC_Britain_Var;BB_Britain_Alt;BB_Britain_Alt2;BB_French_Advanced), need(g2;g3)","tower_sec(1), night(10.5), aim(6), acc(5.5), fire_ex(11), size(10.5), tspot(2950), torpedo_detect(24.5)",,,,,,,,,,,,,,,,,,,351,263.25,400000,1200000
modern_tower_sec_pensa_2,,tower_sec,New Minor Sec Tower III,63,2250000,420,,115,pensacola_tower_sec_a,1.1,,tower_sec,,"need(BB_Littorio_Super, BB_Littorio;BB_Modern_Italy2;BB_Modern_Italy;BB_Modern_China;BB_Izumo;CA_Russian_Petro;Pensacola;BB_Compact_Littorio), needunlock(latecruisertowers_level_3;)","tower_sec(1), night(27.5), aim(12), acc(9.5), acc_long(3), fire_ex(10.5), smoke(-13.5), size(11), tspot(3300), torpedo_detect(22)",,,,,,,,,,,,,,,,,,,420,315,750000,2250000
modern_tower_sec_pensa_1_big,,tower_sec,New Minor Sec Tower II,63,2160000,396,,110,pensacola_tower_sec_a,1.05,,tower_sec,,need(BB_Littorio;BC_Littorio;BB_Modern_Italy2;BB_Modern_Italy;BB_Modern_China;BB_Izumo;CA_Italy_LowFreeboard;CA_Russian_Petro;CL_Scout_Mogami;Pensacola;BB_Compact_Littorio),"tower_sec(1), night(26.5), aim(11.5), acc(9), acc_long(2.5), fire_ex(10), smoke(-12.5), size(10.5), tspot(3200), torpedo_detect(20)",,,,,,,,,,,,,,,,,,,396,297,720000,2160000
modern_tower_sec_pensa_1,,tower_sec,New Minor Sec Tower I,63,2040000,360,,105,pensacola_tower_sec_a,1,,tower_sec,,need(BB_Littorio;BC_Littorio;BB_Modern_Italy2;BB_Modern_Italy;BB_Modern_China;BB_Izumo;CA_Italy_LowFreeboard;CA_Russian_Petro;CL_Scout_Mogami;Pensacola;BB_Compact_Littorio),"tower_sec(1), night(25), aim(11), acc(8.5), acc_long(2), fire_ex(9.5), smoke(-11.5), size(10), tspot(3100), torpedo_detect(18)",,,,,,,,,,,,,,,,,,,360,270,680000,2040000
battlecruiser_tower_sec_small_pensa,,tower_sec,New Rear Tower VII,63,1950000,330,,50,pensacola_tower_sec_a,0.95,,tower_sec,,"need(BB_Semi_Japan;Small_Deck;BB_Russia_Rebuilt;BB_British_Advanced;Pensacola), needunlock(late_BB_towers_level_3)","tower_sec(1), night(27), aim(7), acc(6.5), fire_ex(13), size(8), tspot(3000), torpedo_detect(25)",,,,,,,,,,,,,,,,,,,330,247.5,650000,1950000
omaha_tower_sec_4,,tower_sec,New Minor Sec Tower IV,63,2250000,420,,115,omaha_tower_sec_a,0.65,,tower_sec,,need(Omaha;Omaha_Base),"tower_sec(1), night(27.5), aim(12), acc(9.5), acc_long(3), fire_ex(10.5), smoke(-13.5), size(11), tspot(3300), torpedo_detect(22)",,,,,,,,,,,,,,,,,,,420,315,750000,2250000
omaha_tower_sec_3,,tower_sec,New Minor Sec Tower III,63,2160000,396,,110,omaha_tower_sec_a,0.6,,tower_sec,,need(Omaha;Omaha_Base),"tower_sec(1), night(26.5), aim(11.5), acc(9), acc_long(2.5), fire_ex(10), smoke(-12.5), size(10.5), tspot(3200), torpedo_detect(20)",,,,,,,,,,,,,,,,,,,396,297,720000,2160000
omaha_tower_sec_2,,tower_sec,New Minor Sec Tower II,63,2040000,360,,105,omaha_tower_sec_a,0.55,,tower_sec,,need(Omaha;Omaha_Base),"tower_sec(1), night(25), aim(11), acc(8.5), acc_long(2), fire_ex(9.5), smoke(-11.5), size(10), tspot(3100), torpedo_detect(18)",,,,,,,,,,,,,,,,,,,360,270,680000,2040000
omaha_tower_sec_1,,tower_sec,New Minor Sec Tower I,63,1950000,330,,50,omaha_tower_sec_a,0.5,,tower_sec,,need(Omaha;Omaha_Base),"tower_sec(1), night(27), aim(7), acc(6.5), fire_ex(13), size(8), tspot(3000), torpedo_detect(25)",,,,,,,,,,,,,,,,,,,330,247.5,650000,1950000
##,,alt gun high,,,,,,,,,,,,,,,,,,,,,,,,,,,,,,,,,,-1,
gun_9_x2_alt,,gun,Centerline Gun,,-1,-1,,75,(custom),,Centerline Guns,"free, center, barbette",,"center, main_center, main_ca, small_center, supergun_ca",size(2.7),229,9,2,,,,,,,,,,,,,,,,,,-1,
gun_9_x3_alt,,gun,Centerline Gun,,-1,-1,,90,(custom),,Centerline Guns,"free, center, barbette",,"center, main_center, main_ca, small_center, supergun_ca",size(3),229,9,3,,,,,,,,,,,,,,,,,,-1,
gun_10_x2_alt,,gun,Centerline Gun,,-1,-1,,80,(custom),,Centerline Guns,"free, center, barbette",,"center, main_center, main_bc_small, small_center, main_ca, supergun_ca",size(3.7),254,10,2,,,,,,,,,,,,,,,,,,-1,
gun_10_x3_alt,,gun,Centerline Gun,,-1,-1,,95,(custom),,Centerline Guns,"free, center, barbette",,"center, main_center, main_bc_small, main_spee, main_ca, supergun_ca",size(4),254,10,3,,,,,,,,,,,,,,,,,,-1,
gun_11_x2_alt,,gun,Centerline Gun,,-1,-1,,85,(custom),,Centerline Guns,"free, center, barbette",,"center, main_center, main_bc_small, small_center, main_g3, supergun_ca",size(4.7),279,11,2,,,,,,,,,,,,,,,,,,-1,
gun_11_x3_alt,,gun,Centerline Gun,,-1,-1,,100,(custom),,Centerline Guns,"free, center, barbette",,"center, main_center, main_bc_small, main_spee, main_g3, supergun_ca",size(5),279,11,3,,,,,,,,,,,,,,,,,,-1,
gun_12_x2_alt,,gun,Centerline Gun,,-1,-1,,90,(custom),,Centerline Guns,"free, center, barbette",,"center, main_center, main_bc, main_bc_small, small_center, main_g3",size(6.2),305,12,2,,,,,,,,,,,,,,,,,,-1,
gun_12_x3_alt,,gun,Centerline Gun,,-1,-1,,105,(custom),,Centerline Guns,"free, center, barbette",,"center, main_center, main_bc, main_bc_small, main_g3, main_spee",size(6.5),305,12,3,,,,,,,,,,,,,,,,,,-1,
gun_13_x2_alt,,gun,Centerline Gun,,-1,-1,,95,(custom),,Centerline Guns,"free, center, barbette",,"center, main_center, main_bc, main_bc_small, main_g3",size(7.7),330,13,2,,,,,,,,,,,,,,,,,,-1,
gun_13_x3_alt,,gun,Centerline Gun,,-1,-1,,110,(custom),,Centerline Guns,"free, center, barbette",,"center, main_center, main_bc, main_bc_small, main_g3",size(8),330,13,3,,,,,,,,,,,,,,,,,,-1,
gun_14_x2_alt,,gun,Centerline Gun,,-1,-1,,100,(custom),,Centerline Guns,"free, center, barbette",,"center, main_center, main_bc, main_bc_small, main_g3, main_bismarck",size(9.2),356,14,2,,,,,,,,,,,,,,,,,,-1,
gun_14_x3_alt,,gun,Centerline Gun,,-1,-1,,115,(custom),,Centerline Guns,"free, center, barbette",,"center, main_center, main_bc, main_bc_small, main_g3, main_bismarck",size(9.5),356,14,3,,,,,,,,,,,,,,,,,,-1,
gun_15_x2_alt,,gun,Centerline Gun,,-1,-1,,105,(custom),,Centerline Guns,"free, center, barbette",,"center, main_center_big, main_center, main_bc, main_g3, main_bismarck, no_quad",size(11.5),381,15,2,,,,,,,,,,,,,,,,,,-1,
gun_15_x3_alt,,gun,Centerline Gun,,-1,-1,,120,(custom),,Centerline Guns,"free, center, barbette",,"center, main_center_big, main_center, main_bc, main_g3, main_bismarck, no_quad",size(12),381,15,3,,,,,,,,,,,,,,,,,,-1,
gun_16_x2_alt,,gun,Centerline Gun,,-1,-1,,110,(custom),,Centerline Guns,"free, center, barbette",,"center, main_center, main_center_big, main_bismarck, no_quad",size(14.5),406,16,2,,,,,,,,,,,,,,,,,,-1,
gun_16_x3_alt,,gun,Centerline Gun,,-1,-1,,130,(custom),,Centerline Guns,"free, center, barbette",,"center, main_center, main_center_big, main_bismarck, no_quad",size(15),406,16,3,,,,,,,,,,,,,,,,,,-1,
gun_17_x2_alt,,gun,Centerline Gun,,-1,-1,,115,(custom),,Centerline Guns,"free, center, barbette",,"center, main_center, main_center_big, no_quad",size(16.5),432,17,2,,,,,,,,,,,,,,,,,,-1,
gun_17_x3_alt,,gun,Centerline Gun,,-1,-1,,140,(custom),,Centerline Guns,"free, center, barbette",,"center, main_center, main_center_big, no_quad",size(17),432,17,3,,,,,,,,,,,,,,,,,,-1,
gun_18_x2_alt,,gun,Centerline Gun,,-1,-1,,125,(custom),,Centerline Guns,"free, center, barbette",,"center, main_center, main_center_big, no_quad",size(18.5),457,18,2,,,,,,,,,,,,,,,,,,-1,
gun_18_x3_alt,,gun,Centerline Gun,,-1,-1,,150,(custom),,Centerline Guns,"free, center, barbette",,"center, main_center, main_center_big, no_quad",size(19),457,18,3,,,,,,,,,,,,,,,,,,-1,
gun_19_x2_alt,,gun,Centerline Gun,,-1,-1,,145,(custom),,Centerline Guns,"free, center, barbette",,"center, main_center, main_center_big, no_quad",size(20.5),483,19,2,,,,,,,,,,,,,,,,,,-1,
gun_19_x3_alt,,gun,Centerline Gun,,-1,-1,,170,(custom),,Centerline Guns,"free, center, barbette",,"center, main_center, main_center_big, no_quad",size(21),483,19,3,,,,,,,,,,,,,,,,,,-1,
gun_20_x2_alt,,gun,Centerline Gun,,-1,-1,,165,(custom),,Centerline Guns,"free, center, barbette",,"center, main_center, main_center_big, no_quad",size(22.5),508,20,2,,,,,,,,,,,,,,,,,,-1,
gun_20_x3_alt,,gun,Centerline Gun,,-1,-1,,190,(custom),,Centerline Guns,"free, center, barbette",,"center, main_center, main_center_big, no_quad",size(23),508,20,3,,,,,,,,,,,,,,,,,,-1,
gun_9_x2_alt_side,,gun,Side Gun,,-1,-1,,75,(custom),,Side Guns,"free, side, barbette",,"side, main_side, main_agamemnon, small_side",size(2.7),229,9,2,,,,,,,,,,,,,,,,,,-1,
gun_9_x3_alt_side,,gun,Side Gun,,-1,-1,,90,(custom),,Side Guns,"free, side, barbette",,"side, main_side, main_agamemnon, small_side",size(3),229,9,3,,,,,,,,,,,,,,,,,,-1,
gun_10_x2_alt_side,,gun,Side Gun,,-1,-1,,80,(custom),,Side Guns,"free, side, barbette",,"side, main_side, main_agamemnon, small_side",size(3.7),254,10,2,,,,,,,,,,,,,,,,,,-1,
gun_10_x3_alt_side,,gun,Side Gun,,-1,-1,,95,(custom),,Side Guns,"free, side, barbette",,"side, main_side, main_agamemnon, small_side",size(4),254,10,3,,,,,,,,,,,,,,,,,,-1,
gun_11_x2_alt_side,,gun,Side Gun,,-1,-1,,85,(custom),,Side Guns,"free, side, barbette",,"side, main_side, main_agamemnon, small_side",size(4.7),279,11,2,,,,,,,,,,,,,,,,,,-1,
gun_11_x3_alt_side,,gun,Side Gun,,-1,-1,,100,(custom),,Side Guns,"free, side, barbette",,"side, main_side, main_agamemnon, small_side",size(5),279,11,3,,,,,,,,,,,,,,,,,,-1,
gun_12_x2_alt_side,,gun,Side Gun,,-1,-1,,90,(custom),,Side Guns,"free, side, barbette",,"side, main_side, small_side",size(6.2),305,12,2,,,,,,,,,,,,,,,,,,-1,
gun_12_x3_alt_side,,gun,Side Gun,,-1,-1,,105,(custom),,Side Guns,"free, side, barbette",,"side, main_side, small_side",size(6.5),305,12,3,,,,,,,,,,,,,,,,,,-1,
gun_13_x2_alt_side,,gun,Side Gun,,-1,-1,,95,(custom),,Side Guns,"free, side, barbette",,"side, main_side, small_side",size(7.7),330,13,2,,,,,,,,,,,,,,,,,,-1,
gun_13_x3_alt_side,,gun,Side Gun,,-1,-1,,110,(custom),,Side Guns,"free, side, barbette",,"side, main_side, small_side",size(8),330,13,3,,,,,,,,,,,,,,,,,,-1,
gun_14_x2_alt_side,,gun,Side Gun,,-1,-1,,100,(custom),,Side Guns,"free, side, barbette",,"side, main_side, small_side",size(9.2),356,14,2,,,,,,,,,,,,,,,,,,-1,
gun_14_x3_alt_side,,gun,Side Gun,,-1,-1,,115,(custom),,Side Guns,"free, side, barbette",,"side, main_side, small_side",size(9.5),356,14,3,,,,,,,,,,,,,,,,,,-1,
gun_15_x2_alt_side,,gun,Side Gun,,-1,-1,,105,(custom),,Side Guns,"free, side, barbette",,"side, main_side",size(11.5),381,15,2,,,,,,,,,,,,,,,,,,-1,
gun_15_x3_alt_side,,gun,Side Gun,,-1,-1,,120,(custom),,Side Guns,"free, side, barbette",,"side, main_side",size(12),381,15,3,,,,,,,,,,,,,,,,,,-1,
gun_16_x2_alt_side,,gun,Side Gun,,-1,-1,,110,(custom),,Side Guns,"free, side, barbette",,"side, main_side",size(14.5),406,16,2,,,,,,,,,,,,,,,,,,-1,
gun_16_x3_alt_side,,gun,Side Gun,,-1,-1,,130,(custom),,Side Guns,"free, side, barbette",,"side, main_side",size(15),406,16,3,,,,,,,,,,,,,,,,,,-1,
gun_17_x2_alt_side,,gun,Side Gun,,-1,-1,,115,(custom),,Side Guns,"free, side, barbette",,"side, main_side",size(16.5),432,17,2,,,,,,,,,,,,,,,,,,-1,
gun_17_x3_alt_side,,gun,Side Gun,,-1,-1,,140,(custom),,Side Guns,"free, side, barbette",,"side, main_side",size(17),432,17,3,,,,,,,,,,,,,,,,,,-1,
gun_18_x2_alt_side,,gun,Side Gun,,-1,-1,,125,(custom),,Side Guns,"free, side, barbette",,"side, main_side",size(18.5),457,18,2,,,,,,,,,,,,,,,,,,-1,
gun_18_x3_alt_side,,gun,Side Gun,,-1,-1,,150,(custom),,Side Guns,"free, side, barbette",,"side, main_side",size(19),457,18,3,,,,,,,,,,,,,,,,,,-1,
gun_19_x2_alt_side,,gun,Side Gun,,-1,-1,,135,(custom),,Side Guns,"free, side, barbette",,"side, main_side",size(20.5),483,19,2,,,,,,,,,,,,,,,,,,-1,
gun_19_x3_alt_side,,gun,Side Gun,,-1,-1,,160,(custom),,Side Guns,"free, side, barbette",,"side, main_side",size(21),483,19,3,,,,,,,,,,,,,,,,,,-1,
gun_20_x2_alt_side,,gun,Side Gun,,-1,-1,,165,(custom),,Side Guns,"free, side, barbette",,"side, main_side",size(22.5),508,20,2,,,,,,,,,,,,,,,,,,-1,
gun_20_x3_alt_side,,gun,Side Gun,,-1,-1,,190,(custom),,Side Guns,"free, side, barbette",,"side, main_side",size(23),508,20,3,,,,,,,,,,,,,,,,,,-1,
##,,alt gun low,,,,,,,,,,,,,,,,,,,,,,,,,,,,,,,,,,,
gun_2_x1_alt,,gun,Gun,,-1,-1,,3,(custom),,,"free, center, side, barbette",,"dd_side, single_tertiary",size(0.1),51,2,1,,,,,,,,,,,,,,,,,,-1,
gun_2_x2_alt,,gun,Gun,,-1,-1,,5,(custom),,,"free, center, side, barbette",,"dd_side, dual_tertiary",size(0.12),51,2,2,,,,,,,,,,,,,,,,,,-1,
gun_2_x3_alt,,gun,Gun,,-1,-1,,7,(custom),,,"free, center, side, barbette",,dd_side,size(0.14),51,2,3,,,,,,,,,,,,,,,,,,-1,
gun_2_x4_alt,,gun,Gun,,-1,-1,,9,(custom),,,"free, center, side, barbette",,quad,size(0.16),51,2,4,,,,,,,,,,,,,,,,,,,
gun_3_x1_alt,,gun,Gun,,-1,-1,,4,(custom),,,"free, center, side, barbette",,single_tertiary,size(0.2),76,3,1,,,,,,,,,,,,,,,,,,-1,
gun_3_x2_alt,,gun,Gun,,-1,-1,,6,(custom),,,"free, center, side, barbette",,dual_tertiary,size(0.22),76,3,2,,,,,,,,,,,,,,,,,,-1,
gun_3_x3_alt,,gun,Gun,,-1,-1,,8,(custom),,,"free, center, side, barbette",,,size(0.24),76,3,3,,,,,,,,,,,,,,,,,,-1,
gun_3_x4_alt,,gun,Gun,,-1,-1,,10,(custom),,,"free, center, side, barbette",,quad,size(0.26),76,3,4,,,,,,,,,,,,,,,,,,-1,
gun_4_x1_alt,,gun,Gun,,-1,-1,,5,(custom),,,"free, center, side, barbette",,"dd_modern, single_sec, single_tertiary",size(0.4),102,4,1,,,,,,,,,,,,,,,,,,-1,
gun_4_x2_alt,,gun,Gun,,-1,-1,,7,(custom),,,"free, center, side, barbette",,"dd_modern,dual_tertiary",size(0.44),102,4,2,,,,,,,,,,,,,,,,,,-1,
gun_4_x3_alt,,gun,Gun,,-1,-1,,9,(custom),,,"free, center, side, barbette",,dd_modern,size(0.46),102,4,3,,,,,,,,,,,,,,,,,,-1,
gun_5_x1_alt,,gun,Gun,,-1,-1,,6,(custom),,,"free, center, side, barbette",,"main_ca_side, dd_modern, cl_small, single_sec",size(0.9),127,5,1,,,,,,,,,,,,,,,,,,-1,
gun_5_x2_alt,,gun,Gun,,-1,-1,,8,(custom),,,"free, center, side, barbette",,"main_ca_side, dd_modern, cl_small",size(0.92),127,5,2,,,,,,,,,,,,,,,,,,-1,
gun_5_x3_alt,,gun,Gun,,-1,-1,,10,(custom),,,"free, center, side, barbette",,"main_ca_side, dd_modern, cl_small",size(0.94),127,5,3,,,,,,,,,,,,,,,,,,-1,
gun_6_x1_alt,,gun,Gun,,-1,-1,,7,(custom),,,"free, center, side, barbette",,"main_ca, main_ca_side, cl_small, single_gun_medium, single_sec",size(1.3),152,6,1,,,,,,,,,,,,,,,,,,-1,
gun_6_x2_alt,,gun,Gun,,-1,-1,,9,(custom),,,"free, center, side, barbette",,"main_ca, main_ca_side, cl_small",size(1.35),152,6,2,,,,,,,,,,,,,,,,,,-1,
gun_6_x3_alt,,gun,Gun,,-1,-1,,11,(custom),,,"free, center, side, barbette",,"main_ca, main_ca_side, cl_small",size(1.4),152,6,3,,,,,,,,,,,,,,,,,,-1,
gun_7_x2_alt,,gun,Gun,,-1,-1,,20,(custom),,,"free, center, side, barbette",,"main_ca, main_ca_side, medium_gun",size(1.65),178,7,2,,,,,,,,,,,,,,,,,,-1,
gun_7_x3_alt,,gun,Gun,,-1,-1,,25,(custom),,,"free, center, side, barbette",,"main_ca, main_ca_side, medium_gun",size(1.7),178,7,3,,,,,,,,,,,,,,,,,,-1,
gun_8_x2_alt,,gun,Gun,,-1,-1,,25,(custom),,,"free, center, side, barbette",,"main_ca, main_ca_side, medium_gun, main_agamemnon_single",size(1.95),203,8,2,,,,,,,,,,,,,,,,,,-1,
gun_8_x3_alt,,gun,Gun,,-1,-1,,30,(custom),,,"free, center, side, barbette",,"main_ca, main_ca_side, medium_gun, main_agamemnon_single",size(2),203,8,3,,,,,,,,,,,,,,,,,,-1,
##,,,,,,,,,,,,,,,,,,,,,,,,,,,,,,,,,,,,,
