#id,enabled / disabled,list of ship types for building,"chance to have, percent",,,type of part,comes in paires (around centerline axis),"group, use same part data for same group",necessary present param of part,put at centerline,put to sides,range-z [-1;+1] define range from back to front of ship,see previos,filtering condition,"additional params:
            delete_unmounted - delete parts of type with no other parts mounted in it;
                scheme(s) - place part only on hulls with specific hulls;
mount(m...), !mount(m...) - demand/exclude types of mounts;
and/or - operation on list of conditions: tag (tag required), !tag (no tag), zero (tech variable is zero), !zero (tech variable is not zero);",,
@name,enabled,shipTypes,chance,min,max,type,paired,group,effect,center,side,rangeZFrom,rangeZTo,condition,param,#,#
default,1,,100,1,1,,,,,f,f,-1,1,,,,
#,,"#bb, bc",,,,,,,,,,,,,,,
5/tower_main///////,,"bb, bc",,1,1,tower_main,,,,,,0.01,1,,,,
6/tower_sec///////,,"bb, bc",,1,1,tower_sec,,,,,,-1,0.01,,,,
7/tower_main///////and(tag[barbette_need]),,"bb, bc",,1,1,tower_main,,,,,,0.01,1,,and(tag[barbette_need]),,
8/tower_main///////or(tag[Command_Forward]),,"bb, bc",,1,1,tower_main,,,,,,0.01,1,,or(tag[Command_Forward]),,
"9/tower_sec///////or(tag[Command_Forward]), or(tag[hullbarbette])",,"bb, bc",,1,1,tower_sec,,,,,,-1,0.01,,or(tag[Command_Forward])or(tag[hullbarbette]),,
10/gun//mc/main_center/c//main_cal/or(tag[newyork_style]),,"bb, bc",,2,4,gun,,mc,main_center,c,,-1,1,main_cal,or(tag[newyork_style]),,
11/funnel///funnel_mount////,,"bb, bc",,1,5,funnel,,,funnel_mount,,,-0.6,0.6,,,,
12/gun//mc/main_center/c//main_cal/and(tag[Russian_Central_Turrets]),,"bb, bc",,1,24,gun,,mc,main_center,c,,0.1,1,main_cal,and(tag[Russian_Central_Turrets]),,
13/barbette///main_super_huge/c///,,"bb, bc",,1,2,barbette,,,main_super_huge,c,,0.2,0.7,,,,
14/barbette//b/main_super/c///and(tag[barbette_need]),,"bb, bc",,1,2,barbette,,b,main_super_huge,c,,0.4,0.6,,and(tag[barbette_need]),,
"15/gun//mc/main_center/c//main_cal/mount(barbette), or(tag[hullbarbette];tag[barbette_need];tag[No_Barb])",,"bb, bc",,2,8,gun,,mc,main_center,c,,-1,1,main_cal,or(tag[hullbarbette];tag[barbette_need];tag[No_Barb]),,
"16/gun//mc/main_center/c//main_cal/mount(barbette), or(tag[hullbarbette];tag[barbette_need];tag[No_Barb])",,"bb, bc",,2,8,gun,,mc,main_center,c,,-1,1,main_cal,or(tag[hullbarbette];tag[barbette_need];tag[No_Barb]),,
"17/gun//mc/main_center/c//main_cal/mount(barbette), or(tag[hullbarbette];tag[barbette_need];tag[No_Barb])",,"bb, bc",,2,8,gun,,mc,main_center,c,,-1,1,main_cal,or(tag[hullbarbette];tag[barbette_need];tag[No_Barb]),,
1003/tower_main///////or(tag[hullbarbette]),,"bb, bc",,1,1,tower_main,,,,,,0.01,0.5,,or(tag[hullbarbette]),,
1004/funnel///////or(tag[hullbarbette]),,"bb, bc",,1,1,funnel,,,,,,-0.1,0.1,,or(tag[hullbarbette]),,
1005/tower_sec///////or(tag[hullbarbette]),,"bb, bc",,1,1,tower_sec,,,,,,-0.3,0.01,,or(tag[hullbarbette]),,
"18/gun//mc/main_center/c//main_cal/mount(barbette), or(tag[hullbarbette])",,"bb, bc",,1,5,gun,,mc,main_center,c,,-1,1,main_cal,"mount(barbette), or(tag[hullbarbette])",,
19/gun//mc/main_center/c//main_cal/or(tag[hullbarbette]),,"bb, bc",,1,5,gun,,mc,main_center,c,,0.5,0.6,main_cal,or(tag[hullbarbette]),,
20/gun//mc/main_center/c//main_cal/or(tag[hullbarbette]),,"bb, bc",,1,5,gun,,mc,main_center,c,,-0.6,-0.5,main_cal,or(tag[hullbarbette]),,
"21/gun//mc/main_center/c//main_cal/mount(barbette), or(tag[newyork_style])",,"bb, bc",,2,5,gun,,mc,main_center,c,,-1,1,main_cal,"mount(barbette), or(tag[newyork_style])",,
22/tower_main///////or(tag[newyork_style]),,"bb, bc",,1,1,tower_main,,,,,,0.01,0.8,,or(tag[newyork_style]),,
23/barbette///main_super/c///or(tag[newyork_style]),,"bb, bc",,1,1,barbette,,,main_super,c,,-0.7,0.8,,or(tag[newyork_style]),,
24/gun//mc/main_center/c//main_cal/or(tag[newyork_style]),,"bb, bc",,1,5,gun,,mc,main_center,c,,-0.9,-0.1,main_cal,or(tag[newyork_style]),,
25/tower_sec///////or(tag[newyork_style]),,"bb, bc",,1,1,tower_sec,,,,,,-0.3,0.01,,or(tag[newyork_style]),,
26/funnel///////or(tag[newyork_style]),,"bb, bc",,1,2,funnel,,,,,,-0.1,0.1,,or(tag[newyork_style]),,
27/gun//mc/main_center/c//main_cal/and(tag[newyork_style]),,"bb, bc",,2,2,gun,,mc,main_center,c,,-1,1,main_cal,and(tag[newyork_style]),,
"28/gun//mc/main_center/c//main_cal/mount(barbette), and(tag[newyork_style])",,"bb, bc",,1,5,gun,,mc,main_center,c,,-1,1,main_cal,"mount(barbette), and(tag[newyork_style])",,
29/tower_main///////or(tag[sec_tower_little_room]),,"bb, bc",,1,1,tower_main,,,,,,-0.6,0.2,,or(tag[sec_tower_little_room]),,
30/tower_sec///////or(tag[sec_tower_little_room]),,"bb, bc",,1,1,tower_sec,,,,,,-0.3,0.01,,or(tag[sec_tower_little_room]),,
31/tower_main///////and(tag[Gun_Sides]),,"bb, bc",,1,1,tower_main,,,,,,0.2,0.5,,and(tag[Gun_Sides]),,
32/gun//ms/small_side//s//and(tag[Gun_Sides]),,"bb, bc",,1,4,gun,,ms,small_side,,s,-0.3,0.7,,and(tag[Gun_Sides]),,
33/gun//ms/small_side//s//and(tag[Gun_Sides]),,"bb, bc",,1,4,gun,,ms,small_side,,s,-0.6,0.3,,and(tag[Gun_Sides]),,
34/gun/p/ms/main_agamemnon_single//s//and(tag[Gun_Sides_Single),,"bb, bc",,6,6,gun,p,ms,main_agamemnon_single,,s,-0.6,0.8,,and(tag[Gun_Sides_Single),,
35/gun/p/ms/small_side//s//and(tag[Gun_Sides]),,"bb, bc",,6,6,gun,p,ms,small_side,,s,0.1,0.7,,and(tag[Gun_Sides]),,
"36/gun/p/ms/small_side//s/main_cal/mount(barbette), and(tag[danton_style])",,"bb, bc",,4,5,gun,p,ms,small_side,,s,-1,1,main_cal,"mount(barbette), and(tag[danton_style])",,
37/tower_main///////and(tag[danton_style]),,"bb, bc",,1,1,tower_main,,,,,,0.01,0.7,,and(tag[danton_style]),,
38/tower_sec///////and(tag[danton_style]),,"bb, bc",,1,1,tower_sec,,,,,,-0.3,0.01,,and(tag[danton_style]),,
39/funnel///////and(tag[danton_style]),,"bb, bc",,1,1,funnel,,,,,,-0.1,0.1,,and(tag[danton_style]),,
40/gun//mc/main_center/c//main_cal/and(tag[danton_style]),,"bb, bc",,1,5,gun,,mc,main_center,c,,0.5,0.6,main_cal,and(tag[danton_style]),,
41/gun//mc/main_center/c//main_cal/and(tag[danton_style]),,"bb, bc",,1,5,gun,,mc,main_center,c,,-0.7,0.5,main_cal,and(tag[danton_style]),,
42/tower_main///////and(tag[german_sides]),,"bb, bc",,1,1,tower_main,,,,,,0.2,0.5,,and(tag[german_sides]),,
43/tower_sec///////and(tag[german_sides]),,"bb, bc",,1,1,tower_sec,,,,,,-0.3,0.01,,and(tag[german_sides]),,
44/funnel///////and(tag[german_sides]),,"bb, bc",,1,1,funnel,,,,,,-0.1,0.1,,and(tag[german_sides]),,
45/gun/p/ms/small_side//s/main_cal/and(tag[german_sides]),,"bb, bc",,4,4,gun,p,ms,small_side,,s,-0.45,0.45,main_cal,and(tag[german_sides]),,
46/gun/p/ms/small_side//s/main_cal/and(tag[early_dreadnought]),,"bb, bc",,2,2,gun,p,ms,small_side,,s,-0.35,0.35,main_cal,and(tag[early_dreadnought]),,
47/tower_main//mc/main_center/c//main_cal/and(tag[frontalfunnel]),,"bb, bc",,1,1,tower_main,,mc,main_center,c,,0.4,0.6,main_cal,and(tag[frontalfunnel]),,
48/funnel///////and(tag[frontalfunnel]),,"bb, bc",,1,20,funnel,,,,,,0.01,0.45,,and(tag[frontalfunnel]),,
49/gun//mc/main_center/c//main_cal/or(tag[old_predread]),,bb,,1,3,gun,,mc,main_center,c,,0.3,1,main_cal,or(tag[old_predread]),,
50/tower_main///////or(tag[old_predread]),,bb,,1,1,tower_main,,,,,,0.01,0.8,,or(tag[old_predread]),,
51/tower_sec///////or(tag[old_predread]),,bb,,1,1,tower_sec,,,,,,-0.1,-0.6,,or(tag[old_predread]),,
52/gun//mc/main_center/c//main_cal/or(tag[old_predread]),,bb,,1,3,gun,,mc,main_center,c,,-0.9,-0.3,main_cal,or(tag[old_predread]),,
53/tower_main///////or(tag[battlecruiser_forward]),,"bb, bc",,1,1,tower_main,,,,,,0.01,0.3,,or(tag[battlecruiser_forward]),,
54/tower_sec///////or(tag[battlecruiser_forward]),,"bb, bc",,1,1,tower_sec,,,,,,-0.2,0.01,,or(tag[battlecruiser_forward]),,
55/funnel///////or(tag[battlecruiser_forward]),,"bb, bc",,1,1,funnel,,,,,,-0.1,0.3,,or(tag[battlecruiser_forward]),,
56/funnel///////or(tag[battlecruiser_forward]),,"bb, bc",,1,1,funnel,,,,,,0.01,0.4,,or(tag[battlecruiser_forward]),,
57/barbette//b/main_super/c///or(tag[battlecruiser_forward]),,"bb, bc",,1,1,barbette,,b,main_super,c,,0.5,0.7,,or(tag[battlecruiser_forward]),,
"58/gun//mc/main_center/c//main_cal/mount(barbette), or(tag[battlecruiser_forward])",,"bb, bc",,1,5,gun,,mc,main_center,c,,0.5,0.7,main_cal,"mount(barbette), or(tag[battlecruiser_forward])",,
59/gun//mc/main_center/c//main_cal/or(tag[battlecruiser_forward]),,"bb, bc",,1,5,gun,,mc,main_center,c,,0.6,0.8,main_cal,or(tag[battlecruiser_forward]),,
60/tower_main///////and(tag[Russian_Central_Turrets]),,"bb, bc",,1,1,tower_main,,,,,,0.1,0.8,,and(tag[Russian_Central_Turrets]),,
61/funnel///////and(tag[Russian_Central_Turrets]),,"bb, bc",,1,1,funnel,,,,,,0.1,0.4,,and(tag[Russian_Central_Turrets]),,
62/barbette///main_super_huge/c///,,"bb, bc",,1,1,barbette,,,main_super_huge,c,,-1,1,,,,
63/tower_sec///////and(tag[Russian_Central_Turrets]),,"bb, bc",,1,1,tower_sec,,,,,,-0.3,0.01,,and(tag[Russian_Central_Turrets]),,
64/gun//mc/main_center/c//main_cal/and(tag[Russian_Central_Turrets]),,"bb, bc",,1,5,gun,,mc,main_center,c,,-0.8,0.8,main_cal,and(tag[Russian_Central_Turrets]),,
65/funnel///////and(tag[Russian_Central_Turrets]),,"bb, bc",,1,1,funnel,,,,,,-0.1,0.1,,and(tag[Russian_Central_Turrets]),,
66/gun//mc/main_center/c//main_cal/and(tag[Russian_Central_Turrets]),,"bb, bc",,1,5,gun,,mc,main_center,c,,-0.8,0.8,main_cal,and(tag[Russian_Central_Turrets]),,
67/tower_main///////or(tag[Small_Foredeck];tag[g2];tag[Late_Cross_Deck];tag[RussianCenterline_Old]),,"bb, bc",,1,1,tower_main,,,,,,0.2,0.5,,or(tag[Small_Foredeck];tag[g2];tag[Late_Cross_Deck];tag[RussianCenterline_Old]),,
68/tower_sec///////or(tag[g1];tag[g2]),,"bb, bc",,1,1,tower_sec,,,,,,-0.3,0.01,,,,
380/gun//mc/main_bc/c//main_cal/or(tag[Small_Foredeck];tag[RussianCenterline_Old]),,"bb, bc",,1,1,gun,,mc,main_bc,c,,0.54,0.9,main_cal,or(tag[Small_Foredeck];tag[RussianCenterline_Old]),,
69/tower_sec///////or(tag[RussianCenterline_Old];tag[Late_Cross_Deck_plus]),,"bb, bc",,1,1,tower_sec,,,,,,-0.3,0.01,,or(tag[RussianCenterline_Old];tag[Late_Cross_Deck_plus]),,
70/gun//mc/main_center/c//main_cal/and(tag[RussianCenterline_Old]),,"bb, bc",,4,6,gun,,mc,main_center,c,,-0.8,0.6,main_cal,and(tag[RussianCenterline_Old]),,
71/funnel///////or(tag[g2];tag[RussianCenterline_Old];tag[Late_Cross_Deck_plus]),,"bb, bc",,1,1,funnel,,,,,,-0.2,0.1,,or(tag[g2];tag[RussianCenterline_Old];tag[Late_Cross_Deck_plus]),,
72/gun/p/ms/main_side//s/main_cal/and(tag[Late_Cross_Deck_plus]),,"bb, bc",,2,2,gun,p,ms,main_side,,s,-0.25,0.25,main_cal,and(tag[Late_Cross_Deck_plus]),,
73/funnel///////or(tag[g2];tag[RussianCenterline_Old];tag[Late_Cross_Deck_plus]),,"bb, bc",,1,1,funnel,,,,,,-0.1,0.2,,or(tag[g2];tag[RussianCenterline_Old];tag[Late_Cross_Deck_plus]),,
74/gun/p/ms/main_side//s/main_cal/and(tag[Late_Cross_Deck]),,"bb, bc",,2,2,gun,p,ms,main_side,,s,-0.25,0.25,main_cal,and(tag[Late_Cross_Deck]),,
75/funnel///////and(tag[Late_Cross_Deck]),,"bb, bc",,1,1,funnel,,,,,,-0.1,0.4,,and(tag[Late_Cross_Deck]),,
76/torpedo/p//deck_torpedo//s//or(tag[BB_Modern_China_Torpedo]),0,"bb, bc",,6,10,torpedo,p,,deck_torpedo,,s,-1,1,,or(tag[BB_Modern_China_Torpedo]),,
77/gun//mc/main_center/c//main_cal/or(tag[old_predread]),0,bb,,1,5,gun,,mc,main_center,c,,-0.1,1,main_cal,or(tag[old_predread]),,
78/gun//mc/main_center/c//main_cal/or(tag[old_predread]),0,bb,,1,5,gun,,mc,main_center,c,,-0.8,-0.2,main_cal,or(tag[old_predread]),,
79/gun/p/ms/main_ca_side//s/sec_cal/and(tag[power_side_guns]),,"bb, bc",,12,16,gun,p,ms,main_ca_side,,s,-0.6,0.6,sec_cal,and(tag[power_side_guns]),,
80/torpedo/p////s//or(tag[power_side_guns];tag[assault_torps]),0,"bb, bc",,2,6,torpedo,p,,,,s,-0.6,0.6,,or(tag[power_side_guns];tag[assault_torps]),,
81/tower_main///////or(tag[RussianCenterline]),,"bb, bc",,1,1,tower_main,,,,,,0.01,0.3,,or(tag[RussianCenterline]),,
82/tower_main///////or(tag[MainTower_Barbette]),,"bb, bc",,1,1,tower_main,,,,,,-0.5,0.7,,or(tag[MainTower_Barbette]),,
"83/gun//mc/no_quad/c//main_cal/mount(barbette), or(tag[MainTower_Barbette])",,"bb, bc",,1,100,gun,,mc,no_quad,c,,-0.01,0.6,main_cal,"mount(barbette), or(tag[MainTower_Barbette])",,
84/tower_sec///////or(tag[MainTower_Barbette]),,"bb, bc",,1,1,tower_sec,,,,,,-0.3,0.01,,or(tag[MainTower_Barbette]),,
85/funnel///////or(tag[MainTower_Barbette]),,"bb, bc",,1,1,funnel,,,,,,-0.1,0.1,,or(tag[MainTower_Barbette]),,
86/gun//mc/no_quad/c//main_cal/or(tag[MainTower_Barbette]),,"bb, bc",,1,1,gun,,mc,no_quad,c,,0.01,0.6,main_cal,or(tag[MainTower_Barbette]),,
87/gun//mc/main_center/c//main_cal/or(tag[Super_Forward]),,"bb, bc",75,2,2,gun,,mc,main_center,c,,-0.14,0.6,main_cal,or(tag[Super_Forward]),,
"88/gun//mc/quad/c//main_cal/mount(barbette), or(tag[Only_Quads])",,"bb, bc",,1,100,gun,,mc,quad,c,,-0.01,0.6,main_cal,"mount(barbette), or(tag[Only_Quads])",,
"89/gun//mc/main_center/c//main_cal/mount(barbette), or(tag[Super_Forward])",,"bb, bc",,1,100,gun,,mc,main_center,c,,-0.01,0.6,main_cal,"mount(barbette), or(tag[Super_Forward])",,
90/gun//mc/main_center/c//main_cal/or(tag[Super_Forward]),,"bb, bc",75,2,2,gun,,mc,main_center,c,,-0.14,0.6,main_cal,or(tag[Super_Forward]),,
91/tower_main///////or(tag[Super_Forward]),,"bb, bc",,1,1,tower_main,,,,,,0.01,0.6,,or(tag[Super_Forward]),,
92/tower_sec///////or(tag[Super_Forward]),,"bb, bc",,1,1,tower_sec,,,,,,-0.3,0.01,,or(tag[Super_Forward]),,
93/funnel///////or(tag[Super_Forward]),,"bb, bc",,1,1,funnel,,,,,,-0.1,0.1,,or(tag[Super_Forward]),,
94/barbette//b/main_super_huge/c///or(tag[Yamato_Style]),,"bb, bc",,1,1,barbette,,b,main_super_huge,c,,0.3,0.65,,or(tag[Yamato_Style]),,
"95/gun//mc/no_quad/c//main_cal/mount(barbette), or(tag[Yamato_Style])",,"bb, bc",,1,100,gun,,mc,no_quad,c,,0.3,0.65,main_cal,"mount(barbette), or(tag[Yamato_Style])",,
96/tower_main///big_main////or(tag[Yamato_Style]),,"bb, bc",90,1,1,tower_main,,,big_main,,,-0.25,0.55,,or(tag[Yamato_Style]),,
97/gun//mc/no_quad/c//main_cal/or(tag[Yamato_Style]),,"bb, bc",,1,1,gun,,mc,no_quad,c,,-0.01,0.6,main_cal,or(tag[Yamato_Style]),,
98/tower_sec///////or(tag[Yamato_Style]),,"bb, bc",,1,1,tower_sec,,,,,,-0.3,0.2,,or(tag[Yamato_Style]),,
99/gun//mc/no_quad/c//main_cal/or(tag[Yamato_Style]),,"bb, bc",,1,1,gun,,mc,no_quad,c,,-1,-0.254,main_cal,or(tag[Yamato_Style]),,
100/barbette//b/main_super_huge/c///or(tag[Yamato_Style]),,"bb, bc",,1,1,barbette,,b,main_super_huge,c,,-0.5,-0.2,,or(tag[Yamato_Style]),,
101/barbette//c/sec_super_high/c///or(tag[Yamato_Style]),,"bb, bc",,1,100,barbette,,c,sec_super_high,c,,-0.3,0.3,,or(tag[Yamato_Style]),,
"102/gun//sc1//c//sec_cal/mount(barbette), or(tag[Yamato_Style])",,"bb, bc",,1,100,gun,,sc1,,c,,-0.3,0.3,sec_cal,"mount(barbette), or(tag[Yamato_Style])",,
"103/gun//mc/no_quad/c//main_cal/mount(barbette), or(tag[Yamato_Style])",,"bb, bc",,1,100,gun,,mc,no_quad,c,,-1,0.01,main_cal,"mount(barbette), or(tag[Yamato_Style])",,
"104/barbette///////delete_unmounted,or(tag[Yamato_Style];tag[Super_Forward])",0,"bb, bc",,1,100,barbette,,,,,,-1,1,,"delete_unmounted,or(tag[Yamato_Style];tag[Super_Forward])",,
105/tower_main///////or(tag[Old_Small_Towers]),,"bb, bc",,1,100,tower_main,,,,,,0.2,0.5,,or(tag[Old_Small_Towers]),,
106/tower_sec///////or(tag[Old_Small_Towers]),,"bb, bc",,1,1,tower_sec,,,,,,-0.3,0.01,,or(tag[Old_Small_Towers]),,
107/gun//mc/main_center/c//main_cal/or(tag[Old_Small_Towers]),,"bb, bc",,3,5,gun,,mc,main_center,c,,-0.6,0.6,main_cal,or(tag[Old_Small_Towers]),,
108/barbette//b/main_super/c///or(tag[BB_Fuso];tag[BB_Fuso_Old]),,"bb, bc",,1,1,barbette,,b,main_super,c,,0.44,0.6,,or(tag[BB_Fuso];tag[BB_Fuso_Old]),,
"109/gun//mc/main_g3/c//main_cal/mount(barbette), or(tag[BB_Fuso];tag[BB_Fuso_Old])",,"bb, bc",,1,100,gun,,mc,main_g3,c,,-0.01,0.6,main_cal,"mount(barbette), or(tag[BB_Fuso];tag[BB_Fuso_Old])",,
110/gun//mc/main_center/c//main_cal/or(tag[BB_Fuso];tag[BB_Fuso_Old]),,"bb, bc",,1,5,gun,,mc,main_center,c,,0.44,0.6,main_cal,or(tag[BB_Fuso];tag[BB_Fuso_Old]),,
111/tower_main///////or(tag[BB_Fuso];tag[Forward_Tower]),,"bb, bc",88,1,1,tower_main,,,,,,0.01,0.44,,or(tag[BB_Fuso];tag[Forward_Tower]),,
112/funnel///////or(tag[BB_Fuso]),,"bb, bc",,1,1,funnel,,,,,,-0.1,0.1,,or(tag[BB_Fuso]),,
113/barbette//b/big_barbette/c///or(tag[BB_Modern_Thick]),,"bb, bc",,1,1,barbette,,b,big_barbette,c,,-0.2,0.8,,or(tag[BB_Modern_Thick]),,
"114/gun//mc/main_center/c//main_cal/mount(barbette), or(tag[BB_Modern_Thick])",,"bb, bc",,1,100,gun,,mc,main_center,c,,-0.2,0.6,main_cal,"mount(barbette), or(tag[BB_Modern_Thick])",,
115/tower_main///////or(tag[BB_Modern_Thick]),,"bb, bc",,1,1,tower_main,,,,,,-0.3,0.25,,or(tag[BB_Modern_Thick]),,
116/gun//mc/main_center/c//main_cal/or(tag[BB_Modern_Thick]),,"bb, bc",50,1,5,gun,,mc,main_center,c,,-0.6,-0.5,main_cal,or(tag[BB_Modern_Thick]),,
117/gun//mc/main_center/c//main_cal/or(tag[BB_Modern_Thick]),,"bb, bc",,1,5,gun,,mc,main_center,c,,-0.2,0.7,main_cal,or(tag[BB_Modern_Thick]),,
118/tower_sec///////or(tag[BB_Modern_Thick]),,"bb, bc",,1,1,tower_sec,,,,,,-0.3,0.15,,or(tag[BB_Modern_Thick]),,
119/tower_main///with_barbette////or(tag[g2];tag[g3]),,"bb, bc",,1,1,tower_main,,,with_barbette,,,0.01,0.35,,or(tag[g2];tag[g3]),,
"120/gun//mc/main_center/c//main_cal/mount(barbette), or(tag[g3];tag[g4])",,"bb, bc",,1,100,gun,,mc,main_center,c,,0.3,0.7,main_cal,"mount(barbette), or(tag[g3];tag[g4])",,
121/barbette//b/main_super/c///or(tag[g3]),,"bb, bc",,1,1,barbette,,b,main_super,c,,0.3,0.6,,or(tag[g3]),,
"122/gun//mc/main_g3/c//main_cal/mount(barbette), or(tag[g3])",,"bb, bc",,1,100,gun,,mc,main_g3,c,,0.3,0.6,main_cal,"mount(barbette), or(tag[g3])",,
123/gun//mc/main_g3/c//main_cal/or(tag[g3]),,"bb, bc",,1,1,gun,,mc,main_g3,c,,0.55,0.8,main_cal,or(tag[g3]),,
124/tower_main///////or(tag[g2];tag[g3]),,"bb, bc",,1,1,tower_main,,,,,,0.01,0.3,,or(tag[g2];tag[g3]),,
125/barbette//b/main_super/c///or(tag[g2];tag[g3]),,"bb, bc",,1,1,barbette,,b,main_super,c,,-0.6,-0.3,,or(tag[g3]),,
"126/gun//mc/main_g3/c//main_cal/mount(barbette), or(tag[g3])",,"bb, bc",,1,100,gun,,mc,main_g3,c,,-0.5,-0.3,main_cal,"mount(barbette), or(tag[g3])",,
127/tower_sec///////or(tag[g3]),,"bb, bc",,1,1,tower_sec,,,,,,-0.3,0.01,,or(tag[g3]),,
128/funnel///////or(tag[g2];tag[g3]),,"bb, bc",,1,1,funnel,,,,,,0.01,0.3,,or(tag[g2];tag[g3]),,
129/barbette//b/main_super/c///or(tag[Warspite_Var]),,"bb, bc",,1,1,barbette,,b,main_super,c,,0.3,0.5,,or(tag[Warspite_Var]),,
130/tower_main///////or(tag[Warspite_Var]),,"bb, bc",,1,1,tower_main,,,,,,0.01,0.2,,or(tag[Warspite_Var]),,
"131/gun//mc/main_g3/c//main_cal/mount(barbette), or(tag[Warspite_Var])",,"bb, bc",,1,100,gun,,mc,main_g3,c,,0.3,0.5,main_cal,"mount(barbette), or(tag[Warspite_Var])",,
132/gun//mc/main_g3/c//main_cal/or(tag[Warspite_Var]),,"bb, bc",,1,1,gun,,mc,main_g3,c,,-0.01,0.7,main_cal,or(tag[Warspite_Var]),,
133/gun//mc/main_g3/c//main_cal/or(tag[Warspite_Var]),,"bb, bc",,1,1,gun,,mc,main_g3,c,,-0.7,-0.55,main_cal,or(tag[Warspite_Var]),,
134/tower_sec///////or(tag[Warspite_Var]),,"bb, bc",,1,1,tower_sec,,,,,,-0.3,-0.01,,or(tag[Warspite_Var]),,
135/funnel///////or(tag[Warspite_Var]),,"bb, bc",,1,1,funnel,,,,,,-0.1,0.1,,or(tag[Warspite_Var]),,
136/barbette//b/main_super/c///or(tag[Mixed_Quads]),,"bb, bc",,1,1,barbette,,b,main_super,c,,0.3,0.5,,or(tag[Mixed_Quads]),,
137/barbette//b/main_super/c///or(tag[Mixed_Quads]),,"bb, bc",,1,1,barbette,,b,main_super,c,,-0.5,-0.4,,or(tag[Mixed_Quads]),,
"138/gun//mc/main_center/c//main_cal/mount(barbette), or(tag[Mixed_Quads])",,"bb, bc",,2,2,gun,,mc,main_center,c,,-0.6,0.6,main_cal,"mount(barbette), or(tag[Mixed_Quads])",,
139/tower_main///////or(tag[Mixed_Quads]),,"bb, bc",,1,1,tower_main,,,,,,0.01,0.2,,or(tag[Mixed_Quads]),,
140/tower_sec///////or(tag[Mixed_Quads]),,"bb, bc",,1,1,tower_sec,,,,,,-0.3,0.15,,or(tag[Mixed_Quads]),,
141/gun//mc/main_center/c//main_cal/or(tag[Mixed_Quads]),,"bb, bc",,1,5,gun,,mc,main_center,c,,0.25,0.7,main_cal,or(tag[Mixed_Quads]),,
"142/gun//mc/main_center/c//main_cal/mount(barbette), or(tag[Mixed_Quads];tag[Warspite_Var])",,"bb, bc",,1,100,gun,,mc,main_center,c,,-0.6,0.01,main_cal,"mount(barbette), or(tag[Mixed_Quads];tag[Warspite_Var])",,
143/gun//mc/main_g3/c//main_cal/or(tag[Warspite_Var]),,"bb, bc",,2,3,gun,,mc,main_g3,c,,-0.6,0.7,main_cal,or(tag[Warspite_Var]),,
144/gun//mc/main_center/c//main_cal/or(tag[Mixed_Quads]),,"bb, bc",,1,5,gun,,mc,main_center,c,,-0.8,-0.5,main_cal,or(tag[Mixed_Quads]),,
"145/gun//mc/main_center/c//main_cal/mount(barbette), or(tag[Mixed_Quads])",,"bb, bc",,1,100,gun,,mc,main_center,c,,-0.8,0.6,main_cal,"mount(barbette), or(tag[Mixed_Quads])",,
146/gun//mc/main_center/c//main_cal/or(tag[Mixed_Quads]),,"bb, bc",,1,5,gun,,mc,main_center,c,,0.33,0.6,main_cal,or(tag[Mixed_Quads]),,
147/tower_main///////or(tag[Middle_Big]),,"bb, bc",,1,1,tower_main,,,,,,0.1,0.4,,or(tag[Middle_Big]),,
148/tower_sec///////or(tag[Middle_Big]),,"bb, bc",,1,1,tower_sec,,,,,,-0.3,0.15,,or(tag[Middle_Big]),,
149/barbette///main_super_huge/c///or(tag[Mixed_Quads];tag[Big_SuperStructure]]),,"bb, bc",,1,1,barbette,,,main_super_huge,c,,0.3,0.6,,or(tag[Mixed_Quads];tag[Big_SuperStructure]]),,
"150/gun//mc/main_center/c//main_cal/mount(barbette), or(tag[Mixed_Quads];tag[Big_SuperStructure]])",,"bb, bc",,1,5,gun,,mc,main_center,c,,-0.01,1,main_cal,"mount(barbette), or(tag[Mixed_Quads];tag[Big_SuperStructure]])",,
151/tower_main///////or(tag[Big_SuperStructure]),,"bb, bc",,1,1,tower_main,,,,,,-0.05,0.5,,or(tag[Big_SuperStructure]),,
152/tower_sec///////or(tag[Big_SuperStructure]),,"bb, bc",,1,1,tower_sec,,,,,,-0.4,0.2,,or(tag[Big_SuperStructure]),,
153/funnel///////or(tag[Mixed_Quads];tag[Big_SuperStructure]),,"bb, bc",,1,1,funnel,,,,,,-0.1,0.1,,or(tag[Mixed_Quads];tag[Big_SuperStructure]),,
154/barbette///main_super/c///or(tag[Mixed_Quads];tag[Big_SuperStructure]]),,"bb, bc",,1,1,barbette,,,main_super,c,,-0.8,-0.15,,or(tag[Mixed_Quads];tag[Big_SuperStructure]]),,
"155/gun//mc/main_center/c//main_cal/mount(barbette), or(tag[Mixed_Quads])",,"bb, bc",,1,5,gun,,mc,main_center,c,,-0.7,0.01,main_cal,"mount(barbette), or(tag[Mixed_Quads])",,
156/barbette//c/sec_super_high/c///or(tag[Mixed_Quads]),0,"bb, bc",,1,100,barbette,,c,sec_super_high,c,,-0.8,0.8,,or(tag[Mixed_Quads]),,
157/barbette/p/d/sec_super_side//s//or(tag[Side_Barbettes]),,"bb, bc",,2,1,barbette,p,d,sec_super_side,,s,-0.4,0.4,,or(tag[Side_Barbettes]),,
"158/gun//sc1/main_center/c//sec_cal/mount(barbette), or(tag[Mixed_Quads])",0,"bb, bc",,1,100,gun,,sc1,main_center,c,,-0.7,0.7,sec_cal,"mount(barbette), or(tag[Mixed_Quads])",,
"159/gun/p//single_tertiary///ter_cal/mount(barbette), or(tag[Side_Barbettes])",,"bb, bc",,2,1000,gun,p,,single_tertiary,,,-0.5,0.5,ter_cal,"mount(barbette), or(tag[Side_Barbettes])",,
"160/gun/p/////ter_cal/mount(barbette), or(tag[Side_Barbettes])",,"bb, bc",,2,1000,gun,p,,,,,-0.5,0.5,ter_cal,"mount(barbette), or(tag[Side_Barbettes])",,
161/gun//mc/main_center/c//main_cal/or(tag[BB_Modern_Iowa_small]),,"bb, bc",,1,5,gun,,mc,main_center,c,,-0.7,0.01,main_cal,or(tag[BB_Modern_Iowa_small]),,
162/barbette//b/main_super/c///or(tag[Middle_SuperStructure_British]),,"bb, bc",,1,1,barbette,,b,main_super,c,,0.1,0.6,,or(tag[Middle_SuperStructure_British]),,
163/barbette//b/main_super_medium/c///or(tag[Middle_SuperStructure]),,"bb, bc",,1,1,barbette,,b,main_super_medium,c,,0.2,0.4,,or(tag[Middle_SuperStructure]),,
"164/gun//mc/main_bc_small/c//main_cal/mount(barbette), or(tag[Middle_SuperStructure])",,"bb, bc",,1,100,gun,,mc,main_bc_small,c,,0.2,0.4,main_cal,"mount(barbette), or(tag[Middle_SuperStructure])",,
"165/gun//mc/no_quad/c//main_cal/mount(barbette), or(tag[Middle_SuperStructure_British])",,"bb, bc",,1,100,gun,,mc,no_quad,c,,-0.01,0.6,main_cal,"mount(barbette), or(tag[Middle_SuperStructure_British])",,
166/tower_main///////or(tag[Middle_SuperStructure]),,"bb, bc",,1,1,tower_main,,,,,,0.1,0.25,,or(tag[Middle_SuperStructure]),,
167/tower_main///////or(tag[Middle_SuperStructure];tag[Middle_SuperStructure_British]),,"bb, bc",,1,1,tower_main,,,,,,0.1,0.25,,or(tag[Middle_SuperStructure];tag[Middle_SuperStructure_British]),,
168/tower_sec///////or(tag[Middle_SuperStructure];tag[Middle_SuperStructure_British]),,"bb, bc",,1,1,tower_sec,,,,,,-0.3,-0.01,,or(tag[Middle_SuperStructure];tag[Middle_SuperStructure_British]),,
169/funnel///////or(tag[Middle_SuperStructure]),,"bb, bc",,1,1,funnel,,,,,,-0.1,0.2,,or(tag[Middle_SuperStructure]),,
170/funnel///////or(tag[Middle_SuperStructure];tag[Middle_SuperStructure_British]),,"bb, bc",,1,1,funnel,,,,,,-0.1,0.2,,or(tag[Middle_SuperStructure];tag[Middle_SuperStructure_British]),,
171/barbette//b/main_super/c///or(tag[Middle_SuperStructure_British];tag[Middle_SuperStructure]),,"bb, bc",,1,1,barbette,,b,main_super,c,,-0.4,-0.2,,or(tag[Middle_SuperStructure_British];tag[Middle_SuperStructure]),,
"172/gun//mc/no_quad/c//main_cal/mount(barbette), or(tag[Middle_SuperStructure_British])",,"bb, bc",,1,100,gun,,mc,no_quad,c,,-1,0.01,main_cal,"mount(barbette), or(tag[Middle_SuperStructure_British])",,
173/gun//mc/no_quad/c//main_cal/or(tag[Middle_SuperStructure];tag[Middle_SuperStructure_British]),,"bb, bc",,1,1,gun,,mc,no_quad,c,,0,0.95,main_cal,or(tag[Middle_SuperStructure];tag[Middle_SuperStructure_British]),,
174/gun//mc/no_quad/c//main_cal/or(tag[Middle_SuperStructure];tag[Middle_SuperStructure_British]),,"bb, bc",,1,1,gun,,mc,no_quad,c,,-1,0.01,main_cal,or(tag[Middle_SuperStructure];tag[Middle_SuperStructure_British]),,
"175/gun//sec//c//sec_cal/mount(barbette), or(tag[Middle_SuperStructure_British])",,"bb, bc",,1,100,gun,,sec,,c,,-0.7,0.7,sec_cal,"mount(barbette), or(tag[Middle_SuperStructure_British])",,
"176/gun//mc/main_bc_small/c//main_cal/mount(barbette), or(tag[Middle_SuperStructure])",,"bb, bc",,1,100,gun,,mc,main_bc_small,c,,-0.4,-0.1,main_cal,"mount(barbette), or(tag[Middle_SuperStructure])",,
177/gun//mc/main_bc_small/c//main_cal/or(tag[Middle_SuperStructure]),,"bb, bc",,1,100,gun,,mc,main_bc_small,c,,-0.5,0.5,main_cal,or(tag[Middle_SuperStructure]),,
178/tower_main///with_barbette////or(tag[French_Fast_BB]),,"bb, bc",66,1,1,tower_main,,,with_barbette,,,-0.3,0.6,,or(tag[French_Fast_BB]),,
179/tower_main///////or(tag[French_Style_Quads]),,"bb, bc",,1,1,tower_main,,,,,,-0.3,0.6,,or(tag[French_Style_Quads]),,
180/tower_sec///////or(tag[French_Style_Quads];tag[French_Fast_BB]),,"bb, bc",,1,1,tower_sec,,,,,,-0.3,0.01,,or(tag[French_Style_Quads];tag[French_Fast_BB]),,
181/funnel///funnel_mount////or(tag[French_Style_Quads]),,"bb, bc",,1,1,funnel,,,funnel_mount,,,-0.5,0.5,,or(tag[French_Style_Quads]),,
182/funnel///////or(tag[French_Style_Quads]),,"bb, bc",,1,1,funnel,,,,,,-0.1,0.1,,or(tag[French_Style_Quads]),,
"183/gun//mc/main_center_big/c//main_cal/mount(barbette), or(tag[French_Fast_BB])",,"bb, bc",,4,6,gun,,mc,main_center_big,c,,-0.6,0.6,main_cal,"mount(barbette), or(tag[French_Fast_BB])",,
184/gun//mc/main_center_big/c//main_cal/or(tag[French_Fast_BB]),,"bb, bc",,1,5,gun,,mc,main_center_big,c,,-0.6,0.7,main_cal,or(tag[French_Fast_BB]),,
185/barbette//b/big_barbette/c///or(tag[French_Fast_BB]),,"bb, bc",,1,1,barbette,,b,big_barbette,c,,-0.01,0.8,,or(tag[French_Fast_BB]),,
186/tower_main///////or(tag[French_Fast_BB]),,"bb, bc",,1,50,tower_main,,,,,,-0.3,0.6,,or(tag[French_Fast_BB]),,
"187/gun//mc/main_center_big/c//main_cal/mount(barbette), or(tag[French_Fast_BB])",,"bb, bc",,1,5,gun,,mc,main_center_big,c,,-0.01,0.7,main_cal,"mount(barbette), or(tag[French_Fast_BB])",,
"188/gun//mc/quad/c//main_cal/mount(barbette), or(tag[French_Style_Quads])",,"bb, bc",,1,50,gun,,mc,quad,c,,-0.01,0.7,main_cal,"mount(barbette), or(tag[French_Style_Quads])",,
189/gun//mc/quad/c//main_cal/or(tag[French_Style_Quads]),,"bb, bc",,1,50,gun,,mc,quad,c,,-0.01,0.7,main_cal,or(tag[French_Style_Quads]),,
190/gun//mc/main_center/c//main_cal/or(tag[French_Style_Quads]),,"bb, bc",,1,50,gun,,mc,main_center,c,,-0.6,0.6,main_cal,or(tag[French_Style_Quads]),,
"191/gun//mc/main_center/c//main_cal/mount(barbette), or(tag[French_Style_Quads_Big];tag[French_Fast_BB])",,"bb, bc",55,3,6,gun,,mc,main_center,c,,-0.6,0.6,main_cal,"mount(barbette), or(tag[French_Style_Quads_Big];tag[French_Fast_BB])",,
"192/gun//mc/main_center/c//main_cal/mount(barbette), or(tag[French_Style_Quads];tag[French_Fast_BB])",,"bb, bc",15,4,6,gun,,mc,main_center,c,,-0.6,0.6,main_cal,"mount(barbette), or(tag[French_Style_Quads];tag[French_Fast_BB])",,
193/gun//mc/quad/c//main_cal/or(tag[French_Style_Quads]),,"bb, bc",,1,3,gun,,mc,quad,c,,-0.6,0.6,main_cal,or(tag[French_Style_Quads]),,
194/gun//mc/main_center/c//main_cal/or(tag[French_Style_Quads]),,"bb, bc",,3,4,gun,,mc,main_center,c,,0.01,0.7,main_cal,or(tag[French_Style_Quads]),,
195/tower_main///////or(tag[generic_middle_tower]),,"bb, bc",,1,1,tower_main,,,,,,0.01,0.6,,or(tag[generic_middle_tower]),,
196/tower_sec///////or(tag[generic_middle_tower]),,"bb, bc",,1,1,tower_sec,,,,,,-0.3,0.1,,or(tag[generic_middle_tower]),,
"197/barbette///////delete_unmounted, or(tag[French_Style_Quads];tag[French_Fast_BB])",0,"bb, bc",,1,10,barbette,,,,,,-1,1,,"delete_unmounted, or(tag[French_Style_Quads];tag[French_Fast_BB])",,
198/tower_main///////or(tag[Middle_Towers_Chance]),,"bb, bc",45,1,1,tower_main,,,,,,-0.3,0.13,,or(tag[Middle_Towers_Chance]),,
199/barbette//b/big_barbette/c///or(tag[Nelson]),,"bb, bc",,1,1,barbette,,b,big_barbette,c,,0.3,0.8,,or(tag[Nelson]),,
"200/gun//mc/main_center/c//main_cal/mount(barbette), or(tag[Nelson];tag[generic_middle_tower])",,"bb, bc",,1,5,gun,,mc,main_center,c,,-0.01,0.7,main_cal,"mount(barbette), or(tag[Nelson];tag[generic_middle_tower])",,
201/gun//mc/main_center/c//main_cal/or(tag[Nelson]),,"bb, bc",,2,2,gun,,mc,main_center,c,,0.1,0.7,main_cal,or(tag[Nelson]),,
202/tower_main///////or(tag[Nelson]),,"bb, bc",,1,1,tower_main,,,,,,0.01,0.2,,or(tag[Nelson]),,
203/tower_sec///////or(tag[Nelson]),,"bb, bc",,1,1,tower_sec,,,,,,-0.3,-0.01,,or(tag[Nelson]),,
"204/gun//mc/quad/c//main_cal/mount(barbette), or(tag[quad_guns_need])",,"bb, bc",,2,2,gun,,mc,quad,c,,-0.01,0.7,main_cal,"mount(barbette), or(tag[quad_guns_need])",,
205/gun//mc/main_center/c//main_cal/or(tag[Nelson];tag[generic_middle_tower]),,"bb, bc",,3,3,gun,,mc,main_center,c,,0.2,0.7,main_cal,or(tag[Nelson];tag[generic_middle_tower]),,
206/tower_main///////or(tag[Nelson];tag[little_funnel_room]),,"bb, bc",,1,1,tower_main,,,,,,0.01,0.3,,or(tag[Nelson];tag[little_funnel_room]),,
207/gun//mc/quad/c//main_cal/or(tag[quad_guns_need]),,"bb, bc",,2,2,gun,,mc,quad,c,,-0.01,0.7,main_cal,or(tag[quad_guns_need]),,
208/tower_main///////or(tag[BC_Modern];tag[No_Barb]),,"bb, bc",,1,1,tower_main,,,,,,0.01,0.6,,or(tag[BC_Modern];tag[No_Barb]),,
209/tower_main///////or(tag[No_Barb]),,"bb, bc",,1,1,tower_main,,,,,,0.01,0.6,,or(tag[No_Barb]),,
210/tower_sec///////or(tag[No_Barb]),,"bb, bc",,1,1,tower_sec,,,,,,-0.3,0.01,,or(tag[No_Barb]),,
211/barbette//b/main_super/c///and(tag[barbette_need]),,"bb, bc",,1,1,barbette,,b,main_super,c,,-0.4,-0.2,,and(tag[barbette_need]),,
"212/gun//mc/main_center/c//main_cal/mount(barbette), or(tag[barbette_need];tag[No_Barb])",,"bb, bc",,1,5,gun,,mc,main_center,c,,-0.4,-0.2,main_cal,"mount(barbette), or(tag[barbette_need];tag[No_Barb])",,
213/gun//mc/main_center/c//main_cal/or(tag[barbette_need];tag[No_Barb]),,"bb, bc",,1,5,gun,,mc,main_center,c,,-0.6,-0.3,main_cal,or(tag[barbette_need];tag[No_Barb]),,
214/tower_main///////or(tag[No_Barb];tag[barbette_need]),,"bb, bc",,1,1,tower_main,,,,,,0.01,0.25,,or(tag[No_Barb];tag[barbette_need]),,
215/tower_sec///////or(tag[No_Barb];tag[barbette_need]),,"bb, bc",,1,1,tower_sec,,,,,,-0.25,-0.01,,or(tag[No_Barb];tag[barbette_need]),,
"216/gun//mc/main_center/c//main_cal/mount(barbette), or(tag[No_Barb])",,"bb, bc",,4,4,gun,,mc,main_center,c,,-0.8,0.6,main_cal,"mount(barbette), or(tag[No_Barb])",,
"217/gun//mc/no_quad/c//main_cal/mount(barbette), or(tag[No_Barb])",,"bb, bc",,4,4,gun,,mc,no_quad,c,,-0.8,0.6,main_cal,"mount(barbette), or(tag[No_Barb])",,
218/gun//mc/main_center/c//main_cal/or(tag[No_Barb]),,"bb, bc",,1,5,gun,,mc,main_center,c,,0.1,0.7,main_cal,or(tag[No_Barb]),,
219/barbette//b/main_super/c///or(tag[RussianCenterline]),,"bb, bc",,1,1,barbette,,b,main_super,c,,0.4,0.6,,or(tag[RussianCenterline]),,
"220/gun//mc/main_bc_small/c//main_cal/mount(barbette), or(tag[RussianCenterline])",,"bb, bc",,100,100,gun,,mc,main_bc_small,c,,-0.8,0.8,main_cal,"mount(barbette), or(tag[RussianCenterline])",,
221/gun//mc/main_bc_small/c//main_cal/or(tag[RussianCenterline]),,"bb, bc",,1,1,gun,,mc,main_bc_small,c,,-0.8,0.8,main_cal,or(tag[RussianCenterline]),,
222/barbette//b/main_super/c///or(tag[RussianCenterline]),,"bb, bc",,1,1,barbette,,b,main_super,c,,-0.5,-0.3,,or(tag[RussianCenterline]),,
"223/gun//mc/main_bc_small/c//main_cal/mount(barbette), or(tag[RussianCenterline])",,"bb, bc",,1,1,gun,,mc,main_bc_small,c,,-1,1,main_cal,"mount(barbette), or(tag[RussianCenterline])",,
224/tower_sec///////or(tag[RussianCenterline];tag[little_funnel_room]),,"bb, bc",,1,1,tower_sec,,,,,,-0.3,0.1,,or(tag[RussianCenterline];tag[little_funnel_room]),,
225/funnel///////or(tag[RussianCenterline]),,"bb, bc",,1,1,funnel,,,,,,-0.1,0.1,,or(tag[RussianCenterline]),,
226/gun//mc/main_bc_small/c//main_cal/or(tag[RussianCenterline]),,"bb, bc",,1,3,gun,,mc,main_bc_small,c,,-0.8,0.6,main_cal,or(tag[RussianCenterline]),,
227/funnel///////or(tag[RussianCenterline]),,"bb, bc",,1,1,funnel,,,,,,-0.1,0.1,,or(tag[RussianCenterline]),,
"228/gun//mc/main_bc_small/c//main_cal/or(tag[RussianCenterline]), and(tag[g1];tag[g2])",,"bb, bc",,4,9,gun,,mc,main_bc_small,c,,-0.7,0.2,main_cal,"or(tag[RussianCenterline]), and(tag[g1];tag[g2])",,
"229/gun//mc/main_bc_small/c//main_cal/or(tag[RussianCenterline]), and(tag[g1];tag[g2])",,"bb, bc",,1,2,gun,,mc,main_bc_small,c,,-0.2,0.7,main_cal,"or(tag[RussianCenterline]), and(tag[g1];tag[g2])",,
"230/barbette//b/main_super/c///or(tag[RussianCenterline]), and(tag[g1];tag[g2])",,"bb, bc",,1,1,barbette,,b,main_super,c,,0.3,0.55,,"or(tag[RussianCenterline]), and(tag[g1];tag[g2])",,
"231/gun//mc/main_bc_small/c//main_cal/or(tag[RussianCenterline]), and(tag[g1];tag[g2])",,"bb, bc",,3,3,gun,,mc,main_bc_small,c,,-0.01,0.7,main_cal,"or(tag[RussianCenterline]), and(tag[g1];tag[g2])",,
232/funnel///////or(tag[little_funnel_room]),,"bb, bc",,1,1,funnel,,,,,,-0.1,0.1,,or(tag[little_funnel_room]),,
233/gun//mc/main_bc_small/c//main_cal/or(tag[RussianCenterline]),,"bb, bc",,2,3,gun,,mc,main_bc_small,c,,-0.8,0.8,main_cal,or(tag[RussianCenterline]),,
234/gun//mc/main_bc_small/c//main_cal/or(tag[RussianCenterline]),,"bb, bc",,6,8,gun,,mc,main_bc_small,c,,-0.8,0.8,main_cal,or(tag[RussianCenterline]),,
235/funnel///////or(tag[Old_Small_Towers]),,"bb, bc",,20,20,funnel,,,,,,-0.01,0.7,,or(tag[Old_Small_Towers]),,
236/funnel///////or(tag[Old_Small_Towers]),,"bb, bc",,20,20,funnel,,,,,,-0.1,0.01,,or(tag[Old_Small_Towers]),,
237/gun/p/mc/main_side//s/main_cal/or(tag[Old_Small_Towers]),,"bb, bc",25,4,4,gun,p,mc,main_side,,s,-0.37,0.37,main_cal,or(tag[Old_Small_Towers]),,
238/funnel///////or(tag[RussianCenterline]),,"bb, bc",,1,1,funnel,,,,,,-0.1,0.1,,or(tag[RussianCenterline]),,
239/gun//mc/main_bc_small/c//main_cal/or(tag[RussianCenterline]),,"bb, bc",,1,2,gun,,mc,main_bc_small,c,,-0.8,0.8,main_cal,or(tag[RussianCenterline]),,
240/barbette//b/main_super/c///or(tag[RussianCenterline]),,"bb, bc",,1,1,barbette,,b,main_super,c,,-0.4,-0.2,,or(tag[RussianCenterline]),,
"241/gun//mc//c//main_cal/mount(barbette), or(tag[RussianCenterline])",,"bb, bc",,1,100,gun,,mc,,c,,-1,1,main_cal,"mount(barbette), or(tag[RussianCenterline])",,
242/tower_sec///////or(tag[RussianCenterline]),,"bb, bc",,1,1,tower_sec,,,,,,-0.3,0.1,,or(tag[RussianCenterline]),,
243/barbette//b/main_super/c///or(tag[BC_ForeCastle];tag[Narrow_Deck]),,"bb, bc",,1,1,barbette,,b,main_super,c,,-0.01,0.4,,or(tag[BC_ForeCastle];tag[Narrow_Deck]),,
244/barbette//b/main_super/c///or(tag[Narrow_Deck]),,"bb, bc",,1,1,barbette,,b,main_super,c,,-0.4,0.01,,or(tag[Narrow_Deck]),,
"245/gun//mc/main_center/c//main_cal/mount(barbette), or(tag[Narrow_Deck])",,"bb, bc",,1,100,gun,,mc,main_center,c,,-0.6,0.6,main_cal,"mount(barbette), or(tag[Narrow_Deck])",,
246/barbette/p////s//or(tag[RussianCenterline]),,"bb, bc",,1,2,barbette,p,,,,s,-0.3,0.3,,or(tag[RussianCenterline]),,
"247/gun/p/mc///s/main_cal/mount(barbette), or(tag[RussianCenterline])",,"bb, bc",,2,100,gun,p,mc,,,s,-0.3,0.3,main_cal,"mount(barbette), or(tag[RussianCenterline])",,
248/torpedo/p////s//or(tag[Torpedo_Sides]),0,"bb, bc",,12,18,torpedo,p,,,,s,-0.5,0.5,,or(tag[Torpedo_Sides]),,
249/torpedo/p////s//or(tag[Torpedo_Sides]),0,"bb, bc",,12,18,torpedo,p,,,,s,-0.5,0.5,,or(tag[Torpedo_Sides]),,
250/torpedo/p////s//or(tag[Torpedo_Sides]),0,"bb, bc",,12,18,torpedo,p,,,,s,-0.5,0.5,,or(tag[Torpedo_Sides]),,
251/barbette//b/main_super_huge/c///or(tag[Typical_Modern_BB]),,"bb, bc",,1,1,barbette,,b,main_super_huge,c,,-0.01,0.6,,or(tag[Typical_Modern_BB]),,
"252/gun//mc/main_center/c//main_cal/mount(barbette), or(tag[Typical_Modern_BB])",,"bb, bc",,1,5,gun,,mc,main_center,c,,-0.01,0.6,main_cal,"mount(barbette), or(tag[Typical_Modern_BB])",,
253/gun//mc/main_center/c//main_cal/or(tag[Typical_Modern_BB]),,"bb, bc",,1,5,gun,,mc,main_center,c,,0.4,0.7,main_cal,or(tag[Typical_Modern_BB]),,
254/barbette//b/main_super_medium/c///or(tag[typical_modern2]),,"bb, bc",,1,1,barbette,,b,main_super_medium,c,,0.25,0.5,,or(tag[typical_modern2]),,
255/barbette//b/main_super_medium/c///or(tag[typical_modern2]),,"bb, bc",,1,1,barbette,,b,main_super_medium,c,,-0.5,-0.25,,or(tag[typical_modern2]),,
256/barbette//b/main_super_medium/c///or(tag[typical_modern]),,"bb, bc",,1,1,barbette,,b,main_super_medium,c,,0.4,0.6,,or(tag[typical_modern]),,
257/tower_main///////or(tag[typical_modern];tag[typical_modern2];tag[Typical_Modern2_BB]),,"bb, bc",,1,1,tower_main,,,,,,0.01,0.5,,or(tag[typical_modern];tag[typical_modern2];tag[Typical_Modern2_BB]),,
258/tower_main///////or(tag[Typical_Modern_BB];tag[Typical_Modern2_BB]),,"bb, bc",,1,1,tower_main,,,,,,0.01,0.55,,or(tag[Typical_Modern_BB];tag[Typical_Modern2_BB]),,
259/tower_sec///big_sec////or(tag[Typical_Modern_BB];tag[Typical_Modern2_BB]),,"bb, bc",50,1,1,tower_sec,,,big_sec,,,-0.3,0.01,,or(tag[Typical_Modern_BB];tag[Typical_Modern2_BB]),,
260/tower_sec///////or(tag[Typical_Modern_BB];tag[typical_modern];tag[typical_modern2]),,"bb, bc",,1,1,tower_sec,,,,,,-0.24,-0.1,,or(tag[Typical_Modern_BB];tag[typical_modern];tag[typical_modern2]),,
261/tower_sec///////or(tag[Typical_Modern_BB]),,"bb, bc",,1,1,tower_sec,,,,,,-0.3,0.1,,or(tag[Typical_Modern_BB]),,
262/funnel///////or(tag[Typical_Modern_BB]),,"bb, bc",,1,1,funnel,,,,,,-0.1,0.1,,or(tag[Typical_Modern_BB]),,
263/barbette//b/main_super_huge/c///or(tag[Typical_Modern_BB]),,"bb, bc",,1,1,barbette,,b,main_super_huge,c,,-0.55,-0.2,,or(tag[Typical_Modern_BB]),,
"264/gun//mc/main_center/c//main_cal/mount(barbette), or(tag[Typical_Modern_BB])",,"bb, bc",,1,5,gun,,mc,main_center,c,,-0.55,-0.2,main_cal,"mount(barbette), or(tag[Typical_Modern_BB])",,
265/gun//mc/main_center/c//main_cal/or(tag[typical_modern2];tag[Typical_Modern_BB]),,"bb, bc",,3,5,gun,,mc,main_center,c,,-0.01,0.7,main_cal,or(tag[typical_modern2];tag[Typical_Modern_BB]),,
266/gun//mc/main_center/c//main_cal/or(tag[typical_modern2];tag[Typical_Modern_BB]),,"bb, bc",,3,5,gun,,mc,main_center,c,,-0.6,0.01,main_cal,or(tag[typical_modern2];tag[Typical_Modern_BB]),,
"267/gun//mc/main_center/c//main_cal/mount(barbette), or(tag[French_Fast_BB])",,"bb, bc",,4,6,gun,,mc,main_center,c,,-0.6,0.6,main_cal,"mount(barbette), or(tag[French_Fast_BB])",,
268/barbette//b/main_super_medium/c///or(tag[typical_modern];tag[typical_modern2]),,"bb, bc",,1,1,barbette,,b,main_super_medium,c,,-0.5,-0.2,,or(tag[typical_modern];tag[typical_modern2]),,
269/barbette//b/main_super_huge/c///or(tag[Typical_Modern_BB];tag[Typical_Modern2_BB]),,"bb, bc",,1,1,barbette,,b,main_super_huge,c,,-0.5,-0.2,,or(tag[Typical_Modern_BB];tag[Typical_Modern2_BB]),,
"270/gun//mc/main_bc_small/c//main_cal/mount(barbette), or(tag[typical_modern];tag[typical_modern2])",,"bb, bc",,1,100,gun,,mc,main_bc_small,c,,-0.6,0.6,main_cal,"mount(barbette), or(tag[typical_modern];tag[typical_modern2])",,
"271/gun//mc/main_center_big/c//main_cal/mount(barbette), or(tag[Typical_Modern_BB];tag[Typical_Modern2_BB])",,"bb, bc",,1,100,gun,,mc,main_center_big,c,,-0.6,0.6,main_cal,"mount(barbette), or(tag[Typical_Modern_BB];tag[Typical_Modern2_BB])",,
"272/gun//mc/main_center/c//main_cal/mount(barbette), or(tag[typical_modern];tag[typical_modern2])",,"bb, bc",,1,100,gun,,mc,main_center,c,,-0.6,0.6,main_cal,"mount(barbette), or(tag[typical_modern];tag[typical_modern2])",,
273/barbette///////delete_unmounted,0,"bb, bc",,1,1,barbette,,,,,,-1,1,,delete_unmounted,,
274/gun//mc/main_center/c//main_cal/or(tag[typical_modern];tag[typical_modern2]),,"bb, bc",,3,4,gun,,mc,main_center,c,,-0.6,0.6,main_cal,or(tag[typical_modern];tag[typical_modern2]),,
275/funnel///////or(tag[typical_modern];tag[typical_modern2]),,"bb, bc",,2,2,funnel,,,,,,-0.1,0.1,,or(tag[typical_modern];tag[typical_modern2]),,
276/tower_main///////or(tag[small_bc2]),,"bb, bc",,1,1,tower_main,,,,,,0.01,0.75,,or(tag[small_bc2]),,
277/tower_sec///////or(tag[small_bc2]),,"bb, bc",,1,1,tower_sec,,,,,,-0.2,0.05,,or(tag[small_bc2]),,
278/gun//mc/main_bc_small/c//main_cal/or(tag[small_bc2]),,"bb, bc",,1,1,gun,,mc,main_bc_small,c,,-0.7,0.01,main_cal,or(tag[small_bc2]),,
279/tower_main///////or(tag[Narrow_Deck];tag[small_bc];tag[small_bc2];tag[Typical_Modern_BB]),,"bb, bc",,1,1,tower_main,,,,,,0.01,0.4,,or(tag[Narrow_Deck];tag[small_bc];tag[small_bc2];tag[Typical_Modern_BB]),,
280/tower_sec///////or(tag[Narrow_Deck];tag[small_bc];tag[small_bc2]),,"bb, bc",,1,1,tower_sec,,,,,,-0.3,0.01,,or(tag[Narrow_Deck];tag[small_bc];tag[small_bc2]),,
"281/gun//mc/main_bismarck/c//main_cal/mount(barbette), or(tag[BC_ForeCastle];tag[barbette_need];tag[Narrow_Deck])",,"bb, bc",,2,5,gun,,mc,main_bismarck,c,,-0.65,-0.2,main_cal,"mount(barbette), or(tag[BC_ForeCastle];tag[barbette_need];tag[Narrow_Deck])",,
282/tower_main///////or(tag[barbette_need]),,"bb, bc",,1,1,tower_main,,,,,,0.01,0.3,,or(tag[barbette_need]),,
283/tower_main///////and(tag[BC_ForeCastle]),,"bb, bc",,1,1,tower_main,,,,,,0.01,0.8,,and(tag[BC_ForeCastle]),,
284/tower_sec///big_sec////and(tag[BC_ForeCastle]),,"bb, bc",,1,1,tower_sec,,,big_sec,,,-0.3,0.1,,and(tag[BC_ForeCastle]),,
285/funnel///////or(tag[BC_ForeCastle];tag[barbette_need]),,"bb, bc",,2,2,funnel,,,,,,0.1,0.5,,or(tag[BC_ForeCastle];tag[barbette_need]),,
286/tower_sec///////and(tag[BC_ForeCastle]),,"bb, bc",,1,1,tower_sec,,,,,,-0.3,0.01,,and(tag[BC_ForeCastle]),,
287/gun//mc/main_bc_small/c//main_cal/or(tag[small_bc];tag[small_bc2]),,"bb, bc",,3,10,gun,,mc,main_bc_small,c,,-0.01,0.7,main_cal,or(tag[small_bc];tag[small_bc2]),,
288/gun//mc//c//main_cal/or(tag[barbette_need]),,"bb, bc",,3,10,gun,,mc,,c,,-0.6,-0.3,main_cal,or(tag[barbette_need]),,
289/funnel///////or(tag[BC_ForeCastle]),,"bb, bc",,1,2,funnel,,,,,,-0.01,0.6,,or(tag[BC_ForeCastle]),,
290/gun//mc/main_center/c//main_cal/or(tag[BC_ForeCastle]),,"bb, bc",,1,5,gun,,mc,main_center,c,,-0.01,0.8,main_cal,or(tag[BC_ForeCastle]),,
291/barbette//b/main_super/c///or(tag[BC_ForeCastle];tag[barbette_need];tag[Narrow_Deck]),,"bb, bc",,1,1,barbette,,b,main_super,c,,-0.5,-0.2,,or(tag[BC_ForeCastle];tag[barbette_need];tag[Narrow_Deck]),,
"292/gun//mc/main_center/c//main_cal/mount(barbette), or(tag[BC_ForeCastle];tag[barbette_need];tag[Narrow_Deck])",,"bb, bc",,1,100,gun,,mc,main_center,c,,-0.7,-0.3,main_cal,"mount(barbette), or(tag[BC_ForeCastle];tag[barbette_need];tag[Narrow_Deck])",,
293/gun//mc/main_center/c//main_cal/or(tag[BC_Hybrid]),,bc,,1,5,gun,,mc,main_center,c,,-0.01,0.7,main_cal,or(tag[BC_Hybrid]),,
294/tower_main///////or(tag[BB_Modern_Iowa]),,"bb, bc",,1,1,tower_main,,,,,,0.01,0.7,,or(tag[BB_Modern_Iowa]),,
"295/gun//mc/no_quad/c//main_cal/mount(barbette), or(tag[BB_Modern_Iowa])",,bb,,1,100,gun,,mc,no_quad,c,,-0.7,0.6,main_cal,"mount(barbette), or(tag[BB_Modern_Iowa])",,
296/gun//mc/no_quad/c//main_cal/or(tag[BB_Modern_Iowa]),,"bb, bc",,1,1,gun,,mc,no_quad,c,,-0.01,0.7,main_cal,or(tag[BB_Modern_Iowa]),,
297/barbette//b/main_super_huge/c///or(tag[BB_Modern_Iowa]),,"bb, bc",,1,1,barbette,,b,main_super_huge,c,,0.5,0.7,,or(tag[BB_Modern_Iowa]),,
"298/gun//mc/no_quad/c//main_cal/mount(barbette), or(tag[BB_Modern_Iowa])",,bb,,1,100,gun,,mc,no_quad,c,,-0.7,0.7,main_cal,"mount(barbette), or(tag[BB_Modern_Iowa])",,
299/tower_sec///////or(tag[BC_Modern]),,"bb, bc",,1,1,tower_sec,,,,,,-0.3,0.15,,or(tag[BC_Modern]),,
300/funnel///////or(tag[little_funnel_room]),,"bb, bc",,1,1,funnel,,,,,,-0.1,0.1,,or(tag[little_funnel_room]),,
"301/gun//mc/main_center/c//main_cal/mount(barbette), or(tag[No_Barb])",,"bb, bc",,1,100,gun,,mc,main_center,c,,-0.8,0.6,main_cal,"mount(barbette), or(tag[No_Barb])",,
302/gun//mc/main_center/c//main_cal/or(tag[No_Barb]),,"bb, bc",,1,5,gun,,mc,main_center,c,,-0.7,-0.25,main_cal,or(tag[No_Barb]),,
303/barbette//b/main_super/c///or(tag[BC_Modern];tag[No_Barb]),,"bb, bc",,1,1,barbette,,b,main_super,c,,-0.55,-0.2,,or(tag[BC_Modern];tag[No_Barb]),,
"304/gun//mc/main_bc/c//main_cal/mount(barbette), or(tag[BC_Modern])",,"bb, bc",,1,100,gun,,mc,main_bc,c,,-0.55,-0.2,main_cal,"mount(barbette), or(tag[BC_Modern])",,
"305/gun//mc/main_center/c//main_cal/mount(barbette), or(tag[No_Barb])",,"bb, bc",,1,100,gun,,mc,main_center,c,,-0.6,0.01,main_cal,"mount(barbette), or(tag[No_Barb])",,
"306/gun//mc/main_center/c//main_cal/mount(barbette), or(tag[No_Barb])",,"bb, bc",,1,100,gun,,mc,main_center,c,,-0.6,0.01,main_cal,"mount(barbette), or(tag[No_Barb])",,
307/gun//mc/main_bc/c//main_cal/or(tag[BC_Modern]),,"bb, bc",,1,1,gun,,mc,main_bc,c,,-0.6,0.01,main_cal,or(tag[BC_Modern]),,
"308/gun//mc/main_bc/c//main_cal/mount(barbette), or(tag[BC_Modern])",,"bb, bc",,1,1,gun,,mc,main_bc,c,,-0.6,0.01,main_cal,"mount(barbette), or(tag[BC_Modern])",,
309/barbette///sec_super_high/c///and(!tag[g2];!tag[small_bc2]),0,"bb, bc",50,1,1,barbette,,,sec_super_high,c,,-0.6,0.6,,and(!tag[g2];!tag[small_bc2]),,
310/tower_sec///////or(tag[No_Barb];tag[BC_ForeCastle];tag[Typical_Modern_BB]),,"bb, bc",,1,50,tower_sec,,,,,,-0.23,0.1,,or(tag[No_Barb];tag[BC_ForeCastle];tag[Typical_Modern_BB]),,
311/tower_sec///////or(tag[BC_Modern_Japan];tag[barbette_need]),,"bb, bc",,1,50,tower_sec,,,,,,-0.3,0.01,,or(tag[BC_Modern_Japan];tag[barbette_need]),,
312/barbette//b/big_barbette/c///or(tag[Nelson];tag[generic_middle_tower]),,"bb, bc",,1,1,barbette,,b,big_barbette,c,,-0.8,0.01,,or(tag[Nelson];tag[generic_middle_tower]),,
"313/gun//mc/main_center/c//main_cal/mount(barbette), or(tag[Nelson];tag[generic_middle_tower])",,"bb, bc",,1,5,gun,,mc,main_center,c,,-0.6,0.01,main_cal,"mount(barbette), or(tag[Nelson];tag[generic_middle_tower])",,
314/gun//mc//c//main_cal/or(tag[Nelson];tag[generic_middle_tower]),,"bb, bc",,1,100,gun,,mc,,c,,-0.6,0.6,main_cal,or(tag[Nelson];tag[generic_middle_tower]),,
315/barbette//b/main_super_huge/c///or(tag[BB_Modern_Iowa]),,"bb, bc",,1,1,barbette,,b,main_super_huge,c,,-0.5,-0.1,,or(tag[BB_Modern_Iowa]),,
316/barbette//b/main_super/c///or(tag[BC_Modern];!tag[No_Barb];tag[small_bc2]),,"bb, bc",,1,1,barbette,,b,main_super,c,,-0.4,-0.2,,or(tag[BC_Modern];!tag[No_Barb];tag[small_bc2]),,
"317/gun//mc/no_quad/c//main_cal/mount(barbette), or(tag[BB_Modern_Germany_Wide];tag[BB_Modern_Iowa])",,bb,,1,100,gun,,mc,no_quad,c,,-0.6,0.6,main_cal,"mount(barbette), or(tag[BB_Modern_Germany_Wide];tag[BB_Modern_Iowa])",,
"318/gun//mc/main_bismarck/c//main_cal/mount(barbette), and(tag[BB_Modern_Germany])",,bb,,1,100,gun,,mc,main_bismarck,c,,-0.6,0.6,main_cal,"mount(barbette), and(tag[BB_Modern_Germany])",,
"319/gun//mc//c//main_cal/mount(barbette), or(tag[No_Barb];tag[small_bc2])",,bb,,1,100,gun,,mc,,c,,-0.6,0.6,main_cal,"mount(barbette), or(tag[No_Barb];tag[small_bc2])",,
320/gun//mc//c//main_cal/and(tag[BB_Modern_Germany]),,bb,,1,100,gun,,mc,,c,,-0.6,0.6,main_cal,and(tag[BB_Modern_Germany]),,
"321/gun//sc1//c//sec_cal/mount(barbette), and(tag[No_Barb])",,bb,,2,100,gun,,sc1,,c,,-0.4,0.4,sec_cal,"mount(barbette), and(tag[No_Barb])",,
"322/gun//sc2//c//sec_cal/mount(barbette), and(tag[No_Barb])",,bb,,2,100,gun,,sc2,,c,,-0.4,0.4,sec_cal,"mount(barbette), and(tag[No_Barb])",,
323/funnel///////and(tag[No_Barb]),,bc,,1,2,funnel,,,,,,-0.1,0.5,,and(tag[No_Barb]),,
324/tower_main///////or(tag[BC_Modern_Japan]),,"bb, bc",,1,1,tower_main,,,,,,0,0.5,,or(tag[BC_Modern_Japan]),,
325/barbette//b/main_super_medium/c///or(tag[BC_Modern_Japan]),,bc,,1,2,barbette,,b,main_super_medium,c,,0.45,0.6,,or(tag[BC_Modern_Japan]),,
"326/gun//mc/main_bc_small/c//main_cal/mount(barbette), or(tag[BC_Modern_Japan])",,bc,,2,100,gun,,mc,main_bc_small,c,,0.45,0.6,main_cal,"mount(barbette), or(tag[BC_Modern_Japan])",,
327/barbette///////delete_unmounted,0,"bb, bc",,1,2,barbette,,,,,,-1,1,,delete_unmounted,,
328/gun//mc/main_bc/c//main_cal/or(tag[BC_Modern]),,bc,,3,6,gun,,mc,main_bc,c,,-0.01,0.7,main_cal,or(tag[BC_Modern]),,
329/tower_sec///big_sec////or(tag[BB_Modern_Iowa];tag[BC_Modern]);tag[BC_Modern_Japan]),,"bb, bc",,1,1,tower_sec,,,big_sec,,,-0.32,0.01,,or(tag[BB_Modern_Iowa];tag[BC_Modern]);tag[BC_Modern_Japan]),,
330/tower_sec///////or(tag[BB_Modern_Iowa];tag[BC_Modern]),,"bb, bc",,1,1,tower_sec,,,,,,-0.2,0.01,,or(tag[BB_Modern_Iowa];tag[BC_Modern]),,
331/barbette//b/main_super/c///or(tag[BB_Modern_Iowa];tag[BC_Modern];!tag[No_Barb];tag[small_bc2]),,"bb, bc",,1,1,barbette,,b,main_super,c,,-0.4,-0.2,,or(tag[BB_Modern_Iowa];tag[BC_Modern];!tag[No_Barb];tag[small_bc2]),,
"332/gun//mc//c//main_cal/mount(barbette), or(tag[BB_Modern_Iowa];tag[BC_Modern];tag[small_bc2])",,"bb, bc",,4,100,gun,,mc,,c,,-0.4,-0.2,main_cal,"mount(barbette), or(tag[BB_Modern_Iowa];tag[BC_Modern];tag[small_bc2])",,
333/gun//mc/main_bc/c//main_cal/or(tag[BC_Modern]),,bc,,3,6,gun,,mc,main_bc,c,,-0.6,0.6,main_cal,or(tag[BC_Modern]),,
334/funnel///////or(tag[BC_Modern];tag[BC_Modern_Japan]),,bc,,1,2,funnel,,,,,,-0.1,0.1,,or(tag[BC_Modern];tag[BC_Modern_Japan]),,
335/gun//mc/main_center/c//main_cal/or(tag[BC_Modern];tag[BC_Modern_Japan]),,bc,,4,8,gun,,mc,main_center,c,,-0.6,0.6,main_cal,or(tag[BC_Modern];tag[BC_Modern_Japan]),,
336/barbette//b/main_super/c///and(tag[g4];!tag[BB_Modern_Iowa];!tag[BC_Modern];!tag[No_Barb]),,"bb, bc",,1,1,barbette,,b,main_super,c,,0.1,0.5,,and(tag[g4];!tag[BB_Modern_Iowa];!tag[BC_Modern];!tag[No_Barb]),,
337/barbette//b/main_super/c///or(tag[BB_USA2]),,"bb, bc",,1,1,barbette,,b,main_super,c,,0.1,0.5,,or(tag[BB_USA2]),,
338/barbette///sec_super_high/c///and(!tag[g2];!tag[small_bc2]),0,"bb, bc",50,1,2,barbette,,,sec_super_high,c,,-0.8,0.6,,and(!tag[g2];!tag[small_bc2]),,
"339/gun//mc/main_center/c//main_cal/mount(barbette), or(tag[BB_USA];tag[BB_USA2])",,bb,,1,5,gun,,mc,main_center,c,,-0.6,0.85,main_cal,"mount(barbette), or(tag[BB_USA];tag[BB_USA2])",,
340/tower_main///////or(tag[BB_USA];tag[BB_USA2]),,"bb, bc",,1,1,tower_main,,,,,,0.01,0.7,,or(tag[BB_USA];tag[BB_USA2]),,
341/barbette//d/sec_super_high/c///or(tag[BB_Modern_Iowa]),0,"bb, bc",,1,1,barbette,,d,sec_super_high,c,,-0.6,0.6,,or(tag[BB_Modern_Iowa]),,
342/gun//sc1//c//sec_cal/mount(barbette),,"bb, bc",,2,100,gun,,sc1,,c,,-1,1,sec_cal,mount(barbette),,
"343/gun//mc/no_quad/c//main_cal/mount(barbette), and(tag[g4];!tag[BB_Modern_Iowa];!tag[BC_Modern];!tag[No_Barb])",,"bb, bc",,1,1,gun,,mc,no_quad,c,,-0.01,0.7,main_cal,"mount(barbette), and(tag[g4];!tag[BB_Modern_Iowa];!tag[BC_Modern];!tag[No_Barb])",,
344/tower_main///////and(tag[g4];!tag[BB_Modern_Iowa];!tag[BC_Modern]),,"bb, bc",,1,1,tower_main,,,,,,0.01,0.35,,and(tag[g4];!tag[BB_Modern_Iowa];!tag[BC_Modern]),,
345/barbette///////delete_unmounted,0,"bb, bc",,1,2,barbette,,,,,,-1,1,,delete_unmounted,,
346/gun//mc/main_center/c//main_cal/and(tag[g4]),,bb,,1,5,gun,,mc,main_center,c,,-0.01,0.7,main_cal,and(tag[g4]),,
347/barbette//b/main_super/c///and(tag[g4];!tag[No_Barb]),,bb,,1,1,barbette,,b,main_super,c,,-0.5,-0.2,,and(tag[g4];!tag[No_Barb]),,
348/gun//mc/main_center/c//main_cal/and(tag[BB_Modern]),,bb,25,1,5,gun,,mc,main_center,c,,-0.7,0.01,main_cal,and(tag[BB_Modern]),,
349/tower_sec///big_sec////and(tag[g4];!tag[BC_Modern_Japan]),,"bb, bc",,1,1,tower_sec,,,big_sec,,,-0.2,0.15,,and(tag[g4];!tag[BC_Modern_Japan]),,
350/gun//mc/main_center_big/c//main_cal/and(tag[BB_Modern]),,bb,,3,5,gun,,mc,main_center_big,c,,-0.25,0.7,main_cal,and(tag[BB_Modern]),,
351/funnel///////and(tag[g4]),,bb,,1,2,funnel,,,,,,-0.1,0.1,,and(tag[g4]),,
352/tower_sec///////and(tag[g4]),,"bb, bc",,1,1,tower_sec,,,,,,-0.25,0.01,,and(tag[g4]),,
353/barbette//b/main_super/c///and(tag[barbette_need]),,"bb, bc",,1,1,barbette,,b,main_super,c,,-0.4,-0.2,,and(tag[barbette_need]),,
"354/gun//mc/main_g3/c//main_cal/mount(barbette), and(tag[barbette_need])",,"bb, bc",,2,20,gun,,mc,main_g3,c,,-0.4,0.4,main_cal,"mount(barbette), and(tag[barbette_need])",,
355/barbette//b/main_super/c///and(tag[g3]),,"bb, bc",,1,1,barbette,,b,main_super,c,,0.25,0.45,,and(tag[g3]),,
"356/gun//mc/main_g3/c//main_cal/mount(barbette), and(tag[g3])",,"bb, bc",,2,20,gun,,mc,main_g3,c,,-1,1,main_cal,"mount(barbette), and(tag[g3])",,
"357/gun//mc/main_center/c//main_cal/mount(barbette), and(tag[g3])",,"bb, bc",,2,20,gun,,mc,main_center,c,,-1,1,main_cal,"mount(barbette), and(tag[g3])",,
358/gun//mc/main_g3/c//main_cal/and(tag[g3]),,"bb, bc",,1,1,gun,,mc,main_g3,c,,0.45,0.6,main_cal,and(tag[g3]),,
359/tower_main///////and(tag[g3]),,"bb, bc",,1,1,tower_main,,,,,,0.1,0.3,,and(tag[g3]),,
360/tower_sec///////and(tag[g3]),,"bb, bc",,1,1,tower_sec,,,,,,-0.2,0.1,,and(tag[g3]),,
361/barbette//b/main_super/c///and(tag[g3]),,"bb, bc",,1,1,barbette,,b,main_super,c,,-0.4,-0.1,,and(tag[g3]),,
"362/gun//mc/main_g3/c//main_cal/mount(barbette), and(tag[g3])",,"bb, bc",,2,20,gun,,mc,main_g3,c,,-0.4,-0.1,main_cal,"mount(barbette), and(tag[g3])",,
363/gun//mc/main_g3/c//main_cal/and(tag[g3]),,"bb, bc",,1,1,gun,,mc,main_g3,c,,-0.6,-0.4,main_cal,and(tag[g3]),,
364/tower_main///////and(!tag[g4]),,"bb, bc",,1,1,tower_main,,,,,,0.1,0.3,,and(!tag[g4]),,
365/funnel///////and(tag[g3]),,"bb, bc",,1,2,funnel,,,,,,-0.01,0.2,,and(tag[g3]),,
366/gun//mc/main_g3/c//main_cal/and(tag[g3]),,"bb, bc",,1,2,gun,,mc,main_g3,c,,-0.6,-0.4,main_cal,and(tag[g3]),,
367/gun//mc/main_g3/c//main_cal/and(tag[g3]),,"bb, bc",,2,3,gun,,mc,main_g3,c,,0.4,0.6,main_cal,and(tag[g3]),,
368/gun//mc/main_center/c//main_cal/mount(barbette),,"bb, bc",,2,100,gun,,mc,main_center,c,,-1,1,main_cal,mount(barbette),,
369/barbette///main_super////delete_unmounted,0,"bb, bc",,1,2,barbette,,,main_super,,,-1,1,,delete_unmounted,,
370/gun//mc/main_center/c//main_cal/and(tag[g4];tag[barbette_need];tag[No_Barb]),,"bb, bc",,4,6,gun,,mc,main_center,c,,-0.6,0.6,main_cal,and(tag[g4];tag[barbette_need];tag[No_Barb]),,
371/gun//mc/main_center/c//main_cal/and(tag[g4]),,"bb, bc",,1,5,gun,,mc,main_center,c,,-0.5,0.5,main_cal,and(tag[g4]),,
372/gun//mc/main_center/c//main_cal/and(tag[BB_Modern]),,"bb, bc",100,4,6,gun,,mc,main_center,c,,-0.5,0.7,main_cal,and(tag[BB_Modern]),,
373/barbette//b/main_super/c///and(tag[g3]),,bc,,1,2,barbette,,b,main_super,c,,0.25,0.6,,and(tag[g3]),,
374/gun//mc/main_center/c//main_cal/mount(barbette),,bc,,1,5,gun,,mc,main_center,c,,-1,1,main_cal,mount(barbette),,
375/gun//mc/main_center/c//main_cal/or(tag[g3];tag[g4]),,bc,,1,5,gun,,mc,main_center,c,,0.5,0.7,main_cal,or(tag[g3];tag[g4]),,
376/barbette//b/main_super/c///and(tag[g3]),,bc,,1,1,barbette,,b,main_super,c,,-0.55,-0.15,,and(tag[g3]),,
377/barbette///sec_super_high/c///and(!tag[g2]),0,"bb, bc",50,1,2,barbette,,,sec_super_high,c,,-0.6,0.6,,and(!tag[g2]),,
378/barbette///sec_super_high/c///and(!tag[g2]),0,"bb, bc",,1,2,barbette,,,sec_super_high,c,,-0.6,0.6,,and(!tag[g2]),,
379/gun//mc/main_center/c//main_cal/mount(barbette),,bc,,1,5,gun,,mc,main_center,c,,-1,1,main_cal,mount(barbette),,
381/funnel///////and(tag[Cross_Deck_Guns]),,"bb, bc",,1,2,funnel,,,,,,-0.1,0.6,,and(tag[Cross_Deck_Guns]),,
382/gun/p/ms/small_side//s/main_cal/and(tag[Cross_Deck_Guns]),,"bb, bc",,2,4,gun,p,ms,small_side,,s,-0.35,0.35,main_cal,and(tag[Cross_Deck_Guns]),,
383/tower_sec///////and(tag[Cross_Deck_Guns]),,"bb, bc",,1,1,tower_sec,,,,,,-0.3,0.01,,and(tag[Cross_Deck_Guns]),,
384/gun//mc/small_center/c//main_cal/and(tag[Cross_Deck_Guns]),,"bb, bc",,1,1,gun,,mc,small_center,c,,-0.01,1,main_cal,and(tag[Cross_Deck_Guns]),,
385/gun//mc/small_center/c//main_cal/and(tag[Cross_Deck_Guns]),,"bb, bc",,1,1,gun,,mc,small_center,c,,-0.7,0.01,main_cal,and(tag[Cross_Deck_Guns]),,
386/gun/p/ms/small_side//s/main_cal/and(tag[Cross_Deck_Guns]),,"bb, bc",,4,4,gun,p,ms,small_side,,s,-0.35,0.35,main_cal,and(tag[Cross_Deck_Guns]),,
387/tower_main///////and(tag[Cross_Deck_Guns]),,"bb, bc",,1,1,tower_main,,,,,,0.01,0.4,,and(tag[Cross_Deck_Guns]),,
388/gun/p/ms/small_side//s/main_cal/and(tag[Cross_Deck_Guns]),,"bb, bc",,2,100,gun,p,ms,small_side,,s,-0.45,0.45,main_cal,and(tag[Cross_Deck_Guns]),,
"389/gun/p/cas///s/ter_cal, casemate/and(tag[Cross_Deck_Guns])",,"bb, bc",100,8,100,gun,p,cas,,,s,-1,1,"ter_cal, casemate",and(tag[Cross_Deck_Guns]),,
390/gun/p/ms/small_side//s/main_cal/and(tag[Cross_Deck_Guns]),,"bb, bc",,4,4,gun,p,ms,small_side,,s,-0.35,0.35,main_cal,and(tag[Cross_Deck_Guns]),,
391/gun/p/ms/main_side//s/main_cal/or(tag[g2];!zero[use_main_side_guns]),,"bb, bc",,2,4,gun,p,ms,main_side,,s,-0.3,0.42,main_cal,or(tag[g2];!zero[use_main_side_guns]),,
392/gun/p/ms/main_side//s/main_cal/or(tag[g2];!zero[use_main_side_guns]),,"bb, bc",,2,4,gun,p,ms,main_side,,s,-0.5,0.42,main_cal,or(tag[g2];!zero[use_main_side_guns]),,
393/funnel///////and(tag[Small_Foredeck]),,"bb, bc",,2,2,funnel,,,,,,-0.1,0.1,,and(tag[Small_Foredeck]),,
394/gun//mc//c//main_cal/and(tag[Small_Foredeck]),,"bb, bc",,1,2,gun,,mc,,c,,-0.75,0.01,main_cal,and(tag[Small_Foredeck]),,
395/barbette//b/main_super/c///or(tag[BB_USA];tag[BB_USA2]),,bb,,1,1,barbette,,b,main_super,c,,0.2,0.55,,or(tag[BB_USA];tag[BB_USA2]),,
"396/gun//mc/main_center/c//main_cal/mount(barbette), or(tag[BB_USA];tag[BB_USA2])",,bb,,1,100,gun,,mc,main_center,c,,-0.8,0.85,main_cal,"mount(barbette), or(tag[BB_USA];tag[BB_USA2])",,
397/barbette//b/main_super/c///and(!tag[g3];!tag[No_Barb]),,"bb, bc",,1,2,barbette,,b,main_super,c,,-0.01,1,,and(!tag[g3];!tag[No_Barb]),,
398/barbette//b/main_super/c///and(!tag[g3];!tag[No_Barb]),,"bb, bc",,1,2,barbette,,b,main_super,c,,-1,0.01,,and(!tag[g3];!tag[No_Barb]),,
"399/gun//mc/main_center/c//main_cal/mount(barbette), and(!tag[g3])",,"bb, bc",,2,100,gun,,mc,main_center,c,,-1,1,main_cal,"mount(barbette), and(!tag[g3])",,
400/funnel///////and(tag[B_Agamemnon]),,"bb, bc",,2,3,funnel,,,,,,-0.1,0.1,,and(tag[B_Agamemnon]),,
401/gun//mc/main_center/c//main_cal/or(tag[B_Agamemnon];tag[B_Brandenburg]),,bb,,1,5,gun,,mc,main_center,c,,0.3,0.6,main_cal,or(tag[B_Agamemnon];tag[B_Brandenburg]),,
402/gun//mc/main_center/c//main_cal/or(tag[B_Agamemnon];tag[B_Brandenburg]),,bb,,1,5,gun,,mc,main_center,c,,-0.3,-0.6,main_cal,or(tag[B_Agamemnon];tag[B_Brandenburg]),,
403/gun//mc2/main_center/c//main_cal/or(tag[B_Brandenburg]),,bb,75,1,2,gun,,mc2,main_center,c,,-0.8,0.6,main_cal,or(tag[B_Brandenburg]),,
404/gun/p/mc2/main_agamemnon_single//s/main_cal/or(tag[B_Brandenburg]),,bb,60,4,4,gun,p,mc2,main_agamemnon_single,,s,-0.45,0.45,main_cal,or(tag[B_Brandenburg]),,
405/gun/p/mc3/main_agamemnon//s/main_cal/or(tag[B_Brandenburg]),,bb,35,2,4,gun,p,mc3,main_agamemnon,,s,-0.45,0.45,main_cal,or(tag[B_Brandenburg]),,
406/gun/p/mc4/main_side//s/main_cal/or(tag[B_Agamemnon]),,bb,50,2,4,gun,p,mc4,main_side,,s,-0.4,0.4,main_cal,or(tag[B_Agamemnon]),,
407/gun/p/mc2/main_agamemnon_single//s/main_cal/or(tag[B_Agamemnon]),,bb,,2,4,gun,p,mc2,main_agamemnon_single,,s,-0.2,0.2,main_cal,or(tag[B_Agamemnon]),,
408/gun/p/mc3/main_agamemnon//s/main_cal/or(tag[B_Agamemnon]),,bb,,2,4,gun,p,mc3,main_agamemnon,,s,-0.4,0.4,main_cal,or(tag[B_Agamemnon]),,
409/gun//mc/main_center/c//main_cal/and(tag[BB_Flat]),0,"bb, bc",,4,7,gun,,mc,main_center,c,,-0.8,0.7,main_cal,and(tag[BB_Flat]),,
410/gun//mc/main_center/c//main_cal/and(tag[BB_Flat]),0,"bb, bc",,4,7,gun,,mc,main_center,c,,-0.8,0.75,main_cal,and(tag[BB_Flat]),,
411/gun//mc/main_center/c//main_cal/or(tag[g2]),,"bb, bc",,1,5,gun,,mc,main_center,c,,0.5,0.7,main_cal,or(tag[g2]),,
412/barbette//b/main_super/c///or(tag[g2];tag[bc];tag[BB_Flat];tag[BB_Flat2];tag[BB_Super]),,"bb, bc",,1,1,barbette,,b,main_super,c,,0.2,0.6,,or(tag[g2];tag[bc];tag[BB_Flat];tag[BB_Flat2];tag[BB_Super]),,
413/gun//mc/main_center/c//main_cal/or(tag[g2];tag[bc];tag[BB_Flat];tag[BB_Flat2];tag[BB_Super]),,"bb, bc",,1,5,gun,,mc,main_center,c,,0.01,1,main_cal,or(tag[g2];tag[bc];tag[BB_Flat];tag[BB_Flat2];tag[BB_Super]),,
414/gun//mc/main_center/c//main_cal/or(tag[g2];tag[bc];tag[BB_Flat];tag[BB_Flat2];tag[BB_Super]),,"bb, bc",,1,5,gun,,mc,main_center,c,,0.01,1,main_cal,or(tag[g2];tag[bc];tag[BB_Flat];tag[BB_Flat2];tag[BB_Super]),,
415/gun//mc/main_center/c//main_cal/or(tag[g2];tag[bc];tag[BB_Flat]),,"bb, bc",,1,5,gun,,mc,main_center,c,,-1,-0.01,main_cal,or(tag[g2];tag[bc];tag[BB_Flat]),,
416/barbette///////delete_unmounted,0,"bb, bc",,1,1,barbette,,,,,,-1,1,,delete_unmounted,,
417/gun/p/ms/main_side//s/main_cal/or(tag[g2];!zero[use_main_side_guns]),,"bb, bc",,2,2,gun,p,ms,main_side,,s,-0.3,0.42,main_cal,or(tag[g2];!zero[use_main_side_guns]),,
418/gun//mc/main_center/c//main_cal/or(tag[g2];tag[bc];tag[BB_Flat]),,"bb, bc",,2,4,gun,,mc,main_center,c,,-0.8,0.8,main_cal,or(tag[g2];tag[bc];tag[BB_Flat]),,
419/gun//mc/main_center/c//main_cal/and(tag[BB_Flat]),,"bb, bc",,1,3,gun,,mc,main_center,c,,-0.8,0.7,main_cal,and(tag[BB_Flat]),,
420/gun/p/ms/main_side//s/main_cal/or(tag[g2];!zero[use_main_side_guns]),,"bb, bc",50,2,100,gun,p,ms,main_side,,s,-0.3,0.42,main_cal,or(tag[g2];!zero[use_main_side_guns]),,
421/gun/p/ms/main_side//s/main_cal/or(tag[g2];!zero[use_main_side_guns]),,"bb, bc",50,2,100,gun,p,ms,main_side,,s,-0.5,0.42,main_cal,or(tag[g2];!zero[use_main_side_guns]),,
422/gun//mc/main_center/c//main_cal/or(tag[g2]),,"bb, bc",,1,5,gun,,mc,main_center,c,,-0.7,0.7,main_cal,or(tag[g2]),,
423/gun//mc/main_center/c//main_cal/or(tag[g2]),,"bb, bc",,1,5,gun,,mc,main_center,c,,-0.7,-0.3,main_cal,or(tag[g2]),,
424/gun/p/ms/main_side//s/main_cal/or(tag[g2]),,"bb, bc",,2,100,gun,p,ms,main_side,,s,-0.35,0.35,main_cal,or(tag[g2]),,
425/gun/p/ms/small_side//s/main_cal/or(tag[g2]),,"bb, bc",,4,4,gun,p,ms,small_side,,s,-0.35,0.35,main_cal,or(tag[g2]),,
426/gun//mc/main_center/c//main_cal/and(tag[BB_Flat]),0,"bb, bc",,1,3,gun,,mc,main_center,c,,-0.6,0.6,main_cal,and(tag[BB_Flat]),,
427/tower_main///////and(!tag[g4]),,"bb, bc",,1,1,tower_main,,,,,,0.1,0.3,,and(!tag[g4]),,
428/tower_sec///////and(!tag[g4]),,"bb, bc",,1,1,tower_sec,,,,,,-0.25,0.01,,and(!tag[g4]),,
429/funnel///////and(!tag[g4]),,bb,,1,2,funnel,,,,,,-0.01,0.2,,and(!tag[g4]),,
430/gun/p/ms/small_side//s/main_cal/and(tag[g2]),,"bb, bc",,4,4,gun,p,ms,small_side,,s,-0.35,0.35,main_cal,and(tag[g2]),,
431/funnel///////and(!tag[g4]),,bb,,1,2,funnel,,,,,,-0.1,0.2,,and(!tag[g4]),,
432/funnel///////and(!tag[g4]),,bc,,1,2,funnel,,,,,,-0.1,0.2,,and(!tag[g4]),,
433/gun/p/ms/small_side//s/main_cal/and(tag[g2]),,"bb, bc",,4,4,gun,p,ms,small_side,,s,-0.35,0.35,main_cal,and(tag[g2]),,
434/gun/p/ms/main_side//s/main_cal/or(tag[g2]),,"bb, bc",,2,100,gun,p,ms,main_side,,s,-0.35,0.35,main_cal,or(tag[g2]),,
435/barbette//b/main_super/c///and(!tag[g3];!tag[No_Barb]),,"bb, bc",,1,2,barbette,,b,main_super,c,,-0.6,0.6,,and(!tag[g3];!tag[No_Barb]),,
436/barbette///sec_super_high/c///,0,"bb, bc",,1,2,barbette,,,sec_super_high,c,,-0.6,0.6,,,,
437/gun//mc/main_center/c//main_cal/and(tag[B_Brandenburg]),,"bb, bc",,1,25,gun,,mc,main_center,c,,0.5,0.75,main_cal,and(tag[B_Brandenburg]),,
438/gun//mc/main_center/c//main_cal/and(tag[B_Brandenburg]),,"bb, bc",,1,25,gun,,mc,main_center,c,,-0.7,-0.4,main_cal,and(tag[B_Brandenburg]),,
439/gun//mc/main_center/c//main_cal/!mount(barbette),,"bb, bc",,2,25,gun,,mc,main_center,c,,-1,1,main_cal,!mount(barbette),,
440/gun//mc/main_center/c//main_cal/mount(barbette),,"bb, bc",,2,100,gun,,mc,main_center,c,,-1,1,main_cal,mount(barbette),,
441/gun//mc/main_center/c//main_cal/or(tag[g3];tag[g4]),,"bb, bc",,1,25,gun,,mc,main_center,c,,-1,1,main_cal,or(tag[g3];tag[g4]),,
442/gun//mc/main_center/c//main_cal/or(tag[g3];tag[g4]),,"bb, bc",,1,25,gun,,mc,main_center,c,,-1,1,main_cal,or(tag[g3];tag[g4]),,
443/gun//mc/main_center/c//main_cal/!mount(barbette),,"bb, bc",,1,25,gun,,mc,main_center,c,,-1,1,main_cal,!mount(barbette),,
444/gun//mc/main_center/c//main_cal/!mount(barbette),,"bb, bc",,1,25,gun,,mc,main_center,c,,-1,1,main_cal,!mount(barbette),,
445/gun//mc/main_center/c//main_cal/!mount(barbette),,"bb, bc",,1,25,gun,,mc,main_center,c,,-1,1,main_cal,!mount(barbette),,
446/gun//mc/main_center/c//main_cal/mount(barbette),,"bb, bc",,2,100,gun,,mc,main_center,c,,-1,1,main_cal,mount(barbette),,
447/gun//mc/main_center/c//main_cal/,,"bb, bc",,1,5,gun,,mc,main_center,c,,-0.8,-0.5,main_cal,,,
448/gun//mc/main_center/c//main_cal/,,"bb, bc",,1,5,gun,,mc,main_center,c,,0.5,0.8,main_cal,,,
449/gun//sc1//c//sec_cal/mount(barbette),,"bb, bc",,2,100,gun,,sc1,,c,,-1,1,sec_cal,mount(barbette),,
450/gun//sc2//c//sec_cal/mount(barbette),,"bb, bc",,2,100,gun,,sc2,,c,,-1,1,sec_cal,mount(barbette),,
451/barbette///////delete_unmounted,0,"bb, bc",,1,2,barbette,,,,,,-1,1,,delete_unmounted,,
452/barbette///sec_super_high/c///or(tag[g3];tag[g4]),,"bb, bc",,1,2,barbette,,,sec_super_high,,s,-0.4,0.4,,or(tag[g3];tag[g4]),,
"453/gun//c1//c//sec_cal/mount(barbette), or(tag[g3];tag[g4])",,"bb, bc",,2,100,gun,p,c1,,,s,-0.4,0.4,sec_cal,"mount(barbette), or(tag[g3];tag[g4])",,
454/funnel///////,,"bb, bc",,1,1,funnel,,,,,,-0.2,0.2,,,,
455/barbette/p//sec_super_side//s//and(!tag[g2]),,"bb, bc",33,1,2,barbette,p,,sec_super_side,,s,-0.2,0.2,,and(!tag[g2]),,
"456/gun//c1//c//sec_cal/mount(barbette), or(tag[French_Fast_BB];tag[Nelson];tag[g3];tag[g4])",,"bb, bc",,4,6,gun,,c1,,c,,-0.3,0.3,sec_cal,"mount(barbette), or(tag[French_Fast_BB];tag[Nelson];tag[g3];tag[g4])",,
1002/gun//mc/main_center/c//main_cal/,,bb,,1,4,gun,,mc,main_center,c,,-0.9,0.9,main_cal,,,
457/gun/p/c1///s/sec_cal/or(tag[French_Style_Quads]),,"bb, bc",,18,100,gun,p,c1,,,s,-0.2,0.2,sec_cal,or(tag[French_Style_Quads]),,
458/gun/p/c1///s/sec_cal/mount(tower_main),,"bb, bc",,24,100,gun,p,c1,,,s,-1,1,sec_cal,mount(tower_main),,
459/gun/p/c1///s/sec_cal/mount(tower_sec),,"bb, bc",,24,100,gun,p,c1,,,s,-1,1,sec_cal,mount(tower_sec),,
460/gun//c1//c//sec_cal/mount(tower_main),,"bb, bc",,24,100,gun,,c1,,c,,-1,1,sec_cal,mount(tower_main),,
461/gun//c1//c//sec_cal/mount(tower_sec),,"bb, bc",,24,100,gun,,c1,,c,,-1,1,sec_cal,mount(tower_sec),,
462/gun//c2//c//sec_cal/mount(tower_sec),,"bb, bc",,24,100,gun,,c2,,c,,-1,1,sec_cal,mount(tower_sec),,
463/gun/p/c1///s/sec_cal/or(tag[French_Style_Quads];tag[BB_Modern];tag[BB_Modern_Iowa];tag[BC_Modern];tag[BC_Modern_Japan];tag[barbette_need];tag[BB_Modern_Germany];tag[No_Barb];tag[typical_modern];tag[typical_modern2];tag[Typical_Modern2_BB];tag[Nelson];tag[BC_ForeCastle];tag[Mixed_Quads];tag[BB_Fuso]),,"bb, bc",,12,32,gun,p,c1,,,s,-0.3,0.3,sec_cal,or(tag[French_Style_Quads];tag[BB_Modern];tag[BB_Modern_Iowa];tag[BC_Modern];tag[BC_Modern_Japan];tag[barbette_need];tag[BB_Modern_Germany];tag[No_Barb];tag[typical_modern];tag[typical_modern2];tag[Typical_Modern2_BB];tag[Nelson];tag[BC_ForeCastle];tag[Mixed_Quads];tag[BB_Fuso]),,
464/gun/p/c2///s/ter_cal/or(tag[French_Style_Quads];tag[BB_Modern];tag[BB_Modern_Iowa];tag[BC_Modern];tag[BC_Modern_Japan];tag[barbette_need];tag[BB_Modern_Germany];tag[No_Barb];tag[typical_modern];tag[typical_modern2];tag[Typical_Modern2_BB];tag[Nelson];tag[BC_ForeCastle];tag[Mixed_Quads];tag[BB_Fuso]),,"bb, bc",,32,64,gun,p,c2,,,s,-0.3,0.3,ter_cal,or(tag[French_Style_Quads];tag[BB_Modern];tag[BB_Modern_Iowa];tag[BC_Modern];tag[BC_Modern_Japan];tag[barbette_need];tag[BB_Modern_Germany];tag[No_Barb];tag[typical_modern];tag[typical_modern2];tag[Typical_Modern2_BB];tag[Nelson];tag[BC_ForeCastle];tag[Mixed_Quads];tag[BB_Fuso]),,
465/gun/p/c3///s/ter_cal/or(tag[French_Style_Quads];tag[BB_Modern];tag[BB_Modern_Iowa];tag[BC_Modern];tag[BC_Modern_Japan];tag[barbette_need];tag[BB_Modern_Germany];tag[No_Barb];tag[typical_modern];tag[typical_modern2];tag[Typical_Modern2_BB];tag[Nelson];tag[BC_ForeCastle];tag[Mixed_Quads];tag[BB_Fuso]),,"bb, bc",,64,128,gun,p,c3,,,s,-0.3,0.3,ter_cal,or(tag[French_Style_Quads];tag[BB_Modern];tag[BB_Modern_Iowa];tag[BC_Modern];tag[BC_Modern_Japan];tag[barbette_need];tag[BB_Modern_Germany];tag[No_Barb];tag[typical_modern];tag[typical_modern2];tag[Typical_Modern2_BB];tag[Nelson];tag[BC_ForeCastle];tag[Mixed_Quads];tag[BB_Fuso]),,
466/gun/p/small1/dual_tertiary///ter_cal/or(tag[French_Style_Quads];tag[BB_Modern];tag[BB_Modern_Iowa];tag[BC_Modern];tag[BC_Modern_Japan];tag[barbette_need];tag[BB_Modern_Germany];tag[No_Barb];tag[typical_modern];tag[typical_modern2];tag[Typical_Modern2_BB];tag[Nelson];tag[BC_ForeCastle];tag[Mixed_Quads];tag[BB_Fuso]),,"bb, bc",,12,128,gun,p,small1,dual_tertiary,,,-0.5,0.5,ter_cal,or(tag[French_Style_Quads];tag[BB_Modern];tag[BB_Modern_Iowa];tag[BC_Modern];tag[BC_Modern_Japan];tag[barbette_need];tag[BB_Modern_Germany];tag[No_Barb];tag[typical_modern];tag[typical_modern2];tag[Typical_Modern2_BB];tag[Nelson];tag[BC_ForeCastle];tag[Mixed_Quads];tag[BB_Fuso]),,
467/gun/p/small2/single_tertiary///ter_cal/or(tag[French_Style_Quads];tag[BB_Modern];tag[BB_Modern_Iowa];tag[BC_Modern];tag[BC_Modern_Japan];tag[barbette_need];tag[BB_Modern_Germany];tag[No_Barb];tag[typical_modern];tag[typical_modern2];tag[Typical_Modern2_BB];tag[Nelson];tag[BC_ForeCastle];tag[Mixed_Quads];tag[BB_Fuso]),,"bb, bc",,12,128,gun,p,small2,single_tertiary,,,-0.5,0.5,ter_cal,or(tag[French_Style_Quads];tag[BB_Modern];tag[BB_Modern_Iowa];tag[BC_Modern];tag[BC_Modern_Japan];tag[barbette_need];tag[BB_Modern_Germany];tag[No_Barb];tag[typical_modern];tag[typical_modern2];tag[Typical_Modern2_BB];tag[Nelson];tag[BC_ForeCastle];tag[Mixed_Quads];tag[BB_Fuso]),,
468/gun/p/c1///s/sec_cal/mount(barbette),,"bb, bc",,4,8,gun,p,c1,,,s,-1,1,sec_cal,mount(barbette),,
469/gun/p/c2///s/ter_cal/mount(barbette),,"bb, bc",,4,16,gun,p,c2,,,s,-1,1,ter_cal,mount(barbette),,
470/gun/p/c3///s/ter_cal/mount(barbette),,"bb, bc",,4,24,gun,p,c3,,,s,-1,1,ter_cal,mount(barbette),,
471/gun/p/c4///s/sec_cal/mount(barbette),,"bb, bc",,4,32,gun,p,c4,,,s,-1,1,sec_cal,mount(barbette),,
472/gun/p/c5///s/ter_cal/mount(barbette),,"bb, bc",,4,64,gun,p,c5,,,s,-1,1,ter_cal,mount(barbette),,
"473/gun//sc1//c//sec_cal/mount(barbette), or(tag[g2];tag[g3];tag[g4])",,"bb, bc",,4,128,gun,,sc1,,c,,-1,1,sec_cal,"mount(barbette), or(tag[g2];tag[g3];tag[g4])",,
"474/gun//c2//c//ter_cal/mount(barbette), or(tag[g2];tag[g3];tag[g4])",,"bb, bc",,4,128,gun,,c2,,c,,-1,1,ter_cal,"mount(barbette), or(tag[g2];tag[g3];tag[g4])",,
475/gun//c1//p//sec_cal/mount(funnel),,"bb, bc",,8,100,gun,p,c1,,,s,-1,1,sec_cal,mount(funnel),,
476/barbette///////delete_unmounted,0,"bb, bc",,1,2,barbette,,,,,,-1,1,,delete_unmounted,,
477/gun//mc/main_center//c/main_cal/or(tag[old_predread]),,bb,,1,5,gun,,mc,main_center,,c,0.4,1,main_cal,or(tag[old_predread]),,
478/gun//mc/main_center//c/main_cal/or(tag[old_predread]),,bb,,1,5,gun,,mc,main_center,,c,-1,-0.2,main_cal,or(tag[old_predread]),,
479/gun/p/mc2/single_side//s/main_cal/or(tag[old_predread]),,bb,66,2,6,gun,p,mc2,single_side,,s,-0.8,0.8,main_cal,or(tag[old_predread]),,
480/gun/p/ms/main_side//s/main_cal/or(tag[old_predread]),,bb,,2,6,gun,p,ms,main_side,,s,-0.8,0.8,main_cal,or(tag[old_predread]),,
481/gun/p/c1///s/sec_cal/or(tag[old_predread]),,bb,,12,32,gun,p,c1,,,s,-0.9,0.9,sec_cal,or(tag[old_predread]),,
482/gun/p/c1///s/sec_cal/or(tag[old_predread]),,bb,,12,32,gun,p,c1,,,s,-0.9,0.9,sec_cal,or(tag[old_predread]),,
483/gun/p/c2///s/sec_cal/or(tag[old_predread]),,bb,,12,32,gun,p,c2,,,s,-0.9,0.9,sec_cal,or(tag[old_predread]),,
484/gun/p/c2///s/sec_cal/or(tag[old_predread];tag[g1]),,bb,,12,32,gun,p,c2,,,s,-0.9,0.9,sec_cal,or(tag[old_predread];tag[g1]),,
"485/gun/p/c3///s/sec_cal, casemate/or(tag[old_predread];tag[g1])",,bb,100,6,100,gun,p,c3,,,s,-1,1,"sec_cal, casemate",or(tag[old_predread];tag[g1]),,
"486/gun/p/c3///s/ter_cal, casemate/or(tag[old_predread];tag[g1])",,bb,100,6,100,gun,p,c3,,,s,-1,1,"ter_cal, casemate",or(tag[old_predread];tag[g1]),,
"487/gun/p/c3///s/ter_cal, casemate/or(tag[old_predread];tag[g1])",,bb,100,6,100,gun,p,c3,,,s,-1,1,"ter_cal, casemate",or(tag[old_predread];tag[g1]),,
488/gun/p/ms/main_side//s/main_cal/or(tag[g1];tag[g2];!zero[use_main_side_guns]),,bc,,2,6,gun,p,ms,main_side,,s,-0.01,0.3,main_cal,or(tag[g1];tag[g2];!zero[use_main_side_guns]),,
489/gun/p/ms/main_side//s/main_cal/or(tag[g1];tag[g2];!zero[use_main_side_guns]),,bb,,2,6,gun,p,ms,main_side,,s,-0.35,0.3,main_cal,or(tag[g1];tag[g2];!zero[use_main_side_guns]),,
490/gun/p/c1///s/sec_cal/or(tag[g1]),,"bb, bc",,8,16,gun,p,c1,,,s,-0.9,0.9,sec_cal,or(tag[g1]),,
"491/gun/p/c1///s/sec_cal, casemate/",,"bb, bc",100,32,128,gun,p,c1,,,s,-1,1,"sec_cal, casemate",,,
"492/gun/p/c2///s/sec_cal, casemate/",,"bb, bc",100,32,128,gun,p,c2,,,s,-1,1,"sec_cal, casemate",,,
"493/gun/p/c3///s/ter_cal, casemate/",,"bb, bc",100,32,128,gun,p,c3,,,s,-1,1,"ter_cal, casemate",,,
"494/gun/p/c4///s/sec_cal, casemate/",,"bb, bc",100,32,128,gun,p,c4,,,s,-1,1,"sec_cal, casemate",,,
"495/gun/p/c5///s/ter_cal, casemate/",,"bb, bc",100,32,128,gun,p,c5,,,s,-1,1,"ter_cal, casemate",,,
496/gun/p/////ter_cal/,,"bb, bc",,16,128,gun,p,,,,,-0.9,0.9,ter_cal,,,
1005/gun/p/////ter_cal/,,"bb, bc",,16,128,gun,p,,,,s,-0.9,0.9,ter_cal,,,
497/gun//sc1//c//sec_cal/mount(barbette),,"bb, bc",,16,32,gun,,sc1,,c,,-1,1,sec_cal,mount(barbette),,
498/gun//sc1//c//sec_cal/mount(barbette),,"bb, bc",,16,128,gun,,sc1,,c,,-1,1,sec_cal,mount(barbette),,
"499/gun/p/c6///s/ter_cal, casemate/",,"bb, bc",100,32,128,gun,p,c6,,,s,-1,1,"ter_cal, casemate",,,
"500/gun/p/c7///s/sec_cal, casemate/",,"bb, bc",100,32,128,gun,p,c7,,,s,-1,1,"sec_cal, casemate",,,
501/gun/p/small3////casemate/and(tag[g1];tag[g2];tag[g3]),,"bb, bc",100,32,128,gun,p,small3,,,,-1,1,casemate,and(tag[g1];tag[g2];tag[g3]),,
502/gun/p/////casemate/and(tag[g1];tag[g2];tag[g3]),,"bb, bc",100,32,128,gun,p,,,,,-1,1,casemate,and(tag[g1];tag[g2];tag[g3]),,
503/funnel///////and(tag[BB_Modern]),,bb,,1,1,funnel,,,,,,-0.1,0.1,,and(tag[BB_Modern]),,
504/gun//mc/main_center/c//main_cal/,,"bb, bc",,1,5,gun,,mc,main_center,c,,-0.6,-0.3,main_cal,,,
505/barbette///sec_super/c///,,"bb, bc",,1,2,barbette,p,,sec_super_side,,s,-0.25,0.25,,,,
506/gun//sc1//c//sec_cal/mount(barbette),,"bb, bc",,4,16,gun,,sc1,,c,,-1,1,sec_cal,mount(barbette),,
507/gun//sc1//c//sec_cal/,,"bb, bc",,8,32,gun,p,sc1,,,s,-0.9,0.9,sec_cal,,,
508/gun//sc1//c//sec_cal/,,"bb, bc",,8,32,gun,p,sc1,,,s,-0.9,0.9,sec_cal,,,
509/gun/p/sc1///s/sec_cal/scheme(far_sides),,"bb, bc",,8,16,gun,p,sc1,,,s,-0.9,0.9,sec_cal,scheme(far_sides),,
510/gun/p/sc1///s/sec_cal/,,"bb, bc",,6,32,gun,p,sc1,,,s,-0.9,0.9,sec_cal,,,
511/gun/p/sc2///s/sec_cal/,,"bb, bc",,8,32,gun,p,sc2,,,s,-0.9,0.9,sec_cal,,,
512/gun/p/sc3///s/sec_cal/,,bb,,8,32,gun,p,sc3,,,s,-0.9,0.9,sec_cal,,,
513/gun/p/sc3///s/sec_cal/,,bc,,8,32,gun,p,sc3,,,s,-0.9,0.9,sec_cal,,,
514/gun/p/tg///s/ter_cal/,,bb,,12,36,gun,p,tg,,,s,-0.9,0.9,ter_cal,,,
515/gun//mc/main_center/c//main_cal/and(tag[g4]),,bb,,3,5,gun,,mc,main_center,c,,-0.7,0.6,main_cal,and(tag[g4]),,
"516/gun/p/mg2///s/main_cal, !casemate/",,bb,100,24,100,gun,p,mg2,,,s,-1,1,"main_cal, !casemate",or(tag[earlybb_sideguns]),,
"517/gun/p/mg3///s/main_cal, !casemate/",,bb,100,24,100,gun,p,mg3,,,s,-1,1,"main_cal, !casemate",or(tag[earlybb_sideguns]),,
"518/gun/p/mg4///s/sec_cal, !casemate/",,bb,100,24,100,gun,p,mg4,,,s,-1,1,"sec_cal, !casemate",or(tag[earlybb_sideguns]),,
"519/gun/p/mg5///s/ter_cal, !casemate/",,bb,100,24,100,gun,p,mg5,,,s,-1,1,"ter_cal, !casemate",or(tag[earlybb_sideguns]),,
520/gun/p/tg///s/ter_cal/and(!tag[g2]),,bc,50,12,24,gun,p,tg,,,s,-0.4,0.5,ter_cal,and(!tag[g2]),,
521/gun//tg//c//ter_cal/mount(barbette),,"bb, bc",,12,128,gun,,tg,,c,,-1,1,ter_cal,mount(barbette),,
522/torpedo/p////s//,0,"bb, bc",10,2,4,torpedo,p,,,,s,-0.7,0.33,,,,
"523/gun//c1//c//sec_cal/mount(barbette), or(tag[French_Fast_BB];tag[Nelson])",,"bb, bc",,4,6,gun,,c1,,c,,-0.7,0.7,sec_cal,"mount(barbette), or(tag[French_Fast_BB];tag[Nelson])",,
524/barbette///main_super////delete_unmounted,0,"bb, bc",,1,1,barbette,,,main_super,,,-1,1,,delete_unmounted,,
525/torpedo///sub_torpedo/c///,0,"bb, bc",25,2,4,torpedo,,,sub_torpedo,c,,-1,1,,,,
526/torpedo/p//sub_torpedo//s//,0,"bb, bc",25,2,8,torpedo,p,,sub_torpedo,,s,-1,1,,,,
527/barbette///////delete_unmounted,0,"bb, bc",,1,2,barbette,,,,,,-1,1,,delete_unmounted,,
528/gun//mc/main_center/c//main_cal/mount(barbette),,"bb, bc",,1,2,gun,,mc,main_center,c,,-1,1,main_cal,mount(barbette),,
1007/gun//sc1//c//sec_cal/mount(funnel),,"bb, bc",,8,32,gun,p,sc1,,,s,-1,1,sec_cal,mount(funnel),,
1008/gun//sc1//c//sec_cal/mount(funnel),,"bb, bc",,8,32,gun,,sc1,,c,,-1,1,sec_cal,mount(funnel),,
"529/gun/p/c1///s/sec_cal, casemate/",,"bb, bc",100,32,128,gun,p,c1,,,s,-1,1,"sec_cal, casemate",,,
"530/gun/p/c2///s/sec_cal, casemate/",,"bb, bc",100,32,128,gun,p,c2,,,s,-1,1,"sec_cal, casemate",,,
"531/gun/p/c3///s/ter_cal, casemate/",,"bb, bc",100,32,128,gun,p,c3,,,s,-1,1,"ter_cal, casemate",,,
"532/gun/p/sc1///s/sec_cal, casemate/",,"bb, bc",100,32,128,gun,p,sc1,,,s,-1,1,"sec_cal, casemate",,,
"533/gun/p/sc2///s/ter_cal, casemate/",,"bb, bc",100,32,128,gun,p,sc2,,,s,-1,1,"ter_cal, casemate",,,
534/barbette///////delete_unmounted,,"bb, bc",,1,2,barbette,,,,,,-1,1,,delete_unmounted,,
#,,#ca,,,,,,,,,,,,,,,
536/tower_main///////or(tag[treaty_style]),,ca,,1,2,tower_main,,,,,,0.01,1,,or(tag[treaty_style]),,
537/tower_main///////and(tag[desmoines_style]),,ca,,1,2,tower_main,,,,,,0.01,1,,and(tag[desmoines_style]),,
538/tower_main///////and(tag[Gun_Sides]),,ca,,1,2,tower_main,,,,,,0.01,1,,and(tag[Gun_Sides]),,
539/tower_main///////or(tag[Tower_Forward_Early]),,ca,,1,2,tower_main,,,,,,0.01,1,,or(tag[Tower_Forward_Early]),,
540/tower_main///////or(tag[CA_Pocket]),,ca,,1,2,tower_main,,,,,,0.01,0.35,,or(tag[CA_Pocket]),,
541/tower_sec///////or(tag[treaty_style]),,ca,,1,2,tower_sec,,,,,,-1,1,,or(tag[treaty_style]),,
542/gun//mg/main_ca/c//main_cal,,ca,,1,2,gun,,mg,supergun_ca,c,,-1,1,main_cal,,,
543/funnel///funnel_mount////or(tag[treaty_style]),,ca,,2,3,funnel,,,funnel_mount,,,-0.6,0.6,,or(tag[treaty_style]),,
"544/gun//mg/main_ca/c//main_cal/mount(barbette), or(tag[treaty_style])",,ca,,2,3,gun,,mg,main_ca,c,,-1,1,main_cal,"mount(barbette), or(tag[treaty_style])",,
545/gun//mg/main_ca/c//main_cal/or(tag[treaty_style]),,ca,,1,2,gun,,mg,main_ca,c,,-1,1,main_cal,or(tag[treaty_style]),,
546/gun/p////s//and(tag[Gun_Sides]),,ca,25,4,4,gun,p,,,,s,-1,1,,and(tag[Gun_Sides]),,
547/gun/p/ms/main_ca//s//and(tag[Gun_Sides]),,ca,,4,4,gun,p,ms,main_ca,,s,-1,1,,and(tag[Gun_Sides]),,
548/gun/p//main_ca//s//and(tag[Gun_Sides]),,ca,,2,2,gun,p,,main_ca,,s,-0.3,1,,and(tag[Gun_Sides]),,
549/gun/p//main_ca//s//and(tag[Gun_Sides]),,ca,,2,2,gun,p,,main_ca,,s,-1,0.3,,and(tag[Gun_Sides]),,
550/torpedo/p////s//or(tag[g3];tag[g4]),0,ca,,2,4,torpedo,p,,,,s,-0.65,0.25,,or(tag[g3];tag[g4]),,
551/gun//mg/main_bc_small/c//main_cal/and(tag[CA_biguns]),,ca,33,1,1,gun,,mg,main_bc_small,c,,0.65,1,main_cal,and(tag[CA_biguns]),,
552/barbette///ca_small_barb/c///or(tag[Middle_Superstructure]),,ca,,1,1,barbette,,,ca_small_barb,c,,-0.2,0.85,,or(tag[Middle_Superstructure]),,
"553/gun//mg/main_ca/c//main_cal/mount(barbette), or(tag[Middle_Superstructure])",,ca,,1,1,gun,,mg,main_ca,c,,-0.01,1,main_cal,"mount(barbette), or(tag[Middle_Superstructure])",,
554/gun//mg/main_ca/c//main_cal/or(tag[Middle_Superstructure]),,ca,,1,1,gun,,mg,main_ca,c,,0.45,0.9,main_cal,or(tag[Middle_Superstructure]),,
555/tower_main///////or(tag[Middle_Superstructure]),,ca,,1,1,tower_main,,,,,,0.01,0.6,,or(tag[Middle_Superstructure]),,
556/tower_sec///////or(tag[Middle_Superstructure]),,ca,,1,1,tower_sec,,,,,,-0.4,0.35,,or(tag[Middle_Superstructure]),,
557/funnel///funnel_mount////or(tag[Middle_Superstructure]),,ca,,1,1,funnel,,,funnel_mount,,,-0.4,0.4,,or(tag[Middle_Superstructure]),,
558/funnel///////or(tag[Middle_Superstructure]),,ca,,1,1,funnel,,,,,,-0.2,0.1,,or(tag[Middle_Superstructure]),,
559/barbette///ca_small_barb/c///or(tag[Middle_Superstructure]),,ca,,1,1,barbette,,,ca_small_barb,c,,-1,-0.4,,or(tag[Middle_Superstructure]),,
"560/gun//mg/main_ca/c//main_cal/mount(barbette), or(tag[Middle_Superstructure])",,ca,,2,1000,gun,,mg,main_ca,c,,-1,-0.4,main_cal,"mount(barbette), or(tag[Middle_Superstructure])",,
561/gun//mg/main_ca/c//main_cal/or(tag[Middle_Superstructure]),,ca,,1,1,gun,,mg,main_ca,c,,-0.8,-0.45,main_cal,or(tag[Middle_Superstructure]),,
562/tower_main///////or(tag[Tower_Forward]),,ca,,1,1,tower_main,,,,,,0.1,0.45,,or(tag[Tower_Forward]),,
563/funnel///funnel_mount////or(tag[Tower_Forward]),,ca,,1,1,funnel,,,funnel_mount,,,-0.25,0.25,,or(tag[Tower_Forward]),,
564/funnel///////or(tag[Tower_Forward]),,ca,,1,1,funnel,,,,,,-0.2,0.1,,or(tag[Tower_Forward]),,
565/tower_sec///////or(tag[Tower_Forward]),,ca,,1,1,tower_sec,,,,,,-0.4,0.25,,or(tag[Tower_Forward]),,
566/barbette//b/ca_small_barb/c///or(tag[Torpedo_Cruiser]),,ca,,1,1,barbette,,b,ca_small_barb,c,,0.3,0.55,,or(tag[Torpedo_Cruiser]),,
"567/gun//mg/main_center/c//main_cal/mount(barbette), or(tag[Tower_Forward])",,ca,25,4,4,gun,,mg,main_center,c,,-1,1,main_cal,"mount(barbette), or(tag[Tower_Forward])",,
"568/gun//mg/main_ca/c//main_cal/mount(barbette), or(tag[Tower_Forward])",,ca,,4,4,gun,,mg,main_ca,c,,-1,1,main_cal,"mount(barbette), or(tag[Tower_Forward])",,
569/gun//mg/main_ca/c//main_cal/or(tag[Super_Forward]),,ca,,4,5,gun,,mg,main_ca,c,,0.12,1,main_cal,or(tag[Super_Forward]),,
570/funnel///funnel_mount////or(tag[treaty_style]),,ca,,2,3,funnel,,,funnel_mount,,,-0.6,0.6,,or(tag[treaty_style]),,
571/gun//mg/main_spee/c//main_cal/or(tag[CA_Pocket]),,ca,100,1,1,gun,,mg,main_spee,c,,0.5,1,main_cal,or(tag[CA_Pocket]),,
572/barbette//b/ca_small_barb/c///or(tag[CA_Pocket]),,ca,100,1,1,barbette,,b,ca_small_barb,c,,0.3,0.5,,or(tag[CA_Pocket]),,
"573/gun//mg/main_center/c//main_cal/mount(barbette), or(tag[CA_Pocket])",,ca,100,3,6,gun,,mg,main_center,c,,0.3,0.5,main_cal,"mount(barbette), or(tag[CA_Pocket])",,
574/tower_main///////or(tag[CA_Pocket]),,ca,,1,1,tower_main,,,,,,0.1,0.4,,or(tag[CA_Pocket]),,
575/gun//mg/main_spee/c//main_cal/or(tag[CA_Pocket]),,ca,,1,1,gun,,mg,main_spee,c,,-1,-0.5,main_cal,or(tag[CA_Pocket]),,
576/torpedo/p//deck_torpedo//s//or(tag[CA_Pocket]),0,ca,59,2,4,torpedo,p,,deck_torpedo,,s,-1,1,,or(tag[CA_Pocket]),,
577/barbette//b/ca_small_barb/c///or(tag[Middle_SuperStructure]),,ca,,1,1,barbette,,b,ca_small_barb,c,,0.3,1,,or(tag[Middle_SuperStructure]),,
578/tower_main///////or(tag[Middle_SuperStructure]),,ca,,1,1,tower_main,,,,,,0.01,0.4,,or(tag[Middle_SuperStructure]),,
579/tower_sec///////or(tag[Middle_SuperStructure]),,ca,,1,1,tower_sec,,,,,,-0.4,-0.05,,or(tag[Middle_SuperStructure]),,
580/tower_main///////or(tag[barbette_need]),,ca,,1,1,tower_main,,,,,,0.01,0.3,,or(tag[barbette_need]),,
581/tower_sec///////or(tag[barbette_need]),,ca,,1,1,tower_sec,,,,,,-0.3,-0.1,,or(tag[barbette_need]),,
582/barbette//b/ca_small_barb/c///or(tag[barbette_need]),,ca,,1,1,barbette,,b,ca_small_barb,c,,0.01,1,,or(tag[barbette_need]),,
"583/gun//mg/main_ca/c//main_cal/mount(barbette), or(tag[Middle_SuperStructure];tag[barbette_need])",,ca,,3,6,gun,,mg,main_ca,c,,-0.01,1,main_cal,"mount(barbette), or(tag[Middle_SuperStructure];tag[barbette_need])",,
584/tower_main///////or(tag[CA_Heavy_German];tag[No_Barb];tag[CA_Late2]),,ca,,1,1,tower_main,,,,,,0.1,0.4,,or(tag[CA_Heavy_German];tag[No_Barb];tag[CA_Late2]),,
585/barbette//b/ca_small_barb/c///or(tag[barbette_need]),,ca,,1,1,barbette,,b,ca_small_barb,c,,-1,-0.3,,or(tag[barbette_need]),,
586/barbette//b/ca_small_barb/c///or(tag[Middle_SuperStructure]),,ca,,1,1,barbette,,b,ca_small_barb,c,,-1,-0.3,,or(tag[Middle_SuperStructure]),,
"587/gun//mg/main_ca/c//main_cal/mount(barbette), or(tag[Middle_SuperStructure];tag[barbette_need])",,ca,,3,6,gun,,mg,main_ca,c,,-1,0.01,main_cal,"mount(barbette), or(tag[Middle_SuperStructure];tag[barbette_need])",,
"588/gun//mg/main_ca/c//main_cal/mount(barbette), or(tag[Middle_SuperStructure];tag[barbette_need])",,ca,,3,6,gun,,mg,main_ca,c,,-1,1,main_cal,"mount(barbette), or(tag[Middle_SuperStructure];tag[barbette_need])",,
589/tower_sec///////or(tag[CA_Heavy_German];tag[No_Barb];tag[CA_Late2]),,ca,,1,1,tower_sec,,,,,,-0.4,-0.1,,or(tag[CA_Heavy_German];tag[No_Barb];tag[CA_Late2]),,
590/torpedo/p////s//or(tag[Torpedo_Cruiser]),,ca,,2,24,torpedo,p,,,,s,-0.45,0.45,,or(tag[Torpedo_Cruiser]),,
591/torpedo/p////s//or(tag[Torpedo_Cruiser]),,ca,,2,24,torpedo,p,,,,s,-0.45,0.45,,or(tag[Torpedo_Cruiser]),,
592/torpedo/p////s//or(tag[Torpedo_Cruiser]),,ca,,2,24,torpedo,p,,,,s,-0.45,0.45,,or(tag[Torpedo_Cruiser]),,
593/funnel///////or(tag[Middle_SuperStructure];tag[barbette_need]),,ca,,1,1,funnel,,,,,,-0.01,0.15,,or(tag[Middle_SuperStructure];tag[barbette_need]),,
594/funnel///////or(tag[Middle_SuperStructure];tag[barbette_need]),,ca,,1,1,funnel,,,,,,-0.01,0.15,,or(tag[Middle_SuperStructure];tag[barbette_need]),,
595/gun//mg/main_ca/c//main_cal/or(tag[Middle_SuperStructure];tag[barbette_need]),,ca,,4,6,gun,,mg,main_ca,c,,-1,1,main_cal,or(tag[Middle_SuperStructure];tag[barbette_need]),,
596/gun//mg//c//main_cal/or(tag[Middle_SuperStructure];tag[barbette_need]),,ca,,1,1,gun,,mg,,c,,-1,-0.3,main_cal,or(tag[Middle_SuperStructure];tag[barbette_need]),,
597/torpedo/p////s//or(tag[CA_Pocket]),,ca,,2,2,torpedo,p,,,,s,-1,0.01,,or(tag[CA_Pocket]),,
598/tower_main///////or(tag[CA_Heavy_Trento]),,ca,,,,tower_main,,,,,,-1,0.45,,or(tag[CA_Heavy_Trento]),,
599/tower_main///////or(tag[CA_British_Early];tag[CA_Heavy_Early]),,ca,,,,tower_main,,,,,,0.2,0.37,,or(tag[CA_British_Early];tag[CA_Heavy_Early]),,
600/tower_main///////or(tag[CutDown];tag[CA_British_Early]),,ca,,,,tower_main,,,,,,0.01,0.3,,or(tag[CutDown];tag[CA_British_Early]),,
601/funnel///thickfunnel////or(tag[Canarias];tag[Navarra2]),,ca,30,1,1,funnel,,,thickfunnel,,,-0.35,0.35,,or(tag[Canarias];tag[Navarra2]),,
602/tower_main///////or(tag[Canarias]),,ca,,,,tower_main,,,,,,-1,0.55,,or(tag[Canarias]),,
"603/gun//mg/main_ca/c//main_cal/mount(barbette), or(tag[barbette_need];tag[No_Barb])",,ca,,1,2,gun,,mg,main_ca,c,,0.4,0.9,main_cal,"mount(barbette), or(tag[barbette_need];tag[No_Barb])",,
"604/gun//mg/main_ca/c//main_cal/mount(barbette), or(tag[barbette_need];tag[No_Barb])",,ca,,1,2,gun,,mg,main_ca,c,,-0.9,-0.4,main_cal,"mount(barbette), or(tag[barbette_need];tag[No_Barb])",,
"605/gun//mg/main_ca/c//main_cal/mount(barbette), or(tag[barbette_need];tag[No_Barb];tag[Middle_SuperStructure])",,ca,,1,2,gun,,mg,main_ca,c,,-0.1,0.1,main_cal,"mount(barbette), or(tag[barbette_need];tag[No_Barb];tag[Middle_SuperStructure])",,
606/gun/p/sec1/single_sec//s/sec_cal/or(tag[CA_Pocket]),0,ca,50,8,16,gun,p,sec1,single_sec,,s,-0.45,0.35,sec_cal,or(tag[CA_Pocket]),,
607/gun/p/sec2///s//or(tag[CA_Pocket]),,ca,,8,16,gun,p,sec2,,,s,-1,0.35,,or(tag[CA_Pocket]),,
608/tower_main///////or(tag[CA_Gun_Sides];tag[CA_Gun_Sides_Few]),,ca,,,,tower_main,,,,,,0.1,0.35,,or(tag[CA_Gun_Sides];tag[CA_Gun_Sides_Few]),,
609/tower_sec///////and(tag[CA_Gun_Sides_Few]),,ca,,,,tower_sec,,,,,,-0.2,-0.01,,and(tag[CA_Gun_Sides_Few]),,
610/tower_sec///////and(tag[CA_Gun_Sides]),,ca,,,,tower_sec,,,,,,-1,0.01,,and(tag[CA_Gun_Sides]),,
611/funnel///////or(tag[CA_Gun_Sides];tag[CA_Gun_Sides_Few]),,ca,,1,1,funnel,,,,,,-0.1,0.1,,or(tag[CA_Gun_Sides];tag[CA_Gun_Sides_Few]),,
612/funnel///////or(tag[CA_Gun_Sides];tag[CA_Gun_Sides_Few]),,ca,,1,2,funnel,,,,,,-0.15,0.05,,or(tag[CA_Gun_Sides];tag[CA_Gun_Sides_Few]),,
613/funnel///////or(tag[CA_Gun_Sides];tag[CA_Gun_Sides_Few]),,ca,,1,3,funnel,,,,,,-0.2,0.01,,or(tag[CA_Gun_Sides];tag[CA_Gun_Sides_Few]),,
614/gun//mg/supergun_ca/c//main_cal/or(tag[CA_Gun_Sides];tag[CA_Gun_Sides_Few]),,ca,,1,1,gun,,mg,supergun_ca,c,,0.01,0.2,main_cal,or(tag[CA_Gun_Sides];tag[CA_Gun_Sides_Few]),,
615/gun//mg/supergun_ca/c//main_cal/or(tag[CA_Gun_Sides];tag[CA_Gun_Sides_Few]),,ca,,1,1,gun,,mg,supergun_ca,c,,-0.01,-0.2,main_cal,or(tag[CA_Gun_Sides];tag[CA_Gun_Sides_Few]),,
616/gun/p/side_single/single_gun_medium//s/main_cal/and(tag[CA_Gun_Sides_Few]),,ca,,6,12,gun,p,side_single,single_gun_medium,,s,-0.5,0.5,main_cal,and(tag[CA_Gun_Sides_Few]),,
617/gun/p/mg2/main_ca//s/main_cal/and(tag[CA_Gun_Sides_Few]),,ca,,6,12,gun,p,mg2,main_ca,,s,-0.4,0.4,main_cal,and(tag[CA_Gun_Sides_Few]),,
618/gun//mg/supergun_ca/c//main_cal/or(tag[CA_Gun_Sides];tag[CA_Gun_Sides_Few]),,ca,100,1,2,gun,,mg,supergun_ca,c,,0.55,0.9,main_cal,or(tag[CA_Gun_Sides];tag[CA_Gun_Sides_Few]),,
619/gun//mg/supergun_ca/c//main_cal/or(tag[CA_Gun_Sides];tag[CA_Gun_Sides_Few]),,ca,100,1,2,gun,,mg,supergun_ca,c,,-0.55,-0.9,main_cal,or(tag[CA_Gun_Sides];tag[CA_Gun_Sides_Few]),,
620/funnel///////and(tag[CA_Gun_Sides]),,ca,,3,3,funnel,,,,,,-0.2,0.1,,and(tag[CA_Gun_Sides]),,
621/gun/p/side_single/single_gun_medium//s/main_cal/and(tag[CA_Gun_Sides]),,ca,,6,12,gun,p,side_single,single_gun_medium,,s,-1,1,main_cal,and(tag[CA_Gun_Sides]),,
622/gun/p/c/main_ca//s/main_cal/and(tag[CA_Gun_Sides_Main]),,ca,,6,12,gun,p,c,main_ca,,s,-1,1,main_cal,and(tag[CA_Gun_Sides_Main]),,
623/gun/p/sc1///s/sec_cal/and(tag[CA_Gun_Sides]),,ca,,8,14,gun,p,sc1,,,s,-0.7,0.7,sec_cal,and(tag[CA_Gun_Sides]),,
624/gun//mg/main_ca/c//main_cal/or(tag[CA_Late]),,ca,30,2,2,gun,,mg,main_ca,c,,-1,1,main_cal,or(tag[CA_Late]),,
625/gun/p/mg2/medium_gun//s/main_cal/or(tag[CA_Late]),,ca,,4,6,gun,p,mg2,medium_gun,,s,-0.35,0.35,main_cal,or(tag[CA_Late]),,
626/barbette//b/ca_small_barb/c///or(tag[CA_Late];tag[CA_Late2];tag[CA_Gun_Sides]),,ca,,1,2,barbette,,b,main_super_medium,c,,-1,1,,or(tag[CA_Late];tag[CA_Late2];tag[CA_Gun_Sides]),,
"627/gun//mg//c//main_cal/mount(barbette), or(tag[CA_Late];tag[CA_Late2];tag[CA_Gun_Sides])",,ca,,1,2,gun,,mg,,c,,-1,1,main_cal,"mount(barbette), or(tag[CA_Late];tag[CA_Late2];tag[CA_Gun_Sides])",,
628/gun//mg/main_ca/c//main_cal,,ca,,1,2,gun,,mg,main_ca,c,,-0.9,-0.4,main_cal,,,
629/barbette//b/ca_small_barb/c///or(tag[CA_Late];tag[CA_Late2];tag[CA_Gun_Sides]),,ca,,2,4,barbette,,b,ca_small_barb,c,,-0.2,-0.4,,or(tag[CA_Late];tag[CA_Late2];tag[CA_Gun_Sides]),,
630/barbette//b/ca_small_barb/c///or(tag[CA_Late];tag[CA_Late2];tag[CA_Gun_Sides]),,ca,,1,4,barbette,,b,ca_small_barb,c,,0.2,0.4,,or(tag[CA_Late];tag[CA_Late2];tag[CA_Gun_Sides]),,
"631/gun//mg//c//main_cal/mount(barbette), or(tag[CA_Late];tag[CA_Late2];tag[CA_Gun_Sides])",,ca,,2,4,gun,,mg,,c,,-1,1,main_cal,"mount(barbette), or(tag[CA_Late];tag[CA_Late2];tag[CA_Gun_Sides])",,
632/tower_sec///////or(tag[No_Barb];tag[barbette_need]),,ca,,,,tower_sec,,,,,,-0.4,-0.01,,or(tag[No_Barb];tag[barbette_need]),,
633/tower_sec///////or(tag[No_Barb];tag[barbette_need]),,ca,,,,tower_sec,,,,,,-0.3,-0.1,,or(tag[No_Barb];tag[barbette_need]),,
634/tower_sec///////or(tag[CA_Heavy_German]),,ca,,,,tower_sec,,,,,,-0.3,-0.1,,or(tag[CA_Heavy_German]),,
635/funnel///////or(tag[Essential_Central_Funnels]),,ca,,1,1,funnel,,,,,,-0.1,0.15,,or(tag[Essential_Central_Funnels]),,
636/barbette//b/ca_small_barb/c///or(tag[CA_Heavy_Trento];tag[No_Barb];tag[barbette_need]),,ca,,1,1,barbette,,b,ca_small_barb,c,,-0.7,-0.4,,or(tag[CA_Heavy_Trento];tag[No_Barb];tag[barbette_need]),,
"637/gun//mg/main_ca/c//main_cal/mount(barbette), or(tag[CA_Heavy_Trento];tag[No_Barb];tag[barbette_need])",,ca,,1,1,gun,,mg,main_ca,c,,-0.7,-0.4,main_cal,"mount(barbette), or(tag[CA_Heavy_Trento];tag[No_Barb];tag[barbette_need])",,
638/gun//mg/main_ca/c//main_cal/or(tag[No_Barb]),,ca,,2,3,gun,,mg,main_ca,c,,-0.01,1,main_cal,or(tag[No_Barb]),,
639/gun//mg/main_ca/c//main_cal/or(tag[No_Barb]),,ca,,1,1,gun,,mg,main_ca,c,,-1,-0.4,main_cal,or(tag[No_Barb]),,
640/barbette//b/ca_small_barb/c///or(tag[No_Barb];tag[barbette_need]),,ca,,1,1,barbette,,b,ca_small_barb,c,,0.4,0.7,,or(tag[No_Barb];tag[barbette_need]),,
"641/gun//mg/main_ca/c//main_cal/mount(barbette), or(tag[No_Barb];tag[barbette_need];tag[CutDown])",,ca,,1,1,gun,,mg,main_ca,c,,0.4,0.7,main_cal,"mount(barbette), or(tag[No_Barb];tag[barbette_need];tag[CutDown])",,
642/barbette///sec_canarias/c///or(tag[Canarias]),,ca,,2,100,barbette,,,sec_canarias,c,,-1,0.01,,or(tag[Canarias]),,
643/barbette///sec_canarias/c///or(tag[Canarias]),,ca,,2,100,barbette,,,sec_canarias,c,,-0.01,1,,or(tag[Canarias]),,
644/barbette///sec_super_high/c///or(tag[g3];tag[g4];tag[CA_Pocket]),,ca,,2,100,barbette,,,sec_super_high,c,,-1,1,,or(tag[g3];tag[g4];tag[CA_Pocket]),,
645/funnel////c///or(tag[Canarias]),,ca,,2,2,funnel,,,,c,,-0.25,0.25,,or(tag[Canarias]),,
646/gun//mg/cl_small/c//main_cal/or(tag[Canarias]),,ca,,2,10,gun,,mg,cl_small,c,,-1,1,main_cal,or(tag[Canarias]),,
"647/gun//mg/cl_small/c//main_cal/mount(barbette), or(tag[Canarias];tag[No_Barb];tag[barbette_need])",,ca,,2,10,gun,,mg,cl_small,c,,-1,1,main_cal,"mount(barbette), or(tag[Canarias];tag[No_Barb];tag[barbette_need])",,
"648/gun//sec1//c//sec_cal/mount(barbette), or(tag[Canarias];tag[No_Barb];tag[barbette_need];tag[g3])",,ca,,2,10,gun,,sec1,,c,,-1,1,sec_cal,"mount(barbette), or(tag[Canarias];tag[No_Barb];tag[barbette_need];tag[g3])",,
"649/gun//sec2//c//sec_cal/mount(barbette), or(tag[Canarias];tag[No_Barb];tag[barbette_need];tag[g3])",,ca,,2,10,gun,,sec2,,c,,-1,1,sec_cal,"mount(barbette), or(tag[Canarias];tag[No_Barb];tag[barbette_need];tag[g3])",,
"650/gun//sec3//c//sec_cal/mount(barbette), or(tag[Canarias];tag[No_Barb];tag[barbette_need];tag[g3])",,ca,,2,10,gun,,sec3,,c,,-1,1,sec_cal,"mount(barbette), or(tag[Canarias];tag[No_Barb];tag[barbette_need];tag[g3])",,
651/barbette///////delete_unmounted,0,ca,,2,100,barbette,,,,,,-1,1,,delete_unmounted,,
652/torpedo/p////s//or(tag[g3];tag[g4]),,ca,,2,4,torpedo,p,,,,s,-0.85,0.5,,or(tag[g3];tag[g4]),,
653/tower_main///////and(!tag[CA_Heavy_German];!tag[No_Barb]),,ca,,,,tower_main,,,,,,0.2,0.4,,and(!tag[CA_Heavy_German];!tag[No_Barb]),,
654/tower_sec///////and(!tag[CA_Heavy_German];!tag[No_Barb]),,ca,,,,tower_sec,,,,,,-0.4,-0.1,,and(!tag[CA_Heavy_German];!tag[No_Barb]),,
655/funnel///////or(tag[CA_Heavy];tag[CA_Heavy_German];tag[No_Barb]),,ca,,1,1,funnel,,,,,,-0.1,0.2,,or(tag[CA_Heavy];tag[CA_Heavy_German];tag[No_Barb]),,
656/funnel///////or(tag[No_Barb];tag[barbette_need]),,ca,,1,1,funnel,,,,,,0.01,0.2,,or(tag[No_Barb];tag[barbette_need]),,
657/gun/p/mg2/main_ca_side//s/main_cal/and(tag[CA_med]),,ca,50,2,4,gun,p,mg2,main_ca_side,,s,-0.3,0.3,main_cal,and(tag[CA_med]),,
658/gun/p/mg2/main_ca_side//s/main_cal/and(tag[CA_med]),,ca,,2,4,gun,p,mg2,main_ca_side,,s,-0.2,0.2,main_cal,and(tag[CA_med]),,
659/gun/p/mg2/main_ca_side//s/main_cal/and(tag[CA_med]),,ca,,2,4,gun,p,mg2,main_ca_side,,s,-0.3,0.3,main_cal,and(tag[CA_med]),,
"660/gun//mg/main_ca/c//main_cal/mount(barbette), or(tag[CA_Heavy];tag[CA_Heavy_German];tag[No_Barb])",,ca,,3,5,gun,,mg,main_ca,c,,-0.01,1,main_cal,"mount(barbette), or(tag[CA_Heavy];tag[CA_Heavy_German];tag[No_Barb])",,
661/gun//mg/main_ca/c//main_cal/or(tag[CA_Late];tag[CA_Heavy];tag[CA_Heavy_German]),,ca,,3,5,gun,,mg,main_ca,c,,-0.01,1,main_cal,or(tag[CA_Late];tag[CA_Heavy];tag[CA_Heavy_German]),,
662/gun//mg/main_ca/c//main_cal/or(tag[CA_Heavy];tag[CA_Heavy_German];tag[No_Barb]),,ca,,3,5,gun,,mg,main_ca,c,,-1,0.01,main_cal,or(tag[CA_Heavy];tag[CA_Heavy_German];tag[No_Barb]),,
663/funnel///multi_french////or(tag[french_funnels]),,ca,50,2,2,funnel,,,multi_french,,,-0.77,0.77,,or(tag[french_funnels]),,
664/funnel///////or(tag[CA_Heavy];tag[CA_Heavy_German]),,ca,,1,2,funnel,,,,,,-0.2,0.1,,or(tag[CA_Heavy];tag[CA_Heavy_German]),,
"665/gun/p/sec1///s/sec_cal, casemate/or(tag[CA_Heavy];tag[CA_Heavy_German])",,ca,,8,16,gun,p,sec1,,,s,-0.6,0.5,"sec_cal, casemate",or(tag[CA_Heavy];tag[CA_Heavy_German]),,
"666/gun/p/sec1//c//sec_cal, casemate/or(tag[CA_Heavy];tag[CA_Heavy_German])",,ca,,4,8,gun,p,sec1,,c,,-0.55,0.5,"sec_cal, casemate",or(tag[CA_Heavy];tag[CA_Heavy_German]),,
"667/gun/p/sec2///s/ter_cal, casemate/or(tag[CA_Heavy];tag[CA_Heavy_German])",,ca,,32,64,gun,p,sec2,,,s,-1,0.5,"ter_cal, casemate",or(tag[CA_Heavy];tag[CA_Heavy_German]),,
668/funnel///////and(!tag[CA_Heavy];!tag[CA_Heavy_German];!tag[No_Barb];!tag[barbette_need]),,ca,,1,2,funnel,,,,,,-0.1,0.1,,and(!tag[CA_Heavy];!tag[CA_Heavy_German];!tag[No_Barb];!tag[barbette_need]),,
669/gun//mg//c//main_cal/or(tag[CA_Late2]),,ca,,2,2,gun,,mg,,c,,0.45,1,main_cal,or(tag[CA_Late2]),,
670/barbette//b/ca_small_barb/c///or(tag[CA_Late];tag[CA_Late2];tag[CA_Pocket]),,ca,,2,100,barbette,,b,ca_small_barb,c,,-1,0.01,,or(tag[CA_Late];tag[CA_Late2];tag[CA_Pocket]),,
"671/gun//mg//c//main_cal/mount(barbette), or(tag[CA_Late];tag[CA_Late2])",,ca,,2,100,gun,,mg,,c,,-1,1,main_cal,"mount(barbette), or(tag[CA_Late];tag[CA_Late2])",,
672/gun//mg//c//main_cal/or(tag[CA_Late];tag[CA_Late2];tag[CA_Gun_Sides]),,ca,,2,2,gun,,mg,,c,,-1,0.01,main_cal,or(tag[CA_Late];tag[CA_Late2];tag[CA_Gun_Sides]),,
673/tower_main///////or(tag[CA_Late];tag[CA_Late2];tag[CA_Gun_Sides]),,ca,,,,tower_main,,,,,,0.01,0.7,,or(tag[CA_Late];tag[CA_Late2];tag[CA_Gun_Sides]),,
674/funnel///////and(!tag[CA_Heavy];!tag[CA_Heavy_German];!tag[No_Barb];!tag[barbette_need]),,ca,,2,4,funnel,,,,,,-0.2,0.1,,and(!tag[CA_Heavy];!tag[CA_Heavy_German];!tag[No_Barb];!tag[barbette_need]),,
675/barbette//b/sec_super/c///or(tag[CA_Late],0,ca,,100,,barbette,,b,sec_super,c,,-1,1,,or(tag[CA_Late],,
"676/gun//mg//c//sec_cal/mount(barbette), or(tag[CA_Late];tag[No_Barb])",,ca,,2,100,gun,,mg,,c,,-1,1,sec_cal,"mount(barbette), or(tag[CA_Late];tag[No_Barb])",,
677/barbette///////delete_unmounted,0,ca,,2,100,barbette,,,,,,-1,1,,delete_unmounted,,
678/gun//mg//c//main_cal/or(tag[CA_Late];tag[CA_Gun_Sides]),,ca,40,4,6,gun,,mg,,c,,-0.8,0.8,main_cal,or(tag[CA_Late];tag[CA_Gun_Sides]),,
679/gun/p/mg///s/main_cal/or(tag[CA_Late];tag[CA_Late2];tag[CA_Gun_Sides]),,ca,80,4,4,gun,p,mg,,,s,-0.25,0.75,main_cal,or(tag[CA_Late];tag[CA_Late2];tag[CA_Gun_Sides]),,
680/gun/p/mg///s/main_cal/or(tag[CA_Late];tag[CA_Late2];tag[CA_Gun_Sides]),,ca,80,4,4,gun,p,mg,,,s,-0.25,0.5,main_cal,or(tag[CA_Late];tag[CA_Late2];tag[CA_Gun_Sides]),,
681/gun/p/mg3/main_ca_side//s/main_cal/and(tag[CA_Late]),,ca,,4,6,gun,p,mg3,main_ca_side,,s,-0.3,0.3,main_cal,and(tag[CA_Late]),,
682/gun//mg//c//main_cal/or(tag[CA_Late];tag[CA_Late2];tag[CA_Gun_Sides]),,ca,,2,4,gun,,mg,,c,,-1,0.8,main_cal,or(tag[CA_Late];tag[CA_Late2];tag[CA_Gun_Sides]),,
683/gun//mg/main_ca/c//main_cal/or(tag[CA_small];tag[CA_tiny];tag[CA_extratiny]),,ca,,,,gun,,mg,main_ca,c,,0.3,0.8,main_cal,or(tag[CA_small];tag[CA_tiny];tag[CA_extratiny]),,
684/gun//mg/main_ca/c//main_cal/,,ca,,1,1,gun,,mg,main_ca,c,,0.5,0.8,main_cal,,,
685/gun//mg//c//main_cal/,,ca,,1,1,gun,,mg,,c,,0.4,0.8,main_cal,,,
686/gun//mg//c//main_cal/,,ca,,1,1,gun,,mg,,c,,-0.4,-0.8,main_cal,,,
687/torpedo/p////s//or(tag[CA_Heavy];tag[CA_Heavy_German];tag[No_Barb];tag[barbette_need]),0,ca,50,2,4,torpedo,p,,,,s,-0.5,0.5,,or(tag[CA_Heavy];tag[CA_Heavy_German];tag[No_Barb];tag[barbette_need]),,
688/barbette///////delete_unmounted,0,ca,,2,100,barbette,,,,,,-1,1,,delete_unmounted,,
689/gun//sec1//c//sec_cal/or(tag[CA_Late];tag[CA_Late2];tag[CA_Gun_Sides]),,ca,,6,100,gun,,sec1,,c,,-0.9,1,sec_cal,or(tag[CA_Late];tag[CA_Late2];tag[CA_Gun_Sides]),,
690/gun/p/sec1///s/sec_cal/or(tag[CA_Late];tag[CA_Late2];tag[CA_Gun_Sides]),,ca,,6,100,gun,p,sec1,,,s,-0.245,0.125,sec_cal,or(tag[CA_Late];tag[CA_Late2];tag[CA_Gun_Sides]),,
"691/gun//c1//c//sec_cal/mount(barbette), or(tag[CA_Pocket])",,ca,,4,6,gun,,c1,,c,,-1,1,sec_cal,"mount(barbette), or(tag[CA_Pocket])",,
"692/gun/p/c1///s/sec_cal, casemate/",,ca,,16,100,gun,p,c1,,,s,-1,1,"sec_cal, casemate",,,
"693/gun/p/c2///s/ter_cal, casemate/",,ca,,16,100,gun,p,c2,,,s,-1,1,"ter_cal, casemate",,,
"694/gun/p/c3///s/ter_cal, casemate/",,ca,,16,100,gun,p,c3,,,s,-1,1,"ter_cal, casemate",,,
"695/gun//c1//c//sec_cal/mount(barbette), or(tag[No_Barb];tag[barbette_need];tag[g3];tag[g4])",,ca,,6,100,gun,,c1,,c,,-1,1,sec_cal,"mount(barbette), or(tag[No_Barb];tag[barbette_need];tag[g3];tag[g4])",,
"696/gun//c2//c//ter_cal/mount(barbette), or(tag[No_Barb];tag[barbette_need];tag[g3];tag[g4])",,ca,,6,100,gun,,c2,,c,,-1,1,ter_cal,"mount(barbette), or(tag[No_Barb];tag[barbette_need];tag[g3];tag[g4])",,
"697/gun////c///mount(barbette), or(tag[No_Barb];tag[barbette_need];tag[g3];tag[g4])",,ca,,6,100,gun,,,,c,,-1,1,,"mount(barbette), or(tag[No_Barb];tag[barbette_need];tag[g3];tag[g4])",,
698/gun//mg//c//main_cal/,,ca,,1,5,gun,,mg,,c,,-1,1,main_cal,,,
699/barbette///sec_super/c///or(tag[g3];tag[g4];tag[CA_Pocket]),,ca,,2,100,barbette,,,sec_super,c,,-1,1,,or(tag[g3];tag[g4];tag[CA_Pocket]),,
"700/gun/p/mg2///s/sec_cal, !casemate/",,ca,,12,100,gun,p,mg2,,,s,-1,1,"sec_cal, !casemate",or(tag[earlycruiser_sideguns]),,
"701/gun/p/mg3///s/sec_cal, !casemate/",,ca,,12,100,gun,p,mg3,,,s,-1,1,"sec_cal, !casemate",or(tag[earlycruiser_sideguns]),,
"702/gun/p/mg4///s/ter_cal, !casemate/",,ca,,12,100,gun,p,mg4,,,s,-1,1,"ter_cal, !casemate",or(tag[earlycruiser_sideguns]),,
703/gun/p////s/sec_cal/and(!tag[CA_Late];!tag[CA_Late2]),,ca,,2,4,gun,p,,,,s,-0.3,0.3,sec_cal,and(!tag[CA_Late];!tag[CA_Late2]),,
704/gun/p////s/ter_cal/and(!tag[CA_Late];!tag[CA_Late2]),,ca,,2,4,gun,p,,,,s,-0.3,0.3,ter_cal,and(!tag[CA_Late];!tag[CA_Late2]),,
705/gun////c//sec_cal/or(tag[CA_Heavy];tag[CA_Heavy_German];tag[No_Barb];tag[barbette_need]),,ca,,6,100,gun,,,,c,,-0.55,0.5,sec_cal,or(tag[CA_Heavy];tag[CA_Heavy_German];tag[No_Barb];tag[barbette_need]),,
706/gun/p////s/ter_cal/or(tag[CA_Heavy];tag[CA_Heavy_German];tag[No_Barb];tag[barbette_need]),,ca,,6,100,gun,p,,,,s,-1,1,ter_cal,or(tag[CA_Heavy];tag[CA_Heavy_German];tag[No_Barb];tag[barbette_need]),,
707/torpedo/p////s//or(tag[CA_Heavy];tag[CA_Heavy_German];tag[No_Barb];tag[barbette_need]),0,ca,75,2,4,torpedo,p,,,,s,-1,0.5,,or(tag[CA_Heavy];tag[CA_Heavy_German];tag[No_Barb];tag[barbette_need]),,
708/gun/p/small1/dual_tertiary////or(tag[CA_Heavy];tag[CA_Heavy_German];tag[No_Barb];tag[barbette_need]),,ca,,6,1000,gun,p,small1,dual_tertiary,,,-0.5,0.5,,or(tag[CA_Heavy];tag[CA_Heavy_German];tag[No_Barb];tag[barbette_need]),,
709/gun/p/small2/single_tertiary////or(tag[CA_Heavy];tag[CA_Heavy_German];tag[No_Barb];tag[barbette_need]),,ca,,6,1000,gun,p,small2,single_tertiary,,,-0.5,0.5,,or(tag[CA_Heavy];tag[CA_Heavy_German];tag[No_Barb];tag[barbette_need]),,
710/gun/p/small3////casemate/,,ca,,6,1000,gun,p,small3,,,s,-1,1,casemate,,,
711/torpedo/p////s//,0,ca,25,2,4,torpedo,p,,,,s,-0.85,0.5,,,,
712/barbette///////delete_unmounted,,ca,,2,4,barbette,,,,,,-1,1,,delete_unmounted,,
713/torpedo///sub_torpedo/c///,,ca,70,2,6,torpedo,,,sub_torpedo,c,,-1,1,,,,
714/torpedo/p//sub_torpedo//s//,,ca,80,2,6,torpedo,p,,sub_torpedo,,s,-1,1,,,,
715/funnel///////,,ca,,4,25,funnel,,,,,,-0.2,0.1,,,,
#,,#cl,,,,,,,,,,,,,,,
717/barbette///cl_super/c///or(tag[barbette_need];tag[modern_layout]),,cl,,1,1,barbette,,,cl_super,c,,0.2,1,,or(tag[barbette_need];tag[modern_layout]),,
"718/gun//mg//c//main_cal/mount(barbette), or(tag[barbette_need];tag[modern_layout])",,cl,,1,1,gun,,mg,,c,,0.15,1,main_cal,"mount(barbette), or(tag[barbette_need];tag[modern_layout])",,
719/gun//mg//c//main_cal/or(tag[barbette_need],,cl,,1,1,gun,,mg,,c,,0.4,1,main_cal,or(tag[barbette_need],,
720/tower_main///////or(tag[barbette_need];tag[modern_layout]),,cl,,1,1,tower_main,,,,,,0.1,1,,or(tag[barbette_need];tag[modern_layout]),,
721/tower_sec///////or(tag[barbette_need];tag[modern_layout]),,cl,,1,1,tower_sec,,,,,,-1,0.01,,or(tag[barbette_need];tag[modern_layout]),,
722/funnel//c/////or(tag[barbette_need];tag[modern_layout]),,cl,,1,1,funnel,,c,,,,-0.5,0.5,,or(tag[barbette_need];tag[modern_layout]),,
723/barbette///cl_super/c///or(tag[barbette_need];tag[modern_layout]),,cl,,1,1,barbette,,,cl_super,c,,-1,-0.15,,or(tag[barbette_need];tag[modern_layout]),,
"724/gun//mg//c//main_cal/mount(barbette), or(tag[barbette_need];tag[modern_layout])",,cl,,1,1,gun,,mg,,c,,-1,-0.15,main_cal,"mount(barbette), or(tag[barbette_need];tag[modern_layout])",,
725/torpedo/p////s//or(tag[Coastal_Ship];tag[g3];tag[g4]),0,cl,,2,10,torpedo,p,,,,s,-0.66,-0.25,,or(tag[Coastal_Ship];tag[g3];tag[g4]),,
726/gun//mg//c//main_cal/or(tag[barbette_need],,cl,,1,1,gun,,mg,,c,,-1,-0.4,main_cal,or(tag[barbette_need],,
727/torpedo/p//sub_torpedo//s//and(tag[g1]),,cl,,2,6,torpedo,p,,sub_torpedo,,s,-1,1,,and(tag[g1]),,
728/tower_main///////and(tag[multi_barb]),,cl,,1,1,tower_main,,,,,,0.24,1,,and(tag[multi_barb]),,
670/tower_sec///////or(tag[Essential_Central_Funnels]),,cl,,1,1,tower_sec,,,,,,-1,0.01,,and(tag[multi_barb]),,
730/barbette//b/dual_barb/c///and(tag[multi_barb]),,cl,,1,1,barbette,,b,dual_barb,c,,-1,-0.25,,and(tag[multi_barb]),,
731/funnel//c/funnel_big_complex////and(tag[multi_barb]),,cl,,1,1,funnel,,c,funnel_mount,,,-1,1,,and(tag[multi_barb]),,
732/barbette//b/dual_barb/c///and(tag[multi_barb]),,cl,75,1,1,barbette,,b,dual_barb,c,,0.05,0.5,,and(tag[multi_barb]),,
733/funnel//c/////and(tag[multi_barb]),,cl,,1,2,funnel,,c,,,,-1,1,,and(tag[multi_barb]),,
"734/gun//mg/dd_modern/c//main_cal/mount(barbette), and(tag[multi_barb])",,cl,,5,8,gun,,mg,dd_modern,c,,-1,1,main_cal,"mount(barbette), and(tag[multi_barb])",,
735/gun//mg/dd_modern/c//main_cal/and(tag[multi_barb]),,cl,,5,8,gun,,mg,dd_modern,c,,-1,1,main_cal,and(tag[multi_barb]),,
736/gun//mg/dd_modern/c//main_cal/and(tag[multi_barb]),,cl,,2,8,gun,,mg,dd_modern,c,,-1,1,main_cal,and(tag[multi_barb]),,
737/torpedo/p//deck_torpedo////and(tag[multi_barb]),,cl,95,2,4,torpedo,p,,deck_torpedo,,,-1,1,,and(tag[multi_barb]),,
738/gun/p/sc1///s//,,cl,,128,128,gun,p,sc1,,,s,-1,1,,and(tag[multi_barb];tag[g4]),,
739/gun//sc2//c///,,cl,,128,128,gun,,sc2,,c,,-1,1,,and(tag[multi_barb];tag[g4]),,
740/gun/p/sc3///s//,,cl,,128,128,gun,p,sc3,,,s,-1,-0.8,,and(tag[multi_barb];tag[g4]),,
741/gun//sc4//c///,,cl,,128,128,gun,,sc4,,c,,-1,-0.8,,and(tag[multi_barb];tag[g4]),,
742/tower_main///////and(tag[Gun_Sides]),,cl,,1,1,tower_main,,,,,,0.25,1,,and(tag[Gun_Sides]),,
743/torpedo///sub_torpedo/c///and(tag[Gun_Sides]),,cl,,100,100,torpedo,,,sub_torpedo,c,,-1,1,,and(tag[Gun_Sides]),,
744/torpedo/p//sub_torpedo//s//and(tag[Gun_Sides]),,cl,,100,100,torpedo,p,,sub_torpedo,,s,-1,1,,and(tag[Gun_Sides]),,
745/gun/p////s//and(tag[Gun_Sides]),,cl,25,4,4,gun,p,,,,s,-1,1,,and(tag[Gun_Sides]),,
746/gun/p/ms/main_ca//s//and(tag[Gun_Sides]),,cl,,4,4,gun,p,ms,main_ca,,s,-1,1,,and(tag[Gun_Sides]),,
747/gun/p//main_ca//s//and(tag[Gun_Sides]),,cl,,2,2,gun,p,,main_ca,,s,-0.3,1,,and(tag[Gun_Sides]),,
748/gun/p//main_ca//s//and(tag[Gun_Sides]),,cl,,2,2,gun,p,,main_ca,,s,-1,0.3,,and(tag[Gun_Sides]),,
749/tower_main///////or(tag[Essential_Central_Funnels]),,cl,,1,1,tower_main,,,,,,0.2,0.7,,or(tag[Essential_Central_Funnels]),,
750/tower_sec///////or(tag[Essential_Central_Funnels]),,cl,,1,1,tower_sec,,,,,,-0.6,-0.1,,or(tag[Essential_Central_Funnels]),,
751/funnel//c/////or(tag[Essential_Central_Funnels]),,cl,,2,4,funnel,,c,,,,-0.3,0.2,,or(tag[Essential_Central_Funnels]),,
752/funnel//c/////or(tag[Essential_Central_Funnels]),,cl,,1,4,funnel,,c,,,,-0.2,0.3,,or(tag[Essential_Central_Funnels]),,
753/barbette//b/ca_small_barb/c///,,cl,,1,1,barbette,,b,ca_small_barb,c,,-1,-0.35,,or(tag[rear_barbette]),,
754/barbette///cl_super/c///or(tag[Middle_Superstructure]),,cl,,1,1,barbette,,,cl_super,c,,0.4,1,,or(tag[Middle_Superstructure]),,
755/gun//mg/main_ca/c//main_cal/mount(barbette),,cl,,1,4,gun,,mg,main_ca,c,,-1,1,main_cal,mount(barbette),,
756/gun//mg/main_ca/c//main_cal/or(tag[Middle_Superstructure]),,cl,,1,1,gun,,mg,main_ca,c,,0.45,0.9,main_cal,or(tag[Middle_Superstructure]),,
757/tower_main///////or(tag[Middle_Superstructure]),,cl,,1,1,tower_main,,,,,,0.01,0.6,,or(tag[Middle_Superstructure]),,
758/tower_sec///////or(tag[Middle_Superstructure]),,cl,,1,1,tower_sec,,,,,,-0.4,0.35,,or(tag[Middle_Superstructure]),,
759/funnel///funnel_mount////or(tag[Middle_Superstructure]),,cl,,1,1,funnel,,,funnel_mount,,,-0.4,0.4,,or(tag[Middle_Superstructure]),,
760/funnel///////or(tag[Middle_Superstructure]),,cl,,1,1,funnel,,,,,,-0.2,0.1,,or(tag[Middle_Superstructure]),,
761/barbette///cl_super/c///or(tag[Middle_Superstructure]),,cl,,1,1,barbette,,,cl_super,c,,-1,-0.4,,or(tag[Middle_Superstructure]),,
"762/gun//mg/main_ca/c//main_cal/mount(barbette), or(tag[Middle_Superstructure])",,cl,,1,1,gun,,mg,main_ca,c,,-1,-0.4,main_cal,"mount(barbette), or(tag[Middle_Superstructure])",,
763/gun//mg/main_ca/c//main_cal/or(tag[Middle_Superstructure]),,cl,,1,1,gun,,mg,main_ca,c,,-0.8,-0.45,main_cal,or(tag[Middle_Superstructure]),,
764/tower_main///////or(tag[Tower_Forward]),,cl,,1,1,tower_main,,,,,,0.2,0.5,,or(tag[Tower_Forward]),,
765/funnel///funnel_mount////or(tag[Tower_Forward]),,cl,,1,1,funnel,,,funnel_mount,,,-0.25,0.25,,or(tag[Tower_Forward]),,
766/funnel///////or(tag[Tower_Forward]),,cl,,1,1,funnel,,,,,,-0.2,0.1,,or(tag[Tower_Forward]),,
"767/gun//mg/main_center/c//main_cal/mount(barbette), or(tag[Tower_Forward])",,cl,100,1,2,gun,,mg,main_center,c,,0.5,0.8,main_cal,"mount(barbette), or(tag[Tower_Forward])",,
"768/gun//mg/main_ca/c//main_cal/mount(barbette), or(tag[Tower_Forward])",,cl,,1,2,gun,,mg,main_ca,c,,0.5,0.8,main_cal,"mount(barbette), or(tag[Tower_Forward])",,
769/tower_main///////or(tag[Forward_Tower];tag[g1]),,cl,,1,1,tower_main,,,,,,0.01,1,,or(tag[Forward_Tower];tag[g1]),,
770/tower_sec///////or(tag[g1]),,cl,,1,1,tower_sec,,,,,,-1,1,,or(tag[g1]),,
771/torpedo/p////s//or(tag[Coastal_Ship]),,cl,,2,6,torpedo,p,,,,s,-0.5,0.5,,or(tag[Coastal_Ship]),,
772/funnel///////or(tag[g1]),,cl,,1,2,funnel,,,,,,-0.2,0.1,,or(tag[g1]),,
773/funnel///////or(tag[Forward_Tower]),,cl,,1,2,funnel,,,,,,-0.01,1,,or(tag[Forward_Tower]),,
774/tower_main///////or(tag[modern_layout]),,cl,,1,1,tower_main,,,,,,0.01,0.75,,or(tag[modern_layout]),,
775/barbette///cl_super/c///or(tag[barbette_need];tag[modern_layout]),,cl,,1,1,barbette,,,cl_super,c,,0.01,1,,or(tag[barbette_need];tag[modern_layout]),,
"776/gun//mg/cl_small/c//main_cal/mount(barbette), or(tag[barbette_need];tag[modern_layout])",,cl,,3,10,gun,,mg,cl_small,c,,-0.01,1,main_cal,"mount(barbette), or(tag[barbette_need];tag[modern_layout])",,
777/barbette///cl_super/c///or(tag[modern_layout]),,cl,,1,1,barbette,,,cl_super,c,,-1,0.01,,or(tag[modern_layout]),,
778/gun//mg/cl_small/c//main_cal/or(tag[modern_layout]),,cl,,1,2,gun,,mg,cl_small,c,,-0.01,1,main_cal,or(tag[modern_layout]),,
779/funnel///////or(tag[modern_layout]),,cl,,2,2,funnel,,,,,,-0.2,0.1,,or(tag[modern_layout]),,
780/tower_sec///////or(tag[Forward_Tower]),,cl,,1,1,tower_sec,,,,,,-0.2,0.55,,or(tag[Forward_Tower]),,
781/tower_sec///////or(tag[Coastal_Ship]),,cl,,1,1,tower_sec,,,,,,-1,1,,or(tag[Coastal_Ship]),,
782/torpedo/p////s//or(tag[Coastal_Ship]),,cl,,2,4,torpedo,p,,,,s,-0.5,0.5,,or(tag[Coastal_Ship]),,
783/gun//mg/cl_small/c//main_cal/or(tag[Coastal_Ship]),,cl,,3,4,gun,,mg,cl_small,c,,-1,1,main_cal,or(tag[Coastal_Ship]),,
784/gun//mg//c//main_cal/or(tag[Coastal_Ship]),0,cl,,1,1,gun,,mg,,c,,0.5,1,main_cal,or(tag[Coastal_Ship]),,
785/funnel///thickfunnel////or(tag[Navarra]),,cl,30,1,1,funnel,,,thickfunnel,,,-0.35,0.35,,or(tag[Navarra]),,
786/tower_main///////or(tag[No_Barb]),,cl,,1,1,tower_main,,,,,,0.1,0.4,,or(tag[No_Barb]),,
787/tower_sec///////or(tag[No_Barb]),,cl,,1,1,tower_sec,,,,,,-0.4,-0.2,,or(tag[No_Barb]),,
"788/gun//mg//c//main_cal/mount(barbette), or(tag[modern_layout])",,cl,,4,16,gun,,mg,,c,,-1,0.01,main_cal,"mount(barbette), or(tag[modern_layout])",,
789/torpedo/p////s//or(tag[g3];tag[g4]),,cl,,2,4,torpedo,p,,,,s,-0.85,0.5,,or(tag[g3];tag[g4]),,
790/torpedo/p////s//or(tag[Coastal_Ship]),,cl,,2,4,torpedo,p,,,,s,-1,1,,or(tag[Coastal_Ship]),,
791/gun//mg//c//main_cal/or(tag[modern_layout]),,cl,,2,2,gun,,mg,,c,,0.33,1,main_cal,or(tag[modern_layout]),,
792/tower_sec///////or(tag[modern_layout]),,cl,,1,1,tower_sec,,,,,,-1,0.5,,or(tag[modern_layout]),,
793/gun//mg//c//main_cal/or(tag[modern_layout]),,cl,,2,2,gun,,mg,,c,,-1,-0.33,main_cal,or(tag[modern_layout]),,
"794/gun//mg//c//main_cal/mount(barbette), or(tag[barbette_need];tag[No_Barb])",,cl,,1,2,gun,,mg,,c,,-1,1,main_cal,"mount(barbette), or(tag[barbette_need];tag[No_Barb])",,
795/tower_main///////or(tag[CutDown]),,cl,,1,1,tower_main,,,,,,0.01,0.4,,or(tag[CutDown]),,
796/gun//mg/cl_small/c//main_cal/or(tag[Yubari];tag[barbette_need];tag[No_Barb]),,cl,,2,4,gun,,mg,cl_small,c,,-1,1,main_cal,or(tag[Yubari];tag[barbette_need];tag[No_Barb]),,
797/tower_main///////or(tag[No_Barb]),,cl,,1,1,tower_main,,,,,,0.01,0.4,,or(tag[No_Barb]),,
798/tower_main///////or(tag[Navarra]),,cl,,1,1,tower_main,,,,,,0.2,1,,or(tag[Navarra]),,
799/tower_sec///big_sec////or(tag[Navarra]),,cl,,1,1,tower_sec,,,big_sec,,,-1,0.01,,or(tag[Navarra]),,
800/funnel///////or(tag[Navarra];tag[Yubari]),,cl,,1,1,funnel,,,,,,-0.2,0.1,,or(tag[Navarra];tag[Yubari]),,
801/barbette//b/sec_super/c///or(tag[Navarra];tag[No_Barb]),,cl,,1,1,barbette,,b,sec_super,c,,0.2,1,,or(tag[Navarra];tag[No_Barb]),,
802/barbette///sec_super/c///or(tag[Navarra];tag[No_Barb]),,cl,,1,1,barbette,,,sec_super,c,,-1,-0.3,,or(tag[Navarra];tag[No_Barb]),,
803/tower_sec///////or(tag[Kuma];tag[Yubari]),,cl,,1,1,tower_sec,,,,,,-1,0.01,,or(tag[Kuma];tag[Yubari]),,
804/gun//mg/cl_small/c//main_cal/or(tag[Yubari]),,cl,45,1,1,gun,,mg,cl_small,c,,-1,-0.5,main_cal,or(tag[Yubari]),,
805/barbette//b/sec_super/c///or(tag[Kuma];tag[Yubari]),,cl,,1,1,barbette,,b,sec_super,c,,0.5,0.75,,or(tag[Kuma];tag[Yubari]),,
806/torpedo////c///or(tag[Yubari]),,cl,,2,3,torpedo,,,,c,,-1,0.1,,or(tag[Yubari]),,
"807/gun//mg/cl_small/c//main_cal/mount(barbette), or(tag[Kuma];tag[Yubari])",,cl,,2,100,gun,,mg,cl_small,c,,-1,1,main_cal,"mount(barbette), or(tag[Kuma];tag[Yubari])",,
808/gun//mg/cl_small/c//main_cal/or(tag[Kuma],,cl,55,2,3,gun,,mg,cl_small,c,,0.2,1,main_cal,or(tag[Kuma],,
"809/gun//mg/cl_small/c//main_cal/mount(barbette), or(tag[Navarra])",,cl,,3,5,gun,,mg,cl_small,c,,-1,1,main_cal,"mount(barbette), or(tag[Navarra])",,
810/gun//mg/cl_small/c//main_cal/or(tag[Navarra]),,cl,,3,6,gun,,mg,cl_small,c,,-0.5,1,main_cal,or(tag[Navarra]),,
811/tower_sec///////or(tag[No_Barb];tag[barbette_need]),,cl,,1,1,tower_sec,,,,,,-0.3,-0.1,,or(tag[No_Barb];tag[barbette_need]),,
812/tower_sec///////or(tag[No_Barb];tag[barbette_need]),,cl,,,,tower_sec,,,,,,-0.2,0.01,,or(tag[No_Barb];tag[barbette_need]),,
813/funnel///////or(tag[Kuma]),,cl,,2,3,funnel,,,,,,-0.2,0.6,,or(tag[Kuma]),,
814/torpedo/p////s//or(tag[Yubari];tag[Kuma]),,cl,,2,8,torpedo,p,,,,s,-0.85,0.5,,or(tag[Yubari];tag[Kuma]),,
815/funnel///////or(tag[Navarra];tag[Yubari]),,cl,,1,2,funnel,,,,,,-0.2,0.1,,or(tag[Navarra];tag[Yubari]),,
816/gun//mg/cl_small/c//main_cal/or(tag[Yubari]),,cl,,2,6,gun,,mg,cl_small,c,,-1,1,main_cal,or(tag[Yubari]),,
817/barbette//b/sec_super/c///or(tag[Navarra];tag[Yubari]),,cl,,1,2,barbette,,b,sec_super,c,,-1,1,,or(tag[Navarra];tag[Yubari]),,
"818/gun//mg//c//main_cal/mount(barbette), or(tag[Navarra])",,cl,,3,100,gun,,mg,,c,,-1,1,main_cal,"mount(barbette), or(tag[Navarra])",,
819/funnel///////or(tag[Navarra];tag[Yubari]),,cl,,1,1,funnel,,,,,,0.15,1,,or(tag[Navarra];tag[Yubari]),,
820/torpedo////c///or(tag[Yubari]),,cl,,2,4,torpedo,,,,c,,-1,0.5,,or(tag[Yubari]),,
821/funnel///////or(tag[Navarra]),,cl,,1,1,funnel,,,,,,-1,0.15,,or(tag[Navarra]),,
822/barbette//b/ca_small_barb/c///or(tag[Navarra]),,cl,,1,1,barbette,,b,ca_small_barb,c,,-1,-0.3,,or(tag[Navarra]),,
823/gun//mg/cl_small/c//main_cal/or(tag[Kuma]),,cl,,3,4,gun,,mg,cl_small,c,,-1,1,main_cal,or(tag[Kuma]),,
824/gun//mg/cl_small/c//main_cal/or(tag[Navarra]),,cl,,3,9,gun,,mg,cl_small,c,,-1,1,main_cal,or(tag[Navarra]),,
825/gun//mg/cl_small/c//main_cal/or(tag[Navarra]),,cl,,3,7,gun,,mg,cl_small,c,,-1,1,main_cal,or(tag[Navarra]),,
826/gun//mg/main_ca/c//main_cal/or(tag[No_Barb]),,cl,,2,3,gun,,mg,main_ca,c,,-0.01,1,main_cal,or(tag[No_Barb]),,
827/gun//mg/main_ca/c//main_cal/or(tag[No_Barb]),,cl,,2,3,gun,,mg,main_ca,c,,-0.8,0.01,main_cal,or(tag[No_Barb]),,
828/funnel///////or(tag[No_Barb]),,cl,,1,2,funnel,,,,,,-0.01,1,,or(tag[No_Barb]),,
829/funnel///////or(tag[No_Barb]),,cl,,1,2,funnel,,,,,,-0.23,1,,or(tag[No_Barb]),,
830/torpedo/p////s//or(tag[g3];tag[g4]),,cl,,2,4,torpedo,p,,,,s,-0.55,0.55,,or(tag[g3];tag[g4]),,
"831/torpedo/p////s//or(tag[Kuma],tag[g4])",,cl,,2,4,torpedo,p,,,,s,-0.85,0.5,,"or(tag[Kuma],tag[g4])",,
832/torpedo/p////s//or(tag[No_Barb];tag[barbette_need];tag[Navarra];tag[g4]),,cl,55,2,2,torpedo,p,,,,s,-0.85,0.5,,or(tag[No_Barb];tag[barbette_need];tag[Navarra];tag[g4]),,
833/torpedo/p////s//or(tag[No_Barb];tag[barbette_need];tag[Navarra];tag[g4]),,cl,55,2,2,torpedo,p,,,,s,-0.85,0.5,,or(tag[No_Barb];tag[barbette_need];tag[Navarra];tag[g4]),,
834/gun//sec1//c//sec_cal/or(tag[No_Barb];tag[barbette_need];tag[Navarra];tag[Yubari]),,cl,,8,100,gun,,sec1,,c,,-0.5,0.5,sec_cal,or(tag[No_Barb];tag[barbette_need];tag[Navarra];tag[Yubari]),,
835/gun/p/sec1///s/sec_cal/or(tag[No_Barb];tag[barbette_need];tag[Navarra];tag[Yubari]),,cl,,8,100,gun,p,sec1,,,s,-0.245,0.125,sec_cal,or(tag[No_Barb];tag[barbette_need];tag[Navarra];tag[Yubari]),,
836/gun/p////s/sec_cal/or(tag[No_Barb];tag[barbette_need];tag[Navarra];tag[Yubari]),,cl,,8,100,gun,p,,,,s,-0.345,0.325,sec_cal,or(tag[No_Barb];tag[barbette_need];tag[Navarra];tag[Yubari]),,
837/gun/p////s/ter_cal/or(tag[No_Barb];tag[barbette_need];tag[Navarra];tag[Yubari]),,cl,,8,100,gun,p,,,,s,-0.345,0.325,ter_cal,or(tag[No_Barb];tag[barbette_need];tag[Navarra];tag[Yubari]),,
"838/gun/p/c1///s/sec_cal, casemate/or(tag[No_Barb];tag[barbette_need];tag[Navarra])",,cl,,16,24,gun,p,c1,,,s,-1,1,"sec_cal, casemate",or(tag[No_Barb];tag[barbette_need];tag[Navarra]),,
"839/gun/p/c2///s/ter_cal, casemate/or(tag[No_Barb];tag[barbette_need];tag[Navarra])",,cl,,16,24,gun,p,c2,,,s,-1,1,"ter_cal, casemate",or(tag[No_Barb];tag[barbette_need];tag[Navarra]),,
"840/gun/p/c3///s/ter_cal, casemate/or(tag[No_Barb];tag[barbette_need];tag[Navarra])",,cl,,16,24,gun,p,c3,,,s,-1,1,"ter_cal, casemate",or(tag[No_Barb];tag[barbette_need];tag[Navarra]),,
841/barbette//b/ca_small_barb/c///or(tag[No_Barb];tag[barbette_need]),,cl,,2,6,barbette,,b,ca_small_barb,c,,-1,1,,or(tag[No_Barb];tag[barbette_need]),,
842/gun//mg/main_ca/c//main_cal/or(tag[No_Barb];tag[barbette_need]),,cl,,2,16,gun,,mg,main_ca,c,,-1,1,main_cal,or(tag[No_Barb];tag[barbette_need]),,
"843/gun//c1//c//sec_cal/mount(barbette), or(tag[g3];tag[g4])",,cl,,4,6,gun,,c1,,c,,-1,1,sec_cal,"mount(barbette), or(tag[g3];tag[g4])",,
"844/gun//c1//c//sec_cal/mount(barbette), or(tag[No_Barb];tag[barbette_need])",,cl,,8,60,gun,,c1,,c,,-1,1,sec_cal,"mount(barbette), or(tag[No_Barb];tag[barbette_need])",,
"845/gun//c2//c//ter_cal/mount(barbette), or(tag[No_Barb];tag[barbette_need])",,cl,,8,60,gun,,c2,,c,,-1,1,ter_cal,"mount(barbette), or(tag[No_Barb];tag[barbette_need])",,
"846/gun//c3//c//ter_cal/mount(barbette), or(tag[No_Barb];tag[barbette_need])",,cl,,8,60,gun,,c3,,c,,-1,1,ter_cal,"mount(barbette), or(tag[No_Barb];tag[barbette_need])",,
847/gun/p/small1/dual_tertiary////or(tag[No_Barb];tag[barbette_need]),,cl,,12,60,gun,p,small1,dual_tertiary,,,-1,1,,or(tag[No_Barb];tag[barbette_need]),,
"848/gun/p/small2/single_tertiary////or(tag[No_Barb];tag[barbette_need]), (tag[g1];tag[g2])",,cl,,8,60,gun,p,small2,single_tertiary,,,-1,1,,"or(tag[No_Barb];tag[barbette_need]), (tag[g1];tag[g2])",,
"849/barbette///////delete_unmounted, or(tag[g3];tag[g4])",,cl,,1,60,barbette,,,,,,-1,1,,"delete_unmounted, or(tag[g3];tag[g4])",,
850/tower_main///////,,cl,,,,tower_main,,,,,,0.01,0.7,,,,
851/tower_sec///////,,cl,,,,tower_sec,,,,,,-1,1,,,,
852/torpedo/p////s//or(tag[No_Barb];tag[barbette_need];tag[g4]),,cl,75,2,4,torpedo,p,,,,s,-0.85,0.5,,or(tag[No_Barb];tag[barbette_need];tag[g4]),,
853/funnel///////,,cl,,3,5,funnel,,,,,,-0.2,0.1,,,,
"854/gun/p/mg2///s/main_cal, !casemate/",,cl,,8,12,gun,p,mg2,,,s,-1,1,"main_cal, !casemate",scheme(side_main_guns),,
855/gun//mg//c//main_cal/,,cl,,1,1,gun,,mg,,c,,0.5,0.8,main_cal,,,
856/gun//mg//c//main_cal/,,cl,,1,1,gun,,mg,,c,,-0.4,-0.8,main_cal,,,
857/gun//mg//c//main_cal/,,cl,,2,3,gun,,mg,,c,,-0.7,0.7,main_cal,,,
858/torpedo/p//sub_torpedo//s//or(tag[g1];tag[g2]),,cl,,2,8,torpedo,p,,sub_torpedo,,s,-1,1,,or(tag[g1];tag[g2]),,
859/tower_main///////,,cl,,,,tower_main,,,,,,0.01,0.7,,,,
860/tower_sec///////,,cl,,,,tower_sec,,,,,,-1,1,,,,
"861/gun/p/mg2///s/main_cal, !casemate/",,cl,,6,16,gun,p,mg2,,,s,-1,1,"main_cal, !casemate",or(tag[earlycruiser_sideguns]),,
"862/gun/p/mg3///s/main_cal, !casemate/",,cl,,6,16,gun,p,mg3,,,s,-1,1,"main_cal, !casemate",or(tag[earlycruiser_sideguns]),,
"863/gun/p/mg4///s/sec_cal, !casemate/",,cl,,6,16,gun,p,mg4,,,s,-1,1,"sec_cal, !casemate",or(tag[earlycruiser_sideguns]),,
"864/gun/p/mg5///s/ter_cal, !casemate/",,cl,,6,16,gun,p,mg5,,,s,-1,1,"ter_cal, !casemate",or(tag[earlycruiser_sideguns]),,
"865/gun/p/mg2///s/main_cal, !casemate/",,cl,,8,12,gun,p,mg2,,,s,-1,1,"main_cal, !casemate",or(tag[g1];tag[g2]),,
"866/gun/p/mg3///s/main_cal, !casemate/",,cl,,8,12,gun,p,mg3,,,s,-1,1,"main_cal, !casemate",or(tag[g1];tag[g2]),,
"867/gun/p/mg4///s/sec_cal, !casemate/",,cl,,8,12,gun,p,mg4,,,s,-1,1,"sec_cal, !casemate",or(tag[g1];tag[g2]),,
"868/gun/p/mg5///s/ter_cal, !casemate/",,cl,,8,12,gun,p,mg5,,,s,-1,1,"ter_cal, !casemate",or(tag[g1];tag[g2]),,
"869/gun/p/c4///s/sec_cal, casemate/",,cl,,16,24,gun,p,c4,,,s,-1,1,"sec_cal, casemate",,,
"870/gun/p/c5///s/sec_cal, casemate/",,cl,,6,60,gun,p,c5,,,s,-1,1,"sec_cal, casemate",,,
"871/gun/p/c6////sec_cal, casemate/",,cl,,6,60,gun,p,c6,,,,-1,1,"sec_cal, casemate",,,
872/torpedo/p////s//,0,cl,30,1,2,torpedo,p,,,,s,-1,1,,,,
873/barbette///////delete_unmounted,,cl,,2,100,barbette,,,,,,-1,1,,delete_unmounted,,
874/torpedo///sub_torpedo/c///,,cl,60,2,100,torpedo,,,sub_torpedo,c,,-1,1,,,,
875/torpedo/p//sub_torpedo//s//,,cl,60,2,6,torpedo,p,,sub_torpedo,,s,-1,1,,,,
876/gun//mg2//c//main_cal/,,cl,10,2,2,gun,,mg2,,c,,-0.75,0.75,main_cal,,,
877/gun/p/mg2///s/main_cal/,,cl,10,4,4,gun,p,mg2,,,s,-0.75,0.75,main_cal,,,
878/gun/p/c6///s/sec_cal/,,cl,80,4,4,gun,p,c6,,,s,-0.5,0.5,sec_cal,,,
879/torpedo/p//sub_torpedo//s//,,cl,,2,50,torpedo,p,,sub_torpedo,,s,-1,1,,,,
880/torpedo/p//sub_torpedo//s//,,cl,,2,50,torpedo,p,,sub_torpedo,,s,-1,1,,,,
881/torpedo/p//sub_torpedo//s//,,cl,,2,50,torpedo,p,,sub_torpedo,,s,-1,1,,,,
882/torpedo/p//sub_torpedo//s//,,cl,,2,50,torpedo,p,,sub_torpedo,,s,-1,1,,,,
1012/gun//mg//c//main_cal//mount(tower_sec),,cl,,4,12,gun,,mg,main_ca,c,,-1,1,main_cal,mount(tower_sec),,
1013/gun//mg2//c//main_cal//mount(tower_main),,cl,,4,12,gun,,mg2,main_ca,c,,-1,1,main_cal,mount(tower_main),,
1014/gun/p/sc6/gun_mounts//s/sec_cal/mount(tower_sec),,cl,,4,12,gun,p,sc6,gun_mounts,,s,-1,1,sec_cal,mount(tower_sec),,
1015/gun/p/sc6/gun_mounts//s/sec_cal/mount(tower_main),,cl,,4,12,gun,p,sc6,gun_mounts,,s,-1,1,sec_cal,mount(tower_main),,
1016/gun/sc5/gun_mounts//c/sec_cal/mount(tower_sec),,cl,,4,12,gun,,sc5,gun_mounts,c,,-1,1,sec_cal,mount(tower_sec),,
1017/gun/sc5/gun_mounts//c/sec_cal/mount(tower_main),,cl,,4,12,gun,,sc5,gun_mounts,c,,-1,1,sec_cal,mount(tower_main),,
1018/gun//c1//c//sec_cal/mount(barbette),,cl,,5,20,gun,,c1,,c,,-1,1,sec_cal,mount(barbette),,
883/funnel///////,,cl,,1,2,funnel,,,funnel_mount,,,-0.6,0.6,,,,
998/barbette///////delete_unmounted,,cl,,1,60,barbette,,,,,,-1,1,,delete_unmounted,,
#,,#dd,,,,,,,,,,,,,,,
885/tower_main///////,,dd,,,,tower_main,,,,,,0.2,0.8,,,,
886/tower_main///////and(tag[DD_Modern_Generic]),,dd,,,,tower_main,,,,,,0.1,0.5,,and(tag[DD_Modern_Generic]),,
887//tower_main///////or(tag[DD_Small]),,dd,,,,tower_main,,,,,,0.1,0.5,,or(tag[DD_Small]),,
888/tower_sec///////,,dd,,,,tower_sec,,,,,,-0.5,0.01,,,,
889/funnel///////,,dd,,1,4,funnel,,,,,,-0.3,0.2,,,,
890/torpedo////c///,,dd,,1,2,torpedo,,,,c,,-1,1,,,,
891/gun//mg/dd_modern/c//main_cal/,,dd,,1,1,gun,,mg,dd_modern,c,,0.6,0.8,main_cal,,,
892/barbette//b/sec_super/c///,,dd,,1,1,barbette,,b,sec_super,c,,-0.1,1,,,,
893/gun//mg/dd_modern/c//main_cal/mount(barbette),,dd,,1,2,gun,,mg,dd_modern,c,,-1,1,main_cal,mount(barbette),,
894/barbette///sec_super_low/c///,,dd,,1,1,barbette,,,sec_super_low,c,,-1,0.1,,,,
895/torpedo////c/mount(barbette),,dd,80,1,1,torpedo,,,,,,-1,-0.01,,mount(barbette),,
895/gun//mg/dd_modern/c//main_cal/mount(barbette),,dd,,1,1,gun,,mg,dd_modern,c,,-1,1,main_cal,mount(barbette),,
896/tower_main///////and(tag[DD_Small_Austria]),,dd,,,,tower_main,,,,,,0.3,0.6,,and(tag[DD_Small_Austria]),,
897/tower_main///////or(tag[DD_Small];tag[DD];tag[g2]),,dd,,,,tower_main,,,,,,0.01,0.5,,or(tag[DD_Small];tag[DD];tag[g2]),,
898/barbette///sec_super/c///,,dd,,1,1,barbette,,,sec_super,c,,-1,1,,,,
899/gun//mg/dd_modern/c//main_cal/mount(barbette),,dd,,1,2,gun,,mg,dd_modern,c,,-1,1,main_cal,mount(barbette),,
900/gun//mg/dd_modern/c//main_cal/,,dd,,1,1,gun,,mg,dd_modern,c,,0.01,0.9,main_cal,,,
922/funnel///////and(tag[g4]),,dd,,1,1,funnel,,,,,,0.1,0.4,,and(tag[g4]),,
902/funnel///////and(!tag[g4]),,dd,,1,1,funnel,,,,,,0.1,0.4,,and(!tag[g4]),,
903/torpedo///4_torp/c///or(tag[g3];tag[g4]),,dd,,1,1,torpedo,,,4_torp,c,,-0.9,-0.01,,or(tag[g3];tag[g4]),,
904/barbette///sec_super_low/c///,,dd,,1,1,barbette,,,sec_super_low,c,,-1,1,,,,
905/gun//mg/dd_modern/c//main_cal/,,dd,,1,1,gun,,mg,dd_modern,c,,-0.8,-0.4,main_cal,,,
906/barbette///sec_super/c///,,dd,,1,1,barbette,,,sec_super,c,,-1,1,,,,
907/gun//mg/dd_modern/c//main_cal/mount(barbette),,dd,,1,2,gun,,mg,dd_modern,c,,-1,1,main_cal,mount(barbette),,
908/funnel///big_funnel////,,dd,,1,1,funnel,,,big_funnel,,,-0.1,0.2,,,,
909/funnel///////or(tag[g1];tag[g2];tag[g3]),,dd,,1,1,funnel,,,,,,-0.2,0.3,,or(tag[g1];tag[g2];tag[g3]),,
910/torpedo///5_torp/c///or(tag[g4]),,dd,,1,1,torpedo,,,5_torp,c,,-0.9,-0.01,,or(tag[g4]),,
911/torpedo///3_torp/c///,,dd,,1,1,torpedo,,,3_torp,c,,-0.9,-0.01,,,,
912/torpedo////c///or(tag[g1];tag[g2]),,dd,,1,1,torpedo,,,,c,,-0.9,-0.01,,or(tag[g1];tag[g2]),,
913/torpedo///3_torp/c///,,dd,,1,1,torpedo,,,3_torp,c,,-0.9,-0.01,,,,
914/torpedo///5_torp/c///or(tag[Shima];tag[modern_dd_long]),,dd,,1,1,torpedo,,,5_torp,c,,-0.9,-0.01,,or(tag[Shima];tag[modern_dd_long]),,
915/torpedo///4_torp/c///,,dd,,1,1,torpedo,,,4_torp,c,,-0.9,-0.01,,,,
1001/tower_sec///////,,dd,,,,tower_sec,,,,,,-0.6,-0.1,,,,
916/funnel///////or(tag[Shima];tag[modern_dd_long]),,dd,,1,1,funnel,,,,,,-0.2,0.25,,or(tag[Shima];tag[modern_dd_long]),,
917/funnel///////and(!tag[Shima];tag[modern_dd_long]),,dd,,1,1,funnel,,,,,,-0.2,0.25,,and(!tag[Shima];tag[modern_dd_long]),,
918/gun//mg/dd_modern/c//main_cal/,,dd,,1,1,gun,,mg,dd_modern,c,,-0.5,-0.2,main_cal,,,
919/torpedo///4_torp/c///or(tag[g3];tag[g4]),,dd,,1,1,torpedo,,,4_torp,c,,-0.2,0.1,,or(tag[g3];tag[g4]),,
920/torpedo///4_torp/c///,,dd,,1,1,torpedo,,,4_torp,c,,-0.2,0.1,,,,
921/gun//mg//c//main_cal/,,dd,,1,1,gun,,mg,,c,,-0.3,0.1,main_cal,,,
923/gun//mg2//c//main_cal/,,dd,,1,1,gun,,mg2,,c,,-0.7,-0.3,main_cal,,,
924/funnel///////,,dd,,1,1,funnel,,,,,,-0.2,0.15,,,,
925/funnel///////,,dd,,1,1,funnel,,,,,,-0.2,0.2,,,,
926/barbette//b/sec_super/c///or(tag[g3];tag[g4]),,dd,,1,1,barbette,,b,sec_super,c,,-1,1,,or(tag[g3];tag[g4]),,
927/barbette//b/sec_super/c///or(tag[g3];tag[g4]),,dd,,1,1,barbette,,b,sec_super,c,,-1,1,,or(tag[g3];tag[g4]),,
928/gun//mg/dd_modern/c//main_cal/mount(barbette),,dd,,1,5,gun,,mg,dd_modern,c,,-1,1,main_cal,mount(barbette),,
929/funnel///////,,dd,,1,1,funnel,,,,,,-0.2,0.1,,,,
930/gun//mg//c//main_cal/,,dd,75,1,1,gun,,mg,,c,,-0.7,-0.1,main_cal,,,
931/gun//sc2//c//main_cal/,,dd,50,1,1,gun,,sc2,,c,,-0.7,-0.1,main_cal,,,
932/gun//sc3//c//main_cal/,,dd,25,1,1,gun,,sc3,,c,,-0.7,-0.1,main_cal,,,
933/gun//sc4//c//main_cal/,,dd,,1,1,gun,,sc4,,c,,-0.7,-0.1,main_cal,,,
934/gun//sc5//c//main_cal/,,dd,,1,1,gun,,sc5,,c,,-0.7,-0.1,main_cal,,,
935/gun/p/sc3/dd_side/,,dd,50,1,2,gun,p,sc3,dd_side,,s,-0.3,0.1,sec_cal,,,
936/gun/p/sc4/dd_side/,,dd,25,1,2,gun,p,sc4,dd_side,,s,-0.3,0.1,sec_cal,,,
937/gun/p////s/sec_cal/,,dd,50,1,2,gun,p,sc3,dd_side,,s,-0.3,0.1,sec_cal,,,
938/gun/p////s/sec_cal/,,dd,25,1,2,gun,p,sc4,dd_side,,s,-0.3,0.1,sec_cal,,,
939/torpedo////c///or(tag[g2]),,dd,100,1,2,torpedo,,,,c,,0.5,0.9,,or(tag[g2]),,
940/gun/p/sc6///s/main_cal/,,dd,,1,4,gun,p,sc6,,,s,-0.3,0.01,sec_cal,,,
941/gun/p/sc6/gun_mounts//s/sec_cal/mount(tower_sec),,dd,,4,24,gun,p,sc6,gun_mounts,,s,-1,1,sec_cal,mount(tower_sec),,
942/gun/p/sc7/////,,dd,,2,8,gun,p,sc7,,,s,-0.8,0.8,,,,
943/gun/p/sc6/gun_mounts//s/sec_cal/mount(tower_main),,dd,,4,24,gun,p,sc6,gun_mounts,,s,-1,1,sec_cal,mount(tower_main),,
944/gun////c///,,dd,,1,1,gun,,,,c,,-0.9,-0.01,,,,
945/gun//mg/dd_modern/c//main_cal/mount(barbette),,dd,,1,5,gun,,mg,dd_modern,c,,-1,1,main_cal,mount(barbette),,
946/funnel///////,,dd,,1,1,funnel,,,,,,-0.2,0.2,,,,
999/barbette///////delete_unmounted,,dd,,1,100,barbette,,,,,,-1,1,,delete_unmounted,,
#,,#tb,,,,,,,,,,,,,,,
948/tower_main///////,,tb,,,,tower_main,,,,,,-0.1,0.9,,,,
949/funnel///////,,tb,,1,4,funnel,,,,,,-0.5,0.5,,,,
950/torpedo////c///,,tb,,1,2,torpedo,,,,c,,-1,-0.01,,,,
951/gun//mg//c//main_cal/,,tb,,2,10,gun,,mg,,c,,-1,1,main_cal,,,
952/funnel///////,,tb,,1,2,funnel,,,,,,-0.5,0.5,,,,
953/torpedo////c///,,tb,,2,2,torpedo,,,,c,,-1,0.01,,,,
954/gun//mg//c//main_cal/,,tb,,1,2,gun,,mg,,c,,-1,1,main_cal,,,
955/torpedo////c///,,tb,,2,2,torpedo,,,,c,,-1,0.01,,,,
956/gun//mg2//c//main_cal/,0,tb,,1,50,gun,,mg2,,c,,-1,1,main_cal,,,
957/gun/p/mg///s/main_cal/,0,tb,,1,2,gun,p,mg,,,s,-1,1,main_cal,,,
958/gun/p/mg2///s/main_cal/,,tb,,2,8,gun,p,mg2,dd_side,,s,-1,1,main_cal,,,
959/gun/p/mg3///s/main_cal/,,tb,,2,8,gun,p,mg3,dd_side,,s,-1,1,main_cal,,,
960/gun//mg//c//main_cal/,,tb,,1,1,gun,,mg,,c,,-1,1,main_cal,,,
#,,#tr,,,,,,,,,,,,,,,
962/tower_main///////,,tr,,,,tower_main,,,,,,-1,-0.01,,,,
963/funnel///////,,tr,100,1,4,funnel,,,,,,-0.2,0.1,,,,
964/tower_sec///////,,tr,60,,,tower_sec,,,,,,0.01,1,,,,
965/funnel///////,,tr,,1,4,funnel,,,,,,-0.2,0.1,,,,
966/special///cargo////,,tr,,2,2,special,,,cargo,,,-1,1,,,,
967/special///cargo////,,tr,,2,2,special,,,cargo,,,-1,1,,,,
968/gun//mg//c//main_cal/tr_rand_mod,,tr,100,2,4,gun,,mg,,c,,-1,1,main_cal,tr_rand_mod,,
969/gun/p/mg2///s/main_cal/tr_rand_mod,,tr,100,2,4,gun,p,mg2,,,s,-1,1,main_cal,tr_rand_mod,,
970/funnel///////,0,tr,,1,5,funnel,,,,,,-0.2,0.1,,,,
971/gun/p/mg3///s/main_cal/tr_rand_mod,,tr,45,2,4,gun,p,mg3,,,s,-1,1,main_cal,tr_rand_mod,,
972/torpedo/p////s//tr_rand_mod,0,tr,20,2,4,torpedo,p,,,,s,-1,1,,tr_rand_mod,,
973/special///cargo////,,tr,,1,6,special,,,cargo,,,-1,1,,,,
#,,#ic,,,,,,,,,,,,,,,
975/tower_main///////,,ic,,,,tower_main,,,,,,0.01,0.7,,,,
976/tower_sec///////,,ic,,,,tower_sec,,,,,,-1,1,,,,
977/funnel///////,,ic,,1,2,funnel,,,,,,-0.2,0.1,,,,
"978/gun//mg/main_center/c//main_cal/mount(center), or(tag[ironclad_monitor])",,ic,,1,1,gun,,mg,main_center,c,,0.15,1,main_cal,"mount(center), or(tag[ironclad_monitor])",,
"979/gun//mg/main_center/c//main_cal/mount(center), or(tag[ironclad_monitor])",,ic,50,1,2,gun,,mg,main_center,c,,-1,1,main_cal,"mount(center), or(tag[ironclad_monitor])",,
"980/gun//mg/main_center/c//main_cal/mount(center), or(tag[ironclad_virginia])",,ic,,2,,gun,,mg,main_center,c,,-1,1,main_cal,"mount(center), or(tag[ironclad_virginia])",,
981/funnel///////,,ic,50,,,funnel,,,,,,-0.2,0.1,,,,
"982/gun/p/sg///s/sec_cal, casemate/",,ic,,6,14,gun,p,sg,,,s,-1,1,"sec_cal, casemate",,,
"983/gun/p/sg2///s/sec_cal, casemate/",,ic,,6,14,gun,p,sg2,,,s,-1,1,"sec_cal, casemate",,,
984/funnel///////,,ic,,4,25,funnel,,,,,,-0.2,0.1,,,,
#,,#amc,,,,,,,,,,,,,,,
986/tower_main///////,,amc,,,,tower_main,,,,,,0.01,0.7,,,,
987/funnel///////,,amc,100,1,4,funnel,,,,,,-0.2,0.1,,,,
988/tower_sec///////,,amc,,,,tower_sec,,,,,,-1,1,,,,
989/funnel///////,,amc,,1,4,funnel,,,,,,-0.2,0.1,,,,
990/special///cargo////,,amc,,2,2,special,,,cargo,,,-1,1,,,,
991/special///cargo////,,amc,,2,2,special,,,cargo,,,-1,1,,,,
992/gun//mg//c//main_cal/tr_rand_mod,,amc,100,2,4,gun,,mg,,c,,-1,1,main_cal,tr_rand_mod,,
993/gun/p/mg2///s/main_cal/tr_rand_mod,,amc,75,2,4,gun,p,mg2,,,s,-1,1,main_cal,tr_rand_mod,,
994/funnel///////,,amc,25,1,5,funnel,,,,,,-0.2,0.1,,,,
995/gun/p/mg3///s/main_cal/tr_rand_mod,,amc,80,2,4,gun,p,mg3,,,s,-1,1,main_cal,tr_rand_mod,,
996/torpedo/p////s//tr_rand_mod,0,amc,20,2,4,torpedo,p,,,,s,-1,1,,tr_rand_mod,,
997/special///cargo////,,amc,,1,6,special,,,cargo,,,-1,1,,,,
#,,#,,,,,,,,,,,,,,,
