name,technology type,"image for ui, if any",name for ui,historical year,"max year randomization, plus-minus",difficulty of reseach modifier,effect: please see table TechEffects,,effect to add,effect description,old effect description,,comment
@name,type,#image,nameUi,year,yearRand,difficulty,effect,component,#todo,desc,#descOld,#desc3?,#comment
default,,,,-1,0,25,,,,,,,
start,special,,$technology_name_start,,,,start,,,,,,"special starting tech, all players have it researched"
# $techType_name_engine_engine,engine_engine,,,,,,,,,,,,
engine_engine_1,engine_engine,,$technology_name_engine_engine_1,1890,,144,"start, hp(24), fuel(10), stat(smoke;50), engine_vibrations(-40), cruising_speed(50), maintenance_tech(-10)",main_engine_1,,$technology_desc_engine_engine_1,The steam engine propulsion uses technology concepts of the 19th century.,,
engine_engine_1_1,engine_engine,,$technology_name_engine_engine_1_1,1890,,144,"start, hp(25), fuel(10), engine_c(-50), engine(2.5), stat(smoke;60), engine_vibrations(-40), cruising_speed(55)",main_engine_1_1,,$technology_desc_engine_engine_1_1,The steam engine propulsion uses technology concepts of the 19th century.,,
engine_engine_2,engine_engine,,$technology_name_engine_engine_2,1895,1,144,"hp(26), fuel(10), stat(fcap;5), engine_c(-60), engine(3.5), engine_d(7.5), stat(smoke;60), engine_vibrations(-35), fuel_eff(10), cruising_speed(55), cost(hull;-3.5), maintenance_tech(5)",main_engine_2,,$technology_desc_engine_engine_2,"Α compound engine that expands the steam in three stages produces more power in less weight. *Engine weight -2%, Engine efficiency +1, Replaces Steam Compound Engine, Reduces chance of engine damage -5%* ",,
engine_engine_3,engine_engine,,$technology_name_engine_engine_3,1900,1,144,"hp(28), engine_c(-120), fuel(15), stat(fcap;10), engine(4.5), engine_d(25), stat(smoke;70), engine_vibrations(-30), fuel_eff(15), cruising_speed(59), cost(hull;-5.5), maintenance_tech(10)",main_engine_3,,$technology_desc_engine_engine_3,"An evolution to the older triple expansion steam engine which boosts performance. *Engine weight -2%, Engine efficiency +1, Replaces Triple expansion steam engine, Reduces chance of engine damage -5%*",,
engine_engine_4,engine_engine,,$technology_name_engine_engine_4,1905,1,144,"hp(30), fuel(22.5), stat(fcap;15) engine(5), engine_c(-335), engine_d(25), stat(smoke;55), engine_vibrations(-25), fuel_eff(20), cruising_speed(62.5), cost(hull;-7.5), maintenance_tech(25)",main_engine_3_adv,,$technology_desc_engine_engine_4,"An evolution to the older triple expansion steam engine which boosts performance. *Engine weight -2%, Engine efficiency +1, Replaces Triple expansion steam engine, Reduces chance of engine damage -5%*",,
engine_engine_5,engine_engine,,$technology_name_engine_engine_5,1907,1,144,"hp(70), engine(20), fuel(1), stat(fcap;45), accel(50), engine_c(-2500), engine_d(35), module_repair_engine(30), stat(smoke;25), engine_vibrations(15), fuel_eff(15), cruising_speed(52.5), cost(hull;-12), maintenance_tech(-10)",main_engine_4,,$technology_desc_engine_engine_5,"The revolutionary steam turbine mechanism makes older reciprocating engines obsolete. *Engine weight -2%, Engine efficiency +4, Replaces Multiple expansion steam engine, Reduces chance of engine damage -5%*",,
engine_engine_6,engine_engine,,$technology_name_engine_engine_6,1916,1,144,"hp(100), engine(10), accel(60), fuel(2), stat(fcap;50), engine_c(-5000), engine_d(40), module_repair_engine(45), stat(smoke;20), engine_vibrations(20), fuel_eff(20), cruising_speed(55), cost(hull;-15), maintenance_tech(-15)",main_engine_5,,$technology_desc_engine_engine_6,"Reduction gears offer high engine power and torque at lower rpm and reduce chances of malfunctioning. ""Engine weight -2%, Engine efficiency +1, Reduces chance of engine damage -5%""",,
engine_engine_7,engine_engine,,$technology_name_engine_engine_7,1922,1,144,"hp(90), engine(25), stat(fcap;65), accel(200), decel(75), engine_c(-10000), engine_d(60), module_repair_engine(-50), module_repair(10), engine_r(10), pump(10), gun_rotation(10), turning(10), turning_change(12.5), stat(smoke;-60), engine_vibrations(60), flaws(-10), fuel_eff(20), cruising_speed(72.5), cost(hull;-17.5), maintenance_tech(20)",main_engine_turbo,,$technology_desc_engine_engine_7,"Reduction gears offer high engine power and torque at lower rpm and reduce chances of malfunctioning. ""Engine weight -2%, Engine efficiency +1, Reduces chance of engine damage -5%""",,
engine_engine_8,engine_engine,,$technology_name_engine_engine_8,1927,1,144,"hp(135), engine(5), fuel(5), stat(fcap;55), accel(65), engine_c(-7500), engine_d(45), module_repair_engine(60), stat(smoke;15), engine_vibrations(25), flaws(-5), fuel_eff(25), cruising_speed(60), cost(hull;-20), maintenance_tech(-5)",main_engine_6,,$technology_desc_engine_engine_8,"Double reduction gears can now be used on Steam Turbines, increasing further their performance and reliability. ""Engine weight -2%, Engine efficiency +1, Reduces chance of engine damage -5%""",,
engine_engine_9,engine_engine,,$technology_name_engine_engine_9,1931,1,144,"hp(50), fuel(15), engine(17.5), engine_c(-8000), engine_d(75), module_repair_engine(120), stat(fcap;100), boiler(100), accel(-25), stat(smoke;-25), engine_vibrations(-15), flaws(-5), fuel_eff(35), cruising_speed(80), cost(hull;-22.5), maintenance_tech(25)",main_engine_7,,$technology_desc_engine_engine_9,,,
engine_engine_8_2,engine_engine,,$technology_name_engine_engine_8_2,1934,1,144,"hp(150), engine(7.5), fuel(7.5), stat(fcap;90), accel(40), engine_c(-9000), engine_d(50), module_repair_engine(75), stat(smoke;20), engine_vibrations(20), flaws(-10), fuel_eff(30), cruising_speed(70), cost(hull;-24), maintenance_tech(-5), boiler(30)",main_engine_6_2,,$technology_desc_engine_engine_8_2,,,
engine_engine_10,engine_engine,,$technology_name_engine_engine_10,1937,1,144,"hp(60), fuel(20), engine(22.5), engine_c(-7000), engine_d(85), module_repair_engine(175), stat(fcap;120), boiler(100), accel(-17.5), stat(smoke;-35), engine_vibrations(-10), flaws(-5), fuel_eff(45), cruising_speed(80), cost(hull;-25), maintenance_tech(30)",main_engine_8,,$technology_desc_engine_engine_10,,,
engine_engine_8_1,engine_engine,,$technology_name_engine_engine_8_1,1941,1,144,"hp(105), engine(30), fuel(10), stat(fcap;75), accel(240), decel(130), engine_c(-14250), engine_d(65), module_repair_engine(-60), module_repair(15), engine_r(15), pump(15), gun_rotation(15), turning(15), turning_change(20), stat(smoke;-65), engine_vibrations(70), flaws(-15), fuel_eff(25), cruising_speed(75), cost(hull;-18.5), maintenance_tech(25)",main_engine_6_1,,$technology_desc_engine_engine_8_1,,,
engine_engine_11,engine_engine,,$component_name_short_main_engine_9,1951,1,144,"hp(210), engine(13.5), accel(45), decel(10), stat(fcap;120), engine_c(-12500), engine_d(35), module_repair_engine(40), fuel(5), boiler(100), stat(smoke;-40), engine_vibrations(40), flaws(-10), cruising_speed(85), cost(hull;-27.5), maintenance_tech(12.5)",main_engine_9,,$technology_desc_engine_engine_11,,,
engine_engine_10_1,engine_engine,,$technology_name_engine_engine_10_1,1955,1,144,"hp(90), fuel(20), engine(35), engine_c(-21500), engine_d(50), module_repair_engine(-65), stat(fcap;100), boiler(100), accel(115), decel(50), module_repair(12.5), engine_r(12.5), pump(12.5), gun_rotation(12.5), turning(12.5), turning_change(15), stat(smoke;-55), engine_vibrations(75), flaws(-22.5), fuel_eff(52.5), cruising_speed(95), cost(hull;-30), maintenance_tech(10)",main_engine_8_1,,$technology_desc_engine_engine_10_1,,,
engine_engine_12,engine_engine,,$technology_name_engine_engine_12,1960,1,144,"hp(240), engine(15), accel(65), decel(35), stat(fcap;150), engine_c(-14500), engine_d(45), module_repair_engine(55), fuel(10), boiler(100), stat(smoke;-55), engine_vibrations(50), flaws(-20), fuel_eff(50), cruising_speed(85), cost(hull;-30), maintenance_tech(20)",main_engine_10,,$technology_desc_engine_engine_12,,,
engine_engine_end,engine_engine,,$technology_name_engine_engine_end,1965,1,288,"end, hp(2), fuel(0.25), engine_c(-10), engine_d(2.5), module_repair_engine(2.5), stat(smoke;-1), engine_vibrations(0.5), fuel_eff(1), maintenance_tech(-0.2)",,,$technology_desc_engine_engine_end,,,
# $compTypes_name_short_boilers,engine_boiler,,,,,,,,,,,,
engine_boiler_1,engine_boiler,,$technology_name_engine_boiler_1,1890,,36,"start, fuel(-15), hull(-2), stat(fcap;-35), detonation(12.5), stat(floatability;5), stat(endurance;7.5), stat(smoke;100), engine_vibrations(-15), fuel_eff(-25), engine_c(25), boiler(-50), oil_consumption(0)",fuel_coal,,$technology_desc_engine_boiler_1,,,
engine_boiler_1_1,engine_boiler,,$technology_name_engine_boiler_1_1,1890,1,36,"start,fuel(-25), hull(-2.5), stat(fcap;-20), detonation(10), stat(floatability;3), stat(endurance;5), stat(smoke;70), engine_vibrations(-10), fuel_eff(-5), engine_c(-10), boiler(-40), oil_consumption(0), maintenance_tech(2.5)",fuel_coal_2,,$technology_desc_engine_boiler_1_1,,,
engine_boiler_2,engine_boiler,,$technology_name_engine_boiler_2,1905,1,36,"fuel(15), fuel_c(-120), hull(-1), engine_c(-125), stat(fcap;-12.5), detonation(2.5), stat(endurance;2), stat(floatability;2), stat(smoke;50), engine_vibrations(-5), fuel_eff(5), boiler(-25), oil_consumption(50), maintenance_tech(5)",fuel_oil_1,need_oil,$technology_desc_engine_boiler_2,,,
engine_boiler_2_1,engine_boiler,,$technology_name_engine_boiler_2_1,1910,1,36,"fuel(20), boiler(10),  fuel_c(-160), hull(-1), engine_c(-175), stat(fcap;-5),detonation(2.5), stat(endurance;2), stat(smoke;30), engine_vibrations(2.5), fuel_eff(7.5), boiler(-15), oil_consumption(75), maintenance_tech(7.5)",fuel_oil_1_1,need_oil,$technology_desc_engine_boiler_2_1,,,
engine_boiler_3,engine_boiler,,$technology_name_engine_boiler_3,1916,1,36,"fuel(25), boiler(10), engine_c(-350), stat(fcap;15), fuel_c(-100), stat(smoke;15), engine_vibrations(15), fuel_eff(-15), oil_consumption(100), maintenance_tech(7.5)",fuel_oil_2,need_oil,$technology_desc_engine_boiler_3,,,
engine_boiler_4,engine_boiler,,$technology_name_engine_boiler_4,1931,1,36,"fuel(30), engine_c(-650), stat(fcap;25), fuel_c(-220), stat(smoke;10), engine_vibrations(20), fuel_eff(20), oil_consumption(100), maintenance_tech(10)",fuel_oil_3,need_oil,$technology_desc_engine_boiler_4,,,
engine_boiler_5,engine_boiler,,$technology_name_engine_boiler_5,1941,1,36,"fuel(40), engine_c(-950), stat(fcap;40), fuel_c(-250), stat(smoke;5), engine_vibrations(30), fuel_eff(30), oil_consumption(100), maintenance_tech(12.5)",fuel_oil_4,need_oil,$technology_desc_engine_boiler_5,,,
engine_boiler_6,engine_boiler,,$technology_name_engine_boiler_6,1890,,36,"start, stat(fcap;-50), engine_c(25), fuel(-10), fuel_c(25), fuel_eff(-10), cost(funnel;40)",boiler_1,,$technology_desc_engine_boiler_6,,,
engine_boiler_7,engine_boiler,,$technology_name_engine_boiler_7,1890,1,36,"start, boiler(-4), hull(-0.5), cost(funnel;-20), stat(fcap;10), stat(smoke;20), engine_vibrations(-12.5), engine_c(-50), maintenance_tech(-7.5)",boiler_2,,$technology_desc_engine_boiler_7,,,
engine_boiler_8,engine_boiler,,$technology_name_engine_boiler_8,1905,1,36,"weight(funnel;-7), engine_c(-175), cost(funnel;-100), stat(fcap;50), stat(smoke;50), engine_vibrations(-30), maintenance_tech(-12.5)",boiler_3,,$technology_desc_engine_boiler_8,,,
engine_boiler_9_1,engine_boiler,,$technology_name_engine_boiler_9_1,1911,1,36,"boiler(5), engine_c(-75), weight(funnel;-5), fuel_eff(5), stat(smoke;-5), stat(fcap;-15), engine_vibrations(15), maintenance_tech(-15)",boiler_4_1,,$technology_desc_engine_boiler_9_1,,,
engine_boiler_9,engine_boiler,,$technology_name_engine_boiler_9,1920,1,36,"boiler(2.5), hull(-0.25), weight(funnel;-2), cost(funnel;-55), engine_c(-100), stat(fcap;25), stat(smoke;-15), engine_vibrations(5), maintenance_tech(5)",boiler_4,,$technology_desc_engine_boiler_9,,,
engine_boiler_9_2,engine_boiler,,$technology_name_engine_boiler_9_2,1935,1,36,"boiler(3.0), engine_c(-50), fuel_eff(15), stat(fcap;40), stat(smoke;-5), engine_vibrations(10), maintenance_tech(-5)",boiler_4_2,,$technology_desc_engine_boiler_9_2,,,
engine_boiler_9_3,engine_boiler,,$technology_name_engine_boiler_9_3,1949,1,36,"boiler(4.0), engine_c(-100), fuel_eff(25), stat(fcap;10), engine_vibrations(15), engine_d(-15), maintenance_tech(-10)",boiler_4_3,,$technology_desc_engine_boiler_9_3,,,
engine_boiler_10,engine_boiler,,$technology_name_engine_boiler_10,1897,1,36,stat(fcap;10),,,$technology_desc_engine_boiler_10,,,
engine_boiler_11,engine_boiler,,$technology_name_engine_boiler_11,1906,1,36,stat(fcap;5),,,$technology_desc_engine_boiler_10,,,
engine_boiler_12,engine_boiler,,$technology_name_engine_boiler_12,1916,1,36,stat(fcap;5),,,$technology_desc_engine_boiler_10,,,
engine_boiler_13,engine_boiler,,$technology_name_engine_boiler_13,1926,1,36,stat(fcap;5),,,$technology_desc_engine_boiler_10,,,
engine_boiler_14,engine_boiler,,$technology_name_engine_boiler_14,1938,1,36,stat(fcap;5),,,$technology_desc_engine_boiler_10,,,
engine_boiler_15,engine_boiler,,$technology_name_engine_boiler_15,1948,1,36,stat(fcap;5),,,$technology_desc_engine_boiler_10,,,
engine_boiler_16,engine_boiler,,$technology_name_engine_boiler_16,1891,,36,boiler(2.5),,,$technology_desc_engine_boiler_16,,,
engine_boiler_17,engine_boiler,,$technology_name_engine_boiler_17,1896,1,36,"boiler(2.5), fuel(2.5), fuel_eff(3)",,,$technology_desc_engine_boiler_17,,,
engine_boiler_18,engine_boiler,,$technology_name_engine_boiler_18,1905,1,36,"boiler(2.5), fuel(2.5), fuel_eff(2)",,,$technology_desc_engine_boiler_18,,,
engine_boiler_19,engine_boiler,,$technology_name_engine_boiler_19,1906,1,36,"boiler(2.5), fuel(2.5)",,,$technology_desc_engine_boiler_19,,,
engine_boiler_20,engine_boiler,,$technology_name_engine_boiler_20,1922,1,36,"boiler(2.5), fuel(2.5)",,,$technology_desc_engine_boiler_20,,,
engine_boiler_21,engine_boiler,,$technology_name_engine_boiler_21,1931,1,36,boiler(5),,,$technology_desc_engine_boiler_21,,,
engine_boiler_22,engine_boiler,,$technology_name_engine_boiler_22,1938,1,36,"boiler(3), fuel(5)",,,$technology_desc_engine_boiler_22,,,
engine_boiler_23,engine_boiler,,$technology_name_engine_boiler_23,1891,1,36,unlockpart(smallearlyfunnels_level_2),,,$technology_desc_engine_boiler_23,,,
engine_boiler_24,engine_boiler,,$technology_name_engine_boiler_24,1894,1,36,unlockpart(smallearlyfunnels_level_3),,,$technology_desc_engine_boiler_24,,,
engine_boiler_25,engine_boiler,,$technology_name_engine_boiler_25,1892,1,36,unlockpart(mediumearlyfunnels_level_2),,,$technology_desc_engine_boiler_25,,,
engine_boiler_26,engine_boiler,,$technology_name_engine_boiler_26,1896,1,36,unlockpart(mediumearlyfunnels_level_3),,,$technology_desc_engine_boiler_26,,,
engine_boiler_27,engine_boiler,,$technology_name_engine_boiler_27,1893,1,36,unlockpart(bigearlyfunnels_level_2),,,$technology_desc_engine_boiler_27,,,
engine_boiler_28,engine_boiler,,$technology_name_engine_boiler_28,1901,1,36,unlockpart(bigearlyfunnels_level_3),,,$technology_desc_engine_boiler_28,,,
engine_boiler_29,engine_boiler,,$technology_name_engine_boiler_29,1921,1,36,unlockpart(biglatefunnels_level_2),,,$technology_desc_engine_boiler_28,,,
engine_boiler_30,engine_boiler,,$technology_name_engine_boiler_30,1931,1,36,unlockpart(biglatefunnels_level_3),,,$technology_desc_engine_boiler_28,,,
engine_boiler_31,engine_boiler,,$technology_name_engine_boiler_31,1939,1,35,unlockpart(biglatefunnels_level_4),,,$technology_desc_engine_boiler_28,,,
engine_boiler_32,engine_boiler,,$technology_name_engine_boiler_32,1908,1,35,unlockpart(earlyDDfunnels_level_2),,,$technology_desc_engine_boiler_32,,,
engine_boiler_33,engine_boiler,,$technology_name_engine_boiler_33,1910,1,35,unlockpart(earlyDDfunnels_level_3),,,$technology_desc_engine_boiler_33,,,
engine_boiler_34,engine_boiler,,$technology_name_engine_boiler_34,1919,1,35,unlockpart(lateDDfunnels_level_2),,,$technology_desc_engine_boiler_33,,,
engine_boiler_35,engine_boiler,,$technology_name_engine_boiler_35,1927,1,35,unlockpart(lateDDfunnels_level_3),,,$technology_desc_engine_boiler_33,,,
engine_boiler_36,engine_boiler,,$technology_name_engine_boiler_36,1937,1,35,unlockpart(lateDDfunnels_level_4),,,$technology_desc_engine_boiler_33,,,
engine_boiler_37,engine_boiler,,$technology_name_engine_boiler_37,1908,1,35,unlockpart(earlydreadnoughtfunnels_level_2),,,$technology_desc_engine_boiler_34,,,
engine_boiler_38,engine_boiler,,$technology_name_engine_boiler_38,1911,1,35,unlockpart(earlydreadnoughtfunnels_level_3),,,$technology_desc_engine_boiler_34,,,
engine_boiler_39,engine_boiler,,$technology_name_engine_boiler_39,1915,1,35,unlockpart(earlydreadnoughtfunnels_level_4),,,$technology_desc_engine_boiler_34,,,
engine_boiler_40,engine_boiler,,$technology_name_engine_boiler_40,1924,1,35,unlockpart(late_BB_funnels_level_2),,,$technology_desc_engine_boiler_34,,,
engine_boiler_41,engine_boiler,,$technology_name_engine_boiler_41,1931,1,35,unlockpart(late_BB_funnels_level_3),,,$technology_desc_engine_boiler_34,,,
engine_boiler_42,engine_boiler,,$technology_name_engine_boiler_42,1941,1,35,unlockpart(late_BB_funnels_level_4),,,$technology_desc_engine_boiler_34,,,
engine_boiler_end,engine_boiler,,$technology_name_engine_boiler_end,1962,1,120,"end, boiler(0.5), fuel(1), stat(smoke;-1), fuel_eff(0.5), stat(fcap;0.5)",,,$technology_desc_engine_boiler_end,"A pump is used to circulate water inside the boiler increasing its heat performance. *Boilers weight -3%, Fuel consumption -5%* ",,
# $techType_name_engine_special,engine_special,,,,,,,,,,,,
engine_special_1,engine_special,,$technology_name_engine_special_1,1890,,68,"start, default_component",steering_gear_0,,$technology_desc_engine_special_1,,,
engine_special_2,engine_special,,$technology_name_engine_special_2,1900,1,68,"turning(6.5), turning_change(7.5), stat(turn;-2.5), hull(-1.25), engine_c(-12.5), cost(hull;-1.5)",steering_gear_1,,$technology_desc_engine_special_2,,,
engine_special_3,engine_special,,$technology_name_engine_special_3,1911,1,68,"turning(10.5), turning_change(13.5), stat(turn;-5), engine_c(-35),  hull(-0.5), module_repair(-5), pump(-5), gun_rotation(-5), module_repair_engine(-5), flaws(-2.5), cost(hull;-2)",steering_gear_2,,$technology_desc_engine_special_3,,,
engine_special_4,engine_special,,$technology_name_engine_special_4,1914,1,68,"turning(12.5), turning_change(16), stat(turn;-7.5), engine_c(-75),  hull(-4), flaws(-5), cost(hull;-2.5)",steering_gear_3,,$technology_desc_engine_special_4,,,
engine_special_5,engine_special,,$technology_name_engine_special_5,1925,1,68,"turning(15.5), turning_change(22.5), stat(turn;-10), engine_c(-125),  hull(-1.35), module_repair(-7.5), pump(-7.5), gun_rotation(-7.5), module_repair_engine(-7.5), flash(-5.5), flaws(-7.5), cost(hull;-3.5)",steering_gear_4,,$technology_desc_engine_special_5,,,
engine_special_6,engine_special,,$technology_name_engine_special_6,1934,1,68,"turning(11.5), turning_change(18.5), stat(turn;-8.5), engine_c(-170),  hull(-5), flaws(-10), cost(hull;-4.5)",steering_gear_5,,$technology_desc_engine_special_6,,,
engine_special_7,engine_special,,$technology_name_engine_special_7,1891,,68,engine(4),,,$technology_desc_engine_special_7,,,
engine_special_8,engine_special,,$technology_name_engine_special_8,1942,1,68,"accel(5), engine_r(5)",,,$technology_desc_engine_special_8,,,
engine_special_9,engine_special,,$technology_name_engine_special_9,1947,1,68,"accel(5), engine_r(5)",,,$technology_desc_engine_special_9,,,
engine_special_10,engine_special,,$technology_name_engine_special_10,1908,1,68,"engine(-5), fuel(-2), engine_c(-50), module_repair(15), engine_r(10), pump(15), gun_rotation(2), turning(5), turning_change(5), module_repair_engine(10), engine_vibrations(-5), fuel_eff(-2.5), cost(hull;-2.5)",aux_engine_1,,$technology_desc_engine_special_10,,,
engine_special_11,engine_special,,$technology_name_engine_special_11,1917,1,68,"engine(-10), fuel(-4), engine_c(-50), module_repair(25), engine_r(17.5), pump(20), gun_rotation(4), turning(7.5), turning_change(10), module_repair_engine(20), engine_vibrations(-10), fuel_eff(-3.5), cost(hull;-5)",aux_engine_2,,$technology_desc_engine_special_11,,,
engine_special_12,engine_special,,$technology_name_engine_special_12,1927,1,68,"engine(-25), hull(-1.25), cost(hull;-10), engine_c(-100), module_repair(40), engine_r(30), pump(30), accel(15), turning(15), turning_change(25), gun_rotation(7.5), module_repair_engine(50), flaws(-5), fuel_eff(5), cost(hull;-7.5)",aux_engine_3,,$technology_desc_engine_special_12,,,
engine_special_13,engine_special,,$technology_name_engine_special_13,1940,1,68,"engine(-20), hull(-1.75), cost(hull;-15), engine_c(-120), module_repair(42.5), engine_r(33), pump(30), accel(20), turning(17.5), turning_change(27.5), gun_rotation(8), module_repair_engine(52.5), flaws(-7.5), fuel_eff(10), cost(hull;-10)",aux_engine_4,,$technology_desc_engine_special_13,,,
engine_special_14,engine_special,,$technology_name_engine_special_14,1954,1,68,"engine(-30), hull(-2.5), cost(hull;-20), engine_c(-170), module_repair(55), engine_r(55), pump(34.5), accel(22.5), turning(19.5), turning_change(32.5), gun_rotation(10), module_repair_engine(60), flaws(-10), fuel_eff(2.5), cost(hull;-12.5)",aux_engine_5,,$technology_desc_engine_special_14,,,
engine_special_15,engine_special,,$technology_name_engine_special_15,1913,1,68,"engine(-3), hull(-1), cost(hull;-4), engine_c(-15), accel(5), turning(10), engine_r(10), module_repair_engine(5)",drive_shaft_1,,$technology_desc_engine_special_15,,,
engine_special_16,engine_special,,$technology_name_engine_special_16,1921,1,68,"engine(-6), hull(-2), cost(hull;-6), engine_c(-30), accel(10), turning(15), engine_r(15), module_repair_engine(10)",drive_shaft_2,,$technology_desc_engine_special_15,,,
engine_special_17,engine_special,,$technology_name_engine_special_17,1931,1,68,"engine(-10), hull(-2.5), cost(hull;-9),  engine_c(-40), accel(15), turning(20), engine_r(20), module_repair_engine(15), flaws(-4)",drive_shaft_3,,$technology_desc_engine_special_15,,,
engine_special_18,engine_special,,$technology_name_engine_special_18,1945,1,68,"engine(-15), hull(-3.5), cost(hull;-13), engine_c(-50), accel(20), turning(25), engine_r(30), module_repair_engine(20), flaws(-8)",drive_shaft_4,,$technology_desc_engine_special_15,,,
engine_special_19,engine_special,,$technology_name_engine_special_19,1955,1,68,"engine(-20), hull(-4.5), cost(hull;-18.5), engine_c(-60), accel(25), turning(30), engine_r(40), module_repair_engine(30), flaws(-12)",drive_shaft_5,,$technology_desc_engine_special_17,,,
engine_special_20,engine_special,,$component_name_short_boiler_4,1890,0,68,"start, engine(0.75), accel(2.5), turning(-15), turning_change(20), stat(turn;12.5), rudder_max(15)",rudder_0,,$technology_desc_engine_special_20,,,
engine_special_21,engine_special,,$component_name_short_rudder_1,1890,0,68,"start, default_component",rudder_1,,$technology_desc_engine_special_21,,,
engine_special_22,engine_special,,$component_name_short_rudder_2,1890,0,68,"start, engine(-0.75), accel(-2.5), turning(15), turning_change(-20), stat(turn;-12.5), rudder_max(-15)",rudder_2,,$technology_desc_engine_special_22,,,
engine_special_end,engine_special,,$technology_name_engine_special_end,1961,,126,"end, accel(0.2), turning(1), turning_change(1), stat(turn;-0.5)",,,$technology_desc_engine_special_end,,,
# $techType_name_hull_strength,hull_strength,,,,,,,,,,,,
hull_strength_1,hull_strength,,$technology_name_hull_strength_1,1890,,69,"start, unlock(b_1_russia;b_1_italian_3mast;b_1_italian_Large_3mast;b_1_austria;b_1;b1_massena_var1;b1_massena_var2;b1_massena_var3;b1_brennus;b1_germany;b1_germanyexport;b1_russiaold;tb_lowbow;tb_highbow;tb_standard;b1_maine;b1_maine_varsides;b1_maine_varsmall;b1_maine_varsides;b1_maine_varsmall;b_1_usa_var;b1_3mast_spain;b1_inflex;bb_exp_iron1;bb_exp_iron2;bb_exp_iron3;ca_maine_varcoastal2;ca_maine_varcoastal;ca_maine_threemast;ca_1_3mast_usa;ca_1_3mast_russia;ca_1_joseph_3mast;ca_1_naniwa_3mast;ca_inflex_china;ca_1_small;ca_1_friedrich;ca_1_italian_small_3mast;ca_1_small_austria2;ca_1_rambow_france;cl_1_rambow_boat;cl_1_rambow_early;cl_1_straightbow_early;cl_maine_threemast;cl1_inflex_china;cl_1_rambow_3mast_ver3;cl_1_rambow_3mast_ver2;cl_1_rambow_3mast;cl_1_rambow_3mast_early;cl_1_3mast_usa;cl_1_austria_small;cl_1_3mast_armored;cl_1_austria_belted;cl_1_austrian;cl_1_rambow;cl_1_straightbow)",,,$technology_desc_hull_strength_1,"The ironclad era is superseded by a new class of warships. The latest developments bring new standards for Battleships, Armored Cruisers, Light Cruisers and Torpedo Boats.",,
hull_strength_2,hull_strength,,$technology_name_hull_strength_2,1891,,69,"hull(2.5), stat(hull_form;2.5), stat(endurance;2.5), unlock(b_1_usa;b1_tsesarevich_russia;b1_inflex_2)",,,$technology_desc_hull_strength_2,"Materials with better strength-to-weight ratio can produce bigger hulls. *Hull weight -2.5%, Hull Form +2.5%, Endurance +2.5%*",,
hull_strength_3,hull_strength,,$technology_name_hull_strength_3,1894,,69,"hull(2.5), stat(hull_form;2.5), stat(endurance;2.5), unlock(b2_germany;b1_bouvet;b_1_usa_var_exp1; b_2_austria)",,,$technology_desc_hull_strength_3,"Materials with better strength-to-weight ratio can produce bigger hulls. *Hull weight -2.5%, Hull Form +2.5%, Endurance +2.5%*",,
hull_strength_4,hull_strength,,$technology_name_hull_strength_4,1896,,69,"hull(2.5), stat(hull_form;2.5), stat(stability;2.5), stat(endurance;2.5), engine_vibrations(2.5), unlock(b_2;b_2_usa;b2_friedrich;b2_germanyexport;b1_bouvet2;b_3_austria; b3_britain;b_2_borodino;b_2_borodino_largedeck;b_2_china_exp;b1_tsesarevich_france;b1_bouvet_semidreadnought;b_3_russia;b_2_italy;b_1_usa_var_exp2;b_1_largegeneric), obsolete(bb_exp_iron1;bb_exp_iron2;bb_exp_iron3)",,,$technology_desc_hull_strength_4,"New ship design methods allow the construction of longer and stronger hulls. *Hull weight -2.5%, Hull Form +2.5%, Stability +2.5%, Endurance +2.5%*",,
hull_strength_5,hull_strength,,$technology_name_hull_strength_5,1899,,69,"hull(2.5), stat(hull_form;2.5), stat(stability;2.5), stat(endurance;2.5), engine_vibrations(2.5), unlock(b2_danton;b1_maine_semidread2;bb_1_italy_semi;b_1_usa_var_exp3;b_2_usa_semi;b_2_usa_semi2), obsolete(b1_maine;b1_3mast_spain;b1_inflex;b1_inflex_2)",,,$technology_desc_hull_strength_4,"New ship design methods allow the construction of longer and stronger hulls. *Hull weight -2.5%, Hull Form +2.5%, Stability +2.5%, Endurance +2.5%*",,
hull_strength_6,hull_strength,,$technology_name_hull_strength_6,1905,,80,"hull(5), stat(hull_form;5), stat(stability;5), stat(floatability;5), stat(endurance;2.5), engine_vibrations(10), unlock(bb_1_russia;bb_1_russia_gangut;bb_1;bb_1_italy_small;bb_1_french;bb_1_japan;bb_1_german;bb_1_german_nassau;bb_1_usa;bb_1_russia_alt;bb_2_usa_newyork_var3;bb_1_austria;bb_1_china_semi;bb_1_spain;bb_1_german_early;bb_1_austrian_early;bb_1_greece;bb_1_italy_fast), obsolete(b_1_austria;b1_massena_var1;b1_massena_var2;b1_massena_var3;b1_brennus;b1_bouvet;b1_bouvet2;b_1;b_1_usa;b_2;b_2_usa;b1_russiaold;b1_tsesarevich_france;b1_tsesarevich_russia;b_1_russia;b_2_borodino;b_2_borodino_largedeck;b_2_china_exp;b2_germany;b2_friedrich;b1_germany;b1_germanyexport;b2_germanyexport;b3_britain;b_1;b1_bouvet_semidreadnought;b1_maine_varsides;b1_maine_varsmall;b_1_italian_3mast;b_1_italian_Large_3mast;b_2_austria;b_3_russia;b_1_usa_var;b_2_italy;b_1_usa_var_exp1;b_1_usa_var_exp2;b_1_usa_var_exp3;b_2_usa_semi;b_2_usa_semi2;b_1_largegeneric;b_3_austria;bb_1_greece)",,,$technology_desc_hull_strength_6,"Technology advances allow the building of larger battleships with powerful main guns. *Allows the building of bigger dreadnought battleships, Hull Form +2.5%, Stability +2.5%, Floatability +2.5%, Endurance +2.5%*",Allows the building of bigger dreadnought battleships,
hull_strength_7,hull_strength,,$technology_name_hull_strength_7,1907,,69,"hull(0.5), stat(hull_form;0.5), stat(stability;0.5), stat(floatability;0.5), stat(endurance;0.5), engine_vibrations(1), unlock(bb_2_japan;bb_2_russia;bb_2_russia_gangut;bb_2;bb_2_ned;bb_2_usa_texas_base;bb_1_german_helgoland;bb_1_italy_medium;bb_1_large;bb_1_french_large;bb_3_usa_var;bb_1_austria_larger), obsolete(b1_maine_semidread2;bb_1_italy_semi;b2_danton)",,,$technology_desc_hull_strength_7,"Technology advances allow the building of larger battleships with powerful main guns. *Allows the building of bigger dreadnought battleships, Hull Form +2.5%, Stability +2.5%, Floatability +2.5%, Endurance +2.5%*",Allows the building of bigger dreadnought battleships,
hull_strength_8,hull_strength,,$technology_name_hull_strength_8,1909,,69,"hull(0.5), stat(hull_form;0.5), stat(stability;0.5), stat(floatability;0.5), stat(endurance;0.5), engine_vibrations(1),unlock(bb_2_usa_newyork_var2;bb_3;bb_3_ned;bb_2_german;bb_2_britain_alt;bb_1_italy;bb_2_france;bb_2_usa)",,,$technology_desc_hull_strength_7,"Technology advances allow the building of larger battleships with powerful main guns. *Allows the building of bigger dreadnought battleships, Hull Form +2.5%, Stability +2.5%, Floatability +2.5%, Endurance +2.5%*",Allows the building of bigger dreadnought battleships,
hull_strength_9,hull_strength,,$technology_name_hull_strength_9,1911,,69,"hull(5), stat(hull_form;5), stat(stability;5), stat(floatability;5), stat(endurance;2.5), unlock(bb_1_scandinavia;bb_4;bb_2_usa_newyork_var;bb_3_german;bb_3_japan;bb_2_britain;bb_2_Italy;bb_2_usa_newyork_base_var;bb_2_britain_alt3;bb_3_france)",,,$technology_desc_hull_strength_9,"An advanced method of making ships more durable by attaching multiple metal plates around the main hull. *Allows the building of bigger dreadnought battleships, Hull Form +2.5%, Stability +2.5%, Floatability +2.5%, Endurance +2.5%*",Allows the building of bigger dreadnought battleships,
hull_strength_10,hull_strength,,$technology_name_hull_strength_10,1913,,69,"stat(endurance;2.5), engine_vibrations(5), unlock(bb_4_german;bb_4_italy;bb_2_britain_france;bb_2_britain_alt4;bb_2_usa_arizona)",,,$technology_desc_hull_strength_10,"An advanced method of making ships more durable by attaching multiple metal plates around the main hull. *Allows the building of bigger dreadnought battleships, Hull Form +2.5%, Stability +2.5%, Floatability +2.5%, Endurance +2.5%*",Allows the building of bigger dreadnought battleships,
hull_strength_11,hull_strength,,$technology_name_hull_strength_11,1916,,69,"hull(5), stat(endurance;2.5), engine_vibrations(5), unlock(bb_2_britain_alt2;bb_3_britain_elizabeth;bb_4_france;bb_2_usa_arizona_var), obsolete(bb_1_russia;bb_1_russia_gangut;bb_1;bb_1_italy_small;bb_1_french;bb_1_japan;bb_1_german;bb_1_german_nassau)",,,$technology_desc_hull_strength_11,The development of structural steels that meet the latest technology requirements with low production costs. *Endurance +2.5%*,,
hull_strength_12_3,hull_strength,,$technology_name_hull_strength_12_3,1923,,69,"unlock (bb_4_russiaF2;bb_4_aushunF;bb_4_japanF;bb_4_franceF;bb_4_italyF;bb_4_usaF;bb_4_germanyF;bb_4_britainF;bb_4_britain_nelson;bb_4_spainF;bb_4_chinaF;bb_4_portugalF;bb_4_dutchF), obsolete (bb_1_usa;bb_1_russia_alt;bb_2_usa_newyork_var3;bb_1_austria;bb_1_china_semi;bb_1_spain;bb_1_german_early;bb_1_austrian_early;bb_1_greece;bb_1_italy_fast)",,,$technology_desc_hull_strength_12_3,,,
hull_strength_12,hull_strength,,$technology_name_hull_strength_12,1927,,69,"hull(5), stat(hull_form;5), stat(endurance;2.5), unlock(bb_3_britain;bb_4_generic_alt;bb_modernized_sideguns_var;bb_2_usa_newyork_base;bb_4_japan;bb_5_austria_alt;bb_modernized_sideguns;bb_4_russia_small;bb_4_russia;bb_3_britain_modernized;bb_5_cesare), obsolete(bb_2_japan;bb_2_russia;bb_2_russia_gangut;bb_2;bb_2_usa_texas_base;bb_1_german_helgoland;bb_1_italy_medium;bb_1_large;bb_1_french_large)",,,$technology_desc_hull_strength_12,"New technology allows lighter hull materials of large strength. *Hull weight -2.5%, Hull Form +2.5%, Endurance +2.5%*",,
hull_strength_12_2,hull_strength,,$technology_name_hull_strength_12_2,1929,,69,"unlock (bb_5_mod_france;bb_4_japan_3;bb_2_usa_newyork_wide;bb_4_japan_2;bb_4_generic;bb_4_usa_modernized;bb_5_austria;bb_5_china), obsolete(bb_3_usa_var;bb_1_austria_larger;bb_2_usa_newyork_var2;bb_3;bb_2_german;bb_2_britain_alt;bb_1_italy;bb_2_france;bb_2_usa)",,,$technology_desc_hull_strength_12_2,,,
hull_strength_13,hull_strength,,$technology_name_hull_strength_13,1932,,99,"hull(5), stat(stability;5), stat(floatability;5), stat(endurance;2.5), engine_vibrations(5), unlock(bb_5_assault_austria;bb_5_assault;bb_4_britain;bb_7_china_exp;bb_5_austrian_pocket;bb_5_generic_small;bb_5_kgeorge;bb_5_bismarck_small;bb_5_old;bb_usa_north_carolina_large;bb_5_italy;bb_5_france;bb_5_russia;bb_6_china;bb_6_austria;bb_5_japan;bb_6_china_exp;bb_5_exp_france;bb_4_japan_wide;bb_5_bismarck_extrasmall), obsolete(bb_4_german;bb_4_italy;bb_2_britain_france;bb_2_britain_alt4;bb_2_usa_newyork_var;bb_3_britain;bb_3_britain_elizabeth;bb_2_britain_alt2;bb_4_france;bb_2_usa_arizona_var;bb_1_scandinavia;bb_4;bb_2_usa_arizona;bb_3_german;bb_3_japan;bb_2_britain;bb_2_Italy;bb_2_usa_newyork_base_var;bb_2_britain_alt3;bb_3_france)",,,$technology_desc_hull_strength_13,"Naval architecture reaches its peak by allowing the construction of immensely large and complex hulls. *Allows the building of bigger dreadnought battleships, Stability +2.5%, Floatability +2.5%, Endurance +2.5%",Allows the building of bigger dreadnought battleships,
hull_strength_14,hull_strength,,$technology_name_hull_strength_14,1937,,69,"stat(hull_form;5), stat(stability;5), stat(floatability;5), stat(endurance;2.5), engine_vibrations(5), unlock(bb_6_iowa;bb_6;bb_7_austria;bb_7_kgeorge;bb_7_littorio;bb_7_china;bb_6_italy;bb_6_spain;bb_6_kgeorge;bb_6_russia;bb_5;bb_5_iowa_small;bb_5_bismarck;bb_5_richelieu;bb_8_china;bb_6_bismarck;bb_7_russia;bb_6_richelieu;bb_7_spain), obsolete(bb_4_generic_alt;bb_modernized_sideguns_var;bb_2_usa_newyork_base;bb_4_japan;bb_5_austria_alt;bb_modernized_sideguns;bb_4_russia_small;bb_4_russia;bb_3_britain_modernized;bb_5_cesare;bb_4_japan_3;bb_2_usa_newyork_wide;bb_4_japan_2;bb_4_generic;bb_4_usa_modernized;bb_5_austria;bb_5_china;bb_5_mod_france;bb_4_russiaF2;bb_4_aushunF;bb_4_japanF;bb_4_franceF;bb_4_italyF;bb_4_usaF;bb_4_germanyF;bb_4_britainF;bb_4_spainF;bb_4_chinaF;bb_4_portugalF;bb_4_dutchF)",,,$technology_desc_hull_strength_14,"Ship design of the highest standards is possible by applying the latest scientific methods. *Hull Form +2.5%, Stability +2.5%, Floatability +2.5%, Endurance +2.5%*",,
hull_strength_15,hull_strength,,$technology_name_hull_strength_15,1942,,69,unlock(bb_7_scandinavia;bb_7_france;bb_7_bismarck;bb_7_soyuz;bb_6_france;bb_6_byzantine;bb_6_portugal;bb_6_soyuz;bb_5_iowa;bb_6_littorio;bb_4_japan_wide;bb_5_japan;bb_6_china_exp;bb_5_exp_france),,,$technology_desc_hull_strength_15,"Ship design of the highest standards is possible by applying the latest scientific methods. *Hull Form +2.5%, Stability +2.5%, Floatability +2.5%, Endurance +2.5%*",,
hull_strength_end,hull_strength,,$technology_name_hull_strength_end,1948,,135,"end, stat(hull_form;0.1), stat(stability;0.5), stat(floatability;0.5), stat(endurance;0.1), engine_vibrations(0.25)",,,$technology_desc_hull_strength_end,"Ship design of the highest standards is possible by applying the latest scientific methods. *Hull Form +2.5%, Stability +2.5%, Floatability +2.5%, Endurance +2.5%*",,
# $techType_name_hull_construction,hull_construction,,,,,,,,,,,,
hull_construction_1,hull_construction,,$technology_name_hull_construction_1,1895,1,90,"hull(1), build(5), flaws(15)",,,$technology_desc_hull_construction_1,"New mechanisms make the fastening of metal joints more effective. *Hull weight -1%, Ship construction time -2.5%, Flaws Chance -5%*",,
hull_construction_2,hull_construction,,$technology_name_hull_construction_2,1899,1,90,"hull(1), build(5), flaws(10)",,,$technology_desc_hull_construction_2,"All the necessary procedures of hull stiffening are enhanced, utilizing mechanical tools of the latest technology. *Hull weight -1%, Ship construction time -2.5%, Flaws Chance -5%**",,
hull_construction_3,hull_construction,,$technology_name_hull_construction_3,1902,1,90,"hull(1), build(5), flaws(10)",,,$technology_desc_hull_construction_3,"Even the most complex shapes of metals are made possible by perfecting the production procedures. *Hull weight -1%, Floatability +5%, Flaws Chance -5%*",,
hull_construction_4,hull_construction,,$technology_name_hull_construction_4,1909,1,90,"hull(1), build(7.5), flaws(5)",,,$technology_desc_hull_construction_4,"Hull is measured for weight and stability utilizing the latest scientific methods. *Hull weight -1%, Ship Construction Time -2.5%, Flaws Chance -5%*",,
hull_construction_5,hull_construction,,$technology_name_hull_construction_5,1912,1,90,"build(7.5), flaws(5)",,,$technology_desc_hull_construction_5,"All building berths are equipped with large steel cranes, able to to handle tons of material in the most efficient manner. *Ship construction time -5%, Flaws Chance -5%*",,
hull_construction_6,hull_construction,,$technology_name_hull_construction_6,1916,1,90,"build(7.5), flaws(5)",,,$technology_desc_hull_construction_6,"Cutting steel of all shapes and sizes is now easier and faster. *Ship construction time -2.5%, Flaws Chance -5%**",,
hull_construction_7,hull_construction,,$technology_name_hull_construction_7,1924,1,90,"hull(1.5), build(5), flaws(5)",,,$technology_desc_hull_construction_7,"Jointing metals using the power of electricity makes hull development faster and more efficient. *Hull weight -1%, Ship construction time -2.5%, Flaws Chance -5%*",,
hull_construction_8,hull_construction,,$technology_name_hull_construction_8,1938,1,90,"hull(2.5), build(2.5), flaws(10)",,,$technology_desc_hull_construction_8,"Hulls can be fully constructed using the most advanced welding techniques. *Hull weight -1%, Ship construction time -5%, Flaws Chance -5%*",,
hull_construction_9,hull_construction,,$technology_name_hull_construction_9,1894,1,90,flaws(15),,,$technology_desc_hull_construction_9,"Hulls can be fully constructed using the most advanced welding techniques. *Hull weight -1%, Ship construction time -5%, Flaws Chance -5%*",,
hull_construction_10,hull_construction,,$technology_name_hull_construction_10,1905,1,90,flaws(10),,,$technology_desc_hull_construction_9,"Hulls can be fully constructed using the most advanced welding techniques. *Hull weight -1%, Ship construction time -5%, Flaws Chance -5%*",,
hull_construction_11,hull_construction,,$technology_name_hull_construction_11,1912,1,90,"build(5), flaws(15)",,,$technology_desc_hull_construction_9,"Hulls can be fully constructed using the most advanced welding techniques. *Hull weight -1%, Ship construction time -5%, Flaws Chance -5%*",,
hull_construction_12,hull_construction,,$technology_name_hull_construction_12,1925,1,90,flaws(10),,,$technology_desc_hull_construction_9,"Hulls can be fully constructed using the most advanced welding techniques. *Hull weight -1%, Ship construction time -5%, Flaws Chance -5%*",,
hull_construction_13,hull_construction,,$technology_name_hull_construction_13,1931,1,90,flaws(15),,,$technology_desc_hull_construction_9,"Hulls can be fully constructed using the most advanced welding techniques. *Hull weight -1%, Ship construction time -5%, Flaws Chance -5%*",,
hull_construction_14,hull_construction,,$technology_name_hull_construction_14,1949,1,325,flaws(20),,,$technology_desc_hull_construction_14,"Hulls can be fully constructed using the most advanced welding techniques. *Hull weight -1%, Ship construction time -5%, Flaws Chance -5%*",,
hull_construction_15,hull_construction,,$technology_name_hull_construction_15,1913,1,90,"build(5), flaws(5)",,,$technology_desc_hull_construction_15,"All building berths are equipped with large steel cranes, able to to handle tons of material in the most efficient manner. *Ship construction time -5%, Flaws Chance -5%*",,
hull_construction_16,hull_construction,,$technology_name_hull_construction_16,1943,1,90,"build(7.5), flaws(-5)",,,$technology_desc_hull_construction_16,"All building berths are equipped with large steel cranes, able to to handle tons of material in the most efficient manner. *Ship construction time -5%, Flaws Chance -5%*",,
hull_construction_17,hull_construction,,$technology_name_hull_construction_17,1955,1,90,"hull(2.5), build(10), flaws(10)",,,$technology_desc_hull_construction_17,"Jointing metals using the power of electricity makes hull development faster and more efficient. *Hull weight -1%, Ship construction time -2.5%, Flaws Chance -5%*",,
hull_construction_end,hull_construction,,$technology_name_hull_construction_end,1958,1,180,"end, hull(0.25), build(1), flaws(0.25)",,,$technology_desc_hull_construction_end,"Hulls can be fully constructed using the most advanced welding techniques. *Hull weight -1%, Ship construction time -5%, Flaws Chance -5%*",,
# $Ui_Constr_ArmorQuality,armor_quality,,,,,,,,,,,,
armor_quality_1,armor_quality,,$technology_name_armor_quality_1,1890,,40,"start, armor_c(20), armor_str(-10)",armor_0,,$technology_desc_armor_quality_1,,,
armor_quality_2,armor_quality,,$technology_name_armor_quality_2,1890,,70,"start, armor_c(-25), armor_str(15)",armor_1,,$technology_desc_armor_quality_2,,,
armor_quality_3,armor_quality,,$technology_name_armor_quality_3,1893,,70,"armor_c(-80), armor_str(50), flaws(-5), stat(endurance;1)",armor_2,,$technology_desc_armor_quality_3,,,
armor_quality_4,armor_quality,,$technology_name_armor_quality_4,1897,,70,"armor_c(-65), armor_str(60)",armor_3,,$technology_desc_armor_quality_4,,,
armor_quality_5,armor_quality,,$technology_name_armor_quality_5,1901,1,100,"armor_c(-100), armor_str(70)",armor_4,,$technology_desc_armor_quality_5,,,
armor_quality_6,armor_quality,,$technology_name_armor_quality_6,1905,1,70,"armor_c(-130), armor_str(80)",armor_5,,$technology_desc_armor_quality_6,,,
armor_quality_7,armor_quality,,$technology_name_armor_quality_7,1910,1,100,"armor_c(-145), armor_str(90)",armor_6,,$technology_desc_armor_quality_7,,,
armor_quality_8,armor_quality,,$technology_name_armor_quality_8,1915,1,110,"armor_c(-170), armor_str(100)",armor_7,,$technology_desc_armor_quality_8,,,
armor_quality_9,armor_quality,,$technology_name_armor_quality_9,1917,1,120,"armor_c(-280), armor_str(100), armor(1), flaws(-10), stat(endurance;2)",armor_8,,$technology_desc_armor_quality_9,,,
armor_quality_10,armor_quality,,$technology_name_armor_quality_10,1922,1,70,"armor_c(-200), armor_str(110), stat(endurance;1)",armor_9,,$technology_desc_armor_quality_10,,,
armor_quality_11,armor_quality,,$technology_name_armor_quality_11,1925,1,100,"armor_c(-230), armor_str(120), stat(endurance;2)",armor_10,,$technology_desc_armor_quality_11,,,
armor_quality_12,armor_quality,,$technology_name_armor_quality_12,1932,1,100,"armor_c(-265), armor_str(130), stat(endurance;3)",armor_11,,$technology_desc_armor_quality_12,,,
armor_quality_13,armor_quality,,$technology_name_armor_quality_13,1933,1,100,"armor_c(-300), armor_str(140), stat(endurance;4)",armor_12,,$technology_desc_armor_quality_13,,,
armor_quality_14,armor_quality,,$technology_name_armor_quality_14,1935,1,110,"armor_c(-440), armor_str(140), armor(2), flaws(-15), stat(endurance;6)",armor_13,,$technology_desc_armor_quality_14,,,
armor_quality_15,armor_quality,,$technology_name_armor_quality_15,1940,1,100,"armor_c(-350), armor_str(160), stat(endurance;5)",armor_14,,$technology_desc_armor_quality_15,,,
armor_quality_16,armor_quality,,$technology_name_armor_quality_16,1944,1,110,"armor_c(-380), armor_str(180), stat(endurance;7)",armor_15,,$technology_desc_armor_quality_16,,,
armor_quality_17,armor_quality,,$technology_name_armor_quality_17,1949,1,120,"armor_c(-435), armor_str(200), stat(endurance;10)",armor_16,,$technology_desc_armor_quality_17,,,
armor_quality_18,armor_quality,,$technology_name_armor_quality_18,1953,1,120,"armor_c(-625), armor_str(210), armor(3), flaws(-25), stat(endurance;14)",armor_17,,$technology_desc_armor_quality_18,,,
armor_quality_19,armor_quality,,$technology_name_armor_quality_19,1958,1,100,"armor_c(-500), armor_str(220), stat(endurance;12)",armor_18,,$technology_desc_armor_quality_19,,,
armor_quality_20,armor_quality,,$technology_name_armor_quality_20,1965,1,150,"armor_c(-610), armor_str(240), armor(1), flaws(-10), stat(endurance;15)",armor_19,,$technology_desc_armor_quality_20,,,
armor_quality_21,armor_quality,,$technology_name_armor_quality_21,1970,1,190,"armor_c(-770), armor_str(250), armor(2.5), flaws(-20), stat(endurance;18)",armor_20,,$technology_desc_armor_quality_21,,,
# $techType_name_armor_forging,armor_forging,,,,,,,,,,,,
armor_forging_1,armor_forging,,$technology_name_armor_forging_1,1890,,89,"armor(4), build(2.5)",,,$technology_desc_armor_forging_1,,,
armor_forging_2,armor_forging,,$technology_name_armor_forging_2,1894,1,89,"belt(5), deck(5)",,,$technology_desc_armor_forging_2,,,
armor_forging_3,armor_forging,,$technology_name_armor_forging_3,1898,1,89,armor(6),,,$technology_desc_armor_forging_3,,,
armor_forging_4,armor_forging,,$technology_name_armor_forging_4,1903,1,89,armor(6),,,$technology_desc_armor_forging_4,,,
armor_forging_5,armor_forging,,$technology_name_armor_forging_5,1907,1,89,belt(7.5),,,$technology_desc_armor_forging_5,,,
armor_forging_6,armor_forging,,$technology_name_armor_forging_6,1914,1,89,"armor(-2.5), build(-12.5), belt(-12), hull(-12), stat(endurance;7.5), detonation(30), flash(15), flash_spread(20), engine_d(20), armor_str(15), armor_c(-15), antimine(-10), flaws(-12.5)",Citadel_3,,$technology_desc_armor_forging_6,,,
armor_forging_7,armor_forging,,$technology_name_armor_forging_7,1917,1,89,armor_c(20),,,$technology_desc_armor_forging_7,,,
armor_forging_8,armor_forging,,$technology_name_armor_forging_8,1921,1,89,"deck(-12), armor_c(-20), deck_c(-75), build(-15), hull(-15), stat(endurance;10), detonation(60), flash(20), flash_spread(50), engine_d(55), armor_str(20), antimine(-20), flaws(-18)",Citadel_4,,$technology_desc_armor_forging_8,,,
armor_forging_9,armor_forging,,$technology_name_armor_forging_9,1923,1,89,belt(4),,,$technology_desc_armor_forging_9,,,
armor_forging_10,armor_forging,,$technology_name_armor_forging_10,1926,1,89,belt(4),,,$technology_desc_armor_forging_10,,,
armor_forging_11,armor_forging,,$technology_name_armor_forging_11,1929,1,89,"armor(1), deck(3.5)",,,$technology_desc_armor_forging_11,,,
armor_forging_12,armor_forging,,$technology_name_armor_forging_12,1932,1,89,"armor(4), build(2.5)",,,$technology_desc_armor_forging_12,,,
armor_forging_13,armor_forging,,$technology_name_armor_forging_13,1936,1,89,"belt(3), deck(3)",,,$technology_desc_armor_forging_13,,,
armor_forging_14,armor_forging,,$technology_name_armor_forging_14,1940,1,89,armor(5),,,$technology_desc_armor_forging_14,,,
armor_forging_15,armor_forging,,$technology_name_armor_forging_15,1943,1,89,armor(3),,,$technology_desc_armor_forging_15,,,
armor_forging_16,armor_forging,,$technology_name_armor_forging_16,1947,1,89,belt(5),,,$technology_desc_armor_forging_16,,,
armor_forging_17,armor_forging,,$technology_name_armor_forging_17,1955,1,89,armor_c(40),,,$technology_desc_armor_forging_17,,,
armor_forging_18,armor_forging,,$technology_name_armor_forging_18,1962,1,89,belt(3),,,$technology_desc_armor_forging_18,,,
armor_forging_19,armor_forging,,$technology_name_armor_forging_19,1966,1,89,belt(3),,,$technology_desc_armor_forging_19,,,
armor_forging_20,armor_forging,,$technology_name_armor_forging_20,1970,1,89,"armor(1), deck(3.5)",,,$technology_desc_armor_forging_20,,,
armor_forging_end,armor_forging,,$technology_name_armor_forging_end,1975,1,222,"end, armor_c(-2), armor(0.5), armor_str(0.2)",,,$technology_desc_armor_forging_end,The extreme toughness of non-homogeneous alloys is perfectized while reducing further the armor weight. *Armor weight -2.5%*,,
# $techType_name_aim_control,aim_control,,,,,,,,,,,,
aim_control_1,aim_control,,$technology_name_aim_control_1,1891,,54,"accuracy(3), aim(2.5)",,,$technology_desc_aim_control_1,,,
aim_control_2,aim_control,,$technology_name_aim_control_2,1894,1,54,"accuracy(4), aim(5)",,,$technology_desc_aim_control_2,,,
aim_control_3,aim_control,,$technology_name_aim_control_3,1900,1,54,"accuracy(5), aim(7.5)",,,$technology_desc_aim_control_3,,,
aim_control_4,aim_control,,$technology_name_aim_control_4,1905,1,54,"accuracy(5), accuracy_long(10), aim(10)",,,$technology_desc_aim_control_4,,,
aim_control_5,aim_control,,$technology_name_aim_control_5,1909,1,54,"accuracy(5), accuracy_long(10), aim(5), accuracy_wind(10)",,,$technology_desc_aim_control_5,,,
aim_control_6,aim_control,,$technology_name_aim_control_6,1910,1,54,"accuracy(7.5), accuracy_long(10), aim(2.5), accuracy_wind(10), accuracy_weather(10), accuracy_daytime(10)",,,$technology_desc_aim_control_6,,,
aim_control_7,aim_control,,$technology_name_aim_control_7,1911,1,54,"accuracy(2.5), accuracy_long(10), aim(5)",,,$technology_desc_aim_control_7,,,
aim_control_8,aim_control,,$technology_name_aim_control_8,1917,1,54,"accuracy(5), accuracy_long(5), aim(2.5), accuracy_wind(10), accuracy_weather(10), accuracy_daytime(10)",,,$technology_desc_aim_control_8,,,
aim_control_9,aim_control,,$technology_name_aim_control_9,1923,1,54,"accuracy(2.5), accuracy_long(5), aim(2.5), accuracy_wind(10), accuracy_weather(10), accuracy_daytime(10)",,,$technology_desc_aim_control_9,,,
aim_control_10,aim_control,,$technology_name_aim_control_10,1936,1,54,"accuracy(2.5), accuracy_long(5), aim(2.5)",,,$technology_desc_aim_control_10,,,
aim_control_11,aim_control,,$technology_name_aim_control_11,1919,1,54,accuracy_waves(10),,,$technology_desc_aim_control_11,,,
aim_control_12,aim_control,,$technology_name_aim_control_12,1938,1,54,accuracy_waves(15),,,$technology_desc_aim_control_12,,,
aim_control_13,aim_control,,$technology_name_aim_control_13,1893,1,54,unlockpart(earlyDDtowers_level_2),,,$technology_desc_aim_control_13,,,
aim_control_14,aim_control,,$technology_name_aim_control_14,1897,1,54,unlockpart(earlyDDtowers_level_3),,,$technology_desc_aim_control_14,,,
aim_control_15,aim_control,,$technology_name_aim_control_15,1903,1,54,unlockpart(earlyDDtowers_level_4),,,$technology_desc_aim_control_15,,,
aim_control_16,aim_control,,$technology_name_aim_control_16,1923,1,54,unlockpart(lateDDtowers_level_2),,,$technology_desc_aim_control_16,,,
aim_control_17,aim_control,,$technology_name_aim_control_17,1936,1,54,unlockpart(lateDDtowers_level_3),,,$technology_desc_aim_control_16,,,
aim_control_18,aim_control,,$technology_name_aim_control_18,1893,1,54,unlockpart(earlycruisertowers_level_2),,,$technology_desc_aim_control_18,,,
aim_control_19,aim_control,,$technology_name_aim_control_19,1898,1,54,unlockpart(earlycruisertowers_level_3),,,$technology_desc_aim_control_19,,,
aim_control_20,aim_control,,$technology_name_aim_control_20,1908,1,54,unlockpart(earlycruisertowers_level_4),,,$technology_desc_aim_control_20,,,
aim_control_21,aim_control,,$technology_name_aim_control_21,1917,1,54,unlockpart(latecruisertowers_level_2),,,$technology_desc_aim_control_20,,,
aim_control_22,aim_control,,$technology_name_aim_control_22,1936,1,54,unlockpart(latecruisertowers_level_3),,,$technology_desc_aim_control_20,,,
aim_control_23,aim_control,,$technology_name_aim_control_23,1949,1,54,unlockpart(latecruisertowers_level_4),,,$technology_desc_aim_control_20,,,
aim_control_24,aim_control,,$technology_name_aim_control_24,1893,1,54,unlockpart(early_BB_towers_level_2),,,$technology_desc_aim_control_24,,,
aim_control_25,aim_control,,$technology_name_aim_control_25,1899,1,54,unlockpart(early_BB_towers_level_3),,,$technology_desc_aim_control_25,,,
aim_control_26,aim_control,,$technology_name_aim_control_26,1915,1,54,unlockpart(early_BB_towers_level_4),,,$technology_desc_aim_control_25,,,
aim_control_27,aim_control,,$technology_name_aim_control_27,1921,1,54,unlockpart(late_BB_towers_level_2),,,$technology_desc_aim_control_25,,,
aim_control_28,aim_control,,$technology_name_aim_control_28,1930,1,54,unlockpart(late_BB_towers_level_3),,,$technology_desc_aim_control_25,,,
aim_control_29,aim_control,,$technology_name_aim_control_29,1946,1,54,unlockpart(late_BB_towers_level_4),,,$technology_desc_aim_control_25,,,
aim_control_end,aim_control,,$technology_name_aim_control_end,1955,3,154,"end, accuracy(1.0), accuracy_long(1.5), aim(1), accuracy_wind(1), accuracy_weather(1), accuracy_daytime(1), accuracy_waves(1.5)",,,$technology_desc_aim_control_end,,,
# $techType_name_aim_rangefinder,aim_rangefinder,,,,,,,,,,,,
aim_rangefinder_1,aim_rangefinder,,$technology_name_aim_rangefinder_1,1890,1,87,"start,aim(50), accuracy(5), weight(tower_main;-10), weight(tower_sec;-10), cost(tower_main;-20), cost(tower_sec;-20), weight(gun;-0.5), cost(gun;-5)",rangefinder_coinc_1,,$technology_desc_aim_rangefinder_1,,,
aim_rangefinder_2,aim_rangefinder,,$technology_name_aim_rangefinder_2,1896,1,87,"aim(60), accuracy(7.5), weight(tower_main;-10), weight(tower_sec;-10), cost(tower_main;-35), cost(tower_sec;-35), weight(gun;-1), cost(gun;-7.5)",rangefinder_coinc_2,,$technology_desc_aim_rangefinder_2,,,
aim_rangefinder_3,aim_rangefinder,,$technology_name_aim_rangefinder_3,1904,1,87,"aim(70), accuracy(10), weight(tower_main;-10), weight(tower_sec;-10), cost(tower_main;-50), cost(tower_sec;-50), weight(gun;-1.5), cost(gun;-10)",rangefinder_coinc_3,,$technology_desc_aim_rangefinder_2,,,
aim_rangefinder_4,aim_rangefinder,,$technology_name_aim_rangefinder_4,1916,1,87,"aim(80), accuracy(12.5), weight(tower_main;-10), weight(tower_sec;-10), cost(tower_main;-65), cost(tower_sec;-65), weight(gun;-2), cost(gun;-12.5)",rangefinder_coinc_4,,$technology_desc_aim_rangefinder_2,,,
aim_rangefinder_5,aim_rangefinder,,$technology_name_aim_rangefinder_5,1925,1,87,"aim(85), accuracy(15), accuracy_long(10), weight(tower_main;-10), weight(tower_sec;-10), cost(tower_main;-80), cost(tower_sec;-80), weight(gun;-2.5), cost(gun;-15)",rangefinder_coinc_5,,$technology_desc_aim_rangefinder_2,,,
aim_rangefinder_6,aim_rangefinder,,$technology_name_aim_rangefinder_6,1932,1,87,"aim(90), accuracy(17.5), accuracy_long(15), weight(tower_main;-10), weight(tower_sec;-10), cost(tower_main;-100), cost(tower_sec;-100), weight(gun;-3), cost(gun;-17.5)",rangefinder_coinc_6,,$technology_desc_aim_rangefinder_2,,,
aim_rangefinder_7,aim_rangefinder,,$technology_name_aim_rangefinder_7,1941,1,87,"aim(90), accuracy(17.5), accuracy_long(30), weight(tower_main;-11), weight(tower_sec;-11), cost(tower_main;-160), cost(tower_sec;-160), weight(gun;-6), cost(gun;-20), multi_targeting_self(35), multi_targeting_other(47.5)",rangefinder_coinc_7,,$technology_desc_aim_rangefinder_10,,,
aim_rangefinder_8,aim_rangefinder,,$technology_name_aim_rangefinder_8,1948,1,87,"aim(95), accuracy(20), accuracy_long(31), weight(tower_main;-12), weight(tower_sec;-12), cost(tower_main;-190), cost(tower_sec;-190), weight(gun;-7), cost(gun;-25),accuracy_daytime(5), multi_targeting_self(35), multi_targeting_other(50)",rangefinder_coinc_8,,$technology_desc_aim_rangefinder_11,,,
aim_rangefinder_9,aim_rangefinder,,$technology_name_aim_rangefinder_9,1890,1,87,"start,aim(30), accuracy_long(10), weight(tower_main;-10), weight(tower_sec;-10), cost(tower_main;-50), cost(tower_sec;-50), weight(gun;-1), cost(gun;-7), multi_targeting_self(10), multi_targeting_other(15)",rangefinder_stereo_1,,$technology_desc_aim_rangefinder_6,,,
aim_rangefinder_10,aim_rangefinder,,$technology_name_aim_rangefinder_10,1900,1,87,"aim(35), accuracy_long(15), weight(tower_main;-10), weight(tower_sec;-10), cost(tower_main;-70), cost(tower_sec;-70), weight(gun;-2), cost(gun;-9), multi_targeting_self(15), multi_targeting_other(20)",rangefinder_stereo_2,,$technology_desc_aim_rangefinder_9,,,
aim_rangefinder_11,aim_rangefinder,,$technology_name_aim_rangefinder_11,1908,1,87,"aim(40), accuracy_long(17.5), weight(tower_main;-10), weight(tower_sec;-10), cost(tower_main;-90), cost(tower_sec;-90), weight(gun;-3), cost(gun;-11), multi_targeting_self(20), multi_targeting_other(30)",rangefinder_stereo_3,,$technology_desc_aim_rangefinder_9,,,
aim_rangefinder_12,aim_rangefinder,,$technology_name_aim_rangefinder_12,1919,1,87,"aim(45), accuracy_long(22.5), weight(tower_main;-10), weight(tower_sec;-10), cost(tower_main;-110), cost(tower_sec;-110), weight(gun;-4), cost(gun;-13), multi_targeting_self(25), multi_targeting_other(35)",rangefinder_stereo_4,,$technology_desc_aim_rangefinder_9,,,
aim_rangefinder_13,aim_rangefinder,,$technology_name_aim_rangefinder_13,1927,1,87,"aim(50), accuracy(5), accuracy_long(25), weight(tower_main;-10), weight(tower_sec;-10), cost(tower_main;-120), cost(tower_sec;-120), weight(gun;-5), cost(gun;-15), multi_targeting_self(30), multi_targeting_other(40)",rangefinder_stereo_5,,$technology_desc_aim_rangefinder_9,,,
aim_rangefinder_14,aim_rangefinder,,$technology_name_aim_rangefinder_14,1934,1,87,"aim(65), accuracy(10), accuracy_long(30), weight(tower_main;-10), weight(tower_sec;-10), cost(tower_main;-140), cost(tower_sec;-140), weight(gun;-6), cost(gun;-17), multi_targeting_self(32.5), multi_targeting_other(45)",rangefinder_stereo_6,,$technology_desc_aim_rangefinder_9,,,
aim_rangefinder_15,aim_rangefinder,,$technology_name_aim_rangefinder_15,1955,1,87,"aim(95), accuracy(22.5), accuracy_long(32), weight(tower_main;-13), weight(tower_sec;-13), cost(tower_main;-225), cost(tower_sec;-225), weight(gun;-8), cost(gun;-30),accuracy_daytime(7.5), multi_targeting_self(35), multi_targeting_other(52.5)",rangefinder_stereo_7,,$technology_desc_aim_rangefinder_12,,,
aim_rangefinder_16,aim_rangefinder,,$technology_name_aim_rangefinder_16,1963,1,87,"aim(100), accuracy(25), accuracy_long(33), weight(tower_main;-15), weight(tower_sec;-15), cost(tower_main;-275), cost(tower_sec;-275), weight(gun;-9), cost(gun;-40), accuracy_daytime(10), multi_targeting_self(35), multi_targeting_other(55)",rangefinder_stereo_8,,$technology_desc_aim_rangefinder_13,,,
aim_rangefinder_17,aim_rangefinder,,$technology_name_aim_rangefinder_17,1936,1,125,"aim(120), accuracy_long(15), weight(tower_main;-10), weight(tower_sec;-10), anti_fire(-5), radar(2), cost(tower_main;-180), cost(tower_sec;-180), accuracy_daytime(10), stat(tspot;120), stat(vis;5), cost(gun;-17.5), multi_targeting_self(35), multi_targeting_other(25), recon(120)",rangefinder_radar_1,,$technology_desc_aim_rangefinder_17,,,
aim_rangefinder_18,aim_rangefinder,,$technology_name_aim_rangefinder_18,1944,1,170,"aim(150), accuracy_long(20), weight(tower_main;-10), weight(tower_sec;-10), anti_fire(-10), radar(2), cost(tower_main;-250), cost(tower_sec;-250), accuracy_daytime(20), stat(tspot;150), stat(vis;10), cost(gun;-20), multi_targeting_self(45), multi_targeting_other(45), recon(150)",rangefinder_radar_2,,$technology_desc_aim_rangefinder_18,,,
aim_rangefinder_19,aim_rangefinder,,$technology_name_aim_rangefinder_19,1958,1,215,"aim(200), accuracy_long(25), weight(tower_main;-10), weight(tower_sec;-10), anti_fire(-15), radar(2), cost(tower_main;-300), cost(tower_sec;-300), accuracy_daytime(22), stat(tspot;200), stat(vis;25), cost(gun;-25), multi_targeting_self(55), multi_targeting_other(65), recon(200)",rangefinder_radar_3,,$technology_desc_aim_rangefinder_19,,,
aim_rangefinder_20,aim_rangefinder,,$technology_name_aim_rangefinder_20,1967,1,240,"aim(250), accuracy_long(32.5), weight(tower_main;-10), weight(tower_sec;-10), anti_fire(-20), radar(2), cost(tower_main;-360), cost(tower_sec;-360), accuracy_daytime(25), stat(tspot;250), stat(vis;40), cost(gun;-30), multi_targeting_self(65), multi_targeting_other(85), recon(250)",rangefinder_radar_4,,$technology_desc_aim_rangefinder_20,,,
aim_rangefinder_end,aim_rangefinder,,$technology_name_aim_rangefinder_end,1970,1,200,"end, aim(2), accuracy_long(1), weight(tower_main;-0.3), weight(tower_sec;-0.3),  cost(tower_main;-2.5), cost(tower_sec;-2.5), accuracy_daytime(1.5), stat(tspot;5), multi_targeting_self(1), multi_targeting_other(1)",,,$technology_desc_aim_rangefinder_end,"The Radar is a revolutionary detection system that uses radio waves to determine the range, angle and velocity of objects. *Enables control towers with radar device*",,
# $techType_name_surv_hull,surv_hull,,,,,,,,,,,,
surv_hull_1,surv_hull,,$technology_name_surv_hull_1,1890,,100,start,multi_bottom_0,Mine Protection,$technology_desc_surv_hull_1,,,
surv_hull_1_1,surv_hull,,$technology_name_surv_hull_1_1,1890,1,100,"start,hull(-3), cost(hull;-5), build(-5), torpedo_anti_damage(5), torpedo_anti_flooding(5), stat(endurance;2), maintenance_tech(-2)",multi_bottom_0_1,Mine Protection,$technology_desc_surv_hull_1_1,,,
surv_hull_2,surv_hull,,$technology_name_surv_hull_2,1897,1,100,"hull(-7.5), cost(hull;-12.5), build(-10), torpedo_anti_damage(10), torpedo_anti_flooding(15), stat(endurance;4), engine_d(25)",multi_bottom_1,Mine Protection,$technology_desc_surv_hull_2,,,
surv_hull_3_1,surv_hull,,$technology_name_surv_hull_3_1,1907,1,100,"hull(-12.5), cost(hull;-22.5), build(-15), torpedo_anti_damage(47.5), torpedo_anti_flooding(-10), flooding_stop(-10), pump(-10), anti_fire(-5), fire_stop(-5), stat(endurance;5)",multi_bottom_3,Mine Protection,$technology_desc_surv_hull_3_1,,,
surv_hull_3_2,surv_hull,,$technology_name_surv_hull_3_2,1935,1,100,"hull(-5), cost(hull;-25), build(-25), torpedo_anti_damage(2.5), torpedo_anti_flooding(25), fire_stop(5), pump(5), stat(endurance;3), stat(floatability;3)",multi_bottom_4,Mine Protection,$technology_desc_surv_hull_3_2,,,
surv_hull_3_3,surv_hull,,$technology_name_surv_hull_3_3,1946,1,100,"hull(-15), cost(hull;-20), build(-15), torpedo_anti_damage(12.5), torpedo_anti_flooding(32.5), stat(floatability;5), engine_d(55),pump(5), stat(endurance;12.5), armor_str(-5), maintenance_tech(-15)",multi_bottom_5,Mine Protection,$technology_desc_surv_hull_3_3,,,
surv_hull_3,surv_hull,,$technology_name_surv_hull_3,1929,1,100,"hull(-12.5), cost(hull;-20), build(-10), torpedo_anti_damage(7.5), torpedo_anti_flooding(25), stat(endurance;7.5), stat(floatability;2.5), engine_d(45)",multi_bottom_2,Mine Protection,$technology_desc_surv_hull_3,,,
surv_hull_3_4,surv_hull,,$technology_name_surv_hull_3_4,1958,1,100,"hull(-15), cost(hull;-35), build(-35), torpedo_anti_damage(5), torpedo_anti_flooding(40), fire_stop(10), pump(10), stat(endurance;10), stat(floatability;7.5), maintenance_tech(-7.5)",multi_bottom_6,Mine Protection,$technology_desc_surv_hull_3_4,,,
surv_hull_4,surv_hull,,$technology_name_surv_hull_4,1894,1,100,"hull(-2.5), cost(hull;-2.5), build(-2.5), torpedo_anti_damage(20), torpedo_anti_flooding(20), anti_torp_weight(-15), stat(floatability;1.5), accel(-2.5), stat(turn;-2.5), stat(endurance;1.5), antimine(3)",torpedo_belt_1,,$technology_desc_surv_hull_4,,,
surv_hull_5,surv_hull,,$technology_name_surv_hull_5,1905,1,100,"hull(-3.5), cost(hull;-3.5), build(-5), torpedo_anti_damage(30), torpedo_anti_flooding(30), anti_torp_weight(-30), stat(floatability;2.5), accel(-3.5), stat(turn;-4.5), stat(endurance;2.5), antimine(6)",torpedo_belt_2,,$technology_desc_surv_hull_5,,,
surv_hull_6,surv_hull,,$technology_name_surv_hull_6,1916,1,100,"hull(-5), cost(hull;-5), build(-10), torpedo_anti_damage(50), torpedo_anti_flooding(50), anti_torp_weight(-50), stat(floatability;3.5), accel(-4.5), stat(turn;-6.5), stat(endurance;3.5), antimine(9)",torpedo_belt_3,,$technology_desc_surv_hull_6,,,
surv_hull_7,surv_hull,,$technology_name_surv_hull_7,1929,1,100,"hull(-6.5), cost(hull;-7), build(-15), torpedo_anti_damage(65), torpedo_anti_flooding(65), anti_torp_weight(-75), stat(floatability;5), accel(-5.5), stat(turn;-8.5), stat(endurance;4.5), antimine(12)",torpedo_belt_4,,$technology_desc_surv_hull_7,,,
surv_hull_8,surv_hull,,$technology_name_surv_hull_8,1941,1,100,"hull(-8), cost(hull;-9), build(-20), torpedo_anti_damage(80), torpedo_anti_flooding(80), anti_torp_weight(-100), stat(floatability;7.5), accel(-6.5), stat(turn;-10.5), stat(endurance;5.5), antimine(15)",torpedo_belt_5,,$technology_desc_surv_hull_8,,,
surv_hull_end,surv_hull,,$technology_name_surv_hull_end,1954,1,278,"end, hull(-0.1), build(-1), torpedo_anti_damage(0.5), torpedo_anti_flooding(0.25), anti_torp_weight(-1), stat(floatability;0.5), antimine(0.25)",,,$technology_desc_surv_hull_end,,,
# $techType_name_surv_internal,surv_internal,,,,,,,,,,,,
surv_internal_1,surv_internal,,$technology_name_surv_internal_1,1891,,57,heal(5),,,$technology_desc_surv_internal_1,,,
surv_internal_2,surv_internal,,$technology_name_surv_internal_2,1890,,57,start,buklheads_0,,$technology_desc_surv_internal_2,,,
surv_internal_2_1,surv_internal,,$technology_name_surv_internal_2_1,1890,1,57,"start,hull(-3), cost(hull;-4), stat(floatability;1.5), fire_stop(5), flash(5), flash_spread(5)",buklheads_0_1,,$technology_desc_surv_internal_2_1,,,
surv_internal_3,surv_internal,,$technology_name_surv_internal_3,1898,1,57,"hull(-5), cost(hull;-5), build(-10), stat(floatability;2.5), fire_stop(10), anti_fire(5), flash(7.5), flash_spread(10)",buklheads_1,,$technology_desc_surv_internal_3,,,
surv_internal_4,surv_internal,,$technology_name_surv_internal_4,1917,1,57,"hull(-8), cost(hull;-10), build(-15), stat(floatability;5), fire_stop(20), anti_fire(10), flash(12.5), flash_spread(20), maintenance_tech(-2), armor_str(3), armor_c(-3)",buklheads_2,,$technology_desc_surv_internal_4,,,
surv_internal_4_1,surv_internal,,$technology_name_surv_internal_4_1,1929,1,57,"hull(-11.5), cost(hull;-15), build(-25), stat(floatability;7.5), fire_stop(25), anti_fire(15), flash(17.5), flash_spread(25), stat(endurance;2.5), maintenance_tech(-3), armor_str(6), armor_c(-6)",buklheads_2_1,,$technology_desc_surv_internal_4_1,,,
surv_internal_4_2,surv_internal,,$technology_name_surv_internal_4_2,1942,1,57,"hull(-13), cost(hull;-25), build(-35), stat(floatability;10), fire_stop(30), anti_fire(20), flash(20), flash_spread(30), stat(endurance;3.5), armor_str(12), maintenance_tech(-5), armor_c(-12)",buklheads_2_2,,$technology_desc_surv_internal_4_2,,,
surv_internal_5,surv_internal,,$technology_name_surv_internal_5,1890,1,57,"start, hull(-5), deck_c(-25), detonation(15), engine_d(10), stat(endurance;2.5), armor_str(3), armor_c(-3), antimine(5)",Citadel_0,,$technology_desc_surv_internal_5,,,
surv_internal_6,surv_internal,,$technology_name_surv_internal_6,1902,1,57,"hull(-7), deck_c(-30), detonation(20), engine_d(15), stat(endurance;3.5), armor_str(5), armor_c(-5), antimine(7.5)",Citadel_1,,$technology_desc_surv_internal_6,,,
surv_internal_7,surv_internal,,$technology_name_surv_internal_7,1919,1,57,"hull(-12.5), deck_c(-35), build(-10), detonation(40), flash(10), flash_spread(10), engine_d(25), stat(endurance;6.5), armor_str(10), armor_c(-8), antimine(10), flaws(-6)",Citadel_2,,$technology_desc_surv_internal_7,,,
surv_internal_8,surv_internal,,$technology_name_surv_internal_8,1894,1,57,"hull(-2.5), cost(hull;-20), flooding_stop(15), pump(10)",Anti_Flooding_1,,$technology_desc_surv_internal_8,,,
surv_internal_8_1,surv_internal,,$technology_name_surv_internal_8_1,1897,1,57,"hull(-1.5), cost(hull;-7.5), fire_stop(10), anti_fire(10)",Anti_Flooding_1_1,,$technology_desc_surv_internal_8_1,,,
surv_internal_9,surv_internal,,$technology_name_surv_internal_9,1911,1,57,"hull(-5), cost(hull;-35), flooding_stop(25), pump(20)",Anti_Flooding_2,,$technology_desc_surv_internal_9,,,
surv_internal_10,surv_internal,,$technology_name_surv_internal_10,1929,1,57,"hull(-8), cost(hull;-45), flooding_stop(33.5), pump(25)",Anti_Flooding_3,,$technology_desc_surv_internal_10,,,
surv_internal_10_1,surv_internal,,$technology_name_surv_internal_10_1,1946,1,57,"hull(-10), cost(hull;-55), flooding_stop(25), fire_stop(10), anti_fire(15), pump(15), maintenance_tech(-2.5)",Anti_Flooding_3_1,,$technology_desc_surv_internal_10_1,,,
surv_internal_11,surv_internal,,$technology_name_surv_internal_11,1890,,57,flooding_stop(5),,,$technology_desc_surv_internal_11,,,
surv_internal_12,surv_internal,,$technology_name_surv_internal_12,1891,1,57,flooding_stop(5),,,$technology_desc_surv_internal_12,,,
surv_internal_13,surv_internal,,$technology_name_surv_internal_13,1895,1,57,stat(floatability;2.5),,,$technology_desc_surv_internal_13,,,
surv_internal_14,surv_internal,,$technology_name_surv_internal_14,1903,1,57,flooding_stop(5),,,$technology_desc_surv_internal_14,,,
surv_internal_15,surv_internal,,$technology_name_surv_internal_15,1923,1,57,module_repair(5),,,$technology_desc_surv_internal_15,,,
surv_internal_16,surv_internal,,$technology_name_surv_internal_16,1926,1,57,"anti_fire(25), fire_stop(10), flash_spread(10)",,,$technology_desc_surv_internal_16,,,
surv_internal_17,surv_internal,,$technology_name_surv_internal_17,1935,1,57,module_repair(5),,,$technology_desc_surv_internal_17,,,
surv_internal_18,surv_internal,,$technology_name_surv_internal_18,1900,1,57,"module_repair(10), module_repair_engine(15)",,,$technology_desc_surv_internal_18,,,
surv_internal_19,surv_internal,,$technology_name_surv_internal_19,1895,1,57,heal(20),,,$technology_desc_surv_internal_19,,,
surv_internal_20,surv_internal,,$technology_name_surv_internal_20,1906,1,57,module_repair_engine(35),,,$technology_desc_surv_internal_20,,,
surv_internal_21,surv_internal,,$technology_name_surv_internal_21,1907,1,57,"fire_stop(20), flash_spread(15)",,,$technology_desc_surv_internal_21,,,
surv_internal_22,surv_internal,,$technology_name_surv_internal_22,1902,1,57,heal(20),,,$technology_desc_surv_internal_22,,,
surv_internal_23,surv_internal,,$technology_name_surv_internal_23,1902,1,57,heal(10),,,$technology_desc_surv_internal_23,,,
surv_internal_24,surv_internal,,$technology_name_surv_internal_24,1910,1,57,heal(10),,,$technology_desc_surv_internal_23,,,
surv_internal_25,surv_internal,,$technology_name_surv_internal_25,1923,1,57,heal(10),,,$technology_desc_surv_internal_23,,,
surv_internal_26,surv_internal,,$technology_name_surv_internal_26,1935,1,57,heal(10),,,$technology_desc_surv_internal_23,,,
surv_internal_27,surv_internal,,$technology_name_surv_internal_27,1946,1,57,heal(10),,,$technology_desc_surv_internal_23,,,
surv_internal_28,surv_internal,,$technology_name_surv_internal_28,1955,1,57,heal(20),,,$technology_desc_surv_internal_28,,,
surv_internal_end,surv_internal,,$technology_name_surv_internal_end,1960,1,110,"end, flash(0.5), flash_spread(0.5), anti_fire(0.5), module_repair(2), module_repair_engine(2.5), heal(0.1)",,,$technology_desc_surv_internal_end,The newest fire-fighting equipment found on board ships and the specialized training of the personnel provides better fire fighting capabilities. *Fire extinguishing +10%*,,
# $techType_name_gun_layout,gun_layout,,,,,,,,,,,,
gun_layout_1,gun_layout,,$technology_name_gun_layout_1,1890,,65,"start, weight(tower_main;50), weight(tower_sec;50), main_center(3), main_side(0), super(0), main_barrels(2;bb;bc;ca), sec_barrels(0), sec_caliber(6), var(use_main_side_guns;0)",,,$technology_desc_gun_layout_1,,,
gun_layout_2,gun_layout,,$technology_name_gun_layout_2,1890,,65,"start, main_barrels(1)",,,$technology_desc_gun_layout_2,,,
gun_layout_3,gun_layout,,$technology_name_gun_layout_3,1891,,65,sec_caliber(7),,"1894, 2",$technology_desc_gun_layout_3,,,
gun_layout_4,gun_layout,,$technology_name_gun_layout_4,1893,,65,sec_caliber(8),,"1897, 1",$technology_desc_gun_layout_4,,,
gun_layout_5,gun_layout,,$technology_name_gun_layout_5,1890,,65,"start, main_side(2)",,,$technology_desc_gun_layout_5,,,
gun_layout_6,gun_layout,,$technology_name_gun_layout_6,1890,,65,"start, main_side(4)",,,$technology_desc_gun_layout_6,,,
gun_layout_7,gun_layout,,$technology_name_gun_layout_7,1902,1,65,main_side(6),,,$technology_desc_gun_layout_7,,,
gun_layout_8,gun_layout,,$technology_name_gun_layout_8,1924,1,65,main_side(8),,,$technology_desc_gun_layout_8,,,
gun_layout_9,gun_layout,,$technology_name_gun_layout_9,1911,1,65,main_center(4),,,$technology_desc_gun_layout_9,,,
gun_layout_10,gun_layout,,$technology_name_gun_layout_10,1912,1,65,main_center(5),,,$technology_desc_gun_layout_10,,,
gun_layout_11,gun_layout,,$technology_name_gun_layout_11,1915,1,65,main_center(6),,,$technology_desc_gun_layout_11,,,
gun_layout_12,gun_layout,,$technology_name_gun_layout_12,1920,1,65,main_center(7),,,$technology_desc_gun_layout_12,,,
gun_layout_13,gun_layout,,$technology_name_gun_layout_13,1902,1,65,super(1),,,$technology_desc_gun_layout_13,,,
gun_layout_14,gun_layout,,$technology_name_gun_layout_14,1907,1,65,"super(2), var(use_main_side_guns;0)",,,$technology_desc_gun_layout_14,,,
gun_layout_15,gun_layout,,$technology_name_gun_layout_15,1915,1,65,super(3),,,$technology_desc_gun_layout_15,,,
gun_layout_16,gun_layout,,$technology_name_gun_layout_16,1920,1,65,super(4),,,$technology_desc_gun_layout_16,,,
gun_layout_17,gun_layout,,$technology_name_gun_layout_17,1923,1,65,super(5),,,$technology_desc_gun_layout_17,,,
gun_layout_18,gun_layout,,$technology_name_gun_layout_18,1929,1,65,super(6),,,$technology_desc_gun_layout_18,,,
gun_layout_19,gun_layout,,$technology_name_gun_layout_19,1890,,65,"start, detonation(7.5), flash(7.5), flash_explosion(7.5), flash_spread(12.5), weight(gun;-12.5), weight(barbette;-12.5)",barbette_thickness_1,,$technology_desc_gun_layout_19,,,
gun_layout_20,gun_layout,,$technology_name_gun_layout_20,1898,1,65,"detonation(15), flash(12.5), flash_explosion(12.5), flash_spread(20), weight(gun;-17.5), weight(barbette;-17.5)",barbette_thickness_2,,$technology_desc_gun_layout_20,,,
gun_layout_21,gun_layout,,$technology_name_gun_layout_21,1907,1,64,"detonation(20), flash(15), flash_explosion(20), flash_spread(30), weight(gun;-22.5), weight(barbette;-22.5), cost(gun;-3), cost(barbette;-5)",barbette_thickness_3,,$technology_desc_gun_layout_21,,,
gun_layout_22,gun_layout,,$technology_name_gun_layout_22,1923,1,64,"detonation(25), flash(17.5), flash_explosion(25), flash_spread(40), weight(gun;-27.5), weight(barbette;-27.5), cost(gun;-10), cost(barbette;-20), gun_rotation(37.5), engine(-4.5)",barbette_thickness_4,,$technology_desc_gun_layout_22,,,
gun_layout_23,gun_layout,,$technology_name_gun_layout_23,1936,1,64,"detonation(30), flash(20), flash_explosion(30), flash_spread(50), weight(gun;-30), weight(barbette;-30), cost(gun;-10), cost(barbette;-15)",barbette_thickness_5,,$technology_desc_gun_layout_23,,,
gun_layout_23_1,gun_layout,,$technology_name_gun_layout_23_1,1936,1,64,"detonation(17.5), flash(10), flash_explosion(17.5), flash_spread(25), weight(gun;-20), weight(barbette;-20), cost(gun;-3), cost(barbette;-5), gun_rotation(22.5), engine(-2.5)",barbette_thickness_5_1,,$technology_desc_gun_layout_23_1,,,
gun_layout_23_2,gun_layout,,$technology_name_gun_layout_23_2,1936,1,64,"detonation(22.5), flash(15), flash_explosion(20), flash_spread(35), weight(gun;-25), weight(barbette;-25), cost(gun;-7.5), cost(barbette;-10),gun_rotation(45), engine(-3.5)",barbette_thickness_5_2,,$technology_desc_gun_layout_23_2,,,
gun_layout_24,gun_layout,,$technology_name_gun_layout_12_extra,1945,1,64,main_center(8),,,$technology_desc_gun_layout_12_extra,,,
gun_layout_end,gun_layout,,$technology_name_gun_layout_end,1955,1,124,"end, detonation(1), flash(1.5), flash_explosion(1), flash_spread(1), weight(gun;-0.5), weight(barbette;-1)",,,$technology_desc_gun_layout_end,,,
# $techType_name_gun_mech,gun_mech,,,,,,,,,,,,
gun_mech_1,gun_mech,,$technology_name_gun_mech_1,1890,,27,"start, accuracy(-5), accuracy_long(-10), turret_b_reload(2;-50), turret_b_rotation(2;-30), turret_b_accuracy(2;-12), turret_b_reload(3;-70), turret_b_rotation(3;-45), turret_b_accuracy(3;-25), turret_b_reload(4;-85), turret_b_rotation(4;-60), turret_b_accuracy(4;-35), sec_barrels(1;bb;bc;ca;cl;dd;tb), tech_gun_length_limit(2.5), tech_gun_length_limit_small(2), tech_gun_length_limit_casemates(2)",,,$technology_desc_gun_mech_1,Improves Turret Rotation Speed +10%,,
gun_mech_3,gun_mech,,$technology_name_gun_mech_3,1891,1,27,gun_rotation(5),,,$technology_desc_gun_mech_3,Improves Turret Rotation Speed +10%,,
gun_mech_4,gun_mech,,$technology_name_gun_mech_4,1899,1,27,gun_rotation(10),,,$technology_desc_gun_mech_4,Improves Turret Rotation Speed +10%,,
gun_mech_4_1,gun_tech,,$technology_name_gun_mech_4_1,1913,1,27,gun_rotation(5),,,$technology_desc_gun_mech_4_1,Improves Turret Rotation Speed +10%,,
gun_mech_4_2,gun_tech,,$technology_name_gun_mech_4_2,1923,1,27,gun_rotation(5),,,$technology_desc_gun_mech_4_2,Improves Turret Rotation Speed +10%,,
gun_mech_12,gun_mech,,$technology_name_gun_mech_12,1903,1,27,reload(6),,,$technology_desc_gun_mech_12,Reduces Reload and Rotation Penalty for Twin Turrets -15%.,,
gun_mech_13,gun_mech,,$technology_name_gun_mech_13,1910,1,27,reload(6),,,$technology_desc_gun_mech_13,,,
gun_mech_17,gun_mech,,$technology_name_gun_mech_17,1897,1,27,"turret_b_reload(2;10), turret_b_rotation(2;5), turret_b_accuracy(2;5)",,,$technology_desc_gun_mech_17,,,
gun_mech_18,gun_mech,,$technology_name_gun_mech_18,1909,1,27,"turret_b_reload(2;7.5), turret_b_rotation(2;5), turret_b_accuracy(2;5)",,,$technology_desc_gun_mech_18,,,
gun_mech_18_1,gun_mech,,$technology_name_gun_mech_18_1,1929,1,27,"turret_b_reload(2;7.5), turret_b_rotation(2;5), turret_b_accuracy(2;5)",,,$technology_desc_gun_mech_18,,,
gun_mech_18_2,gun_mech,,$technology_name_gun_mech_18_2,1939,1,27,"turret_b_reload(2;5), turret_b_rotation(2;4), turret_b_accuracy(2;4)",,,$technology_desc_gun_mech_18,,,
gun_mech_18_3,gun_mech,,$technology_name_gun_mech_18_3,1949,1,27,"turret_b_reload(2;3), turret_b_rotation(2;2), turret_b_accuracy(2;2)",,,$technology_desc_gun_mech_18,,,
gun_mech_19,gun_mech,,$technology_name_gun_mech_19,1911,1,27,main_barrels(3;bb;bc;ca),,,$technology_desc_gun_mech_19,"Enables large triple turrets (9 inch or higher) for Battleships, Battlecruisers, Heavy Cruisers.",,
gun_mech_20,gun_mech,,$technology_name_gun_mech_20,1919,1,27,"turret_b_reload(3;13.5), turret_b_rotation(3;6), turret_b_accuracy(3;10), turret_b_reload(2;5), turret_b_rotation(2;5), turret_b_accuracy(2;5)",,,$technology_desc_gun_mech_20,,,
gun_mech_21,gun_mech,,$technology_name_gun_mech_21,1924,1,27,"turret_b_reload(3;10), turret_b_rotation(3;6), turret_b_accuracy(3;15), turret_b_reload(2;3), turret_b_rotation(2;3), turret_b_accuracy(2;3)",,,$technology_desc_gun_mech_21,,,
gun_mech_21_1,gun_mech,,$technology_name_gun_mech_21_1,1931,1,27,"turret_b_reload(3;6), turret_b_rotation(3;6), turret_b_accuracy(3;8), turret_b_reload(2;2), turret_b_rotation(2;2), turret_b_accuracy(2;2)",,,$technology_desc_gun_mech_21,,,
gun_mech_21_2,gun_mech,,$technology_name_gun_mech_21_2,1944,1,27,"turret_b_reload(3;4), turret_b_rotation(3;6)",,,$technology_desc_gun_mech_21,,,
gun_mech_22,gun_mech,,$technology_name_gun_mech_22,1919,1,27,main_barrels(4;bb;bc;ca),,,$technology_desc_gun_mech_22,"Enables large quadruple guns (9 inch or higher) for Battleships, Battlecruisers, Heavy Cruisers.",,
gun_mech_23,gun_mech,,$technology_name_gun_mech_23,1927,1,27,"turret_b_reload(4;12.5), turret_b_rotation(4;10), turret_b_accuracy(4;12), turret_b_reload(3;5), turret_b_rotation(3;4), turret_b_accuracy(3;5), turret_b_reload(2;3), turret_b_rotation(2;3), turret_b_accuracy(2;3)",,,$technology_desc_gun_mech_23,,,
gun_mech_24,gun_mech,,$technology_name_gun_mech_24,1935,1,27,"turret_b_reload(4;12.5), turret_b_rotation(4;10), turret_b_accuracy(4;18), turret_b_reload(3;3), turret_b_rotation(3;4), turret_b_accuracy(3;3), turret_b_reload(2;2), turret_b_rotation(2;2), turret_b_accuracy(2;2)",,,$technology_desc_gun_mech_23,,,
gun_mech_24_1,gun_mech,,$technology_name_gun_mech_24_1,1942,1,27,"turret_b_reload(4;7.5), turret_b_rotation(4;5), turret_b_accuracy(4;12), turret_b_reload(3;2), turret_b_rotation(3;1), turret_b_accuracy(3;2), turret_b_reload(2;1), turret_b_rotation(2;1), turret_b_accuracy(2;1)",,,$technology_desc_gun_mech_23,,,
gun_mech_24_2,gun_mech,,$technology_name_gun_mech_24_2,1947,1,27,"turret_b_reload(4;5), turret_b_rotation(4;5), turret_b_accuracy(4;8)",,,$technology_desc_gun_mech_23,,,
gun_mech_25,gun_mech,,$technology_name_gun_mech_25,1893,1,27,"start, sec_barrels(1;cl)",,,$technology_desc_gun_mech_25,Enables double turrets for Light Cruisers.,,
gun_mech_26,gun_mech,,$technology_name_gun_mech_26,1894,1,27,sec_barrels(2;bb;bc;ca),,,$technology_desc_gun_mech_26,"Enables secondary double turrets for Battleships, Battlecruisers, Heavy Cruisers.",,
gun_mech_27,gun_mech,,$technology_name_gun_mech_27,1914,1,27,sec_barrels(3;bb;bc;ca),,,$technology_desc_gun_mech_27,"Enables secondary triple turrets for Battleships, Battlecruisers, Heavy Cruisers.",,
gun_mech_28,gun_mech,,$technology_name_gun_mech_28,1928,1,27,sec_barrels(4;bb;bc;ca),,,$technology_desc_gun_mech_28,"Enables secondary quadruple turrets for Battleships, Battlecruisers, Heavy Cruisers",,
gun_mech_29,gun_mech,,$technology_name_gun_mech_29,1916,1,27,"main_barrels(2;cl), sec_barrels(2;cl)",,,$technology_desc_gun_mech_29,Enables double turrets for Light Cruisers.,,
gun_mech_30,gun_mech,,$technology_name_gun_mech_30,1919,1,27,"main_barrels(2;dd), sec_barrels(2;dd;tb)",,,$technology_desc_gun_mech_30,Enables double turrets for Destroyers.,,
gun_mech_31,gun_mech,,$technology_name_gun_mech_31,1925,1,27,"main_barrels(3;cl), sec_barrels(3;cl)",,,$technology_desc_gun_mech_31,Enables triple turrets for Light Cruisers.,,
gun_mech_32,gun_mech,,$technology_name_gun_mech_32,1927,1,27,"main_barrels(3;dd), main_barrels(2;tb), sec_barrels(3;dd;tb)",,,$technology_desc_gun_mech_32,"Enables secondary single turrets for Battleships, Battlecruisers, Heavy Cruisers.",,
gun_mech_33,gun_mech,,$technology_name_gun_mech_54,1935,1,27,"main_barrels(4;cl), sec_barrels(4;cl)",,,$technology_desc_gun_mech_54,Enables triple turrets for Light Cruisers.,,
gun_mech_34,gun_mech,,$technology_name_gun_mech_33,1895,1,27,tech_gun_length_limit(5),,,$technology_desc_gun_mech_33,"Enables secondary single turrets for Battleships, Battlecruisers, Heavy Cruisers.",,
gun_mech_35,gun_mech,,$technology_name_gun_mech_34,1899,1,27,tech_gun_length_limit(7.5),,,$technology_desc_gun_mech_33,"Enables secondary single turrets for Battleships, Battlecruisers, Heavy Cruisers.",,
gun_mech_36,gun_mech,,$technology_name_gun_mech_35,1904,1,27,tech_gun_length_limit(10),,,$technology_desc_gun_mech_33,"Enables secondary single turrets for Battleships, Battlecruisers, Heavy Cruisers.",,
gun_mech_37,gun_mech,,$technology_name_gun_mech_36,1909,1,27,tech_gun_length_limit(12.5),,,$technology_desc_gun_mech_33,"Enables secondary single turrets for Battleships, Battlecruisers, Heavy Cruisers.",,
gun_mech_38,gun_mech,,$technology_name_gun_mech_37,1918,1,27,tech_gun_length_limit(15),,,$technology_desc_gun_mech_33,"Enables secondary single turrets for Battleships, Battlecruisers, Heavy Cruisers.",,
gun_mech_39,gun_mech,,$technology_name_gun_mech_38,1926,1,27,tech_gun_length_limit(17.5),,,$technology_desc_gun_mech_33,"Enables secondary single turrets for Battleships, Battlecruisers, Heavy Cruisers.",,
gun_mech_40,gun_mech,,$technology_name_gun_mech_39,1934,1,27,tech_gun_length_limit(20),,,$technology_desc_gun_mech_33,"Enables secondary single turrets for Battleships, Battlecruisers, Heavy Cruisers.",,
gun_mech_41,gun_mech,,$technology_name_gun_mech_40,1942,1,27,tech_gun_length_limit(22),,,$technology_desc_gun_mech_33,"Enables secondary single turrets for Battleships, Battlecruisers, Heavy Cruisers.",,
gun_mech_41_1,gun_mech,,$technology_name_gun_mech_41_1,1954,1,27,tech_gun_length_limit(25),,,$technology_desc_gun_mech_33,"Enables secondary single turrets for Battleships, Battlecruisers, Heavy Cruisers.",,
gun_mech_42,gun_mech,,$technology_name_gun_mech_41,1894,1,27,tech_gun_length_limit_small(5),,,$technology_desc_gun_mech_41,"Enables secondary single turrets for Battleships, Battlecruisers, Heavy Cruisers.",,
gun_mech_43,gun_mech,,$technology_name_gun_mech_42,1899,1,27,tech_gun_length_limit_small(8),,,$technology_desc_gun_mech_41,"Enables secondary single turrets for Battleships, Battlecruisers, Heavy Cruisers.",,
gun_mech_44,gun_mech,,$technology_name_gun_mech_43,1905,1,27,tech_gun_length_limit_small(10),,,$technology_desc_gun_mech_41,"Enables secondary single turrets for Battleships, Battlecruisers, Heavy Cruisers.",,
gun_mech_45,gun_mech,,$technology_name_gun_mech_44,1911,1,27,tech_gun_length_limit_small(12),,,$technology_desc_gun_mech_41,"Enables secondary single turrets for Battleships, Battlecruisers, Heavy Cruisers.",,
gun_mech_46,gun_mech,,$technology_name_gun_mech_45,1916,1,27,tech_gun_length_limit_small(14),,,$technology_desc_gun_mech_41,"Enables secondary single turrets for Battleships, Battlecruisers, Heavy Cruisers.",,
gun_mech_47,gun_mech,,$technology_name_gun_mech_46,1924,1,27,tech_gun_length_limit_small(16),,,$technology_desc_gun_mech_41,"Enables secondary single turrets for Battleships, Battlecruisers, Heavy Cruisers.",,
gun_mech_48,gun_mech,,$technology_name_gun_mech_47,1932,1,27,tech_gun_length_limit_small(18),,,$technology_desc_gun_mech_41,"Enables secondary single turrets for Battleships, Battlecruisers, Heavy Cruisers.",,
gun_mech_49,gun_mech,,$technology_name_gun_mech_48,1940,1,27,tech_gun_length_limit_small(20),,,$technology_desc_gun_mech_41,"Enables secondary single turrets for Battleships, Battlecruisers, Heavy Cruisers.",,
gun_mech_50,gun_mech,,$technology_name_gun_mech_49,1895,1,27,tech_gun_length_limit_casemates(5),,,$technology_desc_gun_mech_49,"Enables secondary single turrets for Battleships, Battlecruisers, Heavy Cruisers.",,
gun_mech_51,gun_mech,,$technology_name_gun_mech_50,1902,1,27,tech_gun_length_limit_casemates(7),,,$technology_desc_gun_mech_49,"Enables secondary single turrets for Battleships, Battlecruisers, Heavy Cruisers.",,
gun_mech_52,gun_mech,,$technology_name_gun_mech_51,1906,1,27,tech_gun_length_limit_casemates(9),,,$technology_desc_gun_mech_49,"Enables secondary single turrets for Battleships, Battlecruisers, Heavy Cruisers.",,
gun_mech_53,gun_mech,,$technology_name_gun_mech_52,1912,1,27,tech_gun_length_limit_casemates(12),,,$technology_desc_gun_mech_49,"Enables secondary single turrets for Battleships, Battlecruisers, Heavy Cruisers.",,
gun_mech_54,gun_mech,,$technology_name_gun_mech_53,1917,1,27,tech_gun_length_limit_casemates(15),,,$technology_desc_gun_mech_49,"Enables secondary single turrets for Battleships, Battlecruisers, Heavy Cruisers.",,
gun_mech_end,gun_mech,,$technology_name_gun_mech_end,1959,3,120,"end, reload(1), weight(gun;-0.5), cost(gun;-2.5), aim(1), gun_rotation(1)",,,$technology_desc_gun_mech_end,"Enables secondary single turrets for Battleships, Battlecruisers, Heavy Cruisers.",,
# $techType_name_gun_tech,gun_tech,,,,,,,,,,,,
gun_mech_2,gun_tech,,$technology_name_gun_mech_2,1890,,27,"start, accuracy(1), aim(5)",turret_traverse_0,,$technology_desc_gun_mech_2,,,
gun_mech_2_1,gun_tech,,$technology_name_gun_mech_2_1,1890,1,27,"start, accuracy(3), accuracy_long(5), aim(12.5), gun_rotation(-17.5), engine(-1.5), weight(gun;-10)",turret_traverse_1_1,,$technology_desc_gun_mech_2_1,,,
gun_mech_5,gun_tech,,$technology_name_gun_mech_5,1890,1,27,"start, gun_rotation(22.5), engine(-2.5), weight(gun;-7.5)",turret_traverse_1,,$technology_desc_gun_mech_5,,,
gun_mech_6,gun_tech,,$technology_name_gun_mech_6,1896,1,27,"gun_rotation(37.5), hull(-3), weight(gun;-4), cost(gun;-5), flash_spread(-7.5), flash_explosion(-5), flaws(-5)",turret_traverse_2,,$technology_desc_gun_mech_6,,,
gun_mech_7,gun_tech,,$technology_name_gun_mech_7,1905,1,27,"gun_rotation(55), hull(-3.5), engine(-3.5), weight(gun;-2.5), cost(gun;-8.5), flash_spread(-5), flash_explosion(-2.5), flaws(-7)",turret_traverse_3,,$technology_desc_gun_mech_7,,,
gun_mech_2_2,gun_tech,,$technology_name_gun_mech_2_2,1909,1,27," accuracy(5), accuracy_long(8), aim(20), flash_spread(-7.5), flash_explosion(-5), gun_rotation(-22.5), engine(-3.5), weight(gun;-10)",turret_traverse_1_2,,$technology_desc_gun_mech_2_2,,,
gun_mech_8,gun_tech,,$technology_name_gun_mech_8,1924,1,27,"gun_rotation(72.5), hull(-4), weight(gun;-6.5), cost(gun;-10), flash_spread(-13.5), flash_explosion(-6), flaws(-10)",turret_traverse_4,,$technology_desc_gun_mech_8,,,
gun_mech_2_3,gun_tech,,$technology_name_gun_mech_2_3,1926,1,27," accuracy(7), accuracy_long(10), aim(25), flash_spread(-7.5), flash_explosion(-5),  gun_rotation(-32.5), engine(-4.5), weight(gun;-10)",turret_traverse_1_3,,$technology_desc_gun_mech_2_3,,,
gun_mech_2_4,gun_tech,,$technology_name_gun_mech_2_4,1943,1,27," accuracy(10), accuracy_long(15), aim(30), flash_spread(-7.5), flash_explosion(-5), gun_rotation(-42.5), engine(-5.5), weight(gun;-10)",turret_traverse_1_4,,$technology_desc_gun_mech_2_4,,,
gun_mech_9,gun_tech,,$technology_name_gun_mech_9,1947,1,27," accuracy(2), accuracy_long(2), aim(4), gun_rotation(7.5), engine(-1.5), weight(gun;-1.5), flaws(1)",turret_traverse_5,,$technology_desc_gun_mech_9,,,
gun_mech_10,gun_tech,,$technology_name_gun_mech_10,1890,,27,start,gun_reload_0,,$technology_desc_gun_mech_10,,,
gun_mech_11,gun_tech,,$technology_name_gun_mech_11,1890,,27,"start,reload(8), hull(-2), weight(gun;-7.5), cost(gun;-10), aim(-10), gun_rotation(-7.5)",gun_reload_1,,$technology_desc_gun_mech_11,,,
gun_mech_11_1,gun_tech,,$technology_name_gun_mech_11_1,1894,,27,"reload(12), hull(-2), weight(gun;-12), cost(gun;-25), aim(-10), detonation(-15), flash_spread(-20), flash_explosion(-10), anti_fire(-10), gun_rotation(-15)",gun_reload_1_1,,$technology_desc_gun_mech_11_1,,,
gun_mech_14,gun_tech,,$technology_name_gun_mech_14,1909,1,27,"reload(16), hull(-2), weight(gun;-12), cost(gun;-50), aim(-10), detonation(-25), flash_spread(-30), flash_explosion(-20), anti_fire(-15), gun_rotation(-22.5)",gun_reload_2,,$technology_desc_gun_mech_14,,,
gun_mech_14_1,gun_tech,,$technology_name_gun_mech_14_1,1917,1,27,"reload(16), hull(-6), weight(gun;-16), cost(gun;-90), aim(-15), flash_spread(-10), flash_explosion(-5), gun_rotation(-25), flaws(-8)",gun_reload_2_1,,$technology_desc_gun_mech_14_1,,,
gun_mech_15,gun_tech,,$technology_name_gun_mech_15,1923,1,27,"reload(24), hull(-2), weight(gun;-12), cost(gun;-80), aim(-10), detonation(-25), flash_spread(-30), flash_explosion(-20), anti_fire(-15), gun_rotation(-27.5)",gun_reload_3,,$technology_desc_gun_mech_15,,,
gun_mech_15_1,gun_tech,,$technology_name_gun_mech_15_1,1931,1,27,"reload(-12.5), hull(-3), weight(gun;1.5), flash_spread(20), flash_explosion(15), gun_rotation(-5), anti_fire(15)",gun_reload_3_1,,$technology_desc_gun_mech_15_1,,,
gun_mech_16,gun_tech,,$technology_name_gun_mech_16,1940,1,27,"reload(27.5), hull(-7), weight(gun;-27.5), cost(gun;-140), aim(-5), detonation(-15), flash_spread(-25), flash_explosion(-15), anti_fire(-10), gun_rotation(-35), flaws(-20)",gun_reload_4,,$technology_desc_gun_mech_16,,,
gun_mech_16_1,gun_tech,,$technology_name_gun_mech_16_1,1949,1,27,"reload(30), hull(-8), weight(gun;-32), cost(gun;-200), aim(-5), detonation(-10), flash_spread(-20), flash_explosion(-10), anti_fire(-5), gun_rotation(-35), flaws(-25)",gun_reload_4_1,,$technology_desc_gun_mech_16_1,,,
gun_mech_16_2,gun_tech,,$technology_name_gun_mech_16_2,1960,1,27,"reload(32.5), hull(-9), weight(gun;-20), cost(gun;-220), flash_spread(-5), flash_explosion(-5), gun_rotation(-27.5)",gun_reload_4_2,,$technology_desc_gun_mech_16_2,,,
gun_mech_16_3,gun_tech,,$technology_name_gun_mech_16_3,1970,1,27,"reload(37.5), hull(-10), weight(gun;-50), cost(gun;-400), detonation(-10), flash_spread(-15), flash_explosion(-5), anti_fire(-5), gun_rotation(-40), flaws(-25)",gun_reload_4_3,,$technology_desc_gun_mech_16_3,,,
# $techType_name_hull_destroyer,hull_destroyer,,,,,,,,,,,,
hull_destroyer_1,hull_destroyer,,$technology_name_hull_destroyer_1,1892,,48,tonnage(tb;300),,,$technology_desc_hull_destroyer_1,Allows the construction of TB up to 300 tons displacement.,,
hull_destroyer_2,hull_destroyer,,$technology_name_hull_destroyer_2,1894,,48,tonnage(tb;500),,,$technology_desc_hull_destroyer_1,Allows the construction of TB up to 400 tons displacement.,,
hull_destroyer_3,hull_destroyer,,$technology_name_hull_destroyer_3,1896,,48,tonnage(tb;700),,,$technology_desc_hull_destroyer_1,Allows the construction of TB up to 500 tons displacement.,,
hull_destroyer_4,hull_destroyer,,$technology_name_hull_destroyer_4,1898,,48,"tonnage(tb;800), unlock(tb_highbow_large_1;tb_highbow_large_2;tb_highbow_large_3)",,,$technology_desc_hull_destroyer_4,,,
hull_destroyer_5,hull_destroyer,,$technology_name_hull_destroyer_5,1900,,48,"tonnage(dd;850), unlock(dd_1;dd_1_japan;dd_1_german;dd_1_austria;dd_1_russia;dd_1_france)",,,$technology_desc_hull_destroyer_5,"Allows the construction of ""Destroyer"" class ship (DD).",,
hull_destroyer_6,hull_destroyer,,$technology_name_hull_destroyer_6,1901,,48,"tonnage(dd;900), unlock(dd_1_german_large)",,,$technology_desc_hull_destroyer_6,Allows the construction of DD up to 700 tons displacement.,,
hull_destroyer_7,hull_destroyer,,$technology_name_hull_destroyer_7,1902,,48,"tonnage(dd;950), unlock(dd_1_austria_large)",,,$technology_desc_hull_destroyer_6,Allows the construction of DD up to 800 tons displacement.,,
hull_destroyer_8,hull_destroyer,,$technology_name_hull_destroyer_8,1903,,48,tonnage(dd;1000),,,$technology_desc_hull_destroyer_6,Allows the construction of DD up to 800 tons displacement.,,
hull_destroyer_9,hull_destroyer,,$technology_name_hull_destroyer_9,1906,,48,tonnage(dd;1050),,,$technology_desc_hull_destroyer_6,Allows the construction of DD up to 900 tons displacement.,,
hull_destroyer_10,hull_destroyer,,$technology_name_hull_destroyer_10,1910,,48,"tonnage(dd;1100), unlock(dd_2;dd_2_japan;dd_2_german), obsolete(tb_lowbow;tb_highbow;tb_standard)",,,$technology_desc_hull_destroyer_6,"Allows the construction of DD up to 1,100 tons displacement.",,
hull_destroyer_11,hull_destroyer,,$technology_name_hull_destroyer_11,1911,,48,"tonnage(dd;1200), unlock(dd_2_russia), obsolete(tb_highbow_large_1;tb_highbow_large_2;tb_highbow_large_3)",,,$technology_desc_hull_destroyer_6,"Allows the construction of DD up to 1,200 tons displacement.",,
hull_destroyer_12,hull_destroyer,,$technology_name_hull_destroyer_12,1913,,48,"tonnage(dd;1300), unlock(dd_2_france)",,,$technology_desc_hull_destroyer_6,"Allows the construction of DD up to 1,300 tons displacement.",,
hull_destroyer_13,hull_destroyer,,$technology_name_hull_destroyer_13,1915,,48,tonnage(dd;1400),,,$technology_desc_hull_destroyer_6,"Allows the construction of DD up to 1,400 tons displacement.",,
hull_destroyer_14,hull_destroyer,,$technology_name_hull_destroyer_14,1917,,48,"tonnage(dd;1500), unlock(dd_3;dd_3_japan;dd_3_german), obsolete(dd_1;dd_1_japan;dd_2;dd_2_japan;dd_1_german;dd_1_austria;dd_1_russia;dd_1_france)",,,$technology_desc_hull_destroyer_6,"Allows the construction of DD up to 1,500 tons displacement.",,
hull_destroyer_15,hull_destroyer,,$technology_name_hull_destroyer_15,1919,,48,"tonnage(dd;1600), unlock(dd_3_russia;dd_3_france)",,,$technology_desc_hull_destroyer_6,"Allows the construction of DD up to 1,600 tons displacement.",,
hull_destroyer_16,hull_destroyer,,$technology_name_hull_destroyer_16,1920,,48,tonnage(dd;1700),,,$technology_desc_hull_destroyer_6,"Allows the construction of DD up to 1,700 tons displacement.",,
hull_destroyer_17,hull_destroyer,,$technology_name_hull_destroyer_17,1922,,48,"tonnage(dd;1800), unlock(dd_4_japan)",,,$technology_desc_hull_destroyer_6,"Allows the construction of DD up to 1,800 tons displacement.",,
hull_destroyer_18,hull_destroyer,,$technology_name_hull_destroyer_18,1923,,48,"tonnage(dd;1900), unlock(dd_4;dd_4_russia;dd_4_france;dd_us_flush), obsolete(dd_2;dd_2_russia;dd_2_france;dd_2_german;dd_1_german_large;dd_1_austria_large)",,,$technology_desc_hull_destroyer_6,"Allows the construction of DD up to 1,900 tons displacement.",,
hull_destroyer_19,hull_destroyer,,$technology_name_hull_destroyer_19,1925,,48,"tonnage(dd;2200), unlock(dd_5_akizuki_nose_cave_middle;dd_5_nose_small_usa)",,,$technology_desc_hull_destroyer_6,"Allows the construction of Destroyer up to 2,000 tons displacement (DL Class).",,
hull_destroyer_20,hull_destroyer,,$technology_name_hull_destroyer_20,1927,,48,"tonnage(dd;2400), tonnage(tb;1800), unlock(dd_5_akizuki_nose_long;dd_5_nose_small_german;dd_5_nose_generic_small;dd_5_stern_small_russia;dd_5_nose_small_france;dd_5_nose_medium_usa;tb_sloop;tb_sloop_jap;tb_sloop_france;tb_modern_german;tb_sloop_rus)",,,$technology_desc_hull_destroyer_6,"Allows the construction of Destroyer up to 2,500 tons displacement (DL Class).",,
hull_destroyer_21,hull_destroyer,,$technology_name_hull_destroyer_21,1929,,48,"tonnage(dd;2600), tonnage(tb;2000), unlock(dd_5_akizuki_nose_long;dd_5_stern_large_italian;dd_5_stern_large_russia;dd_5_nose_large_britain;dd_5_nose_large_usa;dd_5_akizuki_nose_short;tb_sloop_large)",,,$technology_desc_hull_destroyer_6,"Allows the construction of Destroyer up to 2,500 tons displacement (DL Class).",,
hull_destroyer_22,hull_destroyer,,$technology_name_hull_destroyer_22,1931,,48,"tonnage(dd;2800), tonnage(tb;2200), unlock(dd_5_nose_large_generic)",,,$technology_desc_hull_destroyer_6,"Allows the construction of Destroyer up to 2,500 tons displacement (DL Class).",,
hull_destroyer_23,hull_destroyer,,$technology_name_hull_destroyer_23,1933,,48,"tonnage(dd;3000), tonnage(tb;2400), unlock(dd_5_nose_large_france;dd_5_nose_large_german;dd_5_shimakaze)",,,$technology_desc_hull_destroyer_6,"Allows the construction of Destroyer up to 3,000 tons displacement (DL Class).",,
hull_destroyer_24,hull_destroyer,,$technology_name_hull_destroyer_24,1936,,48,"tonnage(dd;3300), tonnage(tb;2600)",,,$technology_desc_hull_destroyer_6,"Allows the construction of Destroyer up to 3,000 tons displacement (DL Class).",,
hull_destroyer_25,hull_destroyer,,$technology_name_hull_destroyer_25,1939,,48,"tonnage(dd;3500), tonnage(tb;2800)",,,$technology_desc_hull_destroyer_6,"Allows the construction of Destroyer up to 3,500 tons displacement (DL Class)",,
hull_destroyer_26,hull_destroyer,,$technology_name_hull_destroyer_26,1942,,48,tonnage(dd;4000),,,$technology_desc_hull_destroyer_6,"Allows the construction of Destroyer up to 3,500 tons displacement (DL Class)",,
hull_destroyer_27,hull_destroyer,,$technology_name_hull_destroyer_27,1945,,48,"tonnage(dd;7500), unlock(dd_6_nose_large_italian;dd_7_fletcher_style_big;dd_7_fletcher_style_small;dd_7_daring_style_big;dd_7_daring_style_small;dd_7_german_hybrid_dd;dd_7_france_dd;dd_7_russia_dd;dd_7_flushdeck_dd_small;dd_7_flushdeck_dd_large;dd_us_flush;dd_8_hybrid_cruiser_gen;dd_8_hybrid_cruiser_italy;dd_8_france_dd;dd_8_russia_dd)",,,$technology_desc_hull_destroyer_6,"Allows the construction of Destroyer up to 3,500 tons displacement (DL Class)",,
# $techType_name_hull_cruiser,hull_cruiser,,,,,,,,,,,,
hull_cruiser_1,hull_cruiser,,$technology_name_hull_cruiser_1,1891,,36,"tonnage(cl;3500), unlock(cl_1_medium_germany;cl_1_medium_russia;cl_1_medium;cl_1_medium_strbow;cl_1_rambow_france;cl_2_rambow;cl_2_straightbow;cl_1_ersatz)",,,$technology_desc_hull_cruiser_1,"Allows the construction of CL class Cruiser up to 2,500 tons displacement",,
hull_cruiser_2,hull_cruiser,,$technology_name_hull_cruiser_2,1893,,36,tonnage(cl;4000),,,$technology_desc_hull_cruiser_2,"Allows the construction of CL class Cruiser up to 3,000 tons displacement",,
hull_cruiser_3,hull_cruiser,,$technology_name_hull_cruiser_3,1895,,36,"tonnage(cl;4500), unlock(cl_2_ersatz), obsolete(cl_1_austria_belted;cl_1_3mast_armored;cl_1_austria_small;cl_1_3mast_usa;cl_1_rambow_3mast_early;cl_1_rambow_3mast;cl_1_rambow_3mast_ver2;cl_1_rambow_3mast_ver3;cl_maine_threemast;cl_1_straightbow_early;cl_1_rambow_early;cl_1_rambow_boat)",,,$technology_desc_hull_cruiser_3,"Allows the construction of CL class Cruiser up to 4,000 tons displacement",,
hull_cruiser_4,hull_cruiser,,$technology_name_hull_cruiser_4,1896,,36,"tonnage(cl;5000), obsolete(cl_1_straightbow;cl_1_rambow;cl_1_austrian)",,,$technology_desc_hull_cruiser_4,,,
hull_cruiser_5,hull_cruiser,,$technology_name_hull_cruiser_5,1898,,36,"tonnage(cl;5500), unlock(cl_novik)",,,$technology_desc_hull_cruiser_5,"Allows the construction of CL class Cruiser up to 5,000 tons displacement",,
hull_cruiser_6,hull_cruiser,,$technology_name_hull_cruiser_6,1902,,36,"tonnage(cl;6000), unlock(cl_2_emden;cl_3_france;cl_3_russia;cl_3_japan_small;cl_3_britain)",,,$technology_desc_hull_cruiser_6,"Allows the construction of CL class Cruiser up to 6,000 tons displacement",,
hull_cruiser_7,hull_cruiser,,$technology_name_hull_cruiser_7,1904,,36,"tonnage(cl;6500), unlock(cl_3_britain_var3;cl_3_japan_bigger;cl_5_generic1_C_class)",,,$technology_desc_hull_cruiser_7,"Allows the construction of CL class Cruiser up to 6,000 tons displacement",,
hull_cruiser_8,hull_cruiser,,$technology_name_hull_cruiser_8,1906,,36,"tonnage(cl;7000), unlock(cl_2_medium_strbow;cl_2_medium;cl_2_medium_russia;cl_2_medium_germany)",,,$technology_desc_hull_cruiser_8,"Allows the construction of CL class Cruiser up to 7,000 tons displacement.",,
hull_cruiser_9,hull_cruiser,,$technology_name_hull_cruiser_9,1908,,36,"tonnage(cl;7500), unlock(cl_4_france;cl_4_china_experimental), obsolete(cl1_inflex_china)",,,$technology_desc_hull_cruiser_9,"Allows the construction of CL class Cruiser up to 8,000 tons displacement.",,
hull_cruiser_10,hull_cruiser,,$technology_name_hull_cruiser_10,1910,,36,"tonnage(cl;8000), unlock(cl_3_emden;cl_3;cl_5_armored_exp3), obsolete(cl_1_medium_strbow;cl_1_medium;cl_1_medium_russia;cl_1_medium_germany)",,,$technology_desc_hull_cruiser_10,"Allows the construction of CL class Cruiser up to 8,500 tons displacement.",,
hull_cruiser_11,hull_cruiser,,$technology_name_hull_cruiser_11,1912,,36,"tonnage(cl;9000), unlock(cl_3_straightbow_tall;cl_3_rambow_tall), obsolete(cl_1_ersatz;cl_novik), obsolete(cl_2_straightbow;cl_2_rambow;cl_1_rambow_france)",,,$technology_desc_hull_cruiser_11,"Allows the construction of CL class Cruiser up to 9,000 tons displacement.",,
hull_cruiser_12,hull_cruiser,,$technology_name_hull_cruiser_12,1913,,36,"tonnage(cl;10000), unlock(cl_5_france_exp;cl_5_german_treaty;cl_5_russian_light;cl_5_britain), obsolete(cl_2_emden;cl_3_france;cl_3_russia;cl_3_japan_small;cl_3_britain)",,,$technology_desc_hull_cruiser_12,"Allows the construction of CL class Cruiser up to 9,500 tons displacement.",,
hull_cruiser_13,hull_cruiser,,$technology_name_hull_cruiser_13,1915,,36,"tonnage(cl;11000), unlock(cl_3_usa_exp;cl_5_armored_exp2), obsolete(cl_2_medium_strbow;cl_2_medium;cl_2_medium_russia;cl_2_medium_germany)",,,$technology_desc_hull_cruiser_13,"Allows the construction of CL class Cruiser up to 10,000 tons displacement.",,
hull_cruiser_14,hull_cruiser,,$technology_name_hull_cruiser_14,1917,,36,"tonnage(cl;12000), unlock(cl_4_omaha;cl_5_britain_scout;cl_5_german_treaty_fk;cl_3_britain_var2;cl_4_france_improved;cl_3_russia_var;cl_5_scout_var1;cl_5_italian_early_condot;cl_3_japan), obsolete(cl_3_britain_var3;cl_3_japan_bigger;cl_5_generic1_C_class)",,,$technology_desc_hull_cruiser_14,"Allows the construction of CL class Cruiser up to 10,000 tons displacement.",,
hull_cruiser_15,hull_cruiser,,$technology_name_hull_cruiser_15,1919,,36,"tonnage(cl;13000), unlock(cl_5_armored_exp4;cl_5_armored_exp;cl_5_navarra_adv;cl_5_omaha_base;cl_5_navarra_adv_small), obsolete(cl_2_ersatz;cl_4_france;cl_4_china_experimental)",,,$technology_desc_hull_cruiser_15,"Allows the construction of CL class Cruiser up to 10,000 tons displacement.",,
hull_cruiser_16,hull_cruiser,,$technology_name_hull_cruiser_16,1921,,36,"tonnage(cl;14000), unlock(cl_5_britain_C_class;cl_5_france_modern;cl_5_german_modern;cl_4_japan_torp;cl_5_omaha;cl_4_japan_experimental), obsolete(cl_5_generic1_C_class;cl_3_japan_bigger;cl_3_emden;cl_4_france;cl_3_rambow_tall;cl_3_straightbow_tall;cl_3_britain_var3;cl_3;cl_5_armored_exp3)",,,$technology_desc_hull_cruiser_16,"Allows the construction of CL class Cruiser up to 10,000 tons displacement.",,
hull_cruiser_17,hull_cruiser,,$technology_name_hull_cruiser_17,1925,,36,"tonnage(cl;15000), unlock(cl_5_deruyter;cl_3_Modern_Spain;cl_6_monte_large;cl_6_russian_exp2;cl_6_monte;cl_5_japan;cl_5_italian_small), obsolete(cl_5_armored_exp4;cl_5_armored_exp;cl_5_italian_early_condot;cl_5_german_treaty;cl_5_france_exp;cl_5_britain;cl_5_armored_exp2;cl_3_usa_exp;cl_3_japan;cl_4_omaha;cl_5_britain_scout;cl_5_german_treaty_fk;cl_3_britain_var2;cl_4_france_improved;cl_3_russia_var;cl_5_scout_var1)",,,$technology_desc_hull_cruiser_17,"Allows the construction of CL class Cruiser up to 10,000 tons displacement.",,
hull_cruiser_18,hull_cruiser,,$technology_name_hull_cruiser_18,1931,,36,"tonnage(cl;16000), unlock(cl_4_Modern_Spain;cl_4_russia_kirov;cl_4_Modern_Japan;cl_4_Modern_Generic_2;cl_4_Modern_Trento;cl_4_Modern_Generic;cl_5_guncruiser1;cl_6_russian_exp;cl_5_atlanta;cl_5_dido), obsolete(cl_5_german_modern;cl_5_france_modern;cl_5_britain_C_class;cl_5_russian_light;cl_5_generic2_C_class)",,,$technology_desc_hull_cruiser_18,"Allows the construction of CL class Cruiser up to 10,000 tons displacement.",,
hull_cruiser_19,hull_cruiser,,$technology_name_hull_cruiser_19,1934,,36,"tonnage(cl;17000), unlock(cl_6_japan;cl_5_brooklyn;cl_6_german_base;cl_6_dido;cl_5_austria_exp;cl_6_france;cl_5_italian), obsolete(cl_3_usa_exp;cl_5_armored_exp2;cl_4_omaha;cl_5_britain_scout;cl_5_german_treaty_fk;cl_3_britain_var2;cl_4_france_improved;cl_3_russia_var;cl_5_scout_var1;cl_5_italian_early_condot;cl_3_japan)",,,$technology_desc_hull_cruiser_19,"Allows the construction of CL class Cruiser up to 10,000 tons displacement.",,
hull_cruiser_20,hull_cruiser,,$technology_name_hull_cruiser_20,1938,,36,"tonnage(cl;18000), unlock(cl_5_escortcruiser_british;cl_7_dido;cl_5_escortcruiser_france;cl_5_escortcruiser;cl_7_japan;cl_6_cleveland), obsolete(cl_5_navarra_adv;cl_5_navarra_adv_small;cl_4_japan_torp;cl_4_japan_experimental)",,,$technology_desc_hull_cruiser_20,"Allows the construction of CL class Cruiser up to 10,000 tons displacement.",,
,,,,,,,,,,,,,
hull_cruiser_21,hull_cruiser,,$technology_name_hull_cruiser_21,1891,,38,"tonnage(ca;4500), unlock(ca_austria_monarch_small)",,,$technology_desc_hull_cruiser_21,,,
hull_cruiser_22,hull_cruiser,,$technology_name_hull_cruiser_22,1892,,38,"tonnage(ca;5000), unlock(ca_austria_monarch)",,,$technology_desc_hull_cruiser_22,,,
hull_cruiser_23,hull_cruiser,,$technology_name_hull_cruiser_23,1894,,38,"tonnage(ca;6000), unlock(ca_1_italian_exp_small_3mast)",,,$technology_desc_hull_cruiser_23,,,
hull_cruiser_24,hull_cruiser,,$technology_name_hull_cruiser_24,1895,,38,"tonnage(ca;7000), unlock(ca_1_italian_exp_3mast;ca_2_austria_karl)",,,$technology_desc_hull_cruiser_24,"Allows the construction of CA class Cruiser up to 7,000 tons displacement",,
hull_cruiser_25,hull_cruiser,,$technology_name_hull_cruiser_25,1896,,38,"tonnage(ca;8500), unlock(ca_2_friedrich;ca_2_rambow_france;ca_1;ca_1_spain;ca_2;ca_3_warrior_pisa)",,,$technology_desc_hull_cruiser_25,"Allows the construction of CA class Cruiser up to 8,000 tons displacement",,
hull_cruiser_26,hull_cruiser,,$technology_name_hull_cruiser_26,1897,,38,"tonnage(ca;9000), unlock(ca_5_armored_france)",,,$technology_desc_hull_cruiser_26,"Allows the construction of CA class Cruiser up to 9,000 tons displacement",,
hull_cruiser_27,hull_cruiser,,$technology_name_hull_cruiser_27,1899,,38,"tonnage(ca;10000), unlock(ca_3_rambow_france;ca_4_italy;ca_3;ca_3_russia), obsolete(ca_1_rambow_france;ca_1_small_austria2;ca_1_italian_small_3mast;ca_1_friedrich;ca_1_small)",,,$technology_desc_hull_cruiser_27,"Allows the construction of CA class Cruiser up to 10,000 tons displacement",,
hull_cruiser_28,hull_cruiser,,$technology_name_hull_cruiser_28,1900,,38,"tonnage(ca;11000), unlock(ca_3_friedrich;ca_4_italy_stg)",,,$technology_desc_hull_cruiser_28,"Allows the construction of CA class Cruiser up to 11,000 tons displacement.",,
hull_cruiser_29,hull_cruiser,,$technology_name_hull_cruiser_29,1902,,38,"tonnage(ca;12000), unlock(ca_4_rambow_france), obsolete(ca_2_austria;ca_3_averof_mod;ca_1_small_austria;ca_maine_china;ca_1_italian_small_japan_3mast;ca_inflex_china;ca_1_naniwa_3mast;ca_1_joseph_3mast;ca_1_3mast_russia;ca_1_3mast_usa;ca_maine_threemast;ca_maine_varcoastal;ca_maine_varcoastal2)",,,$technology_desc_hull_cruiser_29,"Allows the construction of CA class Cruiser up to 12,000 tons displacement.",,
hull_cruiser_30,hull_cruiser,,$technology_name_hull_cruiser_30,1904,,38,"tonnage(ca;12500), unlock(ca_5_usa_large1;ca_3_german;ca_3_warrior)",,,$technology_desc_hull_cruiser_30,"Allows the construction of CA class Cruiser up to 12,500 tons displacement.",,
hull_cruiser_31,hull_cruiser,,$technology_name_hull_cruiser_31,1907,,38,"tonnage(ca;13000), obsolete(ca_2_friedrich;ca_2_rambow_france;ca_1;ca_1_italian_exp_small_3mast;ca_1_spain;ca_austria_monarch_small)",,,$technology_desc_hull_cruiser_31,"Allows the construction of CA class Cruiser up to 13,000 tons displacement.",,
hull_cruiser_32,hull_cruiser,,$technology_name_hull_cruiser_32,1909,,38,"tonnage(ca;13500), unlock(ca_3_generic;ca_4_blucher;ca_4_generic_large_russia), obsolete(ca_4_italy)",,,$technology_desc_hull_cruiser_32,"Allows the construction of CA class Cruiser up to 13,500 tons displacement.",,
hull_cruiser_33,hull_cruiser,,$technology_name_hull_cruiser_33,1912,,38,"tonnage(ca;14000), unlock(ca_1_ersatz)",,,$technology_desc_hull_cruiser_33,"Allows the construction of CA class Cruiser up to 14,000 tons displacement.",,
hull_cruiser_34,hull_cruiser,,$technology_name_hull_cruiser_34,1914,,38,"tonnage(ca;14500), unlock(ca_5_usa_large2;ca_4_rurik_russia;ca_4_britain), obsolete(ca_1_3mast_russia;ca_1_italian_exp_3mast;ca_3_rambow_france;ca_2;ca_3_friedrich;ca_austria_monarch)",,,$technology_desc_hull_cruiser_34,"Allows the construction of CA class Cruiser up to 14,500 tons displacement.",,
hull_cruiser_35,hull_cruiser,,$technology_name_hull_cruiser_35,1917,,38,"tonnage(ca;15000), unlock(ca_5_france;ca_2_ersatz), obsolete(ca_3_warrior_pisa;ca_3;ca_4_rambow_france;ca_2_austria_karl)",,,$technology_desc_hull_cruiser_35,"Allows the construction of CA class Cruiser up to 15,000 tons displacement.",,
hull_cruiser_36,hull_cruiser,,$technology_name_hull_cruiser_36,1921,,38,"tonnage(ca;16000), unlock(ca_5_generic1_C_class;ca_5_generic2_C_class;ca_5_japan_exp_early;ca_5_russian_exp;ca_5_german_treaty_2;ca_5_italian_early_condot;ca_5_japan_exp;ca_6_british_largecruiser)",,,$technology_desc_hull_cruiser_36,,,
hull_cruiser_37,hull_cruiser,,$technology_name_hull_cruiser_37,1926,,38,"tonnage(ca;16500), unlock(ca_5_german_treaty;ca_5_gen_treaty1;ca_5_france_exp;ca_4_pensacola;ca_5_japan_scout;ca_6_german_exp), obsolete(ca_3_russia;ca_4_rambow_france;ca_3_friedrich)",,,$technology_desc_hull_cruiser_37,,,
hull_cruiser_38,hull_cruiser,,$technology_name_hull_cruiser_38,1929,,38,"tonnage(ca;17000), unlock(ca_5_austrian_pocket;ca_5_german_pocket;ca_5_gen_treaty2;ca_5_usa_heavy_treaty;ca_5_small_generic;ca_5_british_small), obsolete(ca_4_britain;ca_5_usa_large1;ca_5_armored_france;ca_4_italy_stg;ca_3_german;ca_3_generic;ca_3_warrior;ca_1_ersatz)",,,$technology_desc_hull_cruiser_38,,,
hull_cruiser_39,hull_cruiser,,$technology_name_hull_cruiser_39,1932,,38,"tonnage(ca;18000), unlock(ca_5_german_pocket_big), obsolete(ca_5_generic1_C_class;ca_5_generic2_C_class;ca_5_japan_exp_early;ca_5_russian_exp;ca_5_german_treaty_2;ca_5_italian_early_condot;ca_5_japan_exp;ca_6_british_largecruiser)",,,$technology_desc_hull_cruiser_39,,,
hull_cruiser_40,hull_cruiser,,$technology_name_hull_cruiser_40,1935,,38,"tonnage(ca;19000), unlock(ca_5_italy_early_2;ca_5_generic_early;ca_5_canarias;ca_5_british;ca_5_generic_4_alt;ca_5_german_early;ca_5_generic_3;ca_3_ersatz), obsolete(ca_4_blucher;ca_5_france;ca_4_generic_large;ca_5_usa_large2;ca_4_generic_large_russia;ca_4_rurik_russia)",,,$technology_desc_hull_cruiser_40,,,
hull_cruiser_41,hull_cruiser,,$technology_name_hull_cruiser_41,1938,,38,"tonnage(ca;20000), unlock(ca_5_generic_4;ca_5_generic_france;ca_5_generic;ca_5_japan;ca_5_german;ca_5_german_var;ca_5_italy_early;ca_5_spain_big;ca_5_wichita), obsolete(ca_5_austrian_pocket;ca_5_german_pocket)",,,$technology_desc_hull_cruiser_41,,,
hull_cruiser_42,hull_cruiser,,$technology_name_hull_cruiser_42,1942,,38,"tonnage(ca;21000), unlock(ca_5_generic_britain;ca_5_russia;ca_6_france;ca_5_german_hipper;ca_5_generic_2;ca_5_usa;ca_6_japan;ca_4_ersatz), obsolete(ca_5_german_treaty;ca_5_gen_treaty1;ca_5_france_exp;ca_4_pensacola;ca_2_ersatz)",,,$technology_desc_hull_cruiser_42,,,
hull_cruiser_43,hull_cruiser,,$technology_name_hull_cruiser_43,1945,,38,"tonnage(ca;22000), unlock(ca_7_japan;ca_5_italy;ca_5_italy_mission;ca_6_britain;ca_5_gen;ca_8_japan;ca_6_italy), obsolete (ca_5_gen_treaty2;ca_5_usa_heavy_treaty;ca_5_japan_scout;ca_6_german_exp)",,,$technology_desc_hull_cruiser_43,,,
hull_cruiser_44,hull_cruiser,,$technology_name_hull_cruiser_44,1949,,38,"tonnage(ca;23000), unlock(ca_5_russia_heavy;ca_6_desmoines1;ca_6_desmoines2;ca_6_commandcruiser_british)",,,$technology_desc_hull_cruiser_44,,,
,,,,,,,,,,,,,
hull_cruiser_45,hull_cruiser,,$technology_name_hull_cruiser_45,1907,,78,"tonnage(bc;-1), unlock(bc_1_Japan;bc_1_german;bc_1_vondertann;bc_1_britain;bc_1_britain_var;bc_1;ca_4_ibuki)",,,$technology_desc_hull_cruiser_45,"Enables Battlecruiser (BC Class), a ship of at least 20,000 tons Displacement and 24 Knots speed.",,
hull_cruiser_46,hull_cruiser,,$technology_name_hull_cruiser_46,1910,,78,unlock(bc_2_german;bc_2;bc_2_var;bc_2_britain;bc_5_austrian_pocket),,,$technology_desc_hull_cruiser_46,"Enables Battlecruiser (BC Class), a ship of at least 20,000 tons Displacement and 24 Knots speed.",,
hull_cruiser_47,hull_cruiser,,$technology_name_hull_cruiser_47,1913,,78,unlock(bc_3;bc_3_austria;bc_3_britain;bc_3_izmail;bc_3_german;bc_4_britain_nelson),,,$technology_desc_hull_cruiser_46,"Enables Battlecruiser (BC Class), a ship of at least 20,000 tons Displacement and 24 Knots speed.",,
hull_cruiser_48,hull_cruiser,,$technology_name_hull_cruiser_48,1915,,78,"unlock(bc_5_france;bc_4_izmail;bc_3_kongo;bc_3_german_derf;bc_3_britain_adv;bc_large_light_cruiser;bc_5_japan_scout), obsolete(bc_1_Japan;bc_1_german;bc_1_vondertann;bc_1_britain;bc_1_britain_var;bc_1;ca_4_ibuki)",,,$technology_desc_hull_cruiser_46,"Enables Battlecruiser (BC Class), a ship of at least 20,000 tons Displacement and 24 Knots speed.",,
hull_cruiser_49,hull_cruiser,,$technology_name_hull_cruiser_49,1918,,78,"unlock(bc_5_britain;bc_4_britain_adv;bc_4_britain;bc_4_kongo;bc_4_german_derf;bc_4_generic_small;bc_4_italy;bc_4_france;bc_4_german;bc_4_generic2;bc_4_japan_large;bc_4_austria;bc_4_russia;bc_4_usa), obsolete(bc_2_german;bc_2;bc_2_var;bc_2_britain;bc_5_austrian_pocket)",,,$technology_desc_hull_cruiser_46,"Enables Battlecruiser (BC Class), a ship of at least 20,000 tons Displacement and 24 Knots speed.",,
hull_cruiser_50,hull_cruiser,,$technology_name_hull_cruiser_50,1925,,78,"unlock(bc_5_china;bc_4_japan;bc_5_aushun;bc_5_usn;bc_5_italy;bc_4_generic), obsolete(bc_3;bc_3_austria;bc_3_britain;bc_3_izmail;bc_3_german;bc_4_britain_nelson)",,,$technology_desc_hull_cruiser_46,"Enables Battlecruiser (BC Class), a ship of at least 20,000 tons Displacement and 24 Knots speed.",,
hull_cruiser_51,hull_cruiser,,$technology_name_hull_cruiser_51,1929,,78,"unlock(bc_7_france;bc_6_france;bc_6_stalin;bc_5_kongo;bc_6_britain;bc_6_britain_mod), obsolete(bc_5_france;bc_4_izmail;bc_3_kongo;bc_3_german_derf;bc_3_britain_adv;bc_large_light_cruiser;bc_5_japan_scout)",,,$technology_desc_hull_cruiser_46,"Enables Battlecruiser (BC Class), a ship of at least 20,000 tons Displacement and 24 Knots speed.",,
hull_cruiser_52,hull_cruiser,,$technology_name_hull_cruiser_52,1935,,78,"unlock(bc_5_russia;bc_5_japan;bc_5_germany;bc_5_usa;bc_5_russia2;bc_4_britain_g3), obsolete(bc_4_britain_adv;bc_4_britain;bc_4_kongo;bc_4_german_derf;bc_4_generic_small;bc_4_italy;bc_4_france;bc_4_german;bc_4_generic2;bc_4_japan;bc_4_austria;bc_4_russia;bc_4_usa)",,,$technology_desc_hull_cruiser_46,"Enables Battlecruiser (BC Class), a ship of at least 20,000 tons Displacement and 24 Knots speed.",,
hull_cruiser_52_2,hull_cruiser,,$technology_name_hull_cruiser_52_2,1942,,78,"unlock(bc_7_britain;bb_usa_north_carolina;bc_6_generic;bc_6_germany;bc_6_japan;bc_6_italy;bc_5_assault_russia), obsolete(bc_5_britain;bc_5_china;bc_4_japan;bc_5_aushun;bc_5_usn;bc_5_italy;bc_4_generic)",,,$technology_desc_hull_cruiser_46,,,
# $techEffect_desc_torp_mark,torpedo_tubes,,,,,,,,,,,,
torpedo_tubes_1,torpedo_tubes,,$technology_name_torpedo_tubes_1,1890,,73,"start, torpedo_tubes(0)",,,$technology_desc_torpedo_tubes_1,Submerged Torpedo Tubes can be fitted to capital ships.,,
torpedo_tubes_2,torpedo_tubes,,$technology_name_torpedo_tubes_2,1890,,73,"start, torpedo_tubes(1;tb;dd)",,,$technology_desc_torpedo_tubes_2,"Single Deck Torpedo Tubes can be fitted to Torpedo Boats and Destroyers but not to larger ships as the launch strength is not enough to overcome the height of the hull, plus they are vulnerable to explode from enemy shells.",,
torpedo_tubes_3,torpedo_tubes,,$technology_name_torpedo_tubes_3,1899,1,73,torpedo_tubes(2;cl;ca),,,$technology_desc_torpedo_tubes_3,2x Deck Torpedo Tubes become available for Torpedo Boats and Destroyers.,,
torpedo_tubes_4,torpedo_tubes,,$technology_name_torpedo_tubes_4,1915,1,73,torpedo_tubes(3;cl;ca),,,$technology_desc_torpedo_tubes_4,"3x Deck Torpedo Tubes become available for Torpedo Boats, Destroyers and Light Cruisers.",,
torpedo_tubes_5,torpedo_tubes,,$technology_name_torpedo_tubes_5,1936,1,73,torpedo_tubes(4;bb;bc),,,$technology_desc_torpedo_tubes_5,4x Deck Torpedo Tubes become available for Destroyers and Light Cruisers.,,
torpedo_tubes_6,torpedo_tubes,,$technology_name_torpedo_tubes_6,1942,1,73,torpedo_tubes(5;cl;ca;bb;bc;tb),,,$technology_desc_torpedo_tubes_6,5x Deck Torpedo Tubes become available for Light and Heavy Cruisers as well as Battleships and Battlecruisers.,,
torpedo_tubes_7,torpedo_tubes,,$technology_name_torpedo_tubes_7,1890,,73,"start, torp_mark(1)",,,$technology_desc_torpedo_tubes_7,,,
torpedo_tubes_8,torpedo_tubes,,$technology_name_torpedo_tubes_8,1903,1,73,torp_mark(2),,,$technology_desc_torpedo_tubes_8,,,
torpedo_tubes_9,torpedo_tubes,,$technology_name_torpedo_tubes_9,1918,1,73,torp_mark(3),,,$technology_desc_torpedo_tubes_9,,,
torpedo_tubes_10,torpedo_tubes,,$technology_name_torpedo_tubes_10,1936,1,73,torp_mark(4),,,$technology_desc_torpedo_tubes_10,,,
torpedo_tubes_11,torpedo_tubes,,$technology_name_torpedo_tubes_11,1949,1,73,torp_mark(5),,,$technology_desc_torpedo_tubes_11,,,
torpedo_tubes_12,torpedo_tubes,,$technology_name_torpedo_tubes_12,1892,1,73,"torpedo_reload(2), torpedo_rotation(2), weight(torpedo;2), cost(torpedo;-5)",,,$technology_desc_torpedo_tubes_12,,,
torpedo_tubes_13,torpedo_tubes,,$technology_name_torpedo_tubes_13,1900,1,73,"torpedo_reload(2), torpedo_rotation(2), weight(torpedo;2), cost(torpedo;-5)",,,$technology_desc_torpedo_tubes_12,,,
torpedo_tubes_14,torpedo_tubes,,$technology_name_torpedo_tubes_14,1909,1,73,"torpedo_reload(2), torpedo_rotation(2), weight(torpedo;2), cost(torpedo;-5)",,,$technology_desc_torpedo_tubes_12,,,
torpedo_tubes_15,torpedo_tubes,,$technology_name_torpedo_tubes_15,1918,1,73,"torpedo_reload(2), torpedo_rotation(2), weight(torpedo;2), cost(torpedo;-5)",,,$technology_desc_torpedo_tubes_12,,,
torpedo_tubes_16,torpedo_tubes,,$technology_name_torpedo_tubes_16,1925,1,73,"torpedo_reload(2), torpedo_rotation(2), weight(torpedo;2), cost(torpedo;-5)",,,$technology_desc_torpedo_tubes_12,,,
torpedo_tubes_17,torpedo_tubes,,$technology_name_torpedo_tubes_17,1894,1,73,torpedo_tubes(1;cl;ca),,,$technology_desc_torpedo_tubes_17,"3x Deck Torpedo Tubes become available for Torpedo Boats, Destroyers and Light Cruisers.",,
torpedo_tubes_18,torpedo_tubes,,$technology_name_torpedo_tubes_18,1897,1,73,torpedo_tubes(2;tb;dd),,,$technology_desc_torpedo_tubes_18,4x Deck Torpedo Tubes become available for Destroyers and Light Cruisers.,,
torpedo_tubes_19,torpedo_tubes,,$technology_name_torpedo_tubes_19,1911,1,73,torpedo_tubes(3;tb;dd),,,$technology_desc_torpedo_tubes_19,5x Deck Torpedo Tubes become available for Light and Heavy Cruisers as well as Battleships and Battlecruisers.,,
torpedo_tubes_20,torpedo_tubes,,$technology_name_torpedo_tubes_20,1917,1,73,torpedo_tubes(2;bb;bc),,,$technology_desc_torpedo_tubes_20,"3x Deck Torpedo Tubes become available for Torpedo Boats, Destroyers and Light Cruisers.",,
torpedo_tubes_21,torpedo_tubes,,$technology_name_torpedo_tubes_21,1922,1,73,torpedo_tubes(4;tb;dd),,,$technology_desc_torpedo_tubes_21,4x Deck Torpedo Tubes become available for Destroyers and Light Cruisers.,,
torpedo_tubes_22,torpedo_tubes,,$technology_name_torpedo_tubes_22,1926,1,73,torpedo_tubes(4;cl;ca),,,$technology_desc_torpedo_tubes_22,5x Deck Torpedo Tubes become available for Light and Heavy Cruisers as well as Battleships and Battlecruisers.,,
torpedo_tubes_23,torpedo_tubes,,$technology_name_torpedo_tubes_23,1933,1,73,torpedo_tubes(5;dd),,,$technology_desc_torpedo_tubes_23,5x Deck Torpedo Tubes become available for Light and Heavy Cruisers as well as Battleships and Battlecruisers.,,
torpedo_tubes_24,torpedo_tubes,,$technology_name_torpedo_tubes_24,1931,1,73,"torpedo_reload(2), torpedo_rotation(2), weight(torpedo;2), cost(torpedo;-7.5)",,,$technology_desc_torpedo_tubes_24,,,
torpedo_tubes_25,torpedo_tubes,,$technology_name_torpedo_tubes_25,1936,1,73,"torpedo_reload(2), torpedo_rotation(2), weight(torpedo;2), cost(torpedo;-7.5)",,,$technology_desc_torpedo_tubes_24,,,
torpedo_tubes_26,torpedo_tubes,,$technology_name_torpedo_tubes_26,1942,1,73,"torpedo_reload(2), torpedo_rotation(2), weight(torpedo;2), cost(torpedo;-10)",,,$technology_desc_torpedo_tubes_24,,,
torpedo_tubes_27,torpedo_tubes,,$technology_name_torpedo_tubes_27,1946,1,73,"torpedo_reload(3), torpedo_rotation(3), weight(torpedo;3), cost(torpedo;-10)",,,$technology_desc_torpedo_tubes_24,,,
torpedo_tubes_28,torpedo_tubes,,$technology_name_torpedo_tubes_28,1953,1,73,"torpedo_reload(3.5), torpedo_rotation(3.5), weight(torpedo;3.5), cost(torpedo;-15)",,,$technology_desc_torpedo_tubes_24,,,
torpedo_tubes_end,torpedo_tubes,,$technology_name_torpedo_tubes_end,1955,1,140,"torpedo_reload(1), torpedo_rotation(1), weight(torpedo;0.5), cost(torpedo;-2.5)",,,$technology_desc_torpedo_tubes_end,,,
# $techType_name_torpedo_size,torpedo_size,,,,,,,,,,,,
torpedo_size_1,torpedo_size,,$technology_name_torpedo_size_1,1890,,75,start,torpedo_diameter_0,,$technology_desc_torpedo_size_1,Torpedo sizes vary from 14 inch to 16 inch in diameter and have approximatelly the same damage output.,,
torpedo_size_2,torpedo_size,,$technology_name_torpedo_size_2,1890,1,85,"start, torpedo_damage(21), torpedo_stealth(-2), weight(torpedo;-18), detonation(-2.5), cost(torpedo;-5), torpedo_speed_mod(3), torpedo_range_mod(5), torpedo_reload(-2.5), torpedo_rotation(-2.5), torpedo_dud(-2.5)",torpedo_diameter_1,,$technology_desc_torpedo_size_2,,,
torpedo_size_3,torpedo_size,,$technology_name_torpedo_size_3,1894,1,85,"torpedo_damage(46), torpedo_stealth(-4), weight(torpedo;-37), detonation(-5), cost(torpedo;-10), torpedo_speed_mod(6),  torpedo_range_mod(8), torpedo_reload(-5), torpedo_rotation(-5), torpedo_dud(-3.5)",torpedo_diameter_2,,$technology_desc_torpedo_size_3,,,
torpedo_size_4,torpedo_size,,$technology_name_torpedo_size_4,1899,1,85,"torpedo_damage(68), torpedo_stealth(-6), weight(torpedo;-58), detonation(-7.5), cost(torpedo;-15), torpedo_speed_mod(10),  torpedo_range_mod(11), torpedo_reload(-7.5), torpedo_rotation(-7.5), torpedo_dud(-4.5)",torpedo_diameter_3,,$technology_desc_torpedo_size_4,"The new standard 18-inch torpedo warhead inflicts more damage. *Torpedoes damage +12.5%, Reload Speed -10%, Torpedo Weight +15%*",,
torpedo_size_5,torpedo_size,,$technology_name_torpedo_size_5,1904,1,85,"torpedo_damage(98), torpedo_stealth(-8), weight(torpedo;-81), detonation(-10), cost(torpedo;-20), torpedo_speed_mod(13),  torpedo_range_mod(15), torpedo_reload(-10), torpedo_rotation(-10), torpedo_dud(-5.5)",torpedo_diameter_4,,$technology_desc_torpedo_size_5,"The new standard 19-inch torpedo warhead inflicts more damage. *Torpedoes damage +12.5%, Reload Speed -10%, Torpedo Weight +15%.*",,
torpedo_size_6,torpedo_size,,$technology_name_torpedo_size_6,1909,1,85,"torpedo_damage(133), torpedo_stealth(-10), weight(torpedo;-105), detonation(-12.5), cost(torpedo;-25), torpedo_speed_mod(15),  torpedo_range_mod(19), torpedo_reload(-12.5), torpedo_rotation(-12.5), torpedo_dud(-6.5)",torpedo_diameter_5,,$technology_desc_torpedo_size_6,"The new standard 20-inch torpedo warhead inflicts more damage. *Torpedoes damage +12.5%, Reload Speed -10%, Torpedo Weight +15%.*",,
torpedo_size_7,torpedo_size,,$technology_name_torpedo_size_7,1915,1,85,"torpedo_damage(167), torpedo_stealth(-12), weight(torpedo;-132), detonation(-15), cost(torpedo;-30), torpedo_speed_mod(18),  torpedo_range_mod(23), torpedo_reload(-15), torpedo_rotation(-15), torpedo_dud(-7.5)",torpedo_diameter_6,,$technology_desc_torpedo_size_7,"The new standard 21-inch torpedo warhead inflicts more damage. *Torpedoes damage +12.5%, Reload Speed -10%, Torpedo Weight +15%.*",,
torpedo_size_8,torpedo_size,,$technology_name_torpedo_size_8,1921,1,85,"torpedo_damage(208), torpedo_stealth(-14), weight(torpedo;-161), detonation(-17.5), cost(torpedo;-35), torpedo_speed_mod(21),  torpedo_range_mod(26), torpedo_reload(-17.5), torpedo_rotation(-17.5), torpedo_dud(-8.5)",torpedo_diameter_7,,$technology_desc_torpedo_size_8,,,
torpedo_size_9,torpedo_size,,$technology_name_torpedo_size_9,1926,1,85,"torpedo_damage(239), torpedo_stealth(-16), weight(torpedo;-191), detonation(-20), cost(torpedo;-40), torpedo_speed_mod(24),  torpedo_range_mod(30), torpedo_reload(-20), torpedo_rotation(-20), torpedo_dud(-9.5)",torpedo_diameter_8,,$technology_desc_torpedo_size_9,,,
torpedo_size_10,torpedo_size,,$technology_name_torpedo_size_10,1932,1,85,"torpedo_damage(270), torpedo_stealth(-18), weight(torpedo;-224), detonation(-22.5), cost(torpedo;-45), torpedo_speed_mod(27),  torpedo_range_mod(33), torpedo_reload(-22.5), torpedo_rotation(-22.5), torpedo_dud(-10.5)",torpedo_diameter_9,,$technology_desc_torpedo_size_10,,,
torpedo_size_11,torpedo_size,,$technology_name_torpedo_size_11,1939,1,95,"torpedo_damage(265), torpedo_stealth(-5), weight(torpedo;-289), detonation(-15), cost(torpedo;-75), torpedo_speed_mod(27),  torpedo_range_mod(35), torpedo_reload(-16), torpedo_rotation(-15), torpedo_dud(-10.5)",torpedo_diameter_6_2,,$technology_desc_torpedo_size_11,"The new standard 21-inch torpedo warhead inflicts more damage. *Torpedoes damage +12.5%, Reload Speed -10%, Torpedo Weight +15%.*",,
torpedo_size_12,torpedo_size,,$technology_name_torpedo_size_12,1944,1,85,"torpedo_damage(201), torpedo_stealth(9), weight(torpedo;-214), detonation(-7.5), cost(torpedo;-65), torpedo_speed_mod(38),  torpedo_range_mod(38), torpedo_reload(-7.5), torpedo_rotation(-7.5), torpedo_dud(-13.5)",torpedo_diameter_3_2,,$technology_desc_torpedo_size_12,"The new standard 18-inch torpedo warhead inflicts more damage. *Torpedoes damage +12.5%, Reload Speed -10%, Torpedo Weight +15%*",,
torpedo_size_13,torpedo_size,,$technology_name_torpedo_size_13,1948,1,95,"torpedo_damage(317), torpedo_stealth(-21), weight(torpedo;-335), detonation(-22.5), cost(torpedo;-95), torpedo_speed_mod(30),  torpedo_range_mod(30), torpedo_reload(-27.5), torpedo_rotation(-27.5), torpedo_dud(-8.5)",torpedo_diameter_9_2,,$technology_desc_torpedo_size_13,,,
torpedo_size_14,torpedo_size,,$technology_name_torpedo_size_14,1953,1,115,"torpedo_damage(296), torpedo_stealth(-7), weight(torpedo;-282), detonation(-10), cost(torpedo;-85), torpedo_speed_mod(33),  torpedo_range_mod(38), torpedo_reload(-16), torpedo_rotation(-15), torpedo_dud(-13)",torpedo_diameter_6_3,,$technology_desc_torpedo_size_14,"The new standard 21-inch torpedo warhead inflicts more damage. *Torpedoes damage +12.5%, Reload Speed -10%, Torpedo Weight +15%.*",,
torpedo_size_15,torpedo_size,,$technology_name_torpedo_size_15,1959,1,115,"torpedo_damage(247), torpedo_stealth(-7), weight(torpedo;-201), detonation(-4.5), cost(torpedo;-70), torpedo_speed_mod(40),  torpedo_range_mod(43), torpedo_reload(-4), torpedo_rotation(-4), torpedo_dud(-17)",torpedo_diameter_3_3,,$technology_desc_torpedo_size_15,"The new standard 18-inch torpedo warhead inflicts more damage. *Torpedoes damage +12.5%, Reload Speed -10%, Torpedo Weight +15%*",,
torpedo_size_16,torpedo_size,,$technology_name_torpedo_size_16,1965,1,115,"torpedo_damage(383), torpedo_stealth(-31), weight(torpedo;-385), detonation(-21.5), cost(torpedo;-130), torpedo_speed_mod(35.5),  torpedo_range_mod(31), torpedo_reload(-33.5), torpedo_rotation(-33.5), torpedo_dud(-10)",torpedo_diameter_9_3,,$technology_desc_torpedo_size_16,,,
torpedo_size_end,torpedo_size,,$technology_name_torpedo_size_end,1970,1,140,"end, torpedo_damage(10), weight(torpedo;-1), cost(torpedo;-5), torpedo_speed_mod(0.5),  torpedo_range_mod(1), torpedo_dud(-0.25)",,,$technology_desc_torpedo_size_end,,,
# $compTypes_name_torpedo_prop,torpedo_prop,,,,,,,,,,,,
torpedo_prop_1,torpedo_prop,,$technology_name_torpedo_prop_1,1890,,64,start,torpedo_prop_normal,,$technology_desc_torpedo_prop_1,,,
torpedo_prop_16,torpedo_prop,,$technology_name_torpedo_prop_16,1890,,64,"start, torpedo_speed_mod(-40), torpedo_stealth(30), torpedo_damage(25), torpedo_accuracy(-45), torpedo_range_mod(50), torpedo_reload(-10), torpedo_dud(-15)",torpedo_prop_slow,,$technology_desc_torpedo_prop_16,"Fuel saving motors fit to torpedoes make them slower and longer ranged, but detectable and rather easy to dodge.",,
torpedo_prop_2,torpedo_prop,,$technology_name_torpedo_prop_2,1894,,34,"torpedo_speed_mod(50), torpedo_stealth(-85), torpedo_damage(75), torpedo_accuracy(-32.5), torpedo_range_mod(-65), torpedo_reload(47.5), torpedo_dud(-15)",torpedo_prop_fast,,$technology_desc_torpedo_prop_2,"Fuel intensive motors fit to torpedoes make them quick, but detectable and rather short ranged.",,
torpedo_prop_17,torpedo_prop,,$technology_name_torpedo_prop_17,1927,,64,"torpedo_speed_mod(15), torpedo_stealth(-65), torpedo_damage(-25), torpedo_accuracy(-30), torpedo_range_mod(50), torpedo_reload(-10), torpedo_dud(5)",torpedo_prop_longlance,,$technology_desc_torpedo_prop_17,"Long Lance Technology gives increased range and speed, which is a miracle, but it also makes them easier to see and just slightly less effective.",,
torpedo_prop_18,torpedo_prop,,$technology_name_torpedo_prop_18,1934,,64,"torpedo_speed_mod(-20), torpedo_stealth(-90), torpedo_damage(-50), torpedo_accuracy(-85), torpedo_range_mod(12.5), cost(torpedo;-125), hull(-0.75), torpedo_reload(55), torpedo_dud(-25)",torpedo_prop_swarm,,$technology_desc_torpedo_prop_18,"Swarm Throwers are fit with a semi automatic reload system on shortened throwers which gives massively increased reload and range, but several massive drawbacks like massively reduced Accuracy.",,
torpedo_prop_3,torpedo_prop,,$technology_name_torpedo_prop_3,1936,1,64,"torpedo_stealth(77.5), torpedo_range_mod(-25), torpedo_damage(-60), torpedo_accuracy(50), torpedo_speed_mod(-15), cost(torpedo;-75), torpedo_reload(-10), torpedo_dud(15)",torpedo_prop_electric,,$technology_desc_torpedo_prop_3,Electrical motors can finally fit to torpedoes making them almost undetectable for ships without sonar equipment. ,,
torpedo_prop_19,torpedo_prop,,$technology_name_torpedo_prop_19,1949,,64,"torpedo_speed_mod(75), torpedo_stealth(-125), torpedo_damage(60), torpedo_accuracy(-25), torpedo_range_mod(-55), cost(torpedo;-135), hull(-0.25),torpedo_reload(32.5), torpedo_dud(-5)",torpedo_prop_fastoxygen,,$technology_desc_torpedo_prop_19,"Improved Version of the Fast torpedo, with slightly increased range and speed while staying less visible. Very effective when given the opportunity.",,
torpedo_prop_4,torpedo_prop,,$technology_name_torpedo_prop_4,1963,1,84,"torpedo_stealth(40), torpedo_speed_mod(10),torpedo_range_mod(-10), torpedo_damage(10), cost(torpedo;-180), hull(-0.75), detonation(-30), torpedo_reload(-20), torpedo_dud(25)",torpedo_prop_oxygen,,$technology_desc_torpedo_prop_4,"The usage of pure oxygen versus compressed air is more stable, increasing a lot the torpedo engine performance.",,
torpedo_prop_20,torpedo_prop,,$technology_name_torpedo_prop_20,1975,,84,"torpedo_speed_mod(25), torpedo_stealth(-55), torpedo_damage(-25), torpedo_accuracy(-15), torpedo_range_mod(65), cost(torpedo;-150), hull(-1.00),torpedo_reload(5), torpedo_dud(10)",torpedo_prop_hyperlance,,$technology_desc_torpedo_prop_20,"Super Long Lance Technology gives even more increased range and speed, which and counters some of their drawbacks like Visbility and Accuracy. Still they stay just slightly less effective in destructability than normal Torpedoes.",,
torpedo_prop_5,torpedo_prop,,$technology_name_torpedo_prop_5,1890,,64,"start, torpedo_range(950), torpedo_speed(25), torpedo_accuracy(1), torpedo_dud(1)",,,$technology_desc_torpedo_prop_5,The torpedo motor converts compressed air energy to mechanical work that generates propulsion.,,
torpedo_prop_6,torpedo_prop,,$technology_name_torpedo_prop_6,1892,1,44,"torpedo_range(1400), torpedo_speed(26), torpedo_damage(3), torpedo_accuracy(2), torpedo_dud(1)",,,$technology_desc_torpedo_prop_6,An improved torpedo engine which still uses compressed air as fuel but has one extra cylinder providing more speed and range.,,
torpedo_prop_7,torpedo_prop,,$technology_name_torpedo_prop_7,1897,1,44,"torpedo_range(1900), torpedo_speed(26.3), torpedo_damage(5), torpedo_accuracy(2), torpedo_dud(1)",,,$technology_desc_torpedo_prop_7,The successor of the two-bladed contra rotating propeller provides more range and speed for the torpedo.,,
torpedo_prop_8,torpedo_prop,,$technology_name_torpedo_prop_8,1902,1,54,"torpedo_range(2600), torpedo_speed(26.5), torpedo_damage(7), torpedo_accuracy(15), torpedo_dud(1)",,,$technology_desc_torpedo_prop_8,"The gyroscope gives to the torpedo the ability to keep on straight course automatically, no longer depending on manual steering presets.",,
torpedo_prop_9,torpedo_prop,,$technology_name_torpedo_prop_9,1906,1,44,"torpedo_range(3200), torpedo_speed(27), torpedo_damage(9), torpedo_accuracy(5), torpedo_dud(2.5)",,,$technology_desc_torpedo_prop_9,The introduction of the new spiral pneumatic engine boosts torpedo range and speed significantly. ,,
torpedo_prop_10,torpedo_prop,,$technology_name_torpedo_prop_10,1910,1,64,"torpedo_range(3800), torpedo_speed(27.5), torpedo_damage(10), torpedo_accuracy(5), torpedo_dud(2)",,,$technology_desc_torpedo_prop_10,The latest design of torpedo propellers further enhance their range and speed.,,
torpedo_prop_11,torpedo_prop,,$technology_name_torpedo_prop_11,1916,1,64,"torpedo_range(4300), torpedo_speed(28), torpedo_damage(11), torpedo_accuracy(25), torpedo_dud(1)",,,$technology_desc_torpedo_prop_11,"The new propulsion system uses liquid fuel, such as kerosene, as extra fuel which is ignited by the compressed air supply of the engine. The production of heat generates extra steam propulsion, enhancing the torpedo speed performance.",,
torpedo_prop_12,torpedo_prop,,$technology_name_torpedo_prop_12,1921,1,64,"torpedo_range(4800), torpedo_speed(28.5), torpedo_damage(12), torpedo_accuracy(5), torpedo_dud(2.5)",,,$technology_desc_torpedo_prop_12,"The wet-heat torpedoes or ""Wet Heaters"" use water to cool down the combustion chamber of the torpedo fuel. This makes fuel burning more efficient but also generates additional power by feeding the resulting steam to augment the engine's air pressure.",,
torpedo_prop_13,torpedo_prop,,$technology_name_torpedo_prop_13,1925,1,64,"torpedo_range(5500), torpedo_speed(29), torpedo_damage(13), torpedo_accuracy(15), torpedo_dud(1)",,,$technology_desc_torpedo_prop_13,Torpedoes equipped with steam-gas turbine engines excel in performance over previous models.,,
torpedo_prop_14,torpedo_prop,,$technology_name_torpedo_prop_14,1932,1,64,"torpedo_range(6200), torpedo_speed(30), torpedo_damage(15), torpedo_accuracy(5), torpedo_dud(2)",,,$technology_desc_torpedo_prop_14,"Replacing the older gyroscopes, the new model uses air pressure to steer the torpedoes more accurately to the target. ",,
torpedo_prop_15,torpedo_prop,,$technology_name_torpedo_prop_15,1938,1,64,"torpedo_range(7000), torpedo_speed(30.5), torpedo_damage(16), torpedo_accuracy(5), torpedo_dud(5)",,,$technology_desc_torpedo_prop_15,Electric torpedoes gain more propulsion power by using the latest electric batteries.,,
torpedo_prop_21,torpedo_prop,,$technology_name_torpedo_prop_21,1943,1,104,"torpedo_range(7800), torpedo_speed(31), torpedo_damage(18), torpedo_accuracy(5)",,,$technology_desc_torpedo_prop_21,Turbine-driven torpedoes convert hot gas flow into higher rotational efficiency.,,
torpedo_prop_22,torpedo_prop,,$technology_name_torpedo_prop_22,1947,1,104,"torpedo_range(8500), torpedo_speed(31.5), torpedo_damage(21), torpedo_accuracy(5)",,,$technology_desc_torpedo_prop_22,Better seals and bearings reduce internal losses at higher operating pressures.,,
torpedo_prop_23,torpedo_prop,,$technology_name_torpedo_prop_23,1951,1,104,"torpedo_range(9200), torpedo_speed(32), torpedo_damage(23)",,,$technology_desc_torpedo_prop_23,Oxygen-enriched propulsion increases energy density while reducing exhaust bubbles.,,
torpedo_prop_24,torpedo_prop,,$technology_name_torpedo_prop_24,1956,1,104,"torpedo_range(9900), torpedo_speed(32.5), torpedo_damage(25)",,,$technology_desc_torpedo_prop_24,Alcohol injection is introduced to reheat expanding air inside the engine.,,
torpedo_prop_25,torpedo_prop,,$technology_name_torpedo_prop_25,1961,1,104,"torpedo_range(10600), torpedo_speed(33), torpedo_damage(28)",,,$technology_desc_torpedo_prop_25,"Electric torpedoes improvement, further improving peak speed, stealth and reliability.",,
torpedo_prop_26,torpedo_prop,,$technology_name_torpedo_prop_26,1965,1,104,"torpedo_range(11200), torpedo_speed(34), torpedo_dud(4)",,,$technology_desc_torpedo_prop_26,Battery chemistry advances allow electric propulsion to rival thermal systems.,,
torpedo_prop_27,torpedo_prop,,$technology_name_torpedo_prop_27,1971,1,194,"torpedo_range(12800), torpedo_speed(35), torpedo_dud(6)",,,$technology_desc_torpedo_prop_27,"By 1970, propulsion design balances speed, range, noise, and detectability as a unified system.",,
torpedo_prop_end,torpedo_prop,,$technology_name_torpedo_prop_end,1980,1,120,"end, torpedo_range_mod(1.75), torpedo_speed_mod(1.5), torpedo_accuracy(0.5), torpedo_stealth(1.5), torpedo_dud(0.25)",,,$technology_desc_torpedo_prop_end,Electric torpedoes gain more propulsion power by using the latest electric batteries. *Electric Torpedo range: +10%,,
# $techType_name_projectile_shell,projectile_shell,,,,,,,,,,,,
projectile_shell_1,projectile_shell,,$technology_name_projectile_shell_1,1890,,40,"start, ap_ratio_main(-50)",shell_ratio_main_4,,$technology_desc_projectile_shell_1,,,
projectile_shell_2,projectile_shell,,$technology_name_projectile_shell_2,1890,,40,"start, ap_ratio_main(-25)",shell_ratio_main_3,,$technology_desc_projectile_shell_2,,,
projectile_shell_3,projectile_shell,,$technology_name_projectile_shell_3,1890,,40,"start, default_component",shell_ratio_main_0,,$technology_desc_projectile_shell_3,,,
projectile_shell_4,projectile_shell,,$technology_name_projectile_shell_5,1890,,40,"start, ap_ratio_main(50)",shell_ratio_main_2,,$technology_desc_projectile_shell_5,,,
projectile_shell_5,projectile_shell,,$technology_name_projectile_shell_4,1890,,40,"start, ap_ratio_main(25)",shell_ratio_main_1,,$technology_desc_projectile_shell_4,,,
projectile_shell_6,projectile_shell,,$technology_name_projectile_shell_6,1890,,40,"start, ap_ratio_sec(-50)",shell_ratio_sec_4,,$technology_desc_projectile_shell_6,,,
projectile_shell_7,projectile_shell,,$technology_name_projectile_shell_7,1890,,40,"start, ap_ratio_sec(-25)",shell_ratio_sec_3,,$technology_desc_projectile_shell_7,,,
projectile_shell_8,projectile_shell,,$technology_name_projectile_shell_8,1890,,40,"start, default_component",shell_ratio_sec_0,,$technology_desc_projectile_shell_8,,,
projectile_shell_9,projectile_shell,,$technology_name_projectile_shell_10,1890,,40,"start, ap_ratio_sec(50)",shell_ratio_sec_2,,$technology_desc_projectile_shell_10,,,
projectile_shell_10,projectile_shell,,$technology_name_projectile_shell_9,1890,,40,"start, ap_ratio_sec(25)",shell_ratio_sec_1,,$technology_desc_projectile_shell_9,,,
projectile_shell_11,projectile_shell,,$technology_name_projectile_shell_11,1890,,40,"start, shell_damage(-10), he_damage(-10), he_fire(-15), penetration(-5), range(-5), reload(7.5), shell_weight(30), detonation(15), flash(10), flash_explosion(10), flash_spread(15), shell_velocity(12.5), accuracy(5), ap_ricochet_angle_min(5), ap_ricochet_angle_max(5), ap_ricochet_chance(-5), multi_targeting_self(10), cost(gun;15)",shell_light,,$technology_desc_projectile_shell_11,,,
projectile_shell_12,projectile_shell,,$technology_name_projectile_shell_12,1890,,40,"start, default_component",shell_normal,,$technology_desc_projectile_shell_12,,,
projectile_shell_13,projectile_shell,,$technology_name_projectile_shell_13,1890,,40,"start, shell_damage(10), he_damage(10), he_fire(15), penetration(7.5), range(2.5), reload(-5), shell_weight(-30), detonation(-25), flash(-20), flash_explosion(-10), flash_spread(-15), shell_velocity(-7.5), accuracy(-5), accuracy_long(-5), ap_ricochet_angle_min(-5), ap_ricochet_angle_max(-5), ap_ricochet_chance(7.5), multi_targeting_self(-10), cost(gun;-20)",shell_heavy,,$technology_desc_projectile_shell_13,,,
projectile_shell_11_1,projectile_shell,,$technology_name_projectile_shell_11_1,1965,,60,"shell_damage(-45), he_damage(-63), he_fire(-80), penetration(35), range(15), reload(-15), shell_weight(45), detonation(15), flash(20), flash_explosion(10), flash_spread(15), shell_velocity(35), accuracy(5), accuracy_long(15), ap_ricochet_angle_min(37.5), ap_ricochet_angle_max(50), ap_ricochet_chance(-50), cost(gun;-50)",shell_S.light,,$technology_desc_projectile_shell_11_1,,,
projectile_shell_14,projectile_shell,,$technology_name_projectile_shell_14,1943,,60,"shell_damage(20), he_damage(20), he_fire(22.5), penetration(12.5), range(3.5), reload(-7.5), shell_weight(-45), detonation(-35), flash(-30), flash_explosion(-20), flash_spread(-25), shell_velocity(-10), accuracy(-10), accuracy_long(-10), ap_ricochet_angle_min(-7.5), ap_ricochet_angle_max(-10), ap_ricochet_chance(15), multi_targeting_self(-20), cost(gun;-33)",shell_S.heavy,,$technology_desc_projectile_shell_14,,,
projectile_shell_15,projectile_shell,,$technology_name_projectile_shell_15,1921,1,60,"range(2.5), penetration(4)",,,$technology_desc_projectile_shell_15,,,
projectile_shell_16,projectile_shell,,$technology_name_projectile_shell_16,1960,1,60,"range(2.5), penetration(6)",,,$technology_desc_projectile_shell_16,,,
projectile_shell_17,projectile_shell,,$technology_name_projectile_shell_17,1914,1,60,"he_damage(5), he_fire(10)",,,$technology_desc_projectile_shell_17,,,
projectile_shell_18,projectile_shell,,$technology_name_projectile_shell_18,1943,1,60,"penetration(6), detonation(8)",,,$technology_desc_projectile_shell_18,,,
projectile_shell_19,projectile_shell,,$technology_name_projectile_shell_19,1956,1,60,he_fire(25),,,$technology_desc_projectile_shell_19,,,
projectile_shell_20,projectile_shell,,$technology_name_projectile_shell_20,1949,1,60,"he_fire(150), he_damage(137), he_penetration(-85), he_weight(17.5), he_cost(-50), he_range(-5), fuze(-10)",he_5,,$technology_desc_projectile_shell_20,,,
projectile_shell_22_1,projectile_shell,,$technology_name_projectile_shell_22_1,1890,,60,"start,he_fire(102), he_damage(31), he_penetration(-77.5), he_weight(-10), he_cost(-25), he_range(-4), fuze(-10)",he_1_1,,$technology_desc_projectile_shell_22_1,,,
projectile_shell_21,projectile_shell,,$technology_name_projectile_shell_21,1939,1,60,"he_fire(75), he_damage(137), he_penetration(-50), he_weight(15), he_cost(-30), fuze(-8)",he_4,,$technology_desc_projectile_shell_21,,,
projectile_shell_22,projectile_shell,,$technology_name_projectile_shell_22,1897,,60,"he_fire(35), he_damage(59), he_penetration(-50), he_weight(10), he_cost(-15), shell_velocity_he(5), he_range(-2), fuze(-6)",he_1,,$technology_desc_projectile_shell_22,,,
projectile_shell_23,projectile_shell,,$technology_name_projectile_shell_23,1890,,40,"start, default_component, shell_velocity_he(7.5), he_range(-1), fuze(-4)",he_0,,$technology_desc_projectile_shell_23,,,
projectile_shell_24,projectile_shell,,$technology_name_projectile_shell_24,1898,1,60,"he_fire(-10), he_damage(-10), he_penetration(51), he_weight(-10), he_cost(-25), shell_velocity_he(10), he_range(2), fuze(-2)",he_2,,$technology_desc_projectile_shell_24,,,
projectile_shell_23_1,projectile_shell,,$technology_name_projectile_shell_23_1,1933,1,60,"he_fire(5), he_damage(5), he_penetration(67), he_weight(15), he_cost(-85), shell_velocity_he(-7.5), he_range(5), fuze(-10)",he_3_1,,$technology_desc_projectile_shell_23_1,,,
projectile_shell_25,projectile_shell,,$technology_name_projectile_shell_25,1916,1,60,"he_fire(-15), he_damage(-30), he_penetration(127), he_weight(-15), he_cost(-45), shell_velocity_he(12.5), he_range(4), fuze(-1)",he_3,,$technology_desc_projectile_shell_25,,,
projectile_shell_26,projectile_shell,,$technology_name_projectile_shell_26,1890,1,60,"start, ap_fire(18), ap_damage(72), ap_penetration(-44.5), ap_ricochet_chance(10), fuze(-0.5)",ap_3,,$technology_desc_projectile_shell_26,,,
projectile_shell_26_1,projectile_shell,,$technology_name_projectile_shell_26_1,1903,1,60,"ap_fire(14), ap_damage(52), ap_penetration(-34.5), ap_weight(-5), ap_cost(-15), shell_velocity_ap(-1.5), ap_range(-2.5), ap_ricochet_angle_min(5), ap_ricochet_angle_max(5), ap_ricochet_chance(3), fuze(-0.4)",ap_3_1,,$technology_desc_projectile_shell_26_1,,,
projectile_shell_27,projectile_shell,,$technology_name_projectile_shell_27,1926,1,60,"ap_fire(10), ap_damage(37.5), ap_penetration(-15.5), ap_weight(-15), ap_cost(-25), shell_velocity_ap(1.5), ap_range(2.5), ap_ricochet_angle_min(15), ap_ricochet_angle_max(40), ap_ricochet_chance(-10), fuze(-0.25)",ap_4,,$technology_desc_projectile_shell_27,,,
projectile_shell_28,projectile_shell,,$technology_name_projectile_shell_28,1890,,40,"start, default_component",ap_0,,$technology_desc_projectile_shell_28,,,
projectile_shell_28_1,projectile_shell,,$technology_name_projectile_shell_28_1,1932,1,60,"ap_fire(3),ap_damage(12.5),  ap_penetration(13.5), ap_weight(-6), ap_cost(-28), shell_velocity_ap(1.5), ap_range(2.5), ap_ricochet_chance(-12.5), fuze(0.25)",ap_0_1,,$technology_desc_projectile_shell_28_1,,,
projectile_shell_29,projectile_shell,,$technology_name_projectile_shell_29,1910,1,60,"ap_fire(-5), ap_penetration(25), ap_weight(-15), ap_cost(-15), shell_velocity_ap(1.5), ap_ricochet_angle_min(15), ap_ricochet_angle_max(40), ap_ricochet_chance(-10), fuze(0.25)",ap_1,,$technology_desc_projectile_shell_29,,,
projectile_shell_30,projectile_shell,,$technology_name_projectile_shell_30,1924,1,60,"ap_fire(-10), ap_penetration(31.5), ap_weight(-16), ap_cost(-25), shell_velocity_ap(2.5), ap_range(5), ap_ricochet_angle_min(35), ap_ricochet_angle_max(60), ap_ricochet_chance(-15), fuze(4)",ap_2,,$technology_desc_projectile_shell_30,,,
projectile_shell_31,projectile_shell,,$technology_name_projectile_shell_31,1941,1,60,"ap_fire(-15), ap_penetration(36), ap_weight(-17.5), ap_cost(-35), shell_velocity_ap(3.5), ap_range(7.5), ap_ricochet_angle_min(50), ap_ricochet_angle_max(80), ap_ricochet_chance(-20), fuze(6)",ap_5,,$technology_desc_projectile_shell_31,,,
projectile_shell_32,projectile_shell,,$technology_name_projectile_shell_32,1969,1,150,"end, ap_fire(1.5), he_fire(3.5), penetration(0.35), shell_damage(0.5), range(0.4), shell_cost(-3), shell_weight(-0.3)",,,$technology_desc_projectile_shell_32,,,
# $techType_name_projectile_explosive,projectile_explosive,,,,,,,,,,,,
projectile_explosive_1,projectile_explosive,,$technology_name_projectile_explosive_1,1890,,26,"start, ammo_amount(-35), flash_explosion(10), flash_spread(20)",ammo_shell_less,,$technology_desc_projectile_explosive_1,,,
projectile_explosive_2,projectile_explosive,,$technology_name_projectile_explosive_2,1890,,26,"start, default_component, detonation(-12.5)",ammo_shell_normal,,$technology_desc_projectile_explosive_2,,,
projectile_explosive_3,projectile_explosive,,$technology_name_projectile_explosive_3,1890,,26,"start, ammo_amount(35), detonation(-25), flash_explosion(-10), flash_spread(-20)",ammo_shell_more,,$technology_desc_projectile_explosive_3,,,
projectile_explosive_4,projectile_explosive,,$technology_name_projectile_explosive_4,1890,,26,"start, torpedo_amount(-50), weight(torpedo;35), cost(torpedo;25)",ammo_torp_less,,$technology_desc_projectile_explosive_4,,,
projectile_explosive_5,projectile_explosive,,$technology_name_projectile_explosive_5,1890,,26,"start, default_component, detonation(-12.5)",ammo_torp_normal,,$technology_desc_projectile_explosive_5,,,
projectile_explosive_6,projectile_explosive,,$technology_name_projectile_explosive_6,1890,,26,"start, torpedo_amount(50), weight(torpedo;-70), cost(torpedo;-35), detonation(-30)",ammo_torp_more,,$technology_desc_projectile_explosive_6,,,
projectile_explosive_7,projectile_explosive,,$component_name_short_explosive_0,1890,,26,"start, shell_damage(-50), shell_weight(-7.5), hull(-2), shell_cost(25)",explosive_0,,$technology_desc_projectile_explosive_7,,,
projectile_explosive_7_1,projectile_explosive,,$technology_name_projectile_explosive_7_1,1890,,26,"start, shell_damage(-33),he_damage(10), he_fire(15), ap_fire(5),  shell_weight(-5), hull(-2), shell_cost(5), detonation(-25), flash_explosion(-15), flash_spread(-25), anti_fire(-20)",explosive_0_1,,$technology_desc_projectile_explosive_7_1,,,
projectile_explosive_8,projectile_explosive,,$component_name_short_explosive_1,1894,1,40,"shell_velocity(2.5), shell_damage(-17), he_fire(6), detonation(-20), flash_explosion(-5), flash_spread(-10), shell_cost(-25), anti_fire(-10)",explosive_1,,$technology_desc_projectile_explosive_8,"""Nitrocellulose"" or ""Gun Cotton"" is the basic explosive material used in warfare and an improved formula increases its blast effect. *Shells, torpedoes, mines inflict +5% damage, Reduces chance of magazine detonation -3%*",,
projectile_explosive_9,projectile_explosive,,$component_name_short_explosive_2,1901,1,40,"shell_damage(83), he_fire(200), detonation(-70), flash_explosion(-50), flash_spread(-50), penetration(-30), shell_cost(-75), shell_weight(-5), anti_fire(-10)",explosive_2,,$technology_desc_projectile_explosive_9,"The common Lyddite is a high explosive mainly composed from picric acid and is less sensitive to premature detonation, making it safer in storage condition and more effective when used as explosive charge. *Shells, torpedoes, mines inflict +5% damage, Reduces chance of magazine detonation -3%*",,
projectile_explosive_10,projectile_explosive,,$technology_name_projectile_explosive_10,1904,1,40,"shell_damage(33.3),  he_fire(-45), detonation(20), flash_explosion(20), flash_spread(25), shell_cost(-300), anti_fire(10), hull(1.5), shell_weight(10)",explosive_3,,$technology_desc_projectile_explosive_10,"The common Lyddite is a high explosive mainly composed from picric acid and is less sensitive to premature detonation, making it safer in storage condition and more effective when used as explosive charge. *Shells, torpedoes, mines inflict +5% damage, Reduces chance of magazine detonation -3%*",,
projectile_explosive_11,projectile_explosive,,$component_name_short_explosive_4,1906,1,40,"shell_damage(66.7), he_fire(75), detonation(-25), flash_explosion(-25), flash_spread(-15), penetration(-20), shell_cost(-200), shell_weight(-6), anti_fire(-5)",explosive_4,,$technology_desc_projectile_explosive_11,,,
projectile_explosive_12,projectile_explosive,,$component_name_short_explosive_5,1909,1,40,"shell_damage(50), detonation(-33), flash_explosion(-35), flash_spread(-35), penetration(10), shell_cost(-350), anti_fire(-9)",explosive_5,,$technology_desc_projectile_explosive_12,,,
projectile_explosive_13,projectile_explosive,,$technology_name_projectile_explosive_13,1916,1,40,"shell_damage(60), he_damage(10), he_fire(10), detonation(25), flash_explosion(25), flash_spread(25), shell_cost(-350), hull(1.5), anti_fire(5), shell_weight(5)",explosive_6,,$technology_desc_projectile_explosive_13,"Trinitrotoluene, as it is otherwise known, in its advanced form is the new standard of high explosive material. TNT-filled armor-piercing shells explode after they penetrate the armor, whereas the previous Lyddite-filled shells tended to explode upon striking armor, thus expending most of their energy inefficiently. *Shells, torpedoes, mines inflict +7.5% damage, Reduces chance of magazine detonation -5%* ",,
projectile_explosive_14,projectile_explosive,,$component_name_short_explosive_7,1919,1,40,"shell_damage(65), he_damage(5), he_fire(30), detonation(-15), flash_explosion(-10), flash_spread(-15), penetration(-10), shell_cost(-300), shell_weight(-8), anti_fire(-3)",explosive_7,,$technology_desc_projectile_explosive_14,,,
projectile_explosive_15,projectile_explosive,,$technology_name_projectile_explosive_15,1930,1,40,"shell_damage(75), penetration(3.5), he_fire(15), detonation(2.5), flash_explosion(12.5), shell_cost(-500), hull(1.5), anti_fire(-2)",explosive_8,,$technology_desc_projectile_explosive_15,,,
projectile_explosive_16,projectile_explosive,,$technology_name_projectile_explosive_16,1941,1,40,"shell_damage(120), penetration(4), he_fire(5), shell_cost(-700), hull(2)",explosive_9,,$technology_desc_projectile_explosive_16,,,
projectile_explosive_16_1,projectile_explosive,,$technology_name_projectile_explosive_16_1,1955,1,40,"shell_damage(55), penetration(15), he_damage(27.5), he_fire(27.5), shell_cost(-850), detonation(-12.5), flash_explosion(-12.5), flash_spread(-12.5), anti_fire(-5), shell_weight(-5)",explosive_9_1,,$technology_desc_projectile_explosive_16_1,,,
projectile_explosive_17,projectile_explosive,,$component_name_short_propellant_0,1890,,40,"start, range(-2.5), shell_velocity(-2.5), penetration(-10), shell_cost(50), shell_weight(-12.5)",propellant_0,,$technology_desc_projectile_explosive_17,,,
projectile_explosive_17_1,projectile_explosive,,$technology_name_projectile_explosive_17_1,1890,,40,"start,range(-15), detonation(-12.5), flash(-12.5), flash_explosion(-15), flash_spread(-25), penetration(2.5), shell_weight(-7.5), shell_cost(15), anti_fire(-15)",propellant_0_1,,$technology_desc_projectile_explosive_17_1,,,
projectile_explosive_18,projectile_explosive,,$component_name_short_propellant_1,1895,1,40,"range(2.5), shell_velocity(1.25), detonation(-7.5), flash(-7.5), flash_explosion(-10), flash_spread(-20), penetration(5), shell_weight(10), shell_cost(-25)",propellant_1,,$technology_desc_projectile_explosive_18,,,
projectile_explosive_19,projectile_explosive,,$component_name_short_propellant_2,1903,1,40,"range(3.5), shell_velocity(1.75), penetration(7), detonation(-15), flash(-45), flash_spread(-45), flash_explosion(-45), shell_cost(-50)",propellant_2,,$technology_desc_projectile_explosive_19,"A new smokeless propellant made from two high explosives, nitrocellulose and nitroglycerine increases the muzzle velocity of shells. *Shells have +1% armor penetration, +2% range, Reduces chance of magazine detonation -3%*",,
projectile_explosive_20,projectile_explosive,,$technology_name_projectile_explosive_20,1909,1,40,"range(6), shell_velocity(3), penetration(12), detonation(-10), flash(-35), flash_explosion(-35), flash_spread(-35), shell_weight(-15), shell_cost(-100), anti_fire(-10)",propellant_3,,$technology_desc_projectile_explosive_20,"Cordite is manufactured in thin cylindrical or cord form and is a very powerful and thermally efficient propellant. *Shells have +3% armor penetration, +1% range, Reduces chance of magazine detonation -3%*",,
projectile_explosive_22,projectile_explosive,,$technology_name_projectile_explosive_22,1912,1,40,"range(-7), shell_velocity(-0.5), penetration(-4), reload(3), detonation(25), flash(25), flash_explosion(25), flash_spread(25), shell_weight(-22), shell_cost(-250)",propellant_5,,$technology_desc_projectile_explosive_22,,,
projectile_explosive_21,projectile_explosive,,$technology_name_projectile_explosive_21,1916,1,40,"range(3), shell_velocity(1.5), penetration(6), detonation(-5), flash(-22.5), flash_explosion(-15), flash_spread(-10), shell_weight(-20), shell_cost(-200), anti_fire(-5)",propellant_4,,$technology_desc_projectile_explosive_21,,,
projectile_explosive_24,projectile_explosive,,$technology_name_projectile_explosive_24,1920,1,40,"range(-4), shell_velocity(-0.5), penetration(-2), reload(4), detonation(35), flash(35), flash_explosion(35), flash_spread(35), shell_weight(-25), shell_cost(-450)",propellant_7,,$technology_desc_projectile_explosive_24,,,
projectile_explosive_23,projectile_explosive,,$technology_name_projectile_explosive_23,1925,1,40,"range(2.5), shell_velocity(1.25), penetration(5), detonation(15), flash(5), flash_explosion(5), flash_spread(5), shell_weight(-22.5), shell_cost(-350)",propellant_6,,$technology_desc_projectile_explosive_23,,,
projectile_explosive_23_1,projectile_explosive,,$technology_name_projectile_explosive_23_1,1933,1,40,"range(5), penetration(8),shell_velocity(2), detonation(-7), flash(-15), flash_explosion(-12), flash_spread(-12), shell_weight(-6), shell_cost(-90), anti_fire(-5)",propellant_6_1,,$technology_desc_projectile_explosive_23_1,"Cordite is manufactured in thin cylindrical or cord form and is a very powerful and thermally efficient propellant. *Shells have +3% armor penetration, +1% range, Reduces chance of magazine detonation -3%*",,
projectile_explosive_25,projectile_explosive,,$technology_name_projectile_explosive_25,1950,1,40,"range(1), shell_velocity(0.5), penetration(2), reload(5), detonation(45), flash(45), flash_explosion(45), flash_spread(45), shell_weight(-28), shell_cost(-550), accuracy(5)",propellant_8,,$technology_desc_projectile_explosive_25,,,
projectile_explosive_26,projectile_explosive,,$technology_name_projectile_explosive_26,1960,1,40,"range(5), shell_velocity(2.5), penetration(10), detonation(25), flash(15), flash_explosion(15), flash_spread(15), shell_weight(-10.5), shell_cost(-750), accuracy (20), weight(gun;-1)",propellant_9,,$technology_desc_projectile_explosive_26,,,
projectile_explosive_27,projectile_explosive,,$technology_name_projectile_explosive_27,1928,1,40,"range(2), shell_velocity(1), detonation(5), flash(5), flash_explosion(5), flash_spread(10), penetration(4), accuracy (8)",,,$technology_desc_projectile_explosive_27,"Improved triple base propellants, compomized by three chemical substances have more detonation velocity and are safer for shipboard magazine storage. *Shells +1% armor penetration, +2% range, , Reduces chance of magazine detonation -5%*",,
projectile_explosive_28,projectile_explosive,,$technology_name_projectile_explosive_28,1937,1,40,"gun_damage(5), torpedo_damage(5), detonation(5), flash(2.5), flash_spread(5), flash_explosion(2.5)",,mine_dmg(5),$technology_desc_projectile_explosive_28,"Using crude TNT and some other compounds such as ammonium nitrate, ammonal, schneiderite and amatol the explosive charge becomes more powerful and stable. *Shells, torpedoes, mines +5% damage, Reduces chance of magazine detonation -5%*",,
projectile_explosive_29,projectile_explosive,,$technology_name_projectile_explosive_29,1898,1,40,"smoke_duration(10), smoke_cooldown(5)",,,$technology_desc_projectile_explosive_29,A new chemical substance doubles the effect of smoke screen generation. *Smoke Screen: +100% Duration*,,
projectile_explosive_30,projectile_explosive,,$technology_name_projectile_explosive_30,1906,1,40,"smoke_duration(10), smoke_cooldown(5)",,,$technology_desc_projectile_explosive_29,A new chemical substance doubles the effect of smoke screen generation. *Smoke Screen: +100% Duration*,,
projectile_explosive_31,projectile_explosive,,$technology_name_projectile_explosive_31,1912,1,40,"smoke_duration(10), smoke_cooldown(5)",,,$technology_desc_projectile_explosive_29,A new chemical substance doubles the effect of smoke screen generation. *Smoke Screen: +100% Duration*,,
projectile_explosive_32,projectile_explosive,,$technology_name_projectile_explosive_32,1919,1,40,"smoke_duration(10), smoke_cooldown(5)",,,$technology_desc_projectile_explosive_29,A new chemical substance doubles the effect of smoke screen generation. *Smoke Screen: +100% Duration*,,
projectile_explosive_33,projectile_explosive,,$technology_name_projectile_explosive_33,1927,1,40,"smoke_duration(10), smoke_cooldown(5)",,,$technology_desc_projectile_explosive_29,A new chemical substance doubles the effect of smoke screen generation. *Smoke Screen: +100% Duration*,,
projectile_explosive_34,projectile_explosive,,$technology_name_projectile_explosive_34,1935,1,40,"smoke_duration(10), smoke_cooldown(5)",,,$technology_desc_projectile_explosive_29,A new chemical substance doubles the effect of smoke screen generation. *Smoke Screen: +100% Duration*,,
projectile_explosive_35,projectile_explosive,,$technology_name_projectile_explosive_35,1943,1,40,"smoke_duration(10), smoke_cooldown(5)",,,$technology_desc_projectile_explosive_29,A new chemical substance doubles the effect of smoke screen generation. *Smoke Screen: +100% Duration*,,
projectile_explosive_36,projectile_explosive,,$technology_name_projectile_explosive_36,1951,1,40,"smoke_duration(10), smoke_cooldown(5)",,,$technology_desc_projectile_explosive_29,A new chemical substance doubles the effect of smoke screen generation. *Smoke Screen: +100% Duration*,,
projectile_explosive_37,projectile_explosive,,$technology_name_projectile_explosive_37,1900,1,40,torpedo_dud(5),,,$technology_desc_projectile_explosive_37,A new chemical substance doubles the effect of smoke screen generation. *Smoke Screen: +100% Duration*,,
projectile_explosive_38,projectile_explosive,,$technology_name_projectile_explosive_38,1911,1,40,torpedo_dud(5),,,$technology_desc_projectile_explosive_37,A new chemical substance doubles the effect of smoke screen generation. *Smoke Screen: +100% Duration*,,
projectile_explosive_39,projectile_explosive,,$technology_name_projectile_explosive_39,1922,1,40,torpedo_dud(5),,,$technology_desc_projectile_explosive_37,A new chemical substance doubles the effect of smoke screen generation. *Smoke Screen: +100% Duration*,,
projectile_explosive_40,projectile_explosive,,$technology_name_projectile_explosive_40,1933,1,40,torpedo_dud(5),,,$technology_desc_projectile_explosive_37,A new chemical substance doubles the effect of smoke screen generation. *Smoke Screen: +100% Duration*,,
projectile_explosive_41,projectile_explosive,,$technology_name_projectile_explosive_41,1944,1,40,torpedo_dud(5),,,$technology_desc_projectile_explosive_37,A new chemical substance doubles the effect of smoke screen generation. *Smoke Screen: +100% Duration*,,
projectile_explosive_42,projectile_explosive,,$technology_name_projectile_explosive_42,1955,1,40,torpedo_dud(5),,,$technology_desc_projectile_explosive_37,A new chemical substance doubles the effect of smoke screen generation. *Smoke Screen: +100% Duration*,,
projectile_explosive_43,projectile_explosive,,$technology_name_projectile_explosive_43,1899,1,40,"he_damage(4), he_fire(2)",,,$technology_desc_projectile_explosive_43,A new chemical substance doubles the effect of smoke screen generation. *Smoke Screen: +100% Duration*,,
projectile_explosive_44,projectile_explosive,,$technology_name_projectile_explosive_44,1905,1,40,"he_damage(4), he_fire(2)",,,$technology_desc_projectile_explosive_43,A new chemical substance doubles the effect of smoke screen generation. *Smoke Screen: +100% Duration*,,
projectile_explosive_45,projectile_explosive,,$technology_name_projectile_explosive_45,1911,1,40,"he_damage(4), he_fire(2)",,,$technology_desc_projectile_explosive_43,A new chemical substance doubles the effect of smoke screen generation. *Smoke Screen: +100% Duration*,,
projectile_explosive_46,projectile_explosive,,$technology_name_projectile_explosive_46,1921,1,40,"he_damage(4), he_fire(2)",,,$technology_desc_projectile_explosive_43,A new chemical substance doubles the effect of smoke screen generation. *Smoke Screen: +100% Duration*,,
projectile_explosive_47,projectile_explosive,,$technology_name_projectile_explosive_47,1934,1,40,"he_damage(4), he_fire(2)",,,$technology_desc_projectile_explosive_43,A new chemical substance doubles the effect of smoke screen generation. *Smoke Screen: +100% Duration*,,
projectile_explosive_48,projectile_explosive,,$technology_name_projectile_explosive_48,1949,1,40,"he_damage(4), he_fire(2)",,,$technology_desc_projectile_explosive_43,A new chemical substance doubles the effect of smoke screen generation. *Smoke Screen: +100% Duration*,,
projectile_explosive_49,projectile_explosive,,$technology_name_projectile_explosive_49,1920,,45,"ammo_amount(-60), detonation(15), shell_weight(-105), flash_explosion(25)",ammo_shell_less_safe,,$technology_desc_projectile_explosive_49,,,
projectile_explosive_50,projectile_explosive,,$technology_name_projectile_explosive_50,1924,,45,"shell_weight(-25), detonation(-2), flash_explosion(2), flash_spread(5)",ammo_shell_normal_safe,,$technology_desc_projectile_explosive_50,,,
projectile_explosive_51,projectile_explosive,,$technology_name_projectile_explosive_51,1952,,45,"ammo_amount(-20), detonation(15), flash_explosion(25), shell_weight(-62.5), flash_spread(35)",ammo_shell_wetstorage,,$technology_desc_projectile_explosive_51,,,
projectile_explosive_52,projectile_explosive,,$technology_name_projectile_explosive_52,1939,,45,"ammo_amount(20), detonation(-10), flash_explosion(-5), shell_weight(-37.5), flash_spread(-10)",ammo_shell_more_safe,,$technology_desc_projectile_explosive_52,,,
projectile_explosive_53,projectile_explosive,,$technology_name_projectile_explosive_53,1915,,45,"weight(torpedo;-45), cost(torpedo;-75), detonation(-2.5)",ammo_torp_normal_safe,,$technology_desc_projectile_explosive_53,,,
projectile_explosive_54,projectile_explosive,,$technology_name_projectile_explosive_54,1928,,45,"torpedo_amount(150), weight(torpedo;-150), cost(torpedo;-200), detonation(-62.5)",ammo_torp_more_super,,$technology_desc_projectile_explosive_54,,,
projectile_explosive_55,projectile_explosive,,$technology_name_projectile_explosive_55,1940,,45,"torpedo_amount(50), weight(torpedo;-210), cost(torpedo;-250), detonation(-7.5) ",ammo_torp_more_safe,,$technology_desc_projectile_explosive_55,,,
projectile_explosive_end,projectile_explosive,,$technology_name_projectile_explosive_end,1963,1,100,"end, shell_damage(0.5), penetration(0.5), detonation(1), flash(1), flash_explosion(1), flash_spread(1), shell_cost(-5), mine_dmg(0.5)",,,$technology_desc_projectile_explosive_end,A new chemical substance doubles the effect of smoke screen generation. *Smoke Screen: +100% Duration*,,
# $techType_name_tactics_tactics,tactics_tactics,,,,,,,,,,,,
tactics_tactics_1,tactics_tactics,,$technology_name_tactics_tactics_1,1894,1,45,"max_crew_training(15), training_efficiency(10)",,,$technology_desc_tactics_tactics_1,The latest theories of Naval Warfare are taught in naval training schools. *Initial crew training status is +1 Level higher*,,
tactics_tactics_2,tactics_tactics,,$technology_name_tactics_tactics_2,1902,1,45,"max_crew_training(15), training_efficiency(10)",,,$technology_desc_tactics_tactics_1,The latest theories of Naval Warfare are taught in naval training schools. *Initial crew training status is +1 Level higher*,,
tactics_tactics_3,tactics_tactics,,$technology_name_tactics_tactics_3,1914,1,45,"max_crew_training(10), training_efficiency(10)",,,$technology_desc_tactics_tactics_1,The latest theories of Naval Warfare are taught in naval training schools. *Initial crew training status is +1 Level higher*,,
tactics_tactics_4,tactics_tactics,,$technology_name_tactics_tactics_4,1925,1,45,"max_crew_training(10), training_efficiency(10)",,,$technology_desc_tactics_tactics_1,The latest theories of Naval Warfare are taught in naval training schools. *Initial crew training status is +1 Level higher*,,
tactics_tactics_5,tactics_tactics,,$technology_name_tactics_tactics_5,1935,1,45,"max_crew_training(10), training_efficiency(10)",,,$technology_desc_tactics_tactics_1,The latest theories of Naval Warfare are taught in naval training schools. *Initial crew training status is +1 Level higher*,,
tactics_tactics_6,tactics_tactics,,$technology_name_tactics_tactics_6,1945,1,45,"max_crew_training(10), training_efficiency(10)",,,$technology_desc_tactics_tactics_1,The latest theories of Naval Warfare are taught in naval training schools. *Initial crew training status is +1 Level higher*,,
tactics_tactics_7,tactics_tactics,,$technology_name_tactics_tactics_7,1955,1,45,"max_crew_training(25), training_efficiency(5)",,,$technology_desc_tactics_tactics_7,The latest theories of Naval Warfare are taught in naval training schools. *Initial crew training status is +1 Level higher*,,
tactics_tactics_8,tactics_tactics,,$technology_name_tactics_tactics_8,1897,1,45,"max_crew_training(5), training_efficiency(2.5)",,,$technology_desc_tactics_tactics_8,The latest theories of Naval Warfare are taught in naval training schools. *Initial crew training status is +1 Level higher*,,
tactics_tactics_9,tactics_tactics,,$technology_name_tactics_tactics_9,1902,1,45,"max_crew_training(5), training_efficiency(2.5)",,,$technology_desc_tactics_tactics_9,The latest theories of Naval Warfare are taught in naval training schools. *Initial crew training status is +1 Level higher*,,
tactics_tactics_10,tactics_tactics,,$technology_name_tactics_tactics_10,1910,1,45,"max_crew_training(5), training_efficiency(2.5)",,,$technology_desc_tactics_tactics_9,The latest theories of Naval Warfare are taught in naval training schools. *Initial crew training status is +1 Level higher*,,
tactics_tactics_11,tactics_tactics,,$technology_name_tactics_tactics_11,1920,1,45,"max_crew_training(7.5), training_efficiency(2.5)",,,$technology_desc_tactics_tactics_9,The latest theories of Naval Warfare are taught in naval training schools. *Initial crew training status is +1 Level higher*,,
tactics_tactics_12,tactics_tactics,,$technology_name_tactics_tactics_12,1930,1,45,"max_crew_training(7.5), training_efficiency(5)",,,$technology_desc_tactics_tactics_12,The latest theories of Naval Warfare are taught in naval training schools. *Initial crew training status is +1 Level higher*,,
tactics_tactics_13,tactics_tactics,,$technology_name_tactics_tactics_13,1940,1,45,"max_crew_training(7.5), training_efficiency(5)",,,$technology_desc_tactics_tactics_12,The latest theories of Naval Warfare are taught in naval training schools. *Initial crew training status is +1 Level higher*,,
tactics_tactics_14,tactics_tactics,,$technology_name_tactics_tactics_14,1899,1,45,naval_bombardment(15),,,$technology_desc_tactics_tactics_14,The growing range of large naval guns affects the tactics involved for a successful naval bombardment. *Naval Bombardment effect +20%*,,
tactics_tactics_15,tactics_tactics,,$technology_name_tactics_tactics_15,1909,1,45,naval_bombardment(15),,,$technology_desc_tactics_tactics_14,The growing range of large naval guns affects the tactics involved for a successful naval bombardment. *Naval Bombardment effect +20%*,,
tactics_tactics_16,tactics_tactics,,$technology_name_tactics_tactics_16,1919,1,45,naval_bombardment(15),,,$technology_desc_tactics_tactics_14,The growing range of large naval guns affects the tactics involved for a successful naval bombardment. *Naval Bombardment effect +20%*,,
tactics_tactics_17,tactics_tactics,,$technology_name_tactics_tactics_17,1929,1,45,naval_bombardment(15),,,$technology_desc_tactics_tactics_14,The growing range of large naval guns affects the tactics involved for a successful naval bombardment. *Naval Bombardment effect +20%*,,
tactics_tactics_18,tactics_tactics,,$technology_name_tactics_tactics_18,1944,1,45,naval_bombardment(15),,,$technology_desc_tactics_tactics_14,The growing range of large naval guns affects the tactics involved for a successful naval bombardment. *Naval Bombardment effect +20%*,,
tactics_tactics_19,tactics_tactics,,$technology_name_tactics_tactics_19,1906,1,45,"power_projection(12.5), recon(5)",,navalblockadeforce(20); battletype_enhance(convoy_blockade;own_side;A;10),$technology_desc_tactics_tactics_19,"The naval strength is utilized more effectively according to new researches in tactics. *Reduces the amount of naval strength needed to blockade a sea -20%, Enables ""Convoy Blockade"" missions with high chances of success.*",Convoy Blockade missions have higher chance.,
tactics_tactics_20,tactics_tactics,,$technology_name_tactics_tactics_20,1916,1,45,"power_projection(12.5), recon(5)",,navalblockadeforce(20); battletype_enhance(convoy_blockade;own_side;A;10),$technology_desc_tactics_tactics_19,"The naval strength is utilized more effectively according to new researches in tactics. *Reduces the amount of naval strength needed to blockade a sea -20%, Enables ""Convoy Blockade"" missions with high chances of success.*",Convoy Blockade missions have higher chance.,
tactics_tactics_21,tactics_tactics,,$technology_name_tactics_tactics_21,1926,1,45,"power_projection(12.5), recon(5)",,navalblockadeforce(20); battletype_enhance(convoy_blockade;own_side;A;10),$technology_desc_tactics_tactics_19,"The naval strength is utilized more effectively according to new researches in tactics. *Reduces the amount of naval strength needed to blockade a sea -20%, Enables ""Convoy Blockade"" missions with high chances of success.*",Convoy Blockade missions have higher chance.,
tactics_tactics_22,tactics_tactics,,$technology_name_tactics_tactics_22,1936,1,45,"power_projection(12.5), recon(5)",,navalblockadeforce(20); battletype_enhance(convoy_blockade;own_side;A;10),$technology_desc_tactics_tactics_19,"The naval strength is utilized more effectively according to new researches in tactics. *Reduces the amount of naval strength needed to blockade a sea -20%, Enables ""Convoy Blockade"" missions with high chances of success.*",Convoy Blockade missions have higher chance.,
tactics_tactics_23,tactics_tactics,,$technology_name_tactics_tactics_22,1949,1,45,"power_projection(12.5), recon(5)",,navalblockadeforce(20); battletype_enhance(convoy_blockade;own_side;A;10),$technology_desc_tactics_tactics_19,"The naval strength is utilized more effectively according to new researches in tactics. *Reduces the amount of naval strength needed to blockade a sea -20%, Enables ""Convoy Blockade"" missions with high chances of success.*",Convoy Blockade missions have higher chance.,
tactics_tactics_24,tactics_tactics,,$technology_name_tactics_tactics_24,1905,1,45,"escort_power(15), invade_power(25), recon(10)",,"battletype_enhance(convoy_small;own_side;A;10), battletype_enhance(convoy_large;own_side;A;10),  battletype_enhance(cruiser_scouting;own_side;A;10), battletype_enhance(raider_hunt;own_side;A;10)",$technology_desc_tactics_tactics_24,"Cruisers operate far away from their main force for ""patrol"" or ""search and destroy"" missions. *Enables special ""Cruiser Attack"" mission with increased chances of success* ",Cruisers attack convoys or apprehend other cruisers with higher chance.,
tactics_tactics_25,tactics_tactics,,$technology_name_tactics_tactics_25,1909,1,45,"invade_power(25), recon(10)",,"battletype_enhance(torpedo_boat_attack;own_side;A;25), battletype_enhance(destroyer_attack;own_side;A;25), battletype_enhance(surprise_strike;own_side;A;75)",$technology_desc_tactics_tactics_25,The use of Destroyers and Cruisers to patrol far away in order to find weaknesses of the enemy can become a valuable tactic. *Increases the chance of surpise attacks versus enemy fleets +15%*,Increases the chance of surpise attacks versus enemy fleets.,
tactics_tactics_26,tactics_tactics,,$technology_name_tactics_tactics_26,1916,1,45,"escort_power(15), invade_power(25), recon(10)",,"battletype_enhance(destroyer_attack;own_side;A;15), battletype_enhance(destroyer_escort;own_side;B;50)",$technology_desc_tactics_tactics_26,New tactical doctrines make the Destroyer class highly involved in protecting the main fleet from submarines or other torpedo armed crafts. *Increases the chance of favourable defensive missions if Destroyers are present*,Increases the chance of favourable missions involving Destroyers.,
tactics_tactics_27,tactics_tactics,,$technology_name_tactics_tactics_27,1928,1,45,"power_projection(5), invade_power(50), recon(10)",,"battletype_enhance(raider_hunt;own_side;A;15), battletype_enhance(raider_hunt;own_side;B;30), battletype_enhance(convoy_blockade;own_side;A;30), battletype_enhance(port_strike;own_side;A;30), battletype_enhance(surprise_strike;own_side;A;30)",$technology_desc_tactics_tactics_27,Cruisers and destroyers that have large operational range are able to navigate deep into enemy waters and find easy prey to attack. *Enables special raiding missions with increased chance of success*,Increases chance of favourable raid missions for long range ships.,
tactics_tactics_28,tactics_tactics,,$technology_name_tactics_tactics_28,1936,1,45,"escort_power(30), recon(10)",,screen(dd;10),$technology_desc_tactics_tactics_28,Destroyers have increased role in protecting the fleet via screen formation.,Destroyers in screen formation have +10% accuracy.,
tactics_tactics_29,tactics_tactics,,$technology_name_tactics_tactics_29,1899,1,45,"aim(10), multi_targeting_self(5)",,,$technology_desc_tactics_tactics_29,"When multiple ships fire at the same target, the multiple splashes obstruct the aiming processes, but the improved communications between ships reduces this effect. *Reduces the accuracy penalty for ships firing at the same target -25%*",,
tactics_tactics_30,tactics_tactics,,$technology_name_tactics_tactics_30,1909,1,45,"multi_targeting_self(5), multi_targeting_other(10)",,,$technology_desc_tactics_tactics_30,"When multiple ships fire at the same target, the multiple splashes obstruct the aiming processes, but the improved communications between ships reduces this effect. *Reduces the accuracy penalty for ships firing at the same target -25%*",,
tactics_tactics_31,tactics_tactics,,$technology_name_tactics_tactics_31,1914,1,45,"multi_targeting_self(10), multi_targeting_other(10). aim(10)",,,$technology_desc_tactics_tactics_31,"When multiple ships fire at the same target, the multiple splashes obstruct the aiming processes, but the improved communications between ships reduces this effect. *Reduces the accuracy penalty for ships firing at the same target -25%*",,
tactics_tactics_32,tactics_tactics,,$technology_name_tactics_tactics_32,1919,1,45,"multi_targeting_self(5), multi_targeting_other(5). aim(5)",,,$technology_desc_tactics_tactics_32,"When multiple ships fire at the same target, the multiple splashes obstruct the aiming processes, but the improved communications between ships reduces this effect. *Reduces the accuracy penalty for ships firing at the same target -25%*",,
tactics_tactics_33,tactics_tactics,,$technology_name_tactics_tactics_33,1930,1,45,"multi_targeting_self(5), multi_targeting_other(5). aim(5)",,,$technology_desc_tactics_tactics_32,"When multiple ships fire at the same target, the multiple splashes obstruct the aiming processes, but the improved communications between ships reduces this effect. *Reduces the accuracy penalty for ships firing at the same target -25%*",,
tactics_tactics_34,tactics_tactics,,$technology_name_tactics_tactics_34,1942,1,45,"multi_targeting_self(5), multi_targeting_other(5). aim(5)",,,$technology_desc_tactics_tactics_32,"When multiple ships fire at the same target, the multiple splashes obstruct the aiming processes, but the improved communications between ships reduces this effect. *Reduces the accuracy penalty for ships firing at the same target -25%*",,
tactics_tactics_35,tactics_tactics,,$technology_name_tactics_tactics_35,1904,1,45,armed_transports(100),,,$technology_desc_tactics_tactics_35,"When multiple ships fire at the same target, the multiple splashes obstruct the aiming processes, but the improved communications between ships reduces this effect. *Reduces the accuracy penalty for ships firing at the same target -25%*",,
tactics_tactics_36,tactics_tactics,,$technology_name_tactics_tactics_36,1913,1,45,armed_transports(150),,,$technology_desc_tactics_tactics_35,The dazzle camouflage can disrupt enemy torpedo aiming or long range fire. *Reduces chance of merchant ships becoming destroyed by enemy ship raiders*,Reduces chance of merchant ships becoming destroyed by enemy ship raiders.,
tactics_tactics_37,tactics_tactics,,$technology_name_tactics_tactics_37,1919,1,45,"armed_transports(200), torpedo_tubes(1;tr)",,,$technology_desc_tactics_tactics_37,"Auxiliary cruisers (AMC) are specially converted cargo ships or ocean liners that carry naval guns or torpedo tubes, making them able to defend themselves against warships. *Increases chance of enemy ships getting damaged or destroyed during raid missions, At least one auxilliary cruiser will protect a convoy*","At least one auxilliary cruiser will protect a convoy, Reduces chance of merchant ships getting destroyed by enemy ship raiders.",
tactics_tactics_38,tactics_tactics,,$technology_name_tactics_tactics_38,1933,1,45,armed_transports(250),,,$technology_desc_tactics_tactics_37,"Auxiliary cruisers (AMC) are specially converted cargo ships or ocean liners that carry naval guns or torpedo tubes, making them able to defend themselves against warships. *Increases chance of enemy ships getting damaged or destroyed during raid missions, At least one auxilliary cruiser will protect a convoy*","At least one auxilliary cruiser will protect a convoy, Reduces chance of merchant ships getting destroyed by enemy ship raiders.",
tactics_tactics_39,tactics_tactics,,$technology_name_tactics_tactics_39,1941,1,45,"armed_transports(300), torpedo_tubes(2;tr)",,,$technology_desc_tactics_tactics_39,"Auxiliary cruisers (AMC) are specially converted cargo ships or ocean liners that carry naval guns or torpedo tubes, making them able to defend themselves against warships. *Increases chance of enemy ships getting damaged or destroyed during raid missions, At least one auxilliary cruiser will protect a convoy*","At least one auxilliary cruiser will protect a convoy, Reduces chance of merchant ships getting destroyed by enemy ship raiders.",
tactics_tactics_40,tactics_tactics,,$technology_name_tactics_tactics_40,1922,1,45,asw_mod(25),,"battletype_enhance(x), submarine_doctrine(x)",$technology_desc_tactics_tactics_40,"The submarine is undoubtedly a powerful tactical weapon and the latest naval doctrines take advantage of this. *Enables special offensive missions that involve submarine support, Enables submarine tactics ""Fleet Support"" which increases probability of friendly submarines to participate in naval battles*","Enables special offensive missions that involve submarine support, Enables submarine tactics ""Fleet Support"" which increases probability of friendly submarines to participate in naval battles",
tactics_tactics_41,tactics_tactics,,$technology_name_tactics_tactics_41,1926,1,45,asw_mod(35),,"battletype_enhance(x), submarinedefense(10)",$technology_desc_tactics_tactics_41,"With the use of the most modern technology, Destroyers can trace and hunt submarines more effectively. *Enables special submarine hunting missions for destroyer ships, Increases chances of detecting and destroying enemy submarines*","Enables special submarine hunting missions for destroyer ships, Increases chances of detecting and destroying enemy submarines.",
tactics_tactics_42,tactics_tactics,,$technology_name_tactics_tactics_42,1932,1,45,escort_power(50),,"convoydefense(10), battletype_enhance(raider_hunt;own_side;B;30), battletype_enhance(convoy_coast_defenseadv;own_side;B;30), battletype_enhance(convoy_small_defenseadv;own_side;B;30), battletype_enhance(convoy_large_defenseadv;own_side;B;30)",$technology_desc_tactics_tactics_42,"Merchant ships travel in organized convoys, always under the escort of warships. *Reduces chance of merchant ships becoming destroyed by enemy ship raiders, Increases the chance of Convoy Defense Missions*","Reduces chance of merchant ships becoming destroyed by enemy ship raiders, Increases the chance of favourable Convoy Defense Missions.",
tactics_tactics_end,tactics_tactics,,$technology_name_tactics_tactics_end,1958,1,80,"end, max_crew_training(1), training_efficiency(1), power_projection(2), escort_power(3), invade_power(15), naval_bombardment(10), recon(2), asw_mod(1)",,submarine_doctrine(x),$technology_desc_tactics_tactics_end,"Utilizing the latest technology in communications, submarine commanders can organize mass-attack tactics against enemy convoys. *Enables the Submarine tactic ""Wolf pack"" which increases chance of destroyed merchant ships +75%, chance of submarine losses +25%","Makes available the Submarine doctrine ""Wolf pack""",
# $techType_name_tactics_comm,tactics_comm,,,,,,,,,,,,
tactics_comm_1,tactics_comm,,$technology_name_tactics_comm_1,1890,,60,"recon(50), stat(radio;+1)",,,$technology_desc_tactics_comm_1,,,
tactics_comm_2,tactics_comm,,$technology_name_tactics_comm_2,1899,1,160,"stat(radio;+100), recon(15), flagship_bonus(25)",,"radio_range(11km), Comm_Delay(10), Signal_Error(50), FriendlyBearing(66)",$technology_desc_tactics_comm_2,"A revolutionary device allows the wireless communication between ships in large distances. *Enables radio equipment on ship towers, Increases the communication radius, Decreases Command Delays, Decreases chance of signal errors, Allows to trace the bearing of nearby friendly ships*","Enables radio equipment on ship towers, Increases the communication radius, Decreases Command Delays, Decreases chance of signal errors, Allows to trace the bearing of nearby friendly ships",
tactics_comm_3_1,tactics_comm,,$technology_name_tactics_comm_3_1,1893,1,60,"stat(radio;+80), weight(tower_main;-5), cost(tower_main;-7.5), recon(10), stat(tspot;5), flagship_bonus(40)",radio_1_1,"radio(12km), Comm_Delay(10), Signal_Error(30)",$technology_desc_tactics_comm_3_1,The latest technology advances improves the radio communication of our navy. *+15% Radio rating for all ships equipped with radio*,,
tactics_comm_3,tactics_comm,,$technology_name_tactics_comm_3,1905,1,60,"stat(radio;+135), aim(3), weight(tower_main;-5), weight(tower_sec;-5), cost(tower_main;-17.5), cost(tower_sec;-17.5), recon(25), stat(tspot;5), flagship_bonus(60)",radio_1,"radio(13.5km), Comm_Delay(10), Signal_Error(10)",$technology_desc_tactics_comm_3,The latest technology advances improves the radio communication of our navy. *+15% Radio rating for all ships equipped with radio*,,
tactics_comm_3_2,tactics_comm,,$technology_name_tactics_comm_3_2,1911,1,60,"stat(radio;+180), aim(4.5), weight(tower_main;-7.5), weight(tower_sec;-7.5), cost(tower_main;-22.5), cost(tower_sec;-22.5), recon(40), stat(tspot;5), flagship_bonus(80)",radio_1_2,"radio(15km), Comm_Delay(10), Signal_Error(10)",$technology_desc_tactics_comm_3_2,The latest technology advances improves the radio communication of our navy. *+15% Radio rating for all ships equipped with radio*,,
tactics_comm_4,tactics_comm,,$technology_name_tactics_comm_4,1923,1,60,"stat(radio;+250), aim(6), radar(1), weight(tower_main;-10), weight(tower_sec;-7.5), cost(tower_main;-45), cost(tower_sec;-45), stat(tspot;7.5), recon(60), flagship_bonus(100)",radio_2,EnemyBearing(30),$technology_desc_tactics_comm_4,"Intelligence-gathering by interception of signals or code breaking makes possible to receive frequent and accurate reports of the enemy whereabouts. *Increases chance of detecting distant enemy movements from intercepted radio messages +30%, Decreases chance of enemy surprise attacks and raids -25%, Increases chance of our surprise attacks and raid missions +25*","Increases chance of detecting distant enemy movements from intercepted radio messages +30%, Decreases chance of enemy surprise attacks and raids, Increases chance of our surprise attacks and raid missions",
tactics_comm_4_1,tactics_comm,,$technology_name_tactics_comm_4_1,1931,1,60,"stat(radio;+350), aim(10), radar(1), weight(tower_main;-12.5), weight(tower_sec;-7.5), cost(tower_main;-55), cost(tower_sec;-55), stat(tspot;7.5), recon(90), flagship_bonus(125)",radio_2_1,EnemyBearing(30),$technology_desc_tactics_comm_4_1,"Intelligence-gathering by interception of signals or code breaking makes possible to receive frequent and accurate reports of the enemy whereabouts. *Increases chance of detecting distant enemy movements from intercepted radio messages +30%, Decreases chance of enemy surprise attacks and raids -25%, Increases chance of our surprise attacks and raid missions +25*","Increases chance of detecting distant enemy movements from intercepted radio messages +30%, Decreases chance of enemy surprise attacks and raids, Increases chance of our surprise attacks and raid missions",
tactics_comm_5,tactics_comm,,$technology_name_tactics_comm_5,1901,1,60,"flagship_bonus(12), recon(6)",,,$technology_desc_tactics_comm_5,"Intelligence-gathering by interception of signals or code breaking makes possible to receive frequent and accurate reports of the enemy whereabouts. *Increases chance of detecting distant enemy movements from intercepted radio messages +30%, Decreases chance of enemy surprise attacks and raids -25%, Increases chance of our surprise attacks and raid missions +25*","Increases chance of detecting distant enemy movements from intercepted radio messages +30%, Decreases chance of enemy surprise attacks and raids, Increases chance of our surprise attacks and raid missions",
tactics_comm_6,tactics_comm,,$technology_name_tactics_comm_6,1914,1,60,"flagship_bonus(12), recon(6)",,,$technology_desc_tactics_comm_5,"Intelligence-gathering by interception of signals or code breaking makes possible to receive frequent and accurate reports of the enemy whereabouts. *Increases chance of detecting distant enemy movements from intercepted radio messages +30%, Decreases chance of enemy surprise attacks and raids -25%, Increases chance of our surprise attacks and raid missions +25*","Increases chance of detecting distant enemy movements from intercepted radio messages +30%, Decreases chance of enemy surprise attacks and raids, Increases chance of our surprise attacks and raid missions",
tactics_comm_7,tactics_comm,,$technology_name_tactics_comm_7,1927,1,60,"flagship_bonus(12), recon(6)",,,$technology_desc_tactics_comm_5,"Intelligence-gathering by interception of signals or code breaking makes possible to receive frequent and accurate reports of the enemy whereabouts. *Increases chance of detecting distant enemy movements from intercepted radio messages +30%, Decreases chance of enemy surprise attacks and raids -25%, Increases chance of our surprise attacks and raid missions +25*","Increases chance of detecting distant enemy movements from intercepted radio messages +30%, Decreases chance of enemy surprise attacks and raids, Increases chance of our surprise attacks and raid missions",
tactics_comm_8,tactics_comm,,$technology_name_tactics_comm_8,1936,1,60,"flagship_bonus(12), recon(6)",,,$technology_desc_tactics_comm_5,"Intelligence-gathering by interception of signals or code breaking makes possible to receive frequent and accurate reports of the enemy whereabouts. *Increases chance of detecting distant enemy movements from intercepted radio messages +30%, Decreases chance of enemy surprise attacks and raids -25%, Increases chance of our surprise attacks and raid missions +25*","Increases chance of detecting distant enemy movements from intercepted radio messages +30%, Decreases chance of enemy surprise attacks and raids, Increases chance of our surprise attacks and raid missions",
tactics_comm_9,tactics_comm,,$technology_name_tactics_comm_9,1944,1,60,"flagship_bonus(12), recon(6)",,,$technology_desc_tactics_comm_5,"Intelligence-gathering by interception of signals or code breaking makes possible to receive frequent and accurate reports of the enemy whereabouts. *Increases chance of detecting distant enemy movements from intercepted radio messages +30%, Decreases chance of enemy surprise attacks and raids -25%, Increases chance of our surprise attacks and raid missions +25*","Increases chance of detecting distant enemy movements from intercepted radio messages +30%, Decreases chance of enemy surprise attacks and raids, Increases chance of our surprise attacks and raid missions",
tactics_comm_10,tactics_comm,,$technology_name_tactics_comm_10,1951,1,60,"flagship_bonus(15), recon(10)",,,$technology_desc_tactics_comm_5,"Intelligence-gathering by interception of signals or code breaking makes possible to receive frequent and accurate reports of the enemy whereabouts. *Increases chance of detecting distant enemy movements from intercepted radio messages +30%, Decreases chance of enemy surprise attacks and raids -25%, Increases chance of our surprise attacks and raid missions +25*","Increases chance of detecting distant enemy movements from intercepted radio messages +30%, Decreases chance of enemy surprise attacks and raids, Increases chance of our surprise attacks and raid missions",
tactics_comm_11,tactics_comm,,$technology_name_tactics_comm_11,1912,1,60,"recon(10), asw_mod(15)",,"submarine_stealth(20), enemy_submarine_stealth(-20), battletype_enhance(raider_hunt;enemy_side;B;-30), battletype_enhance(convoy_coast_defenseadv;enemy_side;B;-30), battletype_enhance(convoy_small_defenseadv;enemy_side;B;-30), battletype_enhance(convoy_large_defenseadv;enemy_side;B;-30), battletype_enhance(surprise_strike;enemy_side;A;-30)",$technology_desc_tactics_comm_11,"Encrypting our communication methods and also knowing how to analyze and decrypt enemy messages is a new science that aids our military operations. *Decreases chance of enemy surprise attacks and raids -25%, Increases our submarines stealth +20%, Decreases enemy submarines stealth -20%*",Decreases chance of enemy surprise attacks and raids,
tactics_comm_12,tactics_comm,,$technology_name_tactics_comm_12,1919,1,60,"recon(10), asw_mod(15)",,"submarine_stealth(20), enemy_submarine_stealth(-20), battletype_enhance(raider_hunt;enemy_side;B;-30), battletype_enhance(convoy_coast_defenseadv;enemy_side;B;-30), battletype_enhance(convoy_small_defenseadv;enemy_side;B;-30), battletype_enhance(convoy_large_defenseadv;enemy_side;B;-30), battletype_enhance(surprise_strike;enemy_side;A;-30)",$technology_desc_tactics_comm_11,"Encrypting our communication methods and also knowing how to analyze and decrypt enemy messages is a new science that aids our military operations. *Decreases chance of enemy surprise attacks and raids -25%, Increases our submarines stealth +20%, Decreases enemy submarines stealth -20%*",Decreases chance of enemy surprise attacks and raids,
tactics_comm_13,tactics_comm,,$technology_name_tactics_comm_13,1924,1,60,"recon(10), asw_mod(15)",,"submarine_stealth(20), enemy_submarine_stealth(-20), battletype_enhance(raider_hunt;enemy_side;B;-30), battletype_enhance(convoy_coast_defenseadv;enemy_side;B;-30), battletype_enhance(convoy_small_defenseadv;enemy_side;B;-30), battletype_enhance(convoy_large_defenseadv;enemy_side;B;-30), battletype_enhance(surprise_strike;enemy_side;A;-30)",$technology_desc_tactics_comm_11,"Encrypting our communication methods and also knowing how to analyze and decrypt enemy messages is a new science that aids our military operations. *Decreases chance of enemy surprise attacks and raids -25%, Increases our submarines stealth +20%, Decreases enemy submarines stealth -20%*",Decreases chance of enemy surprise attacks and raids,
tactics_comm_14,tactics_comm,,$technology_name_tactics_comm_14,1929,1,60,"recon(10), asw_mod(15)",,"submarine_stealth(20), enemy_submarine_stealth(-20), battletype_enhance(raider_hunt;enemy_side;B;-30), battletype_enhance(convoy_coast_defenseadv;enemy_side;B;-30), battletype_enhance(convoy_small_defenseadv;enemy_side;B;-30), battletype_enhance(convoy_large_defenseadv;enemy_side;B;-30), battletype_enhance(surprise_strike;enemy_side;A;-30)",$technology_desc_tactics_comm_11,"Encrypting our communication methods and also knowing how to analyze and decrypt enemy messages is a new science that aids our military operations. *Decreases chance of enemy surprise attacks and raids -25%, Increases our submarines stealth +20%, Decreases enemy submarines stealth -20%*",Decreases chance of enemy surprise attacks and raids,
tactics_comm_15,tactics_comm,,$technology_name_tactics_comm_15,1934,1,60,"recon(10), asw_mod(15)",,"submarine_stealth(20), enemy_submarine_stealth(-20), battletype_enhance(raider_hunt;enemy_side;B;-30), battletype_enhance(convoy_coast_defenseadv;enemy_side;B;-30), battletype_enhance(convoy_small_defenseadv;enemy_side;B;-30), battletype_enhance(convoy_large_defenseadv;enemy_side;B;-30), battletype_enhance(surprise_strike;enemy_side;A;-30)",$technology_desc_tactics_comm_11,"Encrypting our communication methods and also knowing how to analyze and decrypt enemy messages is a new science that aids our military operations. *Decreases chance of enemy surprise attacks and raids -25%, Increases our submarines stealth +20%, Decreases enemy submarines stealth -20%*",Decreases chance of enemy surprise attacks and raids,
tactics_comm_16,tactics_comm,,$technology_name_tactics_comm_16,1942,1,60,"recon(20), asw_mod(5)",,"battletype_enhance(raider_hunt;enemy_side;B;-30), battletype_enhance(convoy_coast_defenseadv;enemy_side;B;-30), battletype_enhance(convoy_small_defenseadv;enemy_side;B;-30), battletype_enhance(convoy_large_defenseadv;enemy_side;B;-30), battletype_enhance(surprise_strike;own_side;A;-30), battletype_enhance(raider_hunt;own_side_side;B;-30), battletype_enhance(convoy_coast_defenseadv;own_side_side;B;-30), battletype_enhance(convoy_small_defenseadv;own_side_side;B;-30), battletype_enhance(convoy_large_defenseadv;own_side_side;B;-30), battletype_enhance(surprise_strike;own_side_side;A;-30)",$technology_desc_tactics_comm_16,"Ships equipped with radar navigate in strategic areas to trace enemy forces. *Decreases chance of enemy surprise attacks and raids -25%, Increases chance of our surprise attacks and raid missions +25%, Requirement: ""Radar rangefinder"" in Fire Control technology*","Decreases chance of enemy surprise attacks and raids, Increases our chances for surprise attacks and raids, Requirement: ""Radar rangefinder"" in Fire Control technology",
tactics_comm_17,tactics_comm,,$technology_name_tactics_comm_17,1949,1,60,"recon(20), asw_mod(5)",,"battletype_enhance(raider_hunt;enemy_side;B;-30), battletype_enhance(convoy_coast_defenseadv;enemy_side;B;-30), battletype_enhance(convoy_small_defenseadv;enemy_side;B;-30), battletype_enhance(convoy_large_defenseadv;enemy_side;B;-30), battletype_enhance(surprise_strike;own_side;A;-30), battletype_enhance(raider_hunt;own_side_side;B;-30), battletype_enhance(convoy_coast_defenseadv;own_side_side;B;-30), battletype_enhance(convoy_small_defenseadv;own_side_side;B;-30), battletype_enhance(convoy_large_defenseadv;own_side_side;B;-30), battletype_enhance(surprise_strike;own_side_side;A;-30)",$technology_desc_tactics_comm_16,"Ships equipped with radar navigate in strategic areas to trace enemy forces. *Decreases chance of enemy surprise attacks and raids -25%, Increases chance of our surprise attacks and raid missions +25%, Requirement: ""Radar rangefinder"" in Fire Control technology*","Decreases chance of enemy surprise attacks and raids, Increases our chances for surprise attacks and raids, Requirement: ""Radar rangefinder"" in Fire Control technology",
tactics_comm_18,tactics_comm,,$technology_name_tactics_comm_18,1952,1,20,"submarine_group_limit(3), asw_mod(5)",,,$technology_desc_tactics_comm_18,"Ships equipped with radar navigate in strategic areas to trace enemy forces. *Decreases chance of enemy surprise attacks and raids -25%, Increases chance of our surprise attacks and raid missions +25%, Requirement: ""Radar rangefinder"" in Fire Control technology*","Decreases chance of enemy surprise attacks and raids, Increases our chances for surprise attacks and raids, Requirement: ""Radar rangefinder"" in Fire Control technology",
tactics_comm_19,tactics_comm,,$technology_name_tactics_comm_19,1954,1,20,"submarine_group_limit(4), asw_mod(10)",,,$technology_desc_tactics_comm_19,"Ships equipped with radar navigate in strategic areas to trace enemy forces. *Decreases chance of enemy surprise attacks and raids -25%, Increases chance of our surprise attacks and raid missions +25%, Requirement: ""Radar rangefinder"" in Fire Control technology*","Decreases chance of enemy surprise attacks and raids, Increases our chances for surprise attacks and raids, Requirement: ""Radar rangefinder"" in Fire Control technology",
tactics_comm_20,tactics_comm,,$technology_name_tactics_comm_20,1958,1,20,"submarine_group_limit(6), asw_mod(10)",,,$technology_desc_tactics_comm_20,"Ships equipped with radar navigate in strategic areas to trace enemy forces. *Decreases chance of enemy surprise attacks and raids -25%, Increases chance of our surprise attacks and raid missions +25%, Requirement: ""Radar rangefinder"" in Fire Control technology*","Decreases chance of enemy surprise attacks and raids, Increases our chances for surprise attacks and raids, Requirement: ""Radar rangefinder"" in Fire Control technology",
tactics_comm_21,tactics_comm,,$technology_name_tactics_comm_21,1890,,60,"start, ship_crew_group_limit(5000)",,,$technology_desc_tactics_comm_21,"Ships equipped with radar navigate in strategic areas to trace enemy forces. *Decreases chance of enemy surprise attacks and raids -25%, Increases chance of our surprise attacks and raid missions +25%, Requirement: ""Radar rangefinder"" in Fire Control technology*","Decreases chance of enemy surprise attacks and raids, Increases our chances for surprise attacks and raids, Requirement: ""Radar rangefinder"" in Fire Control technology",
tactics_comm_22,tactics_comm,,$technology_name_tactics_comm_22,1896,,80,ship_crew_group_limit(8000),,,$technology_desc_tactics_comm_22,"Ships equipped with radar navigate in strategic areas to trace enemy forces. *Decreases chance of enemy surprise attacks and raids -25%, Increases chance of our surprise attacks and raid missions +25%, Requirement: ""Radar rangefinder"" in Fire Control technology*","Decreases chance of enemy surprise attacks and raids, Increases our chances for surprise attacks and raids, Requirement: ""Radar rangefinder"" in Fire Control technology",
tactics_comm_23,tactics_comm,,$technology_name_tactics_comm_23,1902,,80,ship_crew_group_limit(12000),,,$technology_desc_tactics_comm_23,"Ships equipped with radar navigate in strategic areas to trace enemy forces. *Decreases chance of enemy surprise attacks and raids -25%, Increases chance of our surprise attacks and raid missions +25%, Requirement: ""Radar rangefinder"" in Fire Control technology*","Decreases chance of enemy surprise attacks and raids, Increases our chances for surprise attacks and raids, Requirement: ""Radar rangefinder"" in Fire Control technology",
tactics_comm_24,tactics_comm,,$technology_name_tactics_comm_24,1910,,80,ship_crew_group_limit(18000),,,$technology_desc_tactics_comm_24,"Ships equipped with radar navigate in strategic areas to trace enemy forces. *Decreases chance of enemy surprise attacks and raids -25%, Increases chance of our surprise attacks and raid missions +25%, Requirement: ""Radar rangefinder"" in Fire Control technology*","Decreases chance of enemy surprise attacks and raids, Increases our chances for surprise attacks and raids, Requirement: ""Radar rangefinder"" in Fire Control technology",
tactics_comm_25,tactics_comm,,$technology_name_tactics_comm_25,1921,,80,ship_crew_group_limit(25000),,,$technology_desc_tactics_comm_25,"Ships equipped with radar navigate in strategic areas to trace enemy forces. *Decreases chance of enemy surprise attacks and raids -25%, Increases chance of our surprise attacks and raid missions +25%, Requirement: ""Radar rangefinder"" in Fire Control technology*","Decreases chance of enemy surprise attacks and raids, Increases our chances for surprise attacks and raids, Requirement: ""Radar rangefinder"" in Fire Control technology",
tactics_comm_26,tactics_comm,,$technology_name_tactics_comm_26,1932,,80,ship_crew_group_limit(35000),,,$technology_desc_tactics_comm_26,"Ships equipped with radar navigate in strategic areas to trace enemy forces. *Decreases chance of enemy surprise attacks and raids -25%, Increases chance of our surprise attacks and raid missions +25%, Requirement: ""Radar rangefinder"" in Fire Control technology*","Decreases chance of enemy surprise attacks and raids, Increases our chances for surprise attacks and raids, Requirement: ""Radar rangefinder"" in Fire Control technology",
tactics_comm_27,tactics_comm,,$technology_name_tactics_comm_27,1947,,80,ship_crew_group_limit(50000),,,$technology_desc_tactics_comm_27,"Ships equipped with radar navigate in strategic areas to trace enemy forces. *Decreases chance of enemy surprise attacks and raids -25%, Increases chance of our surprise attacks and raid missions +25%, Requirement: ""Radar rangefinder"" in Fire Control technology*","Decreases chance of enemy surprise attacks and raids, Increases our chances for surprise attacks and raids, Requirement: ""Radar rangefinder"" in Fire Control technology",
tactics_comm_end,tactics_comm,,$technology_name_tactics_comm_end,1960,1,150,"end, stat(radio;+10), recon(6), asw_mod(2)",,,$technology_desc_tactics_comm_end,"Ships equipped with radar navigate in strategic areas to trace enemy forces. *Decreases chance of enemy surprise attacks and raids -25%, Increases chance of our surprise attacks and raid missions +25%, Requirement: ""Radar rangefinder"" in Fire Control technology*","Decreases chance of enemy surprise attacks and raids, Increases our chances for surprise attacks and raids, Requirement: ""Radar rangefinder"" in Fire Control technology",
# $Ui_Constr_Mines,tactics_mines,,,,,,,,,,,,
tactics_mines_1,tactics_mines,,$technology_name_tactics_mines_1,1890,,30,"start, minefieldmax(0) ",,,$technology_desc_tactics_mines_1,Naval mines containing high explosives that can detonate upon impact is a cheap but very effective method to destroy enemy ships. *Enables Mine Sweeping / Mine Laying equipment that can be fitted to small military craft*,"Enables Mine Sweeping / Mine Laying equipment that can be fitted to small military craft, Minefields are generated during war but in a limited area around our ports",
tactics_mines_2,tactics_mines,,$technology_name_tactics_mines_2,1970,,9000,minefieldmax(1000),,,$technology_desc_tactics_mines_2,"Deploying minefields around our ports or coastal waters is an essential protective measure. *During war, minefields are gradually generated near friendly ports according to the number of Minelayers and their efficiency*",Dense minefields are generated during war in a wider area around our ports,
tactics_mines_3,tactics_mines,,$technology_name_tactics_mines_3,1975,,3000,minefieldmax(2000),,,$technology_desc_tactics_mines_3,"Deploying minefields around our ports or coastal waters is an essential protective measure. *During war, minefields are gradually generated near friendly ports according to the number of Minelayers and their efficiency*",Dense minefields are generated during war in a wider area around our ports,
tactics_mines_4,tactics_mines,,$technology_name_tactics_mines_4,1975,,3000,minefieldmax(3000),,,$technology_desc_tactics_mines_4,"Deploying minefields around our ports or coastal waters is an essential protective measure. *During war, minefields are gradually generated near friendly ports according to the number of Minelayers and their efficiency*",Dense minefields are generated during war in a wider area around our ports,
tactics_mines_5,tactics_mines,,$technology_name_tactics_mines_5,1975,1,3000,minefieldmax(5000),,,$technology_desc_tactics_mines_5,"Expanding the generation of minefields in open sea area can become a highly effective tactic. *During war, minefields are gradually generated in bigger range around friendly ports according to the number of Minelayers and their efficiency*","During war, minefields are gradually generated in bigger range around friendly ports according to the number of Minelayers and their efficiency",
tactics_mines_6,tactics_mines,,$technology_name_tactics_mines_6,1975,1,3000,minefieldmax(6000),,,$technology_desc_tactics_mines_6,"Expanding the generation of minefields in open sea area can become a highly effective tactic. *During war, minefields are gradually generated in bigger range around friendly ports according to the number of Minelayers and their efficiency*","During war, minefields are gradually generated in bigger range around friendly ports according to the number of Minelayers and their efficiency",
tactics_mines_7,tactics_mines,,$technology_name_tactics_mines_7,1975,1,3000,minefieldmax(7000),,,$technology_desc_tactics_mines_7,"Expanding the generation of minefields in open sea area can become a highly effective tactic. *During war, minefields are gradually generated in bigger range around friendly ports according to the number of Minelayers and their efficiency*","During war, minefields are gradually generated in bigger range around friendly ports according to the number of Minelayers and their efficiency",
tactics_mines_8,tactics_mines,,$technology_name_tactics_mines_8,1990,,3000,"minelaying(25),minesweight(10), detonation(-5)",mines_1,,$technology_desc_tactics_mines_8,Naval mines containing high explosives that can detonate upon impact is a cheap but very effective method to destroy enemy ships. *Enables Mine Sweeping / Mine Laying equipment that can be fitted to small military craft*,"Enables Mine Sweeping / Mine Laying equipment that can be fitted to small military craft, Minefields are generated during war but in a limited area around our ports",
tactics_mines_9,tactics_mines,,$technology_name_tactics_mines_9,1995,,30,"minelaying(50),minesweight(20), detonation(-10)",mines_2,,$technology_desc_tactics_mines_9,Naval mines containing high explosives that can detonate upon impact is a cheap but very effective method to destroy enemy ships. *Enables Mine Sweeping / Mine Laying equipment that can be fitted to small military craft*,"Enables Mine Sweeping / Mine Laying equipment that can be fitted to small military craft, Minefields are generated during war but in a limited area around our ports",
tactics_mines_10,tactics_mines,,$technology_name_tactics_mines_10,1995,,30,"minelaying(75), mine_dmg(2.5),minesweight(30), detonation(-15)",mines_3,,$technology_desc_tactics_mines_10,Naval mines containing high explosives that can detonate upon impact is a cheap but very effective method to destroy enemy ships. *Enables Mine Sweeping / Mine Laying equipment that can be fitted to small military craft*,"Enables Mine Sweeping / Mine Laying equipment that can be fitted to small military craft, Minefields are generated during war but in a limited area around our ports",
tactics_mines_11,tactics_mines,,$technology_name_tactics_mines_11,1995,,30,"minelaying(100), mine_dmg(5),minesweight(40), detonation(-20)",mines_4,,$technology_desc_tactics_mines_11,Naval mines containing high explosives that can detonate upon impact is a cheap but very effective method to destroy enemy ships. *Enables Mine Sweeping / Mine Laying equipment that can be fitted to small military craft*,"Enables Mine Sweeping / Mine Laying equipment that can be fitted to small military craft, Minefields are generated during war but in a limited area around our ports",
tactics_mines_12,tactics_mines,,$technology_name_tactics_mines_12,1995,,30,"minelaying(50), mine_dmg(10),minesweight(50), detonation(-3.5)",mines_5,,$technology_desc_tactics_mines_12,Naval mines containing high explosives that can detonate upon impact is a cheap but very effective method to destroy enemy ships. *Enables Mine Sweeping / Mine Laying equipment that can be fitted to small military craft*,"Enables Mine Sweeping / Mine Laying equipment that can be fitted to small military craft, Minefields are generated during war but in a limited area around our ports",
tactics_mines_13,tactics_mines,,$technology_name_tactics_mines_13,1995,,30,"minelaying(75), mine_dmg(12.5),minesweight(75), detonation(-5)",mines_6,,$technology_desc_tactics_mines_13,Naval mines containing high explosives that can detonate upon impact is a cheap but very effective method to destroy enemy ships. *Enables Mine Sweeping / Mine Laying equipment that can be fitted to small military craft*,"Enables Mine Sweeping / Mine Laying equipment that can be fitted to small military craft, Minefields are generated during war but in a limited area around our ports",
tactics_mines_14,tactics_mines,,$technology_name_tactics_mines_14,1995,,30,"minelaying(100), mine_dmg(15),minesweight(100), detonation(-6.5)",mines_7,,$technology_desc_tactics_mines_13,Naval mines containing high explosives that can detonate upon impact is a cheap but very effective method to destroy enemy ships. *Enables Mine Sweeping / Mine Laying equipment that can be fitted to small military craft*,"Enables Mine Sweeping / Mine Laying equipment that can be fitted to small military craft, Minefields are generated during war but in a limited area around our ports",
tactics_mines_15,tactics_mines,,$technology_name_tactics_mines_15,1995,,30,"minelaying(130), mine_dmg(17.5),minesweight(130), detonation(-8)",mines_8,,$technology_desc_tactics_mines_13,Naval mines containing high explosives that can detonate upon impact is a cheap but very effective method to destroy enemy ships. *Enables Mine Sweeping / Mine Laying equipment that can be fitted to small military craft*,"Enables Mine Sweeping / Mine Laying equipment that can be fitted to small military craft, Minefields are generated during war but in a limited area around our ports",
tactics_mines_16,tactics_mines,,$technology_name_tactics_mines_16,1995,,30,"minelaying(160), mine_dmg(20),minesweight(170), detonation(-9.5)",mines_9,,$technology_desc_tactics_mines_13,Naval mines containing high explosives that can detonate upon impact is a cheap but very effective method to destroy enemy ships. *Enables Mine Sweeping / Mine Laying equipment that can be fitted to small military craft*,"Enables Mine Sweeping / Mine Laying equipment that can be fitted to small military craft, Minefields are generated during war but in a limited area around our ports",
tactics_mines_17,tactics_mines,,$technology_name_tactics_mines_17,1892,1,30,minesweeping_tech(1),,,$technology_desc_tactics_mines_17,The wire dragged through the water by one or two ships to cut the mooring wire of floating mines or detonate them is designed to work more effectively. *Increases mine sweeping speed by +25%*,,http://hobbyport.ru/mor_col/mc_min/mc_min_19.htm
tactics_mines_18,tactics_mines,,$technology_name_tactics_mines_18,1895,1,30,"minesweeping(15), minedetect(15)",,,$technology_desc_tactics_mines_18,The wire dragged through the water by one or two ships to cut the mooring wire of floating mines or detonate them is designed to work more effectively. *Increases mine sweeping speed by +25%*,,http://hobbyport.ru/mor_col/mc_min/mc_min_19.htm
tactics_mines_19,tactics_mines,,$technology_name_tactics_mines_19,1900,1,30,"minesweeping(15), minedetect(25)",,,$technology_desc_tactics_mines_19,The wire dragged through the water by one or two ships to cut the mooring wire of floating mines or detonate them is designed to work more effectively. *Increases mine sweeping speed by +25%*,,http://hobbyport.ru/mor_col/mc_min/mc_min_19.htm
tactics_mines_20,tactics_mines,,$technology_name_tactics_mines_20,1905,1,30,"minesweeping(15), minedetect(35)",,,$technology_desc_tactics_mines_20,"Minesweepers protect themselves with an ""oropesa"" or ""paravane"" instead of a second minesweeper. This is a torpedo-shaped body that is streamed from the minesweeper in order to keep the sweeping wire at a determined depth and position. *Mine Sweeping Efficiency +2 (Increases minefield efficiency +25%)*",,
tactics_mines_21,tactics_mines,,$technology_name_tactics_mines_21,1913,1,30,minesweeping(6),,,$technology_desc_tactics_mines_21,"Minesweepers protect themselves with an ""oropesa"" or ""paravane"" instead of a second minesweeper. This is a torpedo-shaped body that is streamed from the minesweeper in order to keep the sweeping wire at a determined depth and position. *Mine Sweeping Efficiency +2 (Increases minefield efficiency +25%)*",,
tactics_mines_22,tactics_mines,,$technology_name_tactics_mines_22,1917,1,30,minesweeping(6),,,$technology_desc_tactics_mines_22,"Minesweepers protect themselves with an ""oropesa"" or ""paravane"" instead of a second minesweeper. This is a torpedo-shaped body that is streamed from the minesweeper in order to keep the sweeping wire at a determined depth and position. *Mine Sweeping Efficiency +2 (Increases minefield efficiency +25%)*",,
tactics_mines_23,tactics_mines,,$technology_name_tactics_mines_23,1925,1,30,"minesweeping(10), minedetect(15)",,,$technology_desc_tactics_mines_23,Latest methods of detecting mines use low-frequency electromagnetic fields. *Decreases chance of your ships becoming sunk by mines -10%*,,https://yandex.ru/images/search?img_url=https%3A%2F%2Fs.io.ua%2Fimg_aa%2Fsmall%2F0567%2F53%2F05675394_0.jpg&text=%D0%BA%D0%B0%D0%BA%20%D0%B2%D1%8B%D0%B3%D0%BB%D1%8F%D0%B4%D0%B8%D1%82%20%D0%91%D0%B5%D1%81%D0%BA%D0%BE%D0%BD%D1%82%D0%B0%D0%BA%D1%82%D0%BD%D1%8B%D0%B9%20%D1%8D%D0%BB%D0%B5%D0%BA%D1%82%D1%80%D0%BE%D0%BC%D0%B0%D0%B3%D0%BD%D0%B8%D1%82%D0%BD%D1%8B%D0%B9%20%D1%82%D1%80%D0%B0%D0%BB&noreask=1&pos=11&lr=23&rpt=simage
tactics_mines_24,tactics_mines,,$technology_name_tactics_mines_24,1930,1,30,"minesweeping(10), minedetect(15)",,,$technology_desc_tactics_mines_24,Latest methods of detecting mines use low-frequency electromagnetic fields. *Decreases chance of your ships becoming sunk by mines -10%*,,https://yandex.ru/images/search?img_url=https%3A%2F%2Fs.io.ua%2Fimg_aa%2Fsmall%2F0567%2F53%2F05675394_0.jpg&text=%D0%BA%D0%B0%D0%BA%20%D0%B2%D1%8B%D0%B3%D0%BB%D1%8F%D0%B4%D0%B8%D1%82%20%D0%91%D0%B5%D1%81%D0%BA%D0%BE%D0%BD%D1%82%D0%B0%D0%BA%D1%82%D0%BD%D1%8B%D0%B9%20%D1%8D%D0%BB%D0%B5%D0%BA%D1%82%D1%80%D0%BE%D0%BC%D0%B0%D0%B3%D0%BD%D0%B8%D1%82%D0%BD%D1%8B%D0%B9%20%D1%82%D1%80%D0%B0%D0%BB&noreask=1&pos=11&lr=23&rpt=simage
tactics_mines_25,tactics_mines,,$technology_name_tactics_mines_25,1935,1,30,"minesweeping(10), minedetect(15)",,,$technology_desc_tactics_mines_25,Latest methods of detecting mines use low-frequency electromagnetic fields. *Decreases chance of your ships becoming sunk by mines -10%*,,https://yandex.ru/images/search?img_url=https%3A%2F%2Fs.io.ua%2Fimg_aa%2Fsmall%2F0567%2F53%2F05675394_0.jpg&text=%D0%BA%D0%B0%D0%BA%20%D0%B2%D1%8B%D0%B3%D0%BB%D1%8F%D0%B4%D0%B8%D1%82%20%D0%91%D0%B5%D1%81%D0%BA%D0%BE%D0%BD%D1%82%D0%B0%D0%BA%D1%82%D0%BD%D1%8B%D0%B9%20%D1%8D%D0%BB%D0%B5%D0%BA%D1%82%D1%80%D0%BE%D0%BC%D0%B0%D0%B3%D0%BD%D0%B8%D1%82%D0%BD%D1%8B%D0%B9%20%D1%82%D1%80%D0%B0%D0%BB&noreask=1&pos=11&lr=23&rpt=simage
tactics_mines_26,tactics_mines,,$technology_name_tactics_mines_26,1896,,30,"minesweeping(25), minedetect(55), minesweep_weight(10)",minesweep_1,,$technology_desc_tactics_mines_26,The wire dragged through the water by one or two ships to cut the mooring wire of floating mines or detonate them is designed to work more effectively. *Increases mine sweeping speed by +25%*,,http://hobbyport.ru/mor_col/mc_min/mc_min_19.htm
tactics_mines_27,tactics_mines,,$technology_name_tactics_mines_27,1900,1,30,"minesweeping(35), minedetect(65), minesweep_weight(15)",minesweep_2,,$technology_desc_tactics_mines_27,The wire dragged through the water by one or two ships to cut the mooring wire of floating mines or detonate them is designed to work more effectively. *Increases mine sweeping speed by +25%*,,http://hobbyport.ru/mor_col/mc_min/mc_min_19.htm
tactics_mines_28,tactics_mines,,$technology_name_tactics_mines_28,1910,1,30,"minesweeping(45), minedetect(75), minesweep_weight(30)",minesweep_3,,$technology_desc_tactics_mines_28,The wire dragged through the water by one or two ships to cut the mooring wire of floating mines or detonate them is designed to work more effectively. *Increases mine sweeping speed by +25%*,,http://hobbyport.ru/mor_col/mc_min/mc_min_19.htm
tactics_mines_29,tactics_mines,,$technology_name_tactics_mines_29,1922,1,30,"minesweeping(55), minedetect(85), minesweep_weight(45)",minesweep_4,,$technology_desc_tactics_mines_29,The wire dragged through the water by one or two ships to cut the mooring wire of floating mines or detonate them is designed to work more effectively. *Increases mine sweeping speed by +25%*,,http://hobbyport.ru/mor_col/mc_min/mc_min_19.htm
tactics_mines_30,tactics_mines,,$technology_name_tactics_mines_30,1934,1,30,"minesweeping(65), minedetect(95), minesweep_weight(65)",minesweep_5,,$technology_desc_tactics_mines_30,The wire dragged through the water by one or two ships to cut the mooring wire of floating mines or detonate them is designed to work more effectively. *Increases mine sweeping speed by +25%*,,http://hobbyport.ru/mor_col/mc_min/mc_min_19.htm
tactics_mines_31,tactics_mines,,$technology_name_tactics_mines_31,1975,,30,mine_dmg(15),,,$technology_desc_tactics_mines_31,"The magnetic mine, as an evolution from the standard contact mine, lies deeper in the sea. A ship passing above distorts the normal Earth's magnetic field enough to trigger the mine. *Increases chance of sinking enemy ships that operate near your minefields +10%*",,
tactics_mines_32,tactics_mines,,$technology_name_tactics_mines_32,1975,,30,mine_dmg(15),,,$technology_desc_tactics_mines_32,"The magnetic mine, as an evolution from the standard contact mine, lies deeper in the sea. A ship passing above distorts the normal Earth's magnetic field enough to trigger the mine. *Increases chance of sinking enemy ships that operate near your minefields +10%*",,
tactics_mines_33,tactics_mines,,$technology_name_tactics_mines_33,1975,,30,mine_dmg(15),,,$technology_desc_tactics_mines_32,"The magnetic mine, as an evolution from the standard contact mine, lies deeper in the sea. A ship passing above distorts the normal Earth's magnetic field enough to trigger the mine. *Increases chance of sinking enemy ships that operate near your minefields +10%*",,
tactics_mines_34,tactics_mines,,$technology_name_tactics_mines_34,1975,,30,mine_dmg(15),,,$technology_desc_tactics_mines_32,"The magnetic mine, as an evolution from the standard contact mine, lies deeper in the sea. A ship passing above distorts the normal Earth's magnetic field enough to trigger the mine. *Increases chance of sinking enemy ships that operate near your minefields +10%*",,
tactics_mines_35,tactics_mines,,$technology_name_tactics_mines_35,1975,,30,mine_dmg(15),,,$technology_desc_tactics_mines_32,"The magnetic mine, as an evolution from the standard contact mine, lies deeper in the sea. A ship passing above distorts the normal Earth's magnetic field enough to trigger the mine. *Increases chance of sinking enemy ships that operate near your minefields +10%*",,
tactics_mines_36,tactics_mines,,$technology_name_tactics_mines_36,1927,,30,"antimine(5), minedetect(15)",,,$technology_desc_tactics_mines_36,"Decreasing the magnetic field of the hull, makes ships less vulnerable to the new type of magnetic mines. *Decreases chance of your ships getting sunk by mines -10%*",,
tactics_mines_37,tactics_mines,,$technology_name_tactics_mines_37,1930,,30,"antimine(5), minedetect(15)",,,$technology_desc_tactics_mines_36,"Decreasing the magnetic field of the hull, makes ships less vulnerable to the new type of magnetic mines. *Decreases chance of your ships getting sunk by mines -10%*",,
tactics_mines_38,tactics_mines,,$technology_name_tactics_mines_38,1935,,30,"antimine(5), minedetect(15)",,,$technology_desc_tactics_mines_36,"Decreasing the magnetic field of the hull, makes ships less vulnerable to the new type of magnetic mines. *Decreases chance of your ships getting sunk by mines -10%*",,
tactics_mines_39,tactics_mines,,$technology_name_tactics_mines_39,1940,,30,"antimine(5), minedetect(15)",,,$technology_desc_tactics_mines_36,"Decreasing the magnetic field of the hull, makes ships less vulnerable to the new type of magnetic mines. *Decreases chance of your ships getting sunk by mines -10%*",,
tactics_mines_40,tactics_mines,,$technology_name_tactics_mines_40,1945,,30,"antimine(5), minedetect(15)",,,$technology_desc_tactics_mines_36,"Decreasing the magnetic field of the hull, makes ships less vulnerable to the new type of magnetic mines. *Decreases chance of your ships getting sunk by mines -10%*",,
tactics_mines_end,tactics_mines,,$technology_name_tactics_mines_end,1946,,45,"end, mine_dmg(1), minedetect(1), antimine(1), minesweeping(2)",,,$technology_desc_tactics_mines_end,,,
# $techType_name_tactics_asw,tactics_asw,,,,,,,,,,,,
tactics_asw_1,tactics_asw,,$technology_name_tactics_asw_1,1893,,35,sub_defend(2),,submarine_defense(5),$technology_desc_tactics_asw_1,"When a ship is moored or otherwise stationed in the water, there are deployed special nets from all her sides for protection against torpedoes. *Decreases the chance of our ships getting sunk by a surpise attack of torpedo boats, destroyers, submarines -25%*",,
tactics_asw_2,tactics_asw,,$technology_name_tactics_asw_2,1895,,35,sub_defend(2),,submarine_defense(5),$technology_desc_tactics_asw_1,"When a ship is moored or otherwise stationed in the water, there are deployed special nets from all her sides for protection against torpedoes. *Decreases the chance of our ships getting sunk by a surpise attack of torpedo boats, destroyers, submarines -25%*",,
tactics_asw_3,tactics_asw,,$technology_name_tactics_asw_3,1898,,35,sub_defend(2),,submarine_defense(5),$technology_desc_tactics_asw_1,"When a ship is moored or otherwise stationed in the water, there are deployed special nets from all her sides for protection against torpedoes. *Decreases the chance of our ships getting sunk by a surpise attack of torpedo boats, destroyers, submarines -25%*",,
tactics_asw_4,tactics_asw,,$technology_name_tactics_asw_4,1900,,35,sub_defend(2),,submarine_defense(5),$technology_desc_tactics_asw_1,"When a ship is moored or otherwise stationed in the water, there are deployed special nets from all her sides for protection against torpedoes. *Decreases the chance of our ships getting sunk by a surpise attack of torpedo boats, destroyers, submarines -25%*",,
tactics_asw_5,tactics_asw,,$technology_name_tactics_asw_5,1902,,35,sub_defend(2),,submarine_defense(5),$technology_desc_tactics_asw_1,"When a ship is moored or otherwise stationed in the water, there are deployed special nets from all her sides for protection against torpedoes. *Decreases the chance of our ships getting sunk by a surpise attack of torpedo boats, destroyers, submarines -25%*",,
tactics_asw_6,tactics_asw,,$technology_name_tactics_asw_6,1904,,35,sub_defend(10),,submarine_defense(5),$technology_desc_tactics_asw_6,"When a ship is moored or otherwise stationed in the water, there are deployed special nets from all her sides for protection against torpedoes. *Decreases the chance of our ships getting sunk by a surpise attack of torpedo boats, destroyers, submarines -25%*",,
tactics_asw_7,tactics_asw,,$technology_name_tactics_asw_7,1906,,35,sub_defend(20),,submarine_defense(7.5),$technology_desc_tactics_asw_7,"The newest torpedo nets have booms made of steel, replacing the older more vulnerable that were made of wood. *Decreases the chance of our ships getting sunk by a surpise attack of torpedo boats, destroyers, submarines -25%*",,
tactics_asw_8,tactics_asw,,$technology_name_tactics_asw_8,1907,1,35,"asw(10), sub_attack(5)",,,$technology_desc_tactics_asw_8,"When a ship is moored or otherwise stationed in the water, there are deployed special nets from all her sides for protection against torpedoes. *Decreases the chance of our ships getting sunk by a surpise attack of torpedo boats, destroyers, submarines -25%*",,
tactics_asw_9,tactics_asw,,$technology_name_tactics_asw_9,1942,1,10,"depth_charge(20), asw_mod(35), sub_attack(25), detonation(-5)",depth_charge_1,submarine_attack(10),$technology_desc_tactics_asw_9,"The depth charge is a new anti-submarine warfare weapon that can be fitted to Destroyers. It is intended to destroy a submarine by being dropped into the water nearby and detonating, subjecting the target to a powerful and destructive hydraulic shock. *Enables Depth charges Type I on Destroyers*",,
tactics_asw_10,tactics_asw,,$technology_name_tactics_asw_10,1944,1,10,"depth_charge(35), asw_mod(50), sub_attack(35), detonation(-7.5)",depth_charge_2,submarine_attack(20),$technology_desc_tactics_asw_10,"New, more destructive depth charges are available to counter the stronger hull of the latest submarines. *Enables Depth charges Type II on Destroyers*",,
tactics_asw_11,tactics_asw,,$technology_name_tactics_asw_11,1950,1,10,"depth_charge(55), asw_mod(65), sub_attack(45), detonation(-10)",depth_charge_3,submarine_attack(30),$technology_desc_tactics_asw_10,The lethality radius of the new depth charges becomes maximum. *Enables Depth charges Type III on Destroyers*,,
tactics_asw_12,tactics_asw,,$technology_name_tactics_asw_12,1953,1,10,"depth_charge(80), asw_mod(80), sub_attack(55), detonation(-12.5)",depth_charge_4,submarine_attack(30),$technology_desc_tactics_asw_10,The lethality radius of the new depth charges becomes maximum. *Enables Depth charges Type III on Destroyers*,,
tactics_asw_13,tactics_asw,,$technology_name_tactics_asw_13,1960,1,10,"depth_charge(115), asw_mod(100), sub_attack(65), detonation(-15)",depth_charge_5,submarine_attack(30),$technology_desc_tactics_asw_10,The lethality radius of the new depth charges becomes maximum. *Enables Depth charges Type III on Destroyers*,,
tactics_asw_14,tactics_asw,,$technology_name_tactics_asw_14,1964,1,10,"depth_charge(150), asw_mod(120), sub_attack(75), detonation(-17.5)",depth_charge_6,submarine_attack(30),$technology_desc_tactics_asw_10,The lethality radius of the new depth charges becomes maximum. *Enables Depth charges Type III on Destroyers*,,
tactics_asw_15,tactics_asw,,$technology_name_tactics_asw_15,1912,1,60,"torpedo_det(25), weight(tower_main;-4), weight(tower_sec;-4), cost(tower_main;-12.5), cost(tower_sec;-12.5), asw_mod(50), sub_defend(10)",hydro_1,asw(20),$technology_desc_tactics_asw_15,"The hydrophone is a device that is used for recording or listening to underwater sound, in order to detect enemy submarines and torpedoes. When fitted to submarines it is used to trace nearby threats and help the submarine to evade danger. *Enables Hydrophone Type I on surface ships and submarines, Increases enemy submarine/torpedo detection range (No effect on Electrical Powered Submarines/Torpedoes), Enemy submarine stealth -10%, Friendly submarine survivability +5%*","Enables Hydrophone Type I on surface ships and submarines, Increases enemy submarine/torpedo detection range (No effect on Electrical Powered Submarines/Torpedoes)",
tactics_asw_16,tactics_asw,,$technology_name_tactics_asw_16,1921,1,70,"torpedo_det(50), weight(tower_main;-6), weight(tower_sec;-6), cost(tower_main;-25), cost(tower_sec;-25), asw_mod(65), sub_defend(15)",hydro_2,asw(30),$technology_desc_tactics_asw_16,"The new Hydrophone is more sensitive and allows the detection of sea objects at bigger range. *Enables Hydrophone Type II on surface ships and submarines, Increases enemy submarine/torpedo detection range (No effect on Electrical Powered Submarines/Torpedoes), Enemy submarine stealth -20%, Friendly submarine survivability +10%*","Enables Hydrophone Type II on surface ships and submarines, Increases enemy submarine/torpedo detection range (No effect on Electrical Powered Submarines/Torpedoes)",
tactics_asw_17,tactics_asw,,$technology_name_tactics_asw_17,1931,1,80,"torpedo_det(75), weight(tower_main;-8), weight(tower_sec;-8), cost(tower_main;-40), cost(tower_sec;-40), asw_mod(80), sub_defend(20)",hydro_3,asw(40),$technology_desc_tactics_asw_17,"The most advanced Hydrophone can detect sea objects at very big range but is completely useless against electric submarines and torpedoes. *Enables Hydrophone Type III on surface ships and submarines, Increases enemy submarine/torpedo detection range (No effect on Electrical Powered Submarines/Torpedoes), Enemy submarine stealth -30%, Friendly submarine survivability +15%*","Enables Hydrophone Type III on surface ships and submarines, Increases enemy submarine/torpedo detection range (No effect on Electrical Powered Submarines/Torpedoes)",
tactics_asw_18,tactics_asw,,$technology_name_tactics_asw_18,1942,1,90,"torpedo_det(125), weight(tower_main;-10), weight(tower_sec;-10), cost(tower_main;-65), cost(tower_sec;-65), asw_mod(150), sub_defend(30)",sonar_1,asw(60),$technology_desc_tactics_asw_18,"The Sonar is a revolutionary device that emmits underwater sounds and hears their echo, in order to detect enemy sea vessels. It can also work passively as a Hydrophone, only listening underwater sounds. *Replaces Hydrophone and Enables Sonar station I device for destroyers, cruisers, submarines, Allows the continuous detection of enemy submarines / torpedoes within 4 miles, Enemy submarine stealth -40%, Friendly submarine survivability +25%.","Replaces Hydrophone and Enables Sonar station I device for destroyers, cruisers, submarines",
tactics_asw_19,tactics_asw,,$technology_name_tactics_asw_19,1950,1,100,"torpedo_det(165), weight(tower_main;-12), weight(tower_sec;-12), cost(tower_main;-80), cost(tower_sec;-80), asw_mod(200), sub_defend(40)",sonar_2,asw(80),$technology_desc_tactics_asw_19,"A new advanced Sonar model has bigger detection range. *Enables Sonar station II device for destroyers, cruisers, submarines, Allows the continuous detection of enemy submarines / torpedoes within 6 miles, Enemy submarine stealth -50%, Friendly submarine survivability +35%.","Replaces Hydrophone and Enables Sonar station II device for destroyers, cruisers, submarines",
tactics_asw_20,tactics_asw,,$technology_name_tactics_asw_20,1958,1,110,"torpedo_det(195), weight(tower_main;-15), weight(tower_sec;-15), cost(tower_main;-105), cost(tower_sec;-105), asw_mod(250), sub_defend(50)",sonar_3,asw(100),$technology_desc_tactics_asw_20,"The most advanced Sonar device offers very large detection range. *Enables Sonar station III device for destroyers, cruisers, submarines, Allows the continuous detection of enemy submarines / torpedoes within 8 miles, Enemy submarine stealth -60%, Friendly submarine survivability +45%.","Replaces Hydrophone and Enables Sonar station III device for destroyers, cruisers, submarines",
tactics_asw_21,tactics_asw,,$technology_name_tactics_asw_21,1975,2,120,"end, torpedo_det(5), cost(tower_main;-1.5), cost(tower_sec;-1.5), asw_mod(2), sub_defend(2)",,asw_mod(2),$technology_desc_tactics_asw_21,"The most advanced Sonar device offers very large detection range. *Enables Sonar station III device for destroyers, cruisers, submarines, Allows the continuous detection of enemy submarines / torpedoes within 8 miles, Enemy submarine stealth -60%, Friendly submarine survivability +45%.","Replaces Hydrophone and Enables Sonar station III device for destroyers, cruisers, submarines",
# $techType_name_gun_sec,gun_sec,,,,,,,,,,,,
gun_sec_1,gun_small,,$technology_name_gun_sec_1,1890,,70,"start, gun(2;1)",,,$technology_desc_gun_sec_1,,,
gun_sec_2,gun_small,,$technology_name_gun_sec_2,1890,,70,"start, gun(3;1)",,,$technology_desc_gun_sec_2,,,
gun_sec_3,gun_small,,$technology_name_gun_sec_3,1890,,70,"start, gun(4;1)",,,$technology_desc_gun_sec_3,,,
gun_sec_8,gun_small,,$technology_name_gun_sec_8,1897,,80,gun(2;2),,,$technology_desc_gun_sec_8,,,
gun_sec_9,gun_small,,$technology_name_gun_sec_9,1898,,70,gun(3;2),,,$technology_desc_gun_sec_9,,,
gun_sec_10,gun_small,,$technology_name_gun_sec_10,1899,,70,gun(4;2),,,$technology_desc_gun_sec_10,,,
gun_sec_15,gun_small,,$technology_name_gun_sec_15,1909,,80,gun(2;3),,,$technology_desc_gun_sec_15,,,
gun_sec_16,gun_small,,$technology_name_gun_sec_16,1910,,70,gun(3;3),,,$technology_desc_gun_sec_16,,,
gun_sec_17,gun_small,,$technology_name_gun_sec_17,1911,,70,gun(4;3),,,$technology_desc_gun_sec_17,,,
gun_sec_22,gun_small,,$technology_name_gun_sec_22,1921,,80,gun(2;4),,,$technology_desc_gun_sec_22,,,
gun_sec_23,gun_small,,$technology_name_gun_sec_23,1922,,70,gun(3;4),,,$technology_desc_gun_sec_23,,,
gun_sec_24,gun_small,,$technology_name_gun_sec_24,1923,,70,gun(4;4),,,$technology_desc_gun_sec_24,,,
gun_sec_29,gun_small,,$technology_name_gun_sec_29,1933,,80,gun(2;5),,,$technology_desc_gun_sec_29,,,
gun_sec_30,gun_small,,$technology_name_gun_sec_30,1934,,70,gun(3;5),,,$technology_desc_gun_sec_30,,,
gun_sec_31,gun_small,,$technology_name_gun_sec_31,1935,,70,gun(4;5),,,$technology_desc_gun_sec_31,,,
gun_sec_50,gun_small,,$technology_name_gun_sec_50,1945,,80,gun(2;6),,,$technology_desc_gun_sec_50,,,
gun_sec_51,gun_small,,$technology_name_gun_sec_51,1946,,70,gun(3;6),,,$technology_desc_gun_sec_51,,,
gun_sec_52,gun_small,,$technology_name_gun_sec_52,1947,,70,gun(4;6),,,$technology_desc_gun_sec_52,,,
,,,,,,,,,,,,,
gun_sec_4,gun_medium,,$technology_name_gun_sec_4,1890,,75,"start, gun(5;1)",,,$technology_desc_gun_sec_4,,,
gun_sec_5,gun_medium,,$technology_name_gun_sec_5,1890,,75,"start, gun(6;1)",,,$technology_desc_gun_sec_5,,,
gun_sec_6,gun_medium,,$technology_name_gun_sec_6,1890,,75,"start, gun(7;1)",,,$technology_desc_gun_sec_6,,,
gun_sec_7,gun_medium,,$technology_name_gun_sec_7,1890,,75,"start, gun(8;1)",,,$technology_desc_gun_sec_7,,,
gun_sec_11,gun_medium,,$technology_name_gun_sec_11,1901,,85,gun(5;2),,,$technology_desc_gun_sec_11,,,
gun_sec_12,gun_medium,,$technology_name_gun_sec_12,1902,,75,gun(6;2),,,$technology_desc_gun_sec_12,,,
gun_sec_13,gun_medium,,$technology_name_gun_sec_13,1903,,75,gun(7;2),,,$technology_desc_gun_sec_13,,,
gun_sec_14,gun_medium,,$technology_name_gun_sec_14,1904,,75,gun(8;2),,,$technology_desc_gun_sec_14,,,
gun_sec_18,gun_medium,,$technology_name_gun_sec_18,1913,,85,gun(5;3),,,$technology_desc_gun_sec_18,,,
gun_sec_19,gun_medium,,$technology_name_gun_sec_19,1914,,75,gun(6;3),,,$technology_desc_gun_sec_19,,,
gun_sec_20,gun_medium,,$technology_name_gun_sec_20,1915,,75,gun(7;3),,,$technology_desc_gun_sec_20,,,
gun_sec_21,gun_medium,,$technology_name_gun_sec_21,1916,,75,gun(8;3),,,$technology_desc_gun_sec_21,,,
gun_sec_25,gun_medium,,$technology_name_gun_sec_25,1924,,85,gun(5;4),,,$technology_desc_gun_sec_25,,,
gun_sec_26,gun_medium,,$technology_name_gun_sec_26,1925,,75,gun(6;4),,,$technology_desc_gun_sec_26,,,
gun_sec_27,gun_medium,,$technology_name_gun_sec_27,1926,,75,gun(7;4),,,$technology_desc_gun_sec_27,,,
gun_sec_28,gun_medium,,$technology_name_gun_sec_28,1927,,75,gun(8;4),,,$technology_desc_gun_sec_28,,,
gun_sec_32,gun_medium,,$technology_name_gun_sec_32,1936,,85,gun(5;5),,,$technology_desc_gun_sec_32,,,
gun_sec_33,gun_medium,,$technology_name_gun_sec_33,1937,,75,gun(6;5),,,$technology_desc_gun_sec_33,,,
gun_sec_34,gun_medium,,$technology_name_gun_sec_34,1938,,75,gun(7;5),,,$technology_desc_gun_sec_34,,,
gun_sec_35,gun_medium,,$technology_name_gun_sec_35,1939,,75,gun(8;5),,,$technology_desc_gun_sec_35,,,
gun_sec_53,gun_medium,,$technology_name_gun_sec_53,1947,,85,gun(5;6),,,$technology_desc_gun_sec_53,,,
gun_sec_54,gun_medium,,$technology_name_gun_sec_54,1948,,75,gun(6;6),,,$technology_desc_gun_sec_54,,,
gun_sec_55,gun_medium,,$technology_name_gun_sec_55,1949,,75,gun(7;6),,,$technology_desc_gun_sec_55,,,
gun_sec_56,gun_medium,,$technology_name_gun_sec_56,1950,,75,gun(8;6),,,$technology_desc_gun_sec_56,,,
# $techType_name_gun_main,gun_main,,,,,,,,,,,,
gun_main_1,gun_large,,$technology_name_gun_main_4,1890,,80,"start, gun(9;1)",,,$technology_desc_gun_main_4,,,
gun_main_2,gun_large,,$technology_name_gun_main_1,1890,,80,"start, gun(10;1)",,,$technology_desc_gun_main_1,,,
gun_main_3,gun_large,,$technology_name_gun_main_2,1890,,80,"start, gun(11;1)",,,$technology_desc_gun_main_2,,,
gun_main_4,gun_large,,$technology_name_gun_main_3,1890,,80,"start, gun(12;1)",,,$technology_desc_gun_main_3,,,
gun_main_9,gun_large,,$technology_name_gun_main_6,1901,,90,gun(9;2),,,$technology_desc_gun_main_6,,,
gun_main_10,gun_large,,$technology_name_gun_main_7,1902,,80,gun(10;2),,,$technology_desc_gun_main_7,,,
gun_main_11,gun_large,,$technology_name_gun_main_8,1903,,80,gun(11;2),,,$technology_desc_gun_main_8,,,
gun_main_12,gun_large,,$technology_name_gun_main_9,1904,,80,gun(12;2),,,$technology_desc_gun_main_9,,,
gun_main_21,gun_large,,$technology_name_gun_main_11,1913,,90,gun(9;3),,,$technology_desc_gun_main_11,,,
gun_main_22,gun_large,,$technology_name_gun_main_12,1914,,80,gun(10;3),,,$technology_desc_gun_main_12,,,
gun_main_23,gun_large,,$technology_name_gun_main_13,1915,,80,gun(11;3),,,$technology_desc_gun_main_13,,,
gun_main_24,gun_large,,$technology_name_gun_main_14,1916,,80,gun(12;3),,,$technology_desc_gun_main_14,,,
gun_main_33,gun_large,,$technology_name_gun_main_21,1926,,90,gun(9;4),,,$technology_desc_gun_main_21,,,
gun_main_34,gun_large,,$technology_name_gun_main_22,1927,,80,gun(10;4),,,$technology_desc_gun_main_22,,,
gun_main_35,gun_large,,$technology_name_gun_main_26,1928,,80,gun(11;4),,,$technology_desc_gun_main_26,,,
gun_main_36,gun_large,,$technology_name_gun_main_29,1929,,80,gun(12;4),,,$technology_desc_gun_main_29,,,
gun_main_45,gun_large,,$technology_name_gun_main_27,1936,,90,gun(9;5),,,$technology_desc_gun_main_27,,,
gun_main_46,gun_large,,$technology_name_gun_main_33,1937,,80,gun(10;5),,,$technology_desc_gun_main_33,,,
gun_main_47,gun_large,,$technology_name_gun_main_34,1938,,80,gun(11;5),,,$technology_desc_gun_main_34,,,
gun_main_48,gun_large,,$technology_name_gun_main_35,1939,,80,gun(12;5),,,$technology_desc_gun_main_35,,,
gun_main_70,gun_large,,$technology_name_gun_main_70,1949,,90,gun(9;6),,,$technology_desc_gun_main_70,,,
gun_main_71,gun_large,,$technology_name_gun_main_71,1950,,80,gun(10;6),,,$technology_desc_gun_main_71,,,
gun_main_72,gun_large,,$technology_name_gun_main_72,1951,,80,gun(11;6),,,$technology_desc_gun_main_72,,,
gun_main_73,gun_large,,$technology_name_gun_main_73,1952,,80,gun(12;6),,,$technology_desc_gun_main_73,,,
,,,,,,,,,,,,,
gun_main_5,gun_verylarge,,$technology_name_gun_main_5,1896,,95,gun(13;1),,,$technology_desc_gun_main_5,,,
gun_main_6,gun_verylarge,,$technology_name_gun_main_16,1897,,90,gun(14;1),,,$technology_desc_gun_main_16,,,
gun_main_7,gun_verylarge,,$technology_name_gun_main_18,1898,,90,gun(15;1),,,$technology_desc_gun_main_18,,,
gun_main_8,gun_verylarge,,$technology_name_gun_main_20,1899,,90,gun(16;1),,,$technology_desc_gun_main_20,,,
gun_main_13,gun_verylarge,,$technology_name_gun_main_10,1907,,100,gun(13;2),,,$technology_desc_gun_main_10,,,
gun_main_14,gun_verylarge,,$technology_name_gun_main_17,1908,,90,gun(14;2),,,$technology_desc_gun_main_17,,,
gun_main_15,gun_verylarge,,$technology_name_gun_main_23,1909,,90,gun(15;2),,,$technology_desc_gun_main_23,,,
gun_main_16,gun_verylarge,,$technology_name_gun_main_24,1910,,90,gun(16;2),,,$technology_desc_gun_main_24,,,
gun_main_25,gun_verylarge,,$technology_name_gun_main_15,1920,,100,gun(13;3),,,$technology_desc_gun_main_15,,,
gun_main_26,gun_verylarge,,$technology_name_gun_main_19,1921,,90,gun(14;3),,,$technology_desc_gun_main_19,,,
gun_main_27,gun_verylarge,,$technology_name_gun_main_28,1922,,90,gun(15;3),,,$technology_desc_gun_main_28,,,
gun_main_28,gun_verylarge,,$technology_name_gun_main_30,1923,,90,gun(16;3),,,$technology_desc_gun_main_30,,,
gun_main_37,gun_verylarge,,$technology_name_gun_main_31,1933,,100,gun(13;4),,,$technology_desc_gun_main_31,,,
gun_main_38,gun_verylarge,,$technology_name_gun_main_43,1934,,90,gun(14;4),,,$technology_desc_gun_main_43,,,
gun_main_39,gun_verylarge,,$technology_name_gun_main_48,1935,,90,gun(15;4),,,$technology_desc_gun_main_48,,,
gun_main_40,gun_verylarge,,$technology_name_gun_main_51,1936,,90,gun(16;4),,,$technology_desc_gun_main_51,,,
gun_main_49,gun_verylarge,,$technology_name_gun_main_39,1946,,100,gun(13;5),,,$technology_desc_gun_main_39,,,
gun_main_50,gun_verylarge,,$technology_name_gun_main_49,1947,,90,gun(14;5),,,$technology_desc_gun_main_49,,,
gun_main_51,gun_verylarge,,$technology_name_gun_main_50,1948,,90,gun(15;5),,,$technology_desc_gun_main_50,,,
gun_main_52,gun_verylarge,,$technology_name_gun_main_52,1949,,90,gun(16;5),,,$technology_desc_gun_main_52,,,
gun_main_74,gun_verylarge,,$technology_name_gun_main_74,1959,,100,gun(13;6),,,$technology_desc_gun_main_74,,,
gun_main_75,gun_verylarge,,$technology_name_gun_main_75,1960,,90,gun(14;6),,,$technology_desc_gun_main_75,,,
gun_main_76,gun_verylarge,,$technology_name_gun_main_76,1961,,90,gun(15;6),,,$technology_desc_gun_main_76,,,
gun_main_77,gun_verylarge,,$technology_name_gun_main_77,1962,,90,gun(16;6),,,$technology_desc_gun_main_77,,,
,,,,,,,,,,,,,
gun_main_17,gun_xlarge,,$technology_name_gun_main_25,1910,,200,gun(17;1),,,$technology_desc_gun_main_25,,,
gun_main_18,gun_xlarge,,$technology_name_gun_main_36,1911,,100,gun(18;1),,,$technology_desc_gun_main_36,,,
gun_main_19,gun_xlarge,,$technology_name_gun_main_37,1912,,100,gun(19;1),,,$technology_desc_gun_main_37,,,
gun_main_20,gun_xlarge,,$technology_name_gun_main_38,1913,,100,gun(20;1),,,$technology_desc_gun_main_38,,,
gun_main_29,gun_xlarge,,$technology_name_gun_main_32,1921,,110,gun(17;2),,,$technology_desc_gun_main_32,,,
gun_main_30,gun_xlarge,,$technology_name_gun_main_40,1922,,100,gun(18;2),,,$technology_desc_gun_main_40,,,
gun_main_31,gun_xlarge,,$technology_name_gun_main_41,1923,,100,gun(19;2),,,$technology_desc_gun_main_41,,,
gun_main_32,gun_xlarge,,$technology_name_gun_main_42,1924,,100,gun(20;2),,,$technology_desc_gun_main_42,,,
gun_main_41,gun_xlarge,,$technology_name_gun_main_44,1931,,110,gun(17;3),,,$technology_desc_gun_main_44,,,
gun_main_42,gun_xlarge,,$technology_name_gun_main_45,1932,,100,gun(18;3),,,$technology_desc_gun_main_45,,,
gun_main_43,gun_xlarge,,$technology_name_gun_main_46,1933,,100,gun(19;3),,,$technology_desc_gun_main_46,,,
gun_main_44,gun_xlarge,,$technology_name_gun_main_47,1934,,100,gun(20;3),,,$technology_desc_gun_main_47,,,
gun_main_53,gun_xlarge,,$technology_name_gun_main_53,1943,,110,gun(17;4),,,$technology_desc_gun_main_53,,,
gun_main_54,gun_xlarge,,$technology_name_gun_main_54,1943,,100,gun(18;4),,,$technology_desc_gun_main_54,,,
gun_main_55,gun_xlarge,,$technology_name_gun_main_55,1944,,100,gun(19;4),,,$technology_desc_gun_main_55,,,
gun_main_56,gun_xlarge,,$technology_name_gun_main_56,1945,,100,gun(20;4),,,$technology_desc_gun_main_56,,,
gun_main_57,gun_xlarge,,$technology_name_gun_main_57,1952,,110,gun(17;5),,,$technology_desc_gun_main_57,,,
gun_main_58,gun_xlarge,,$technology_name_gun_main_58,1953,,100,gun(18;5),,,$technology_desc_gun_main_58,,,
gun_main_59,gun_xlarge,,$technology_name_gun_main_59,1954,,100,gun(19;5),,,$technology_desc_gun_main_59,,,
gun_main_60,gun_xlarge,,$technology_name_gun_main_60,1955,,100,gun(20;5),,,$technology_desc_gun_main_60,,,
gun_main_78,gun_xlarge,,$technology_name_gun_main_78,1962,,110,gun(17;6),,,$technology_desc_gun_main_78,,,
gun_main_79,gun_xlarge,,$technology_name_gun_main_79,1963,,100,gun(18;6),,,$technology_desc_gun_main_79,,,
gun_main_80,gun_xlarge,,$technology_name_gun_main_80,1964,,100,gun(19;6),,,$technology_desc_gun_main_80,,,
gun_main_81,gun_xlarge,,$technology_name_gun_main_81,1965,,100,gun(20;6),,,$technology_desc_gun_main_81,,,
#,,,,,,,,,,,,,
