#id (do not edit)                ,enabled / disabled,caliber in mm,sub-name,country override (several),ship type override (several),"model, grade N","scaling, grade N","scaling, grade N",,,,,,,,,,,,,,,,,,,,,,,,,,,,,,,,
@name,enabled,#mm,subName,countries,shipTypes,model_1,scale_1,max_scale_1,weight_modifier_1,caliber_length_modifier_1,model_2,scale_2,max_scale_2,weight_modifier_12,caliber_length_modifier_2,model_3,scale_3,max_scale_3,weight_modifier_13,caliber_length_modifier_3,model_4,scale_4,max_scale_4,weight_modifier_14,caliber_length_modifier_4,model_5,scale_5,max_scale_5,weight_modifier_15,caliber_length_modifier_5,#,#,#,#,#,#,#,#,#,#
default,1,,,,,,-1,-1,1,40,,-1,-1,1,45,,-1,-1,1,45,,-1,-1,1,50,,-1,-1,1,50,,,,,,,,,,
###,,,###,,,,,,,,,,,,,,,,,,,,,,,,,,,,,,,,,,,,,
gun_2_x1,,51,gun_2_x1,,,brandenburg_gun_76_x1,0.452,0.624,0.92,,jap_tb_gun_76_x1,1.25,1.435,0.92,,jap_tb_gun_76_x1,1.25,1.435,0.92,,iowa_gun_127_x1,0.5,0.68,0.92,,iowa_gun_127_x1,0.5,0.68,0.92,,,,,,,,,,,
gun_2_x2,,51,gun_2_x2,,,maine_gun_152_x2,0.504,0.698,0.7,,maine_gun_230_x2,0.46,0.586,0.7,,spee_gun_150_x2,0.596,0.722,0.7,,iowa_gun_127_x2,0.5,0.68,0.7,,iowa_gun_127_x2,0.5,0.68,0.7,,,,,,,,,,,
gun_2_x3,,51,gun_2_x3,,,maine_gun_152_x3,0.504,0.698,0.55,,maine_gun_230_x3,0.46,0.586,0.55,,spee_gun_150_x3,0.596,0.722,0.55,,iowa_gun_127_x3,0.5,0.68,0.55,,iowa_gun_127_x3,0.5,0.68,0.55,,,,,,,,,,,
gun_2_x4,,51,gun_2_x4,,,iowa_gun_127_x4,0.5,0.68,0.5,,iowa_gun_127_x4,0.5,0.68,0.5,,iowa_gun_127_x4,0.5,0.68,0.5,,iowa_gun_127_x4,0.5,0.68,0.5,,iowa_gun_127_x4,0.5,0.68,0.5,,,,,,,,,,,
gun_3_x1,,76,gun_3_x1,,,brandenburg_gun_76_x1,0.634,0.806,1,,jap_tb_gun_76_x1,1.445,1.63,1,,jap_tb_gun_76_x1,1.445,1.63,1,,iowa_gun_127_x1,0.7,0.88,1,,iowa_gun_127_x1,0.7,0.88,1,,,,,,,,,,,
gun_3_x2,,76,gun_3_x2,,,maine_gun_152_x2,0.718,0.912,1.08,,maine_gun_230_x2,0.596,0.722,1.08,,spee_gun_150_x2,0.732,0.858,1.08,,iowa_gun_127_x2,0.7,0.88,1.08,,iowa_gun_127_x2,0.7,0.88,1.08,,,,,,,,,,,
gun_3_x3,,76,gun_3_x3,,,maine_gun_152_x3,0.718,0.912,0.83,,maine_gun_230_x3,0.596,0.722,0.83,,spee_gun_150_x3,0.732,0.858,0.83,,iowa_gun_127_x3,0.7,0.88,0.83,,iowa_gun_127_x3,0.7,0.88,0.83,,,,,,,,,,,
gun_3_x4,,76,gun_3_x4,,,iowa_gun_127_x4,0.7,0.88,0.74,,iowa_gun_127_x4,0.7,0.88,0.74,,iowa_gun_127_x4,0.7,0.88,0.74,,iowa_gun_127_x4,0.7,0.88,0.74,,iowa_gun_127_x4,0.7,0.88,0.74,,,,,,,,,,,
gun_4_x1,,102,gun_4_x1,,,brandenburg_gun_76_x1,0.816,0.988,1.1,,jap_tb_gun_76_x1,1.64,1.825,1.1,,jap_tb_gun_76_x1,1.64,1.825,1.1,,dd_s_gun_b_102_x1,1.054,1.1895,1.1,,dd_s_gun_b_102_x1,1.054,1.1895,1.1,,,,,,,,,,,
gun_4_x2,,102,gun_4_x2,,,maine_gun_152_x2,0.932,1.126,1.28,,maine_gun_230_x2,0.732,0.858,1.28,,spee_gun_150_x2,0.868,0.994,1.28,,pola_gun_100_x2,0.868,0.994,1.28,,atl_gun_125_x2,0.868,0.994,1.28,,,,,,,,,,,
gun_4_x3,,102,gun_4_x3,,,maine_gun_152_x3,0.932,1.126,1,,maine_gun_230_x3,0.732,0.858,1,,spee_gun_150_x3,0.868,0.994,1,,pola_gun_100_x3,0.868,0.994,1,,atl_gun_125_x3,0.868,0.994,1,,,,,,,,,,,
gun_4_x4,,102,gun_4_x4,,,pola_gun_100_x4,0.868,0.994,0.85,,pola_gun_100_x4,0.868,0.994,0.85,,pola_gun_100_x4,0.868,0.994,0.85,,pola_gun_100_x4,0.868,0.994,0.85,,atl_gun_125_x4,0.868,0.994,0.85,,,,,,,,,,,
gun_5_x1,,127,gun_5_x1,,,brandenburg_gun_76_x1,0.998,1.08,0.85,,jap_tb_gun_76_x1,1.835,2.02,0.85,,dd_s_gun_d_102_x1,1.1995,1.335,0.85,,dd_s_gun_d_102_x1,1.1995,1.335,0.85,,dd_s_gun_b_102_x1,1.1995,1.335,0.85,,,,,,,,,,,
gun_5_x2,,127,gun_5_x2,,,maine_gun_152_x2,1.146,1.34,0.95,,maine_gun_230_x2,0.868,0.994,0.95,,spee_gun_150_x2,1.004,1.13,0.95,,pola_gun_100_x2,1.004,1.13,0.95,,atl_gun_125_x2,1.004,1.13,0.95,,,,,,,,,,,
gun_5_x3,,127,gun_5_x3,,,maine_gun_152_x3,1.146,1.34,0.75,,maine_gun_230_x3,0.868,0.994,0.75,,spee_gun_150_x3,1.004,1.13,0.75,,pola_gun_100_x3,1.004,1.13,0.75,,atl_gun_125_x3,1.004,1.13,0.75,,,,,,,,,,,
gun_5_x4,,127,gun_5_x4,,,pola_gun_100_x4,1.004,1.13,0.68,,pola_gun_100_x4,1.004,1.13,0.68,,pola_gun_100_x4,1.004,1.13,0.68,,pola_gun_100_x4,1.004,1.13,0.68,,atl_gun_125_x4,1.004,1.13,0.68,,,,,,,,,,,
gun_6_x1,,152,gun_6_x1,,,dd_s_gun_d_102_x1,1.345,1.4805,0.75,,dd_s_gun_c_102_x1,1.345,1.4805,0.75,,dd_s_gun_c_102_x1,1.345,1.4805,0.75,,dd_s_gun_b_102_x1,1.345,1.4805,0.75,,dd_s_gun_b_102_x1,1.345,1.4805,0.75,,,,,,,,,,,
gun_6_x2,,152,gun_6_x2,,,tsesarevich_gun_152_x2,0.955,1.0895,0.86,,agamemnon_gun_b_228_x2,1.14,1.266,0.86,,dreadnought_gun_178_x2,1.14,1.266,0.86,,dido_gun_cal133_x2,1.14,1.266,0.86,,yamato_gun_155_x2,0.7772,0.8808,0.86,,,,,,,,,,,
gun_6_x3,,152,gun_6_x3,,,tsesarevich_gun_152_x3,0.955,1.0895,0.66,,agamemnon_gun_b_228_x3,1.14,1.266,0.66,,dreadnought_gun_178_x3,1.14,1.266,0.66,,dido_gun_cal133_x3,1.14,1.266,0.66,,yamato_gun_155_x3,0.7772,0.8808,0.66,,,,,,,,,,,
gun_6_x4,,152,gun_6_x4,,,agamemnon_gun_b_228_x4,1.14,1.266,0.6,,agamemnon_gun_b_228_x4,1.14,1.266,0.6,,dreadnought_gun_178_x4,1.14,1.266,0.6,,dido_gun_cal133_x4,1.14,1.266,0.6,,yamato_gun_155_x4,0.7772,0.8808,0.6,,,,,,,,,,,
gun_7_x1,,178,gun_7_x1,,,dd_s_gun_d_102_x1,1.4905,1.626,0.8,,dd_s_gun_c_102_x1,1.4905,1.626,0.8,,dd_s_gun_c_102_x1,1.4905,1.626,0.8,,dd_s_gun_b_102_x1,1.4905,1.626,0.8,,dd_s_gun_b_102_x1,1.4905,1.626,0.8,,,,,,,,,,,
gun_7_x2,,178,gun_7_x2,,,tsesarevich_gun_152_x2,1.1095,1.244,0.9,,agamemnon_gun_b_228_x2,1.276,1.402,0.9,,dreadnought_gun_178_x2,1.276,1.402,0.9,,mont_gun_152_x2,1.057,1.167,0.9,,british_adv_cruiser_152_gun_x2,0.819,0.918,0.9,,,,,,,,,,,
gun_7_x3,,178,gun_7_x3,,,tsesarevich_gun_152_x3,1.1095,1.244,0.705,,agamemnon_gun_b_228_x3,1.276,1.402,0.705,,dreadnought_gun_178_x3,1.276,1.402,0.705,,mont_gun_152_x3,1.057,1.167,0.705,,british_adv_cruiser_152_gun_x3,0.819,0.918,0.705,,,,,,,,,,,
gun_7_x4,,178,gun_7_x4,,,agamemnon_gun_b_228_x4,1.276,1.402,0.64,,agamemnon_gun_b_228_x4,1.276,1.402,0.64,,dreadnought_gun_178_x4,1.276,1.402,0.64,,mont_gun_152_x4,1.057,1.167,0.64,,british_adv_cruiser_152_gun_x4,0.819,0.918,0.64,,,,,,,,,,,
gun_8_x1,,203,gun_8_x1,,,friedrich_gun_228_x1,0.8194,0.8976,1.17,,agamemnon_gun_228_x1,1.0184,1.1311,1.17,,nelson_gun_152_x1,1.1544,1.2626,1.17,,mont_gun_152_x1,1.184,1.294,1.17,,british_adv_cruiser_152_gun_x1,0.928,1.027,1.17,,,,,,,,,,,
gun_8_x2,,203,gun_8_x2,,,friedrich_gun_228_x2,0.8194,0.8976,0.88,,agamemnon_gun_228_x2,1.0184,1.1311,0.88,,nelson_gun_152_x2,1.1544,1.2626,0.88,,mont_gun_152_x2,1.184,1.294,0.88,,british_adv_cruiser_152_gun_x2,0.928,1.027,0.88,,,,,,,,,,,
gun_8_x3,,203,gun_8_x3,,,friedrich_gun_228_x3,0.8194,0.8976,0.69,,agamemnon_gun_228_x3,1.0184,1.1311,0.69,,nelson_gun_152_x3,1.1544,1.2626,0.69,,mont_gun_152_x3,1.184,1.294,0.69,,british_adv_cruiser_152_gun_x3,0.928,1.027,0.69,,,,,,,,,,,
gun_8_x4,,203,gun_8_x4,,,agamemnon_gun_228_x4,1.0184,1.1311,0.63,,agamemnon_gun_228_x4,1.0184,1.1311,0.63,,nelson_gun_152_x4,1.1544,1.2626,0.63,,mont_gun_152_x4,1.184,1.294,0.63,,british_adv_cruiser_152_gun_x4,0.928,1.027,0.63,,,,,,,,,,,
gun_9_x1,,229,gun_9_x1,,,friedrich_gun_228_x1,0.9076,0.9858,1.1,,agamemnon_gun_228_x1,1.1411,1.2538,1.1,,nelson_gun_152_x1,1.2726,1.3808,1.1,,mont_gun_152_x1,1.311,1.421,1.1,,british_adv_cruiser_152_gun_x1,1.037,1.136,1.1,,,,,,,,,,,
gun_9_x2,,229,gun_9_x2,,,friedrich_gun_228_x2,0.9076,0.9858,0.82,,agamemnon_gun_228_x2,1.1411,1.2538,0.82,,nelson_gun_152_x2,1.2726,1.3808,0.82,,mont_gun_152_x2,1.311,1.421,0.82,,british_adv_cruiser_152_gun_x2,1.037,1.136,0.82,,,,,,,,,,,
gun_9_x3,,229,gun_9_x3,,,friedrich_gun_228_x3,0.9076,0.9858,0.64,,agamemnon_gun_228_x3,1.1411,1.2538,0.64,,nelson_gun_152_x3,1.2726,1.3808,0.64,,mont_gun_152_x3,1.311,1.421,0.64,,british_adv_cruiser_152_gun_x3,1.037,1.136,0.64,,,,,,,,,,,
gun_9_x4,,229,gun_9_x4,,,agamemnon_gun_228_x4,1.1411,1.2538,0.58,,agamemnon_gun_228_x4,1.1411,1.2538,0.58,,nelson_gun_152_x4,1.2726,1.3808,0.58,,mont_gun_152_x4,1.311,1.421,0.58,,british_adv_cruiser_152_gun_x4,1.037,1.136,0.58,,,,,,,,,,,
gun_10_x1,,254,gun_10_x1,,,brandenburg_gun_279_x1,0.979,1.06,1.2,,dreadnought_gun_b_305_x1,0.954,1.035,1.2,,nelson_gun_406_x1,0.6908,0.754,1.2,,kgeorge_gun_380_x1,0.675,0.7275,1.2,,richelieu_gun_380_x1,0.675,0.7275,1.2,,,,,,,,,,,
gun_10_x2,,254,gun_10_x2,,,brandenburg_gun_279_x2,0.979,1.06,0.9,,dreadnought_gun_b_305_x2,0.954,1.035,0.9,,nelson_gun_406_x2,0.6908,0.754,0.9,,kgeorge_gun_380_x2,0.675,0.7275,0.9,,richelieu_gun_380_x2,0.675,0.7275,0.9,,,,,,,,,,,
gun_10_x3,,254,gun_10_x3,,,brandenburg_gun_279_x3,0.979,1.06,0.68,,dreadnought_gun_b_305_x3,0.954,1.035,0.68,,nelson_gun_406_x3,0.6908,0.754,0.68,,kgeorge_gun_380_x3,0.675,0.7275,0.68,,richelieu_gun_380_x3,0.675,0.7275,0.68,,,,,,,,,,,
gun_10_x4,,254,gun_10_x4,,,dreadnought_gun_b_305_x4,0.954,1.035,0.63,,dreadnought_gun_b_305_x4,0.954,1.035,0.63,,nelson_gun_406_x4,0.6908,0.754,0.63,,kgeorge_gun_380_x4,0.675,0.7275,0.63,,richelieu_gun_380_x4,0.675,0.7275,0.63,,,,,,,,,,,
gun_11_x1,,279,gun_11_x1,,,brandenburg_gun_279_x1,1.07,1.151,1.07,,dreadnought_gun_b_305_x1,1.045,1.126,1.07,,nelson_gun_406_x1,0.759,0.8222,1.07,,kgeorge_gun_380_x1,0.7375,0.79,1.07,,richelieu_gun_380_x1,0.7375,0.79,1.07,,,,,,,,,,,
gun_11_x2,,279,gun_11_x2,,,brandenburg_gun_279_x2,1.07,1.151,0.82,,dreadnought_gun_b_305_x2,1.045,1.126,0.82,,nelson_gun_406_x2,0.759,0.8222,0.82,,kgeorge_gun_380_x2,0.7375,0.79,0.82,,richelieu_gun_380_x2,0.7375,0.79,0.82,,,,,,,,,,,
gun_11_x3,,279,gun_11_x3,,,brandenburg_gun_279_x3,1.07,1.151,0.66,,dreadnought_gun_b_305_x3,1.045,1.126,0.66,,nelson_gun_406_x3,0.759,0.8222,0.66,,kgeorge_gun_380_x3,0.7375,0.79,0.66,,richelieu_gun_380_x3,0.7375,0.79,0.66,,,,,,,,,,,
gun_11_x4,,279,gun_11_x4,,,dreadnought_gun_b_305_x4,1.045,1.126,0.61,,dreadnought_gun_b_305_x4,1.045,1.126,0.61,,nelson_gun_406_x4,0.759,0.8222,0.61,,kgeorge_gun_380_x4,0.7375,0.79,0.61,,richelieu_gun_380_x4,0.7375,0.79,0.61,,,,,,,,,,,
gun_12_x1,,305,gun_12_x1,,,friedrich_gun_305_x1,1.1298,1.2061,1.07,,dreadnought_gun_b_305_x1,1.136,1.217,1.07,,nelson_gun_406_x1,0.8272,0.8904,1.07,,kgeorge_gun_380_x1,0.8,0.8525,1.07,,richelieu_gun_380_x1,0.8,0.8525,1.07,,,,,,,,,,,
gun_12_x2,,305,gun_12_x2,,,friedrich_gun_305_x2,1.1298,1.2061,0.82,,dreadnought_gun_b_305_x2,1.136,1.217,0.82,,nelson_gun_406_x2,0.8272,0.8904,0.82,,kgeorge_gun_380_x2,0.8,0.8525,0.82,,richelieu_gun_380_x2,0.8,0.8525,0.82,,,,,,,,,,,
gun_12_x3,,305,gun_12_x3,,,friedrich_gun_305_x3,1.1298,1.2061,0.66,,dreadnought_gun_b_305_x3,1.136,1.217,0.66,,nelson_gun_406_x3,0.8272,0.8904,0.66,,kgeorge_gun_380_x3,0.8,0.8525,0.66,,richelieu_gun_380_x3,0.8,0.8525,0.66,,,,,,,,,,,
gun_12_x4,,305,gun_12_x4,,,dreadnought_gun_b_305_x4,1.136,1.217,0.61,,dreadnought_gun_b_305_x4,1.136,1.217,0.61,,nelson_gun_406_x4,0.8272,0.8904,0.61,,kgeorge_gun_380_x4,0.8,0.8525,0.61,,richelieu_gun_380_x4,0.8,0.8525,0.61,,,,,,,,,,,
gun_13_x1,,330,gun_13_x1,,,friedrich_gun_305_x1,1.2161,1.2924,1.13,,dreadnought_gun_b_305_x1,1.227,1.308,1.13,,nelson_gun_406_x1,0.8954,0.9586,1.13,,kgeorge_gun_380_x1,0.8625,0.915,1.13,,richelieu_gun_380_x1,0.8625,0.915,1.13,,,,,,,,,,,
gun_13_x2,,330,gun_13_x2,,,friedrich_gun_305_x2,1.2161,1.2924,0.88,,dreadnought_gun_b_305_x2,1.227,1.308,0.88,,nelson_gun_406_x2,0.8954,0.9586,0.88,,kgeorge_gun_380_x2,0.8625,0.915,0.88,,richelieu_gun_380_x2,0.8625,0.915,0.88,,,,,,,,,,,
gun_13_x3,,330,gun_13_x3,,,friedrich_gun_305_x3,1.2161,1.2924,0.705,,dreadnought_gun_b_305_x3,1.227,1.308,0.705,,nelson_gun_406_x3,0.8954,0.9586,0.705,,kgeorge_gun_380_x3,0.8625,0.915,0.705,,richelieu_gun_380_x3,0.8625,0.915,0.705,,,,,,,,,,,
gun_13_x4,,330,gun_13_x4,,,dreadnought_gun_b_305_x4,1.227,1.308,0.65,,dreadnought_gun_b_305_x4,1.227,1.308,0.65,,nelson_gun_406_x4,0.8954,0.9586,0.65,,kgeorge_gun_380_x4,0.8625,0.915,0.65,,richelieu_gun_380_x4,0.8625,0.915,0.65,,,,,,,,,,,
gun_14_x1,,356,gun_14_x1,,,friedrich_gun_305_x1,1.3024,1.3787,1.13,,dreadnought_gun_b_305_x1,1.318,1.399,1.13,,nelson_gun_406_x1,0.9636,1.0268,1.13,,kgeorge_gun_380_x1,0.925,0.9775,1.13,,richelieu_gun_380_x1,0.925,0.9775,1.13,,,,,,,,,,,
gun_14_x2,,356,gun_14_x2,,,friedrich_gun_305_x2,1.3024,1.3787,0.88,,dreadnought_gun_b_305_x2,1.318,1.399,0.88,,nelson_gun_406_x2,0.9636,1.0268,0.88,,kgeorge_gun_380_x2,0.925,0.9775,0.88,,richelieu_gun_380_x2,0.925,0.9775,0.88,,,,,,,,,,,
gun_14_x3,,356,gun_14_x3,,,friedrich_gun_305_x3,1.3024,1.3787,0.705,,dreadnought_gun_b_305_x3,1.318,1.399,0.705,,nelson_gun_406_x3,0.9636,1.0268,0.705,,kgeorge_gun_380_x3,0.925,0.9775,0.705,,richelieu_gun_380_x3,0.925,0.9775,0.705,,,,,,,,,,,
gun_14_x4,,356,gun_14_x4,,,dreadnought_gun_b_305_x4,1.318,1.399,0.66,,dreadnought_gun_b_305_x4,1.318,1.399,0.66,,nelson_gun_406_x4,0.9636,1.0268,0.66,,kgeorge_gun_380_x4,0.925,0.9775,0.66,,richelieu_gun_380_x4,0.925,0.9775,0.66,,,,,,,,,,,
gun_15_x1,,381,gun_15_x1,,,friedrich_gun_305_x1,1.3887,1.465,1.14,,dreadnought_gun_b_305_x1,1.409,1.49,1.14,,nelson_gun_406_x1,1.0318,1.095,1.14,,richelieu_gun_380_x1,0.9875,1.04,1.14,,richelieu_gun_380_x1,0.9875,1.04,1.14,,,,,,,,,,,
gun_15_x2,,381,gun_15_x2,,,friedrich_gun_305_x2,1.3887,1.465,0.9,,dreadnought_gun_b_305_x2,1.409,1.49,0.9,,nelson_gun_406_x2,1.0318,1.095,0.9,,richelieu_gun_380_x2,0.9875,1.04,0.9,,richelieu_gun_380_x2,0.9875,1.04,0.9,,,,,,,,,,,
gun_15_x3,,381,gun_15_x3,,,friedrich_gun_305_x3,1.3887,1.465,0.72,,dreadnought_gun_b_305_x3,1.409,1.49,0.72,,nelson_gun_406_x3,1.0318,1.095,0.72,,richelieu_gun_380_x3,0.9875,1.04,0.72,,richelieu_gun_380_x3,0.9875,1.04,0.72,,,,,,,,,,,
gun_15_x4,,381,gun_15_x4,,,dreadnought_gun_b_305_x4,1.409,1.49,0.675,,dreadnought_gun_b_305_x4,1.409,1.49,0.675,,nelson_gun_406_x4,1.0318,1.095,0.675,,richelieu_gun_380_x4,0.9875,1.04,0.675,,richelieu_gun_380_x4,0.9875,1.04,0.675,,,,,,,,,,,
gun_16_x1,,406,gun_16_x1,,,friedrich_gun_305_x1,1.475,1.5513,1.15,,dreadnought_gun_b_305_x1,1.5,1.581,1.15,,nelson_gun_406_x1,1.1,1.1632,1.15,,richelieu_gun_380_x1,1.05,1.1025,1.15,,richelieu_gun_380_x1,1.05,1.1025,1.15,,,,,,,,,,,
gun_16_x2,,406,gun_16_x2,,,friedrich_gun_305_x2,1.475,1.5513,0.93,,dreadnought_gun_b_305_x2,1.5,1.581,0.93,,nelson_gun_406_x2,1.1,1.1632,0.93,,richelieu_gun_380_x2,1.05,1.1025,0.93,,richelieu_gun_380_x2,1.05,1.1025,0.93,,,,,,,,,,,
gun_16_x3,,406,gun_16_x3,,,friedrich_gun_305_x3,1.475,1.5513,0.75,,dreadnought_gun_b_305_x3,1.5,1.581,0.75,,nelson_gun_406_x3,1.1,1.1632,0.75,,richelieu_gun_380_x3,1.05,1.1025,0.75,,richelieu_gun_380_x3,1.05,1.1025,0.75,,,,,,,,,,,
gun_16_x4,,406,gun_16_x4,,,dreadnought_gun_b_305_x4,1.5,1.581,0.68,,dreadnought_gun_b_305_x4,1.5,1.581,0.68,,nelson_gun_406_x4,1.1,1.1632,0.68,,richelieu_gun_380_x4,1.05,1.1025,0.68,,richelieu_gun_380_x4,1.05,1.1025,0.68,,,,,,,,,,,
gun_17_x1,,432,gun_17_x1,,,nelson_gun_406_x1,1.1682,1.2314,1.2,,kgeorge_gun_380_x1,1.1125,1.165,1.2,,richelieu_gun_380_x1,1.1125,1.165,1.2,,richelieu_gun_380_x1,1.1125,1.165,1.2,,richelieu_gun_380_x1,1.1125,1.165,1.2,,,,,,,,,,,
gun_17_x2,,432,gun_17_x2,,,nelson_gun_406_x2,1.1682,1.2314,0.95,,kgeorge_gun_380_x2,1.1125,1.165,0.95,,richelieu_gun_380_x2,1.1125,1.165,0.95,,richelieu_gun_380_x2,1.1125,1.165,0.95,,richelieu_gun_380_x2,1.1125,1.165,0.95,,,,,,,,,,,
gun_17_x3,,432,gun_17_x3,,,nelson_gun_406_x3,1.1682,1.2314,0.775,,kgeorge_gun_380_x3,1.1125,1.165,0.775,,richelieu_gun_380_x3,1.1125,1.165,0.775,,richelieu_gun_380_x3,1.1125,1.165,0.775,,richelieu_gun_380_x3,1.1125,1.165,0.775,,,,,,,,,,,
gun_17_x4,,432,gun_17_x4,,,nelson_gun_406_x4,1.1682,1.2314,0.71,,kgeorge_gun_380_x4,1.1125,1.165,0.71,,richelieu_gun_380_x4,1.1125,1.165,0.71,,richelieu_gun_380_x4,1.1125,1.165,0.71,,richelieu_gun_380_x4,1.1125,1.165,0.71,,,,,,,,,,,
gun_18_x1,,457,gun_18_x1,,,nelson_gun_406_x1,1.2364,1.2996,1.23,,kgeorge_gun_380_x1,1.175,1.2275,1.23,,richelieu_gun_380_x1,1.175,1.2275,1.23,,richelieu_gun_380_x1,1.175,1.2275,1.23,,richelieu_gun_380_x1,1.175,1.2275,1.23,,,,,,,,,,,
gun_18_x2,,457,gun_18_x2,,,nelson_gun_406_x2,1.2364,1.2996,0.985,,kgeorge_gun_380_x2,1.175,1.2275,0.985,,richelieu_gun_380_x2,1.175,1.2275,0.985,,richelieu_gun_380_x2,1.175,1.2275,0.985,,richelieu_gun_380_x2,1.175,1.2275,0.985,,,,,,,,,,,
gun_18_x3,,457,gun_18_x3,,,nelson_gun_406_x3,1.2364,1.2996,0.81,,kgeorge_gun_380_x3,1.175,1.2275,0.81,,richelieu_gun_380_x3,1.175,1.2275,0.81,,richelieu_gun_380_x3,1.175,1.2275,0.81,,richelieu_gun_380_x3,1.175,1.2275,0.81,,,,,,,,,,,
gun_18_x4,,457,gun_18_x4,,,nelson_gun_406_x4,1.2364,1.2996,0.735,,kgeorge_gun_380_x4,1.175,1.2275,0.735,,richelieu_gun_380_x4,1.175,1.2275,0.735,,richelieu_gun_380_x4,1.175,1.2275,0.735,,richelieu_gun_380_x4,1.175,1.2275,0.735,,,,,,,,,,,
gun_19_x1,,483,gun_19_x1,,,nelson_gun_406_x1,1.3046,1.3678,1.16,,kgeorge_gun_380_x1,1.2375,1.29,1.16,,richelieu_gun_380_x1,1.2375,1.29,1.16,,richelieu_gun_380_x1,1.2375,1.29,1.16,,richelieu_gun_380_x1,1.2375,1.29,1.16,,,,,,,,,,,
gun_19_x2,,483,gun_19_x2,,,nelson_gun_406_x2,1.3046,1.3678,0.95,,kgeorge_gun_380_x2,1.2375,1.29,0.95,,richelieu_gun_380_x2,1.2375,1.29,0.95,,richelieu_gun_380_x2,1.2375,1.29,0.95,,richelieu_gun_380_x2,1.2375,1.29,0.95,,,,,,,,,,,
gun_19_x3,,483,gun_19_x3,,,nelson_gun_406_x3,1.3046,1.3678,0.78,,kgeorge_gun_380_x3,1.2375,1.29,0.78,,richelieu_gun_380_x3,1.2375,1.29,0.78,,richelieu_gun_380_x3,1.2375,1.29,0.78,,richelieu_gun_380_x3,1.2375,1.29,0.78,,,,,,,,,,,
gun_19_x4,,483,gun_19_x4,,,nelson_gun_406_x4,1.3046,1.3678,0.725,,kgeorge_gun_380_x4,1.2375,1.29,0.725,,richelieu_gun_380_x4,1.2375,1.29,0.725,,richelieu_gun_380_x4,1.2375,1.29,0.725,,richelieu_gun_380_x4,1.2375,1.29,0.725,,,,,,,,,,,
gun_20_x1,,508,gun_20_x1,,,nelson_gun_406_x1,1.3728,1.436,1.05,,kgeorge_gun_380_x1,1.3,1.3525,1.05,,richelieu_gun_380_x1,1.3,1.3525,1.05,,richelieu_gun_380_x1,1.3,1.3525,1.05,,richelieu_gun_380_x1,1.3,1.3525,1.05,,,,,,,,,,,
gun_20_x2,,508,gun_20_x2,,,nelson_gun_406_x2,1.3728,1.436,0.85,,kgeorge_gun_380_x2,1.3,1.3525,0.85,,richelieu_gun_380_x2,1.3,1.3525,0.85,,richelieu_gun_380_x2,1.3,1.3525,0.85,,richelieu_gun_380_x2,1.3,1.3525,0.85,,,,,,,,,,,
gun_20_x3,,508,gun_20_x3,,,nelson_gun_406_x3,1.3728,1.436,0.7,,kgeorge_gun_380_x3,1.3,1.3525,0.7,,richelieu_gun_380_x3,1.3,1.3525,0.7,,richelieu_gun_380_x3,1.3,1.3525,0.7,,richelieu_gun_380_x3,1.3,1.3525,0.7,,,,,,,,,,,
gun_20_x4,,508,gun_20_x4,,,nelson_gun_406_x4,1.3728,1.436,0.65,,kgeorge_gun_380_x4,1.3,1.3525,0.65,,richelieu_gun_380_x4,1.3,1.3525,0.65,,richelieu_gun_380_x4,1.3,1.3525,0.65,,richelieu_gun_380_x4,1.3,1.3525,0.65,,,,,,,,,,,
gun_2_x1_alt,,51,gun_2_x1_alt,,,maine_gun_152_x1,0.6054,0.7093,0.92,,maine_gun_152_x1,0.6129,0.7181,0.92,,small_gun_e_76_x1,0.7424,0.8698,0.92,,richelieu_gun_120_x1,0.7947,0.9311,0.92,,richelieu_gun_120_x1,0.8046,0.9427,0.92,,,,,,,,,,,
gun_2_x2_alt,,51,gun_2_x2_alt,,,maine_gun_152_x2,0.6054,0.7093,0.7,,maine_gun_152_x2,0.6129,0.7181,0.7,,maine_gun_152_x2,0.6206,0.7271,0.7,,richelieu_gun_120_x2,0.7947,0.9311,0.7,,richelieu_gun_120_x2,0.8046,0.9427,0.7,,,,,,,,,,,
gun_2_x3_alt,,51,gun_2_x3_alt,,,maine_gun_152_x3,0.6054,0.7093,0.55,,maine_gun_152_x3,0.6129,0.7181,0.55,,maine_gun_152_x3,0.6206,0.7271,0.55,,richelieu_gun_120_x3,0.7947,0.9311,0.55,,richelieu_gun_120_x3,0.8046,0.9427,0.55,,,,,,,,,,,
gun_3_x1_alt,,76,gun_3_x1_alt,,,maine_gun_152_x1,0.7691,0.861,1.45,,maine_gun_152_x1,0.7786,0.8716,1.45,,small_gun_c_76_x1,1.5896,1.7795,1.45,,small_gun_e_76_x1,0.9549,1.069,1.45,,akizuki_gun_b_127_x1,0.8754,0.98,1.45,,,,,,,,,,,
gun_3_x2_alt,,76,gun_3_x2_alt,,,maine_gun_152_x2,0.7691,0.861,1.08,,maine_gun_152_x2,0.7786,0.8716,1.08,,maine_gun_152_x2,0.7884,0.8826,1.08,,iowa_gun_127_x2,1.0084,1.1289,1.08,,moga_gun_127_x2,1.0215,1.1436,1.08,,,,,,,,,,,
gun_3_x3_alt,,76,gun_3_x3_alt,,,maine_gun_152_x3,0.7691,0.861,0.83,,maine_gun_152_x3,0.7786,0.8716,0.83,,maine_gun_152_x3,0.7884,0.8826,0.83,,iowa_gun_127_x3,1.0084,1.1289,0.83,,moga_gun_127_x3,1.0204,1.1423,0.83,,,,,,,,,,,
gun_4_x1_alt,,102,gun_4_x1_alt,,,maine_gun_152_x1,0.9176,1.001,1.7,,maine_gun_152_x1,0.9289,1.0133,1.7,,dd_s_gun_d_102_x1,0.943,1.0287,1.7,,hood_gun_140_x1,1.0327,1.1266,1.7,,akizuki_gun_b_127_x1,1.0444,1.1393,1.7,,,,,,,,,,,
gun_4_x2_alt,,102,gun_4_x2_alt,,,maine_gun_152_x2,0.9176,1.001,1.28,,maine_gun_152_x2,0.9289,1.0133,1.28,,maine_gun_254_x2_b,0.468,0.5106,1.28,,ussr_gun_100_x2,0.9029,0.985,1.28,,moga_gun_127_x2,1.2188,1.3296,1.28,,,,,,,,,,,
gun_4_x3_alt,,102,gun_4_x3_alt,,,maine_gun_152_x3,0.9176,1.001,1,,maine_gun_152_x3,0.9289,1.0133,1,,maine_gun_254_x3_b,0.468,0.5106,1,,ussr_gun_100_x3,0.9025,0.9845,1,,moga_gun_127_x3,1.2174,1.328,1,,,,,,,,,,,
gun_5_x1_alt,,127,gun_5_x1_alt,,,maine_gun_152_x1,1.0466,1.124,1.25,,maine_gun_152_x1,1.0595,1.1378,1.25,,dd_s_gun_d_102_x1,1.0755,1.155,1.25,,hood_gun_140_x1,1.1778,1.2648,1.25,,akizuki_gun_b_127_x1,1.1912,1.2792,1.25,,,,,,,,,,,
gun_5_x2_alt,,127,gun_5_x2_alt,,,maine_gun_152_x2,1.0466,1.124,0.95,,maine_gun_152_x2,1.0595,1.1378,0.95,,maine_gun_254_x2_b,0.5338,0.5733,0.95,,ussr_gun_100_x2,1.0298,1.1059,0.95,,ussr_gun_100_x2,1.0427,1.1198,0.95,,,,,,,,,,,
gun_5_x3_alt,,127,gun_5_x3_alt,,,maine_gun_152_x3,1.0466,1.124,0.75,,maine_gun_152_x3,1.0595,1.1378,0.75,,maine_gun_254_x3_b,0.5338,0.5733,0.75,,ussr_gun_100_x3,1.0294,1.1055,0.75,,ussr_gun_100_x3,1.0424,1.1194,0.75,,,,,,,,,,,
gun_6_x2_alt,,152,gun_6_x2_alt,,,ny_gun_210_x2,0.8737,0.9281,0.86,,ny_gun_210_x2,0.8846,0.9397,0.86,,maine_gun_254_x2_b,0.5946,0.6317,0.86,,ussr_gun_100_x2,1.1471,1.2185,0.86,,ussr_gun_100_x2,1.1614,1.2337,0.86,,,,,,,,,,,
gun_6_x3_alt,,152,gun_6_x3_alt,,,ny_gun_210_x3,0.8737,0.9281,0.66,,ny_gun_210_x3,0.8846,0.9397,0.66,,maine_gun_254_x3_b,0.5946,0.6317,0.66,,ussr_gun_100_x3,1.1466,1.218,0.66,,ussr_gun_100_x3,1.161,1.2333,0.66,,,,,,,,,,,
gun_7_x2_alt,,178,gun_7_x2_alt,,,ny_gun_210_x2,0.9855,1.0383,0.9,,ny_gun_210_x2,0.9978,1.0512,0.9,,hood_gun_380_x2,0.5369,0.5657,0.9,,ussr_gun_152_x2,0.9437,0.9942,0.9,,ussr_gun_152_x2,0.9555,1.0067,0.9,,,,,,,,,,,
gun_7_x3_alt,,178,gun_7_x3_alt,,,ny_gun_210_x3,0.9855,1.0383,0.705,,ny_gun_210_x3,0.9978,1.0512,0.705,,hood_gun_380_x3,0.5369,0.5657,0.705,,ussr_gun_152_x3,0.9441,0.9946,0.705,,ussr_gun_152_x3,0.9558,1.007,0.705,,,,,,,,,,,
gun_8_x2_alt,,203,gun_8_x2_alt,,,ny_gun_210_x2,1.0923,1.1438,0.88,,ny_gun_210_x2,1.106,1.1582,0.88,,hood_gun_380_x2,0.5951,0.6232,0.88,,ussr_gun_152_x2,1.046,1.0953,0.88,,ussr_gun_152_x2,1.059,1.1089,0.88,,,,,,,,,,,
gun_8_x3_alt,,203,gun_8_x3_alt,,,ny_gun_210_x3,1.0923,1.1438,0.69,,ny_gun_210_x3,1.106,1.1582,0.69,,hood_gun_380_x3,0.5951,0.6232,0.69,,ussr_gun_152_x3,1.0464,1.0958,0.69,,ussr_gun_152_x3,1.0594,1.1094,0.69,,,,,,,,,,,
gun_9_x2_alt,,229,gun_9_x2_alt,,,ny_gun_210_x2,1.2033,1.2538,0.82,,ny_gun_210_x2,1.2183,1.2694,0.82,,irresistible_gun_305_x2,0.8195,0.8539,0.82,,dreadnought_gun_305_x2,0.8299,0.8647,0.82,,ussr_gun_152_x2,1.1666,1.2156,0.82,,,,,,,,,,,
gun_9_x3_alt,,229,gun_9_x3_alt,,,ny_gun_210_x3,1.2033,1.2538,0.64,,ny_gun_210_x3,1.2183,1.2694,0.64,,irresistible_gun_305_x3,0.8195,0.8539,0.64,,dreadnought_gun_305_x3,0.8299,0.8647,0.64,,ussr_gun_152_x3,1.167,1.216,0.64,,,,,,,,,,,
gun_10_x2_alt,,254,gun_10_x2_alt,,,ny_gun_210_x2,1.3102,1.3599,0.9,,ny_gun_210_x2,1.3266,1.3769,0.9,,irresistible_gun_305_x2,0.8923,0.9262,0.9,,dreadnought_gun_305_x2,0.9037,0.938,0.9,,ussr_gun_152_x2,1.2702,1.3184,0.9,,,,,,,,,,,
gun_10_x3_alt,,254,gun_10_x3_alt,,,ny_gun_210_x3,1.3102,1.3599,0.68,,ny_gun_210_x3,1.3266,1.3769,0.68,,irresistible_gun_305_x3,0.8923,0.9262,0.68,,dreadnought_gun_305_x3,0.9037,0.938,0.68,,ussr_gun_152_x3,1.2707,1.3189,0.68,,,,,,,,,,,
gun_11_x2_alt,,279,gun_11_x2_alt,,,ny_gun_210_x2,1.4176,1.4667,0.82,,ny_gun_210_x2,1.4353,1.485,0.82,,irresistible_gun_305_x2,0.9655,0.999,0.82,,dreadnought_gun_305_x2,0.9777,1.0116,0.82,,ussr_gun_152_x2,1.3743,1.4219,0.82,,,,,,,,,,,
gun_11_x3_alt,,279,gun_11_x3_alt,,,ny_gun_210_x3,1.4176,1.4667,0.66,,ny_gun_210_x3,1.4353,1.485,0.66,,irresistible_gun_305_x3,0.9655,0.999,0.66,,dreadnought_gun_305_x3,0.9777,1.0116,0.66,,ussr_gun_152_x3,1.3749,1.4225,0.66,,,,,,,,,,,
gun_12_x2_alt,,305,gun_12_x2_alt,,,ny_gun_210_x2,1.5299,1.5785,0.82,,ny_gun_210_x2,1.549,1.5982,0.82,,agamemnon_gun_305_x2,1.042,1.0751,0.82,,agamemnon_gun_305_x2,1.0552,1.0887,0.82,,agamemnon_gun_305_x2,1.0681,1.102,0.82,,,,,,,,,,,
gun_12_x3_alt,,305,gun_12_x3_alt,,,ny_gun_210_x3,1.5299,1.5785,0.66,,ny_gun_210_x3,1.549,1.5982,0.66,,agamemnon_gun_305_x3,1.042,1.0751,0.66,,agamemnon_gun_305_x3,1.0552,1.0887,0.66,,agamemnon_gun_305_x3,1.0681,1.102,0.66,,,,,,,,,,,
gun_13_x2_alt,,330,gun_13_x2_alt,,,ny_gun_210_x2,1.6387,1.6869,0.88,,ny_gun_210_x2,1.6592,1.708,0.88,,agamemnon_gun_305_x2,1.1161,1.1489,0.88,,agamemnon_gun_305_x2,1.1302,1.1634,0.88,,agamemnon_gun_305_x2,1.1441,1.1778,0.88,,,,,,,,,,,
gun_13_x3_alt,,330,gun_13_x3_alt,,,ny_gun_210_x3,1.6387,1.6869,0.705,,ny_gun_210_x3,1.6592,1.708,0.705,,agamemnon_gun_305_x3,1.1161,1.1489,0.705,,agamemnon_gun_305_x3,1.1302,1.1634,0.705,,agamemnon_gun_305_x3,1.1441,1.1778,0.705,,,,,,,,,,,
gun_14_x2_alt,,356,gun_14_x2_alt,,,maine_gun_254_x2_b,1.1635,1.1953,0.88,,dreadnought_gun_c_305_x2,1.1996,1.2324,0.88,,dreadnought_gun_c_305_x2,1.2144,1.2476,0.88,,agamemnon_gun_305_x2,1.209,1.242,0.88,,agamemnon_gun_305_x2,1.2238,1.2572,0.88,,,,,,,,,,,
gun_14_x3_alt,,356,gun_14_x3_alt,,,maine_gun_254_x3_b,1.1635,1.1953,0.705,,dreadnought_gun_c_305_x3,1.1996,1.2324,0.705,,dreadnought_gun_c_305_x3,1.2144,1.2476,0.705,,agamemnon_gun_305_x3,1.209,1.242,0.705,,agamemnon_gun_305_x3,1.2238,1.2572,0.705,,,,,,,,,,,
gun_15_x2_alt,,381,gun_15_x2_alt,,,warrior_gun_228_x2,1.614,1.6552,0.9,,irresistible_gun_305_x2,1.2535,1.2855,0.9,,dreadnought_gun_b_305_x2,1.2693,1.3017,0.9,,dreadnought_gun_b_305_x2,1.2853,1.3181,0.9,,ussr_gun_406_x2,0.868,0.8902,0.9,,,,,,,,,,,
gun_15_x3_alt,,381,gun_15_x3_alt,,,warrior_gun_228_x3,1.614,1.6552,0.72,,irresistible_gun_305_x3,1.2535,1.2855,0.72,,dreadnought_gun_b_305_x3,1.2693,1.3017,0.72,,dreadnought_gun_b_305_x3,1.2853,1.3181,0.72,,ussr_gun_406_x3,0.868,0.8902,0.72,,,,,,,,,,,
gun_16_x2_alt,,406,gun_16_x2_alt,,,warrior_gun_228_x2,1.7109,1.752,0.93,,irresistible_gun_305_x2,1.3287,1.3606,0.93,,dreadnought_gun_b_305_x2,1.3454,1.3777,0.93,,dreadnought_gun_b_305_x2,1.3625,1.3952,0.93,,ussr_gun_406_x2,0.9201,0.9422,0.93,,,,,,,,,,,
gun_16_x3_alt,,406,gun_16_x3_alt,,,warrior_gun_228_x3,1.7109,1.752,0.75,,irresistible_gun_305_x3,1.3287,1.3606,0.75,,dreadnought_gun_b_305_x3,1.3454,1.3777,0.75,,dreadnought_gun_b_305_x3,1.3625,1.3952,0.75,,ussr_gun_406_x3,0.9201,0.9422,0.75,,,,,,,,,,,
gun_17_x2_alt,,432,gun_17_x2_alt,,,warrior_gun_228_x2,1.8126,1.8535,0.95,,irresistible_gun_305_x2,1.4077,1.4395,0.95,,dreadnought_gun_b_305_x2,1.4254,1.4576,0.95,,dreadnought_gun_b_305_x2,1.4435,1.4761,0.95,,ussr_gun_406_x2,0.9748,0.9968,0.95,,,,,,,,,,,
gun_17_x3_alt,,432,gun_17_x3_alt,,,warrior_gun_228_x3,1.8126,1.8535,0.775,,irresistible_gun_305_x3,1.4077,1.4395,0.775,,dreadnought_gun_b_305_x3,1.4254,1.4576,0.775,,dreadnought_gun_b_305_x3,1.4435,1.4761,0.775,,ussr_gun_406_x3,0.9748,0.9968,0.775,,,,,,,,,,,
gun_18_x2_alt,,457,gun_18_x2_alt,,,warrior_gun_228_x2,1.9115,1.9523,0.985,,irresistible_gun_305_x2,1.4845,1.5162,0.985,,dreadnought_gun_b_305_x2,1.5031,1.5352,0.985,,dreadnought_gun_b_305_x2,1.5222,1.5547,0.985,,ussr_gun_406_x2,1.0279,1.0499,0.985,,,,,,,,,,,
gun_18_x3_alt,,457,gun_18_x3_alt,,,warrior_gun_228_x3,1.9115,1.9523,0.81,,irresistible_gun_305_x3,1.4845,1.5162,0.81,,dreadnought_gun_b_305_x3,1.5031,1.5352,0.81,,dreadnought_gun_b_305_x3,1.5222,1.5547,0.81,,ussr_gun_406_x3,1.0279,1.0499,0.81,,,,,,,,,,,
###,,,###,,,,,,,,,,,,,,,,,,,,,,,,,,,,,,,,,,,,,
casemate_2,,51,casemate_2,,,casemate_gun_150_x1,0.53,0.63,2.6,,casemate_gun_150_x1,0.53,0.63,2.6,,casemate_gun_150_x1,0.53,0.63,2.6,,casemate_gun_150_x1,0.53,0.63,2.6,,casemate_gun_150_x1,0.53,0.63,2.6,,,,,,,,,,,
casemate_3,,76,casemate_3,,,casemate_gun_150_x1,0.643,0.743,2.2,,casemate_gun_150_x1,0.643,0.743,2.2,,casemate_gun_150_x1,0.643,0.743,2.2,,casemate_gun_150_x1,0.643,0.743,2.2,,casemate_gun_150_x1,0.643,0.743,2.2,,,,,,,,,,,
casemate_4,,102,casemate_4,,,casemate_gun_150_x1,0.756,0.856,1.9,,casemate_gun_150_x1,0.756,0.856,1.9,,casemate_gun_150_x1,0.756,0.856,1.9,,casemate_gun_150_x1,0.756,0.856,1.9,,casemate_gun_150_x1,0.756,0.856,1.9,,,,,,,,,,,
casemate_5,,127,casemate_5,,,casemate_gun_150_x1,0.869,0.969,1.4,,casemate_gun_150_x1,0.869,0.969,1.4,,casemate_gun_150_x1,0.869,0.969,1.4,,casemate_gun_150_x1,0.869,0.969,1.4,,casemate_gun_150_x1,0.869,0.969,1.4,,,,,,,,,,,
casemate_6,,152,casemate_6,,,casemate_gun_150_x1,0.982,1.082,1,,casemate_gun_150_x1,0.982,1.082,1,,casemate_gun_150_x1,0.982,1.082,1,,casemate_gun_150_x1,0.982,1.082,1,,casemate_gun_150_x1,0.982,1.082,1,,,,,,,,,,,
casemate_7,,178,casemate_7,,,casemate_gun_150_x1,1.095,1.195,1,,casemate_gun_150_x1,1.095,1.195,1,,casemate_gun_150_x1,1.095,1.195,1,,casemate_gun_150_x1,1.095,1.195,1,,casemate_gun_150_x1,1.095,1.195,1,,,,,,,,,,,
casemate_8,,203,casemate_8,,,casemate_gun_150_x1,1.208,1.308,1.2,,casemate_gun_150_x1,1.208,1.308,1.2,,casemate_gun_150_x1,1.208,1.308,1.2,,casemate_gun_150_x1,1.208,1.308,1.2,,casemate_gun_150_x1,1.208,1.308,1.2,,,,,,,,,,,
###,,,###,,,,,,,,,,,,,,,,,,,,,,,,,,,,,,,,,,,,,
torpedo_x0_15,,15,torpedo_x0,,,sub_torpedo,1,1,,,sub_torpedo,1,1,,,sub_torpedo,1,1,,,sub_torpedo,1,1,,,sub_torpedo,1,1,,,,,,,,,,,,
torpedo_x1_15,,15,torpedo_x1,,,torpedo_x1,0.825,0.825,,,torpedo_x1,0.845,0.845,,,moga_torpedo_x1,0.63,0.63,,,akizuki_torpedo_x1,0.63,0.63,,,spee_torpedo_x1,0.63,0.63,,,,,,,,,,,,
torpedo_x2_15,,15,torpedo_x2,,,torpedo_x2,0.825,0.825,,,torpedo_x2,0.845,0.845,,,moga_torpedo_x2,0.63,0.63,,,akizuki_torpedo_x2,0.63,0.63,,,spee_torpedo_x2,0.63,0.63,,,,,,,,,,,,
torpedo_x3_15,,15,torpedo_x3,,,torpedo_x3,0.825,0.825,,,torpedo_x3,0.845,0.845,,,moga_torpedo_x3,0.63,0.63,,,akizuki_torpedo_x3,0.63,0.63,,,spee_torpedo_x3,0.63,0.63,,,,,,,,,,,,
torpedo_x4_15,,15,torpedo_x4,,,torpedo_x4,0.825,0.825,,,torpedo_x4,0.845,0.845,,,moga_torpedo_x4,0.63,0.63,,,akizuki_torpedo_x4,0.63,0.63,,,spee_torpedo_x4,0.63,0.63,,,,,,,,,,,,
torpedo_x5_15,,15,torpedo_x5,,,torpedo_x5,0.825,0.825,,,torpedo_x5,0.845,0.845,,,moga_torpedo_x5,0.63,0.63,,,akizuki_torpedo_x5,0.63,0.63,,,spee_torpedo_x5,0.63,0.63,,,,,,,,,,,,
torpedo_x0_16,,16,torpedo_x0,,,sub_torpedo,1,1,,,sub_torpedo,1,1,,,sub_torpedo,1,1,,,sub_torpedo,1,1,,,sub_torpedo,1,1,,,,,,,,,,,,
torpedo_x1_16,,16,torpedo_x1,,,torpedo_x1,0.86,0.86,,,torpedo_x1,0.88,0.88,,,moga_torpedo_x1,0.66,0.66,,,akizuki_torpedo_x1,0.66,0.66,,,spee_torpedo_x1,0.66,0.66,,,,,,,,,,,,
torpedo_x2_16,,16,torpedo_x2,,,torpedo_x2,0.86,0.86,,,torpedo_x2,0.88,0.88,,,moga_torpedo_x2,0.66,0.66,,,akizuki_torpedo_x2,0.66,0.66,,,spee_torpedo_x2,0.66,0.66,,,,,,,,,,,,
torpedo_x3_16,,16,torpedo_x3,,,torpedo_x3,0.86,0.86,,,torpedo_x3,0.88,0.88,,,moga_torpedo_x3,0.66,0.66,,,akizuki_torpedo_x3,0.66,0.66,,,spee_torpedo_x3,0.66,0.66,,,,,,,,,,,,
torpedo_x4_16,,16,torpedo_x4,,,torpedo_x4,0.86,0.86,,,torpedo_x4,0.88,0.88,,,moga_torpedo_x4,0.66,0.66,,,akizuki_torpedo_x4,0.66,0.66,,,spee_torpedo_x4,0.66,0.66,,,,,,,,,,,,
torpedo_x5_16,,16,torpedo_x5,,,torpedo_x5,0.86,0.86,,,torpedo_x5,0.88,0.88,,,moga_torpedo_x5,0.66,0.66,,,akizuki_torpedo_x5,0.66,0.66,,,spee_torpedo_x5,0.66,0.66,,,,,,,,,,,,
torpedo_x0_17,,17,torpedo_x0,,,sub_torpedo,1,1,,,sub_torpedo,1,1,,,sub_torpedo,1,1,,,sub_torpedo,1,1,,,sub_torpedo,1,1,,,,,,,,,,,,
torpedo_x1_17,,17,torpedo_x1,,,torpedo_x1,0.895,0.895,,,torpedo_x1,0.915,0.915,,,moga_torpedo_x1,0.69,0.69,,,akizuki_torpedo_x1,0.69,0.69,,,spee_torpedo_x1,0.69,0.69,,,,,,,,,,,,
torpedo_x2_17,,17,torpedo_x2,,,torpedo_x2,0.895,0.895,,,torpedo_x2,0.915,0.915,,,moga_torpedo_x2,0.69,0.69,,,akizuki_torpedo_x2,0.69,0.69,,,spee_torpedo_x2,0.69,0.69,,,,,,,,,,,,
torpedo_x3_17,,17,torpedo_x3,,,torpedo_x3,0.895,0.895,,,torpedo_x3,0.915,0.915,,,moga_torpedo_x3,0.69,0.69,,,akizuki_torpedo_x3,0.69,0.69,,,spee_torpedo_x3,0.69,0.69,,,,,,,,,,,,
torpedo_x4_17,,17,torpedo_x4,,,torpedo_x4,0.895,0.895,,,torpedo_x4,0.915,0.915,,,moga_torpedo_x4,0.69,0.69,,,akizuki_torpedo_x4,0.69,0.69,,,spee_torpedo_x4,0.69,0.69,,,,,,,,,,,,
torpedo_x5_17,,17,torpedo_x5,,,torpedo_x5,0.895,0.895,,,torpedo_x5,0.915,0.915,,,moga_torpedo_x5,0.69,0.69,,,akizuki_torpedo_x5,0.69,0.69,,,spee_torpedo_x5,0.69,0.69,,,,,,,,,,,,
torpedo_x0_18,,18,torpedo_x0,,,sub_torpedo,1,1,,,sub_torpedo,1,1,,,sub_torpedo,1,1,,,sub_torpedo,1,1,,,sub_torpedo,1,1,,,,,,,,,,,,
torpedo_x1_18,,18,torpedo_x1,,,torpedo_x1,0.93,0.93,,,torpedo_x1,0.95,0.95,,,moga_torpedo_x1,0.72,0.72,,,akizuki_torpedo_x1,0.72,0.72,,,spee_torpedo_x1,0.72,0.72,,,,,,,,,,,,
torpedo_x2_18,,18,torpedo_x2,,,torpedo_x2,0.93,0.93,,,torpedo_x2,0.95,0.95,,,moga_torpedo_x2,0.72,0.72,,,akizuki_torpedo_x2,0.72,0.72,,,spee_torpedo_x2,0.72,0.72,,,,,,,,,,,,
torpedo_x3_18,,18,torpedo_x3,,,torpedo_x3,0.93,0.93,,,torpedo_x3,0.95,0.95,,,moga_torpedo_x3,0.72,0.72,,,akizuki_torpedo_x3,0.72,0.72,,,spee_torpedo_x3,0.72,0.72,,,,,,,,,,,,
torpedo_x4_18,,18,torpedo_x4,,,torpedo_x4,0.93,0.93,,,torpedo_x4,0.95,0.95,,,moga_torpedo_x4,0.72,0.72,,,akizuki_torpedo_x4,0.72,0.72,,,spee_torpedo_x4,0.72,0.72,,,,,,,,,,,,
torpedo_x5_18,,18,torpedo_x5,,,torpedo_x5,0.93,0.93,,,torpedo_x5,0.95,0.95,,,moga_torpedo_x5,0.72,0.72,,,akizuki_torpedo_x5,0.72,0.72,,,spee_torpedo_x5,0.72,0.72,,,,,,,,,,,,
torpedo_x0_19,,19,torpedo_x0,,,sub_torpedo,1,1,,,sub_torpedo,1,1,,,sub_torpedo,1,1,,,sub_torpedo,1,1,,,sub_torpedo,1,1,,,,,,,,,,,,
torpedo_x1_19,,19,torpedo_x1,,,torpedo_x1,0.965,0.965,,,torpedo_x1,0.985,0.985,,,moga_torpedo_x1,0.75,0.75,,,akizuki_torpedo_x1,0.75,0.75,,,spee_torpedo_x1,0.75,0.75,,,,,,,,,,,,
torpedo_x2_19,,19,torpedo_x2,,,torpedo_x2,0.965,0.965,,,torpedo_x2,0.985,0.985,,,moga_torpedo_x2,0.75,0.75,,,akizuki_torpedo_x2,0.75,0.75,,,spee_torpedo_x2,0.75,0.75,,,,,,,,,,,,
torpedo_x3_19,,19,torpedo_x3,,,torpedo_x3,0.965,0.965,,,torpedo_x3,0.985,0.985,,,moga_torpedo_x3,0.75,0.75,,,akizuki_torpedo_x3,0.75,0.75,,,spee_torpedo_x3,0.75,0.75,,,,,,,,,,,,
torpedo_x4_19,,19,torpedo_x4,,,torpedo_x4,0.965,0.965,,,torpedo_x4,0.985,0.985,,,moga_torpedo_x4,0.75,0.75,,,akizuki_torpedo_x4,0.75,0.75,,,spee_torpedo_x4,0.75,0.75,,,,,,,,,,,,
torpedo_x5_19,,19,torpedo_x5,,,torpedo_x5,0.965,0.965,,,torpedo_x5,0.985,0.985,,,moga_torpedo_x5,0.75,0.75,,,akizuki_torpedo_x5,0.75,0.75,,,spee_torpedo_x5,0.75,0.75,,,,,,,,,,,,
torpedo_x0_20,,20,torpedo_x0,,,sub_torpedo,1,1,,,sub_torpedo,1,1,,,sub_torpedo,1,1,,,sub_torpedo,1,1,,,sub_torpedo,1,1,,,,,,,,,,,,
torpedo_x1_20,,20,torpedo_x1,,,torpedo_x1,1,1,,,torpedo_x1,1.02,1.02,,,moga_torpedo_x1,0.78,0.78,,,akizuki_torpedo_x1,0.78,0.78,,,spee_torpedo_x1,0.78,0.78,,,,,,,,,,,,
torpedo_x2_20,,20,torpedo_x2,,,torpedo_x2,1,1,,,torpedo_x2,1.02,1.02,,,moga_torpedo_x2,0.78,0.78,,,akizuki_torpedo_x2,0.78,0.78,,,spee_torpedo_x2,0.78,0.78,,,,,,,,,,,,
torpedo_x3_20,,20,torpedo_x3,,,torpedo_x3,1,1,,,torpedo_x3,1.02,1.02,,,moga_torpedo_x3,0.78,0.78,,,akizuki_torpedo_x3,0.78,0.78,,,spee_torpedo_x3,0.78,0.78,,,,,,,,,,,,
torpedo_x4_20,,20,torpedo_x4,,,torpedo_x4,1,1,,,torpedo_x4,1.02,1.02,,,moga_torpedo_x4,0.78,0.78,,,akizuki_torpedo_x4,0.78,0.78,,,spee_torpedo_x4,0.78,0.78,,,,,,,,,,,,
torpedo_x5_20,,20,torpedo_x5,,,torpedo_x5,1,1,,,torpedo_x5,1.02,1.02,,,moga_torpedo_x5,0.78,0.78,,,akizuki_torpedo_x5,0.78,0.78,,,spee_torpedo_x5,0.78,0.78,,,,,,,,,,,,
torpedo_x0_21,,21,torpedo_x0,,,sub_torpedo,1,1,,,sub_torpedo,1,1,,,sub_torpedo,1,1,,,sub_torpedo,1,1,,,sub_torpedo,1,1,,,,,,,,,,,,
torpedo_x1_21,,21,torpedo_x1,,,torpedo_x1,1.035,1.035,,,torpedo_x1,1.055,1.055,,,moga_torpedo_x1,0.81,0.81,,,akizuki_torpedo_x1,0.81,0.81,,,spee_torpedo_x1,0.81,0.81,,,,,,,,,,,,
torpedo_x2_21,,21,torpedo_x2,,,torpedo_x2,1.035,1.035,,,torpedo_x2,1.055,1.055,,,moga_torpedo_x2,0.81,0.81,,,akizuki_torpedo_x2,0.81,0.81,,,spee_torpedo_x2,0.81,0.81,,,,,,,,,,,,
torpedo_x3_21,,21,torpedo_x3,,,torpedo_x3,1.035,1.035,,,torpedo_x3,1.055,1.055,,,moga_torpedo_x3,0.81,0.81,,,akizuki_torpedo_x3,0.81,0.81,,,spee_torpedo_x3,0.81,0.81,,,,,,,,,,,,
torpedo_x4_21,,21,torpedo_x4,,,torpedo_x4,1.035,1.035,,,torpedo_x4,1.055,1.055,,,moga_torpedo_x4,0.81,0.81,,,akizuki_torpedo_x4,0.81,0.81,,,spee_torpedo_x4,0.81,0.81,,,,,,,,,,,,
torpedo_x5_21,,21,torpedo_x5,,,torpedo_x5,1.035,1.035,,,torpedo_x5,1.055,1.055,,,moga_torpedo_x5,0.81,0.81,,,akizuki_torpedo_x5,0.81,0.81,,,spee_torpedo_x5,0.81,0.81,,,,,,,,,,,,
torpedo_x0_22,,22,torpedo_x0,,,sub_torpedo,1,1,,,sub_torpedo,1,1,,,sub_torpedo,1,1,,,sub_torpedo,1,1,,,sub_torpedo,1,1,,,,,,,,,,,,
torpedo_x1_22,,22,torpedo_x1,,,torpedo_x1,1.07,1.07,,,torpedo_x1,1.09,1.09,,,moga_torpedo_x1,0.84,0.84,,,akizuki_torpedo_x1,0.84,0.84,,,spee_torpedo_x1,0.84,0.84,,,,,,,,,,,,
torpedo_x2_22,,22,torpedo_x2,,,torpedo_x2,1.07,1.07,,,torpedo_x2,1.09,1.09,,,moga_torpedo_x2,0.84,0.84,,,akizuki_torpedo_x2,0.84,0.84,,,spee_torpedo_x2,0.84,0.84,,,,,,,,,,,,
torpedo_x3_22,,22,torpedo_x3,,,torpedo_x3,1.07,1.07,,,torpedo_x3,1.09,1.09,,,moga_torpedo_x3,0.84,0.84,,,akizuki_torpedo_x3,0.84,0.84,,,spee_torpedo_x3,0.84,0.84,,,,,,,,,,,,
torpedo_x4_22,,22,torpedo_x4,,,torpedo_x4,1.07,1.07,,,torpedo_x4,1.09,1.09,,,moga_torpedo_x4,0.84,0.84,,,akizuki_torpedo_x4,0.84,0.84,,,spee_torpedo_x4,0.84,0.84,,,,,,,,,,,,
torpedo_x5_22,,22,torpedo_x5,,,torpedo_x5,1.07,1.07,,,torpedo_x5,1.09,1.09,,,moga_torpedo_x5,0.84,0.84,,,akizuki_torpedo_x5,0.84,0.84,,,spee_torpedo_x5,0.84,0.84,,,,,,,,,,,,
torpedo_x0_23,,23,torpedo_x0,,,sub_torpedo,1,1,,,sub_torpedo,1,1,,,sub_torpedo,1,1,,,sub_torpedo,1,1,,,sub_torpedo,1,1,,,,,,,,,,,,
torpedo_x1_23,,23,torpedo_x1,,,torpedo_x1,1.105,1.105,,,torpedo_x1,1.125,1.125,,,moga_torpedo_x1,0.87,0.87,,,akizuki_torpedo_x1,0.87,0.87,,,spee_torpedo_x1,0.87,0.87,,,,,,,,,,,,
torpedo_x2_23,,23,torpedo_x2,,,torpedo_x2,1.105,1.105,,,torpedo_x2,1.125,1.125,,,moga_torpedo_x2,0.87,0.87,,,akizuki_torpedo_x2,0.87,0.87,,,spee_torpedo_x2,0.87,0.87,,,,,,,,,,,,
torpedo_x3_23,,23,torpedo_x3,,,torpedo_x3,1.105,1.105,,,torpedo_x3,1.125,1.125,,,moga_torpedo_x3,0.87,0.87,,,akizuki_torpedo_x3,0.87,0.87,,,spee_torpedo_x3,0.87,0.87,,,,,,,,,,,,
torpedo_x4_23,,23,torpedo_x4,,,torpedo_x4,1.105,1.105,,,torpedo_x4,1.125,1.125,,,moga_torpedo_x4,0.87,0.87,,,akizuki_torpedo_x4,0.87,0.87,,,spee_torpedo_x4,0.87,0.87,,,,,,,,,,,,
torpedo_x5_23,,23,torpedo_x5,,,torpedo_x5,1.105,1.105,,,torpedo_x5,1.125,1.125,,,moga_torpedo_x5,0.87,0.87,,,akizuki_torpedo_x5,0.87,0.87,,,spee_torpedo_x5,0.87,0.87,,,,,,,,,,,,
torpedo_x0_24,,24,torpedo_x0,,,sub_torpedo,1,1,,,sub_torpedo,1,1,,,sub_torpedo,1,1,,,sub_torpedo,1,1,,,sub_torpedo,1,1,,,,,,,,,,,,
torpedo_x1_24,,24,torpedo_x1,,,torpedo_x1,1.14,1.14,,,torpedo_x1,1.16,1.16,,,moga_torpedo_x1,0.9,0.9,,,akizuki_torpedo_x1,0.9,0.9,,,spee_torpedo_x1,0.9,0.9,,,,,,,,,,,,
torpedo_x2_24,,24,torpedo_x2,,,torpedo_x2,1.14,1.14,,,torpedo_x2,1.16,1.16,,,moga_torpedo_x2,0.9,0.9,,,akizuki_torpedo_x2,0.9,0.9,,,spee_torpedo_x2,0.9,0.9,,,,,,,,,,,,
torpedo_x3_24,,24,torpedo_x3,,,torpedo_x3,1.14,1.14,,,torpedo_x3,1.16,1.16,,,moga_torpedo_x3,0.9,0.9,,,akizuki_torpedo_x3,0.9,0.9,,,spee_torpedo_x3,0.9,0.9,,,,,,,,,,,,
torpedo_x4_24,,24,torpedo_x4,,,torpedo_x4,1.14,1.14,,,torpedo_x4,1.16,1.16,,,moga_torpedo_x4,0.9,0.9,,,akizuki_torpedo_x4,0.9,0.9,,,spee_torpedo_x4,0.9,0.9,,,,,,,,,,,,
torpedo_x5_24,,24,torpedo_x5,,,torpedo_x5,1.14,1.14,,,torpedo_x5,1.16,1.16,,,moga_torpedo_x5,0.9,0.9,,,akizuki_torpedo_x5,0.9,0.9,,,spee_torpedo_x5,0.9,0.9,,,,,,,,,,,,
###,,,###,,,,,,,,,,,,,,,,,,,,,,,,,,,,,,,,,,,,,
gun_2_x1_germany,,51,gun_2_x1,germany,,,,,,,,,,,,,,,,,,,,,,,,,,,,,,,,,,,,
gun_2_x2_germany,,51,gun_2_x2,germany,,,,,,,,,,,,,,,,,,,,,,,,,,,,,,,,,,,,
gun_2_x3_germany,,51,gun_2_x3,germany,,,,,,,,,,,,,,,,,,,,,,,,,,,,,,,,,,,,
gun_2_x4_germany,,51,gun_2_x4,germany,,,,,,,,,,,,,,,,,,,,,,,,,,,,,,,,,,,,
gun_3_x1_germany_dd,,76,gun_3_x1,germany,"dd, tb",,,,,,,,,,,,,,,,,,,,,,,,,,,,,,,,,,,
gun_3_x2_germany_dd,,76,gun_3_x2,germany,"dd, tb",,,,,,vdt_gun_200_x2,0.6518,0.7518,,,bismarck_gun_105_x2,0.732,0.858,,,bismarck_gun_105_x2,0.732,0.858,,,bismarck_gun_105_x2,0.732,0.858,,,,,,,,,,,,
gun_3_x3_germany_dd,,76,gun_3_x3,germany,"dd, tb",,,,,,,,,,,bismarck_gun_105_x3,0.732,0.858,,,bismarck_gun_105_x3,0.732,0.858,,,bismarck_gun_105_x3,0.732,0.858,,,,,,,,,,,,
gun_3_x4_germany_dd,,76,gun_3_x4,germany,"dd, tb",,,,,,,,,,,bismarck_gun_105_x4,0.732,0.858,,,bismarck_gun_105_x4,0.732,0.858,,,bismarck_gun_105_x4,0.732,0.858,,,,,,,,,,,,
gun_4_x1_germany_dd,,102,gun_4_x1,germany,"dd, tb",,,,,,,,,,,,,,,,,,,,,,,,,,,,,,,,,,,
gun_4_x2_germany_dd,,102,gun_4_x2,germany,"dd, tb",,,,,,vdt_gun_200_x2,0.7632,0.8632,,,bismarck_gun_105_x2,0.868,0.994,,,bismarck_gun_105_x2,0.868,0.994,,,bismarck_gun_105_x2,0.868,0.994,,,,,,,,,,,,
gun_4_x3_germany_dd,,102,gun_4_x3,germany,"dd, tb",,,,,,,,,,,bismarck_gun_105_x3,0.868,0.994,,,bismarck_gun_105_x3,0.868,0.994,,,bismarck_gun_105_x3,0.868,0.994,,,,,,,,,,,,
gun_4_x4_germany_dd,,102,gun_4_x4,germany,"dd, tb",,,,,,,,,,,bismarck_gun_105_x4,0.868,0.994,,,bismarck_gun_105_x4,0.868,0.994,,,bismarck_gun_105_x4,0.868,0.994,,,,,,,,,,,,
gun_5_x1_germany_dd,,127,gun_5_x1,germany,"dd, tb",,,,,,,,,,,spee_gun_150_x1,1.004,1.13,,,spee_gun_150_x1,1.004,1.13,,,spee_gun_150_x1,1.004,1.13,,,,,,,,,,,,
gun_5_x2_germany_dd,,127,gun_5_x2,germany,"dd, tb",,,,,,vdt_gun_200_x2,0.8746,0.9746,,,spee_gun_150_x2,1.004,1.13,,,bismarck_gun_b_150_x2,0.8005,0.935,,,bismarck_gun_150_x2,0.8005,0.935,,,,,,,,,,,,
gun_5_x3_germany_dd,,127,gun_5_x3,germany,"dd, tb",,,,,,,,,,,spee_gun_150_x3,1.004,1.13,,,bismarck_gun_b_150_x3,0.8005,0.935,,,bismarck_gun_150_x3,0.8005,0.935,,,,,,,,,,,,
gun_5_x4_germany_dd,,127,gun_5_x4,germany,"dd, tb",,,,,,,,,,,bismarck_gun_b_150_x4,0.8005,0.935,,,bismarck_gun_b_150_x4,0.8005,0.935,,,bismarck_gun_150_x4,0.8005,0.935,,,,,,,,,,,,
gun_3_x1_germany_cl,,76,gun_3_x1,germany,cl,,,,,,,,,,,,,,,,,,,,,,,,,,,,,,,,,,,
gun_3_x2_germany_cl,,76,gun_3_x2,germany,cl,,,,,,vdt_gun_200_x2,0.6518,0.7518,,,bismarck_gun_105_x2,0.732,0.858,,,bismarck_gun_105_x2,0.732,0.858,,,bismarck_gun_105_x2,0.732,0.858,,,,,,,,,,,,
gun_3_x3_germany_cl,,76,gun_3_x3,germany,cl,,,,,,,,,,,bismarck_gun_105_x3,0.732,0.858,,,bismarck_gun_105_x3,0.732,0.858,,,bismarck_gun_105_x3,0.732,0.858,,,,,,,,,,,,
gun_3_x4_germany_cl,,76,gun_3_x4,germany,cl,,,,,,,,,,,bismarck_gun_105_x4,0.732,0.858,,,bismarck_gun_105_x4,0.732,0.858,,,bismarck_gun_105_x4,0.732,0.858,,,,,,,,,,,,
gun_4_x1_germany_cl,,102,gun_4_x1,germany,cl,,,,,,,,,,,,,,,,,,,,,,,,,,,,,,,,,,,
gun_4_x2_germany_cl,,102,gun_4_x2,germany,cl,,,,,,vdt_gun_200_x2,0.7632,0.8632,,,bismarck_gun_105_x2,0.868,0.994,,,bismarck_gun_105_x2,0.868,0.994,,,bismarck_gun_105_x2,0.868,0.994,,,,,,,,,,,,
gun_4_x3_germany_cl,,102,gun_4_x3,germany,cl,,,,,,,,,,,bismarck_gun_105_x3,0.868,0.994,,,bismarck_gun_105_x3,0.868,0.994,,,bismarck_gun_105_x3,0.868,0.994,,,,,,,,,,,,
gun_4_x4_germany_cl,,102,gun_4_x4,germany,cl,,,,,,,,,,,bismarck_gun_105_x4,0.868,0.994,,,bismarck_gun_105_x4,0.868,0.994,,,bismarck_gun_105_x4,0.868,0.994,,,,,,,,,,,,
gun_5_x1_germany_cl,,127,gun_5_x1,germany,cl,,,,,,,,,,,spee_gun_150_x1,1.004,1.13,,,spee_gun_150_x1,1.004,1.13,,,spee_gun_150_x1,1.004,1.13,,,,,,,,,,,,
gun_5_x2_germany_cl,,127,gun_5_x2,germany,cl,,,,,,vdt_gun_200_x2,0.8746,0.9746,,,spee_gun_150_x2,1.004,1.13,,,bismarck_gun_b_150_x2,0.8005,0.935,,,bismarck_gun_150_x2,0.8005,0.935,,,,,,,,,,,,
gun_5_x3_germany_cl,,127,gun_5_x3,germany,cl,,,,,,,,,,,spee_gun_150_x3,1.004,1.13,,,bismarck_gun_b_150_x3,0.8005,0.935,,,bismarck_gun_150_x3,0.8005,0.935,,,,,,,,,,,,
gun_5_x4_germany_cl,,127,gun_5_x4,germany,cl,,,,,,,,,,,bismarck_gun_b_150_x4,0.8005,0.935,,,bismarck_gun_b_150_x4,0.8005,0.935,,,bismarck_gun_150_x4,0.8005,0.935,,,,,,,,,,,,
gun_6_x1_germany_cl,,152,gun_6_x1,germany,cl,,,,,,,,,,,,,,,,,,,,,,,,,,,,,,,,,,,
gun_6_x2_germany_cl,,152,gun_6_x2,germany,cl,,,,,,vdt_gun_200_x2,0.986,1.086,,,bismarck_gun_b_150_x2,0.955,1.0895,,,bismarck_gun_150_x2,0.955,1.0895,,,bismarck_gun_150_x2,0.955,1.0895,,,,,,,,,,,,
gun_6_x3_germany_cl,,152,gun_6_x3,germany,cl,,,,,,,,,,,bismarck_gun_b_150_x3,0.955,1.0895,,,bismarck_gun_150_x3,0.955,1.0895,,,bismarck_gun_150_x3,0.955,1.0895,,,,,,,,,,,,
gun_6_x4_germany_cl,,152,gun_6_x4,germany,cl,,,,,,,,,,,bismarck_gun_b_150_x4,0.955,1.0895,,,bismarck_gun_150_x4,0.955,1.0895,,,bismarck_gun_150_x4,0.955,1.0895,,,,,,,,,,,,
gun_3_x1_germany_ca,,76,gun_3_x1,germany,"ca, bb, bc",,,,,,,,,,,,,,,,,,,,,,,,,,,,,,,,,,,
gun_3_x2_germany_ca,,76,gun_3_x2,germany,"ca, bb, bc",,,,,,vdt_gun_200_x2,0.6518,0.7518,,,bismarck_gun_105_x2,0.732,0.858,,,bismarck_gun_105_x2,0.732,0.858,,,bismarck_gun_105_x2,0.732,0.858,,,,,,,,,,,,
gun_3_x3_germany_ca,,76,gun_3_x3,germany,"ca, bb, bc",,,,,,,,,,,bismarck_gun_105_x3,0.732,0.858,,,bismarck_gun_105_x3,0.732,0.858,,,bismarck_gun_105_x3,0.732,0.858,,,,,,,,,,,,
gun_3_x4_germany_ca,,76,gun_3_x4,germany,"ca, bb, bc",,,,,,,,,,,bismarck_gun_105_x4,0.732,0.858,,,bismarck_gun_105_x4,0.732,0.858,,,bismarck_gun_105_x4,0.732,0.858,,,,,,,,,,,,
gun_4_x1_germany_ca,,102,gun_4_x1,germany,"ca, bb, bc",,,,,,,,,,,,,,,,,,,,,,,,,,,,,,,,,,,
gun_4_x2_germany_ca,,102,gun_4_x2,germany,"ca, bb, bc",,,,,,vdt_gun_200_x2,0.7632,0.8632,,,bismarck_gun_105_x2,0.868,0.994,,,bismarck_gun_105_x2,0.868,0.994,,,bismarck_gun_105_x2,0.868,0.994,,,,,,,,,,,,
gun_4_x3_germany_ca,,102,gun_4_x3,germany,"ca, bb, bc",,,,,,,,,,,bismarck_gun_105_x3,0.868,0.994,,,bismarck_gun_105_x3,0.868,0.994,,,bismarck_gun_105_x3,0.868,0.994,,,,,,,,,,,,
gun_4_x4_germany_ca,,102,gun_4_x4,germany,"ca, bb, bc",,,,,,,,,,,bismarck_gun_105_x4,0.868,0.994,,,bismarck_gun_105_x4,0.868,0.994,,,bismarck_gun_105_x4,0.868,0.994,,,,,,,,,,,,
gun_5_x1_germany_ca,,127,gun_5_x1,germany,"ca, bb, bc",,,,,,,,,,,spee_gun_150_x1,1.004,1.13,,,spee_gun_150_x1,1.004,1.13,,,spee_gun_150_x1,1.004,1.13,,,,,,,,,,,,
gun_5_x2_germany_ca,,127,gun_5_x2,germany,"ca, bb, bc",,,,,,vdt_gun_200_x2,0.8746,0.9746,,,spee_gun_150_x2,1.004,1.13,,,bismarck_gun_b_150_x2,0.8005,0.935,,,bismarck_gun_150_x2,0.8005,0.935,,,,,,,,,,,,
gun_5_x3_germany_ca,,127,gun_5_x3,germany,"ca, bb, bc",,,,,,,,,,,spee_gun_150_x3,1.004,1.13,,,bismarck_gun_b_150_x3,0.8005,0.935,,,bismarck_gun_150_x3,0.8005,0.935,,,,,,,,,,,,
gun_5_x4_germany_ca,,127,gun_5_x4,germany,"ca, bb, bc",,,,,,,,,,,bismarck_gun_b_150_x4,0.8005,0.935,,,bismarck_gun_b_150_x4,0.8005,0.935,,,bismarck_gun_150_x4,0.8005,0.935,,,,,,,,,,,,
gun_6_x1_germany_ca,,152,gun_6_x1,germany,"ca, bb, bc",friedrich_gun_152_x1,1.345,1.4805,1.185,,,,,1.185,,,,,1.185,,,,,1.185,,,,,1.185,,,,,,,,,,,
gun_6_x2_germany_ca,,152,gun_6_x2,germany,"ca, bb, bc",,,,,,vdt_gun_200_x2,0.986,1.086,,,bismarck_gun_b_150_x2,0.955,1.0895,,,bismarck_gun_b_150_x2,0.955,1.0895,,,bismarck_gun_150_x2,0.955,1.0895,,,,,,,,,,,,
gun_6_x3_germany_ca,,152,gun_6_x3,germany,"ca, bb, bc",,,,,,,,,,,bismarck_gun_b_150_x3,0.955,1.0895,,,bismarck_gun_b_150_x3,0.955,1.0895,,,bismarck_gun_150_x3,0.955,1.0895,,,,,,,,,,,,
gun_6_x4_germany_ca,,152,gun_6_x4,germany,"ca, bb, bc",,,,,,,,,,,bismarck_gun_b_150_x4,0.955,1.0895,,,bismarck_gun_b_150_x4,0.955,1.0895,,,bismarck_gun_150_x4,0.955,1.0895,,,,,,,,,,,,
"gun_7_x1_germany_cl,ca",,178,gun_7_x1,germany,"cl, ca, bb, bc",friedrich_gun_152_x1,1.4905,1.626,1.21,,,,,1.21,,,,,1.21,,,,,1.21,,,,,1.21,,,,,,,,,,,
"gun_7_x2_germany_cl,ca",,178,gun_7_x2,germany,"cl, ca, bb, bc",,,,,,vdt_gun_200_x2,1.0974,1.1974,,,bismarck_gun_b_150_x2,1.1095,1.244,,,bismarck_gun_b_150_x2,1.1095,1.244,,,bismarck_gun_150_x2,1.1095,1.244,,,,,,,,,,,,
"gun_7_x3_germany_cl,ca",,178,gun_7_x3,germany,"cl, ca, bb, bc",,,,,,,,,,,bismarck_gun_b_150_x3,1.1095,1.244,,,bismarck_gun_b_150_x3,1.1095,1.244,,,bismarck_gun_150_x3,1.1095,1.244,,,,,,,,,,,,
"gun_7_x4_germany_cl,ca",,178,gun_7_x4,germany,"cl, ca, bb, bc",,,,,,,,,,,bismarck_gun_b_150_x4,1.1095,1.244,,,bismarck_gun_b_150_x4,1.1095,1.244,,,bismarck_gun_150_x4,1.1095,1.244,,,,,,,,,,,,
gun_8_x1_germany_ca,,203,gun_8_x1,germany,"ca, bb, bc",,,,,,vdt_gun_200_x1,1.2088,1.3088,,,vdt_gun_280_x1,0.7622,0.8413,,,bismarck_gun_380_x1,0.5912,0.6448,,,bismarck_gun_380_x1,0.5912,0.6448,,,,,,,,,,,,
gun_8_x2_germany_ca,,203,gun_8_x2,germany,"ca, bb, bc",,,,,,vdt_gun_200_x2,1.2088,1.3088,,,vdt_gun_280_x2,0.7622,0.8413,,,bismarck_gun_380_x2,0.5912,0.6448,,,bismarck_gun_380_x2,0.5912,0.6448,,,,,,,,,,,,
gun_8_x3_germany_ca,,203,gun_8_x3,germany,"ca, bb, bc",,,,,,vdt_gun_280_x3,0.7622,0.8413,,,vdt_gun_280_x3,0.7622,0.8413,,,spee_gun_280_x3_a,0.6816,0.7489,,,spee_gun_280_x3_a,0.6816,0.7489,,,,,,,,,,,,
gun_8_x4_germany_ca,,203,gun_8_x4,germany,"ca, bb, bc",,,,,,vdt_gun_280_x4,0.7622,0.8413,,,vdt_gun_280_x4,0.7622,0.8413,,,spee_gun_280_x4_a,0.6816,0.7489,,,spee_gun_280_x4_a,0.6816,0.7489,,,,,,,,,,,,
"gun_9_x1_germany_ca,bb,bc",,229,gun_9_x1,germany,"ca, bb, bc",,,,,,vdt_gun_200_x1,1.3202,1.4202,,,vdt_gun_280_x1,0.8513,0.9304,,,bismarck_gun_380_x1,0.6548,0.7084,,,bismarck_gun_380_x1,0.6548,0.7084,,,,,,,,,,,,
"gun_9_x2_germany_ca,bb,bc",,229,gun_9_x2,germany,"ca, bb, bc",,,,,,vdt_gun_200_x2,1.3202,1.4202,,,vdt_gun_280_x2,0.8513,0.9304,,,bismarck_gun_380_x2,0.6548,0.7084,,,bismarck_gun_380_x2,0.6548,0.7084,,,,,,,,,,,,
"gun_9_x3_germany_ca,bb,bc",,229,gun_9_x3,germany,"ca, bb, bc",,,,,,vdt_gun_280_x3,0.8513,0.9304,,,vdt_gun_280_x3,0.8513,0.9304,,,spee_gun_280_x3_a,0.7589,0.8262,,,spee_gun_280_x3_a,0.7589,0.8262,,,,,,,,,,,,
"gun_9_x4_germany_ca,bb,bc",,229,gun_9_x4,germany,"ca, bb, bc",,,,,,vdt_gun_280_x4,0.8513,0.9304,,,vdt_gun_280_x4,0.8513,0.9304,,,spee_gun_280_x4_a,0.7589,0.8262,,,spee_gun_280_x4_a,0.7589,0.8262,,,,,,,,,,,,
"gun_10_x1_germany_ca,bb,bc",,254,gun_10_x1,germany,"ca, bb, bc",,,,,,vdt_gun_280_x1,0.9404,1.0195,,,vdt_gun_280_x1,0.9404,1.0195,,,bismarck_gun_380_x1,0.7184,0.772,,,bismarck_gun_380_x1,0.7184,0.772,,,,,,,,,,,,
"gun_10_x2_germany_ca,bb,bc",,254,gun_10_x2,germany,"ca, bb, bc",,,,,,vdt_gun_280_x2,0.9404,1.0195,,,vdt_gun_280_x2,0.9404,1.0195,,,bismarck_gun_380_x2,0.7184,0.772,,,bismarck_gun_380_x2,0.7184,0.772,,,,,,,,,,,,
"gun_10_x3_germany_ca,bb,bc",,254,gun_10_x3,germany,"ca, bb, bc",,,,,,vdt_gun_280_x3,0.9404,1.0195,,,vdt_gun_280_x3,0.9404,1.0195,,,spee_gun_280_x3_a,0.8362,0.9035,,,spee_gun_280_x3_a,0.8362,0.9035,,,,,,,,,,,,
"gun_10_x4_germany_ca,bb,bc",,254,gun_10_x4,germany,"ca, bb, bc",,,,,,vdt_gun_280_x4,0.9404,1.0195,,,vdt_gun_280_x4,0.9404,1.0195,,,spee_gun_280_x4_a,0.8362,0.9035,,,spee_gun_280_x4_a,0.8362,0.9035,,,,,,,,,,,,
"gun_11_x1_germany_ca,bb,bc",,279,gun_11_x1,germany,"ca, bb, bc",,,,,,vdt_gun_280_x1,1.0295,1.1086,,,vdt_gun_280_x1,1.0295,1.1086,,,bismarck_gun_380_x1,0.782,0.8356,,,bismarck_gun_380_x1,0.782,0.8356,,,,,,,,,,,,
"gun_11_x2_germany_ca,bb,bc",,279,gun_11_x2,germany,"ca, bb, bc",,,,,,vdt_gun_280_x2,1.0295,1.1086,,,vdt_gun_280_x2,1.0295,1.1086,,,bismarck_gun_380_x2,0.782,0.8356,,,bismarck_gun_380_x2,0.782,0.8356,,,,,,,,,,,,
"gun_11_x3_germany_ca,bb,bc",,279,gun_11_x3,germany,"ca, bb, bc",,,,,,vdt_gun_280_x3,1.0295,1.1086,,,vdt_gun_280_x3,1.0295,1.1086,,,spee_gun_280_x3_a,0.9135,0.9808,,,spee_gun_280_x3_a,0.9135,0.9808,,,,,,,,,,,,
"gun_11_x4_germany_ca,bb,bc",,279,gun_11_x4,germany,"ca, bb, bc",,,,,,vdt_gun_280_x4,1.0295,1.1086,,,vdt_gun_280_x4,1.0295,1.1086,,,spee_gun_280_x4_a,0.9135,0.9808,,,spee_gun_280_x4_a,0.9135,0.9808,,,,,,,,,,,,
"gun_12_x1_germany_bb,bc",,305,gun_12_x1,germany,"bb, bc",,,,,,vdt_gun_280_x1,1.1186,1.1977,,,spee_gun_var_280_x1,0.9908,1.0581,,,bismarck_gun_380_x1,0.8456,0.8992,,,bismarck_gun_380_x1,0.8456,0.8992,,,,,,,,,,,,
"gun_12_x2_germany_bb,bc",,305,gun_12_x2,germany,"bb, bc",,,,,,vdt_gun_280_x2,1.1186,1.1977,,,spee_gun_var_280_x2,0.9908,1.0581,,,bismarck_gun_380_x2,0.8456,0.8992,,,bismarck_gun_380_x2,0.8456,0.8992,,,,,,,,,,,,
"gun_12_x3_germany_bb,bc",,305,gun_12_x3,germany,"bb, bc",,,,,,vdt_gun_280_x3,1.1186,1.1977,,,spee_gun_var_280_x3,0.9908,1.0581,,,spee_gun_280_x3_a,0.9908,1.0581,,,spee_gun_280_x3_a,0.9908,1.0581,,,,,,,,,,,,
"gun_12_x4_germany_bb,bc",,305,gun_12_x4,germany,"bb, bc",,,,,,vdt_gun_280_x4,1.1186,1.1977,,,spee_gun_280_x4_a,0.9908,1.0581,,,spee_gun_280_x4_a,0.9908,1.0581,,,spee_gun_280_x4_a,0.9908,1.0581,,,,,,,,,,,,
"gun_13_x1_germany_bb,bc",,330,gun_13_x1,germany,"bb, bc",,,,,,vdt_gun_280_x1,1.2077,1.2868,,,spee_gun_var_280_x1,1.0681,1.1354,,,bismarck_gun_380_x1,0.9092,0.9628,,,bismarck_gun_380_x1,0.9092,0.9628,,,,,,,,,,,,
"gun_13_x2_germany_bb,bc",,330,gun_13_x2,germany,"bb, bc",,,,,,vdt_gun_280_x2,1.2077,1.2868,,,spee_gun_var_280_x2,1.0681,1.1354,,,bismarck_gun_380_x2,0.9092,0.9628,,,bismarck_gun_380_x2,0.9092,0.9628,,,,,,,,,,,,
"gun_13_x3_germany_bb,bc",,330,gun_13_x3,germany,"bb, bc",,,,,,vdt_gun_280_x3,1.2077,1.2868,,,spee_gun_var_280_x3,1.0681,1.1354,,,spee_gun_280_x3_a,1.0681,1.1354,,,spee_gun_280_x3_a,1.0681,1.1354,,,,,,,,,,,,
"gun_13_x4_germany_bb,bc",,330,gun_13_x4,germany,"bb, bc",,,,,,vdt_gun_280_x4,1.2077,1.2868,,,spee_gun_280_x4_a,1.0681,1.1354,,,spee_gun_280_x4_a,1.0681,1.1354,,,spee_gun_280_x4_a,1.0681,1.1354,,,,,,,,,,,,
"gun_14_x1_germany_bb,bc",,356,gun_14_x1,germany,"bb, bc",,,,,,vdt_gun_280_x1,1.2968,1.3759,,,spee_gun_var_280_x1,1.1454,1.2127,,,bismarck_gun_380_x1,0.9728,1.0264,,,bismarck_gun_380_x1,0.9728,1.0264,,,,,,,,,,,,
"gun_14_x2_germany_bb,bc",,356,gun_14_x2,germany,"bb, bc",,,,,,vdt_gun_280_x2,1.2968,1.3759,,,spee_gun_var_280_x2,1.1454,1.2127,,,bismarck_gun_380_x2,0.9728,1.0264,,,bismarck_gun_380_x2,0.9728,1.0264,,,,,,,,,,,,
"gun_14_x3_germany_bb,bc",,356,gun_14_x3,germany,"bb, bc",,,,,,vdt_gun_280_x3,1.2968,1.3759,,,spee_gun_var_280_x3,1.1454,1.2127,,,spee_gun_280_x3_a,1.1454,1.2127,,,spee_gun_280_x3_a,1.1454,1.2127,,,,,,,,,,,,
"gun_14_x4_germany_bb,bc",,356,gun_14_x4,germany,"bb, bc",,,,,,vdt_gun_280_x4,1.2968,1.3759,,,spee_gun_280_x4_a,1.1454,1.2127,,,spee_gun_280_x4_a,1.1454,1.2127,,,spee_gun_280_x4_a,1.1454,1.2127,,,,,,,,,,,,
"gun_15_x1_germany_bb,bc",,381,gun_15_x1,germany,"bb, bc",,,,,,vdt_gun_280_x1,1.3859,1.465,,,bismarck_gun_380_short_x1,1.131,1.1901,,,bismarck_gun_380_short_x1,1.131,1.1901,,,bismarck_gun_380_x1,1.0364,1.09,,,,,,,,,,,,
"gun_15_x2_germany_bb,bc",,381,gun_15_x2,germany,"bb, bc",,,,,,vdt_gun_280_x2,1.3859,1.465,,,bismarck_gun_380_short_x2,1.131,1.1901,,,bismarck_gun_380_short_x2,1.131,1.1901,,,bismarck_gun_380_x2,1.0364,1.09,,,,,,,,,,,,
"gun_15_x3_germany_bb,bc",,381,gun_15_x3,germany,"bb, bc",,,,,,vdt_gun_280_x3,1.3859,1.465,,,bismarck_gun_380_short_x3,1.131,1.1901,,,bismarck_gun_380_short_x3,1.131,1.1901,,,bismarck_gun_380_x3,1.0364,1.09,,,,,,,,,,,,
"gun_15_x4_germany_bb,bc",,381,gun_15_x4,germany,"bb, bc",,,,,,vdt_gun_280_x4,1.3859,1.465,,,bismarck_gun_380_short_x4,1.131,1.1901,,,bismarck_gun_380_short_x4,1.131,1.1901,,,bismarck_gun_380_x4,1.0364,1.09,,,,,,,,,,,,
"gun_16_x1_germany_bb,bc",,406,gun_16_x1,germany,"bb, bc",,,,,,vdt_gun_280_x1,1.475,1.5541,,,bismarck_gun_380_short_x1,1.2001,1.2592,,,bismarck_gun_380_short_x1,1.2001,1.2592,,,bismarck_gun_380_x1,1.1,1.1536,,,,,,,,,,,,
"gun_16_x2_germany_bb,bc",,406,gun_16_x2,germany,"bb, bc",,,,,,vdt_gun_280_x2,1.475,1.5541,,,bismarck_gun_380_short_x2,1.2001,1.2592,,,bismarck_gun_380_short_x2,1.2001,1.2592,,,bismarck_gun_380_x2,1.1,1.1536,,,,,,,,,,,,
"gun_16_x3_germany_bb,bc",,406,gun_16_x3,germany,"bb, bc",,,,,,vdt_gun_280_x3,1.475,1.5541,,,bismarck_gun_380_short_x3,1.2001,1.2592,,,bismarck_gun_380_short_x3,1.2001,1.2592,,,bismarck_gun_380_x3,1.1,1.1536,,,,,,,,,,,,
"gun_16_x4_germany_bb,bc",,406,gun_16_x4,germany,"bb, bc",,,,,,vdt_gun_280_x4,1.475,1.5541,,,bismarck_gun_380_short_x4,1.2001,1.2592,,,bismarck_gun_380_short_x4,1.2001,1.2592,,,bismarck_gun_380_x4,1.1,1.1536,,,,,,,,,,,,
"gun_17_x1_germany_bb,bc",,432,gun_17_x1,germany,"bb, bc",vdt_gun_280_x1,1.5641,1.6432,1.2,,bismarck_gun_380_short_x1,1.2692,1.3283,1.2,,bismarck_gun_380_short_x1,1.2692,1.3283,1.2,,bismarck_gun_380_x1,1.1636,1.2172,1.2,,bismarck_gun_380_x1,1.1636,1.2172,1.2,,,,,,,,,,,
"gun_17_x2_germany_bb,bc",,432,gun_17_x2,germany,"bb, bc",vdt_gun_280_x2,1.5641,1.6432,0.95,,bismarck_gun_380_short_x2,1.2692,1.3283,0.95,,bismarck_gun_380_short_x2,1.2692,1.3283,0.95,,bismarck_gun_380_x2,1.1636,1.2172,0.95,,bismarck_gun_380_x2,1.1636,1.2172,0.95,,,,,,,,,,,
"gun_17_x3_germany_bb,bc",,432,gun_17_x3,germany,"bb, bc",vdt_gun_280_x3,1.5641,1.6432,0.775,,bismarck_gun_380_short_x3,1.2692,1.3283,0.775,,bismarck_gun_380_short_x3,1.2692,1.3283,0.775,,bismarck_gun_380_x3,1.1636,1.2172,0.775,,bismarck_gun_380_x3,1.1636,1.2172,0.775,,,,,,,,,,,
"gun_17_x4_germany_bb,bc",,432,gun_17_x4,germany,"bb, bc",vdt_gun_280_x4,1.5641,1.6432,0.71,,bismarck_gun_380_short_x4,1.2692,1.3283,0.71,,bismarck_gun_380_short_x4,1.2692,1.3283,0.71,,bismarck_gun_380_x4,1.1636,1.2172,0.71,,bismarck_gun_380_x4,1.1636,1.2172,0.71,,,,,,,,,,,
"gun_18_x1_germany_bb,bc",,457,gun_18_x1,germany,"bb, bc",vdt_gun_280_x1,1.6532,1.7323,1.23,,bismarck_gun_380_short_x1,1.3383,1.3974,1.23,,bismarck_gun_380_short_x1,1.3383,1.3974,1.23,,bismarck_gun_380_x1,1.2272,1.2808,1.23,,bismarck_gun_380_x1,1.2272,1.2808,1.23,,,,,,,,,,,
"gun_18_x2_germany_bb,bc",,457,gun_18_x2,germany,"bb, bc",vdt_gun_280_x2,1.6532,1.7323,0.985,,bismarck_gun_380_short_x2,1.3383,1.3974,0.985,,bismarck_gun_380_short_x2,1.3383,1.3974,0.985,,bismarck_gun_380_x2,1.2272,1.2808,0.985,,bismarck_gun_380_x2,1.2272,1.2808,0.985,,,,,,,,,,,
"gun_18_x3_germany_bb,bc",,457,gun_18_x3,germany,"bb, bc",vdt_gun_280_x3,1.6532,1.7323,0.81,,bismarck_gun_380_short_x3,1.3383,1.3974,0.81,,bismarck_gun_380_short_x3,1.3383,1.3974,0.81,,bismarck_gun_380_x3,1.2272,1.2808,0.81,,bismarck_gun_380_x3,1.2272,1.2808,0.81,,,,,,,,,,,
"gun_18_x4_germany_bb,bc",,457,gun_18_x4,germany,"bb, bc",vdt_gun_280_x4,1.6532,1.7323,0.735,,bismarck_gun_380_short_x4,1.3383,1.3974,0.735,,bismarck_gun_380_short_x4,1.3383,1.3974,0.735,,bismarck_gun_380_x4,1.2272,1.2808,0.735,,bismarck_gun_380_x4,1.2272,1.2808,0.735,,,,,,,,,,,
"gun_19_x1_germany_bb,bc",,483,gun_19_x1,germany,"bb, bc",vdt_gun_280_x1,1.7423,1.8214,1.16,,bismarck_gun_380_short_x1,1.4074,1.4665,1.16,,bismarck_gun_380_short_x1,1.4074,1.4665,1.16,,bismarck_gun_380_x1,1.2908,1.3444,1.16,,bismarck_gun_380_x1,1.2908,1.3444,1.16,,,,,,,,,,,
"gun_19_x2_germany_bb,bc",,483,gun_19_x2,germany,"bb, bc",vdt_gun_280_x2,1.7423,1.8214,0.95,,bismarck_gun_380_short_x2,1.4074,1.4665,0.95,,bismarck_gun_380_short_x2,1.4074,1.4665,0.95,,bismarck_gun_380_x2,1.2908,1.3444,0.95,,bismarck_gun_380_x2,1.2908,1.3444,0.95,,,,,,,,,,,
"gun_19_x3_germany_bb,bc",,483,gun_19_x3,germany,"bb, bc",vdt_gun_280_x3,1.7423,1.8214,0.78,,bismarck_gun_380_short_x3,1.4074,1.4665,0.78,,bismarck_gun_380_short_x3,1.4074,1.4665,0.78,,bismarck_gun_380_x3,1.2908,1.3444,0.78,,bismarck_gun_380_x3,1.2908,1.3444,0.78,,,,,,,,,,,
"gun_19_x4_germany_bb,bc",,483,gun_19_x4,germany,"bb, bc",vdt_gun_280_x4,1.7423,1.8214,0.725,,bismarck_gun_380_short_x4,1.4074,1.4665,0.725,,bismarck_gun_380_short_x4,1.4074,1.4665,0.725,,bismarck_gun_380_x4,1.2908,1.3444,0.725,,bismarck_gun_380_x4,1.2908,1.3444,0.725,,,,,,,,,,,
"gun_20_x1_germany_bb,bc",,508,gun_20_x1,germany,"bb, bc",vdt_gun_280_x1,1.8314,1.9105,1.05,,bismarck_gun_380_short_x1,1.4765,1.5356,1.05,,bismarck_gun_380_short_x1,1.4765,1.5356,1.05,,bismarck_gun_380_x1,1.3544,1.408,1.05,,bismarck_gun_380_x1,1.3544,1.408,1.05,,,,,,,,,,,
"gun_20_x2_germany_bb,bc",,508,gun_20_x2,germany,"bb, bc",vdt_gun_280_x2,1.8314,1.9105,0.85,,bismarck_gun_380_short_x2,1.4765,1.5356,0.85,,bismarck_gun_380_short_x2,1.4765,1.5356,0.85,,bismarck_gun_380_x2,1.3544,1.408,0.85,,bismarck_gun_380_x2,1.3544,1.408,0.85,,,,,,,,,,,
"gun_20_x3_germany_bb,bc",,508,gun_20_x3,germany,"bb, bc",vdt_gun_280_x3,1.8314,1.9105,0.7,,bismarck_gun_380_short_x3,1.4765,1.5356,0.7,,bismarck_gun_380_short_x3,1.4765,1.5356,0.7,,bismarck_gun_380_x3,1.3544,1.408,0.7,,bismarck_gun_380_x3,1.3544,1.408,0.7,,,,,,,,,,,
"gun_20_x4_germany_bb,bc",,508,gun_20_x4,germany,"bb, bc",vdt_gun_280_x4,1.8314,1.9105,0.65,,bismarck_gun_380_short_x4,1.4765,1.5356,0.65,,bismarck_gun_380_short_x4,1.4765,1.5356,0.65,,bismarck_gun_380_x4,1.3544,1.408,0.65,,bismarck_gun_380_x4,1.3544,1.408,0.65,,,,,,,,,,,
gun_2_x1_alt_germany,,51,gun_2_x1_alt,germany,,small_gun_b_51_x1,1.7992,2.1079,0.92,,small_gun_b_51_x1,1.8217,2.1343,0.92,,small_gun_g_51_x1,1.8444,2.1608,0.92,,small_gun_g_51_x1,1.8674,2.1878,0.92,,small_gun_g_51_x1,1.8908,2.2152,0.92,,,,,,,,,,,
gun_2_x2_alt_germany,,51,gun_2_x2_alt,germany,,tsesarevich_gun_152_x2,0.6051,0.709,0.7,,tsesarevich_gun_152_x2,0.6127,0.7179,0.7,,atlanta_gun_28_x2,1.1653,1.3653,0.7,,atlanta_gun_28_x2,1.1798,1.3822,0.7,,atlanta_gun_28_x2,1.1946,1.3996,0.7,,,,,,,,,,,
gun_2_x3_alt_germany,,51,gun_2_x3_alt,germany,,dreadnought_gun_178_x3,0.4813,0.5639,0.55,,dreadnought_gun_178_x3,0.4873,0.5709,0.55,,atlanta_gun_28_x3,1.1653,1.3653,0.55,,atlanta_gun_28_x3,1.1798,1.3822,0.55,,atlanta_gun_28_x3,1.1946,1.3996,0.55,,,,,,,,,,,
gun_3_x1_alt_germany,,76,gun_3_x1_alt,germany,,brandenburg_gun_76_x1,0.92,1.0299,1.45,,brandenburg_gun_76_x1,0.9315,1.0428,1.45,,spee_gun_150_x1,0.7999,0.8955,1.45,,spee_gun_150_x1,0.8099,0.9067,1.45,,bismarck_gun_105_x1,0.9608,1.0756,1.45,,,,,,,,,,,
gun_3_x2_alt_germany,,76,gun_3_x2_alt,germany,,tsesarevich_gun_152_x2,0.7688,0.8607,1.08,,tsesarevich_gun_152_x2,0.7784,0.8714,1.08,,spee_gun_150_x2,0.7999,0.8955,1.08,,spee_gun_150_x2,0.8099,0.9067,1.08,,bismarck_gun_105_x2,0.9608,1.0756,1.08,,,,,,,,,,,
gun_3_x3_alt_germany,,76,gun_3_x3_alt,germany,,dreadnought_gun_178_x3,0.6114,0.6845,0.83,,dreadnought_gun_178_x3,0.619,0.693,0.83,,spee_gun_150_x3,0.7999,0.8955,0.83,,spee_gun_150_x3,0.8099,0.9067,0.83,,bismarck_gun_105_x3,0.9608,1.0756,0.83,,,,,,,,,,,
gun_4_x1_alt_germany,,102,gun_4_x1_alt,germany,,brandenburg_gun_76_x1,1.0976,1.1974,1.7,,brandenburg_gun_76_x1,1.1114,1.2124,1.7,,spee_gun_150_x1,0.9543,1.041,1.7,,spee_gun_150_x1,0.9662,1.054,1.7,,bismarck_gun_105_x1,1.1463,1.2505,1.7,,,,,,,,,,,
gun_4_x2_alt_germany,,102,gun_4_x2_alt,germany,,tsesarevich_gun_152_x2,0.9172,1.0006,1.28,,tsesarevich_gun_152_x2,0.9287,1.0131,1.28,,spee_gun_150_x2,0.9543,1.041,1.28,,spee_gun_150_x2,0.9662,1.054,1.28,,bismarck_gun_105_x2,1.1463,1.2505,1.28,,,,,,,,,,,
gun_4_x3_alt_germany,,102,gun_4_x3_alt,germany,,dreadnought_gun_178_x3,0.7294,0.7957,1,,dreadnought_gun_178_x3,0.7385,0.8056,1,,spee_gun_150_x3,0.9543,1.041,1,,spee_gun_150_x3,0.9662,1.054,1,,bismarck_gun_105_x3,1.1463,1.2505,1,,,,,,,,,,,
gun_5_x1_alt_germany_cl,,127,gun_5_x1_alt,germany,cl,friedrich_gun_152_x1,1.25,1.3424,1.25,,dd_s_gun_d_102_x1,1.0623,1.1408,1.25,,spee_gun_150_x1,1.0885,1.1689,1.25,,spee_gun_150_x1,1.102,1.1834,1.25,,spee_gun_150_x1,1.1159,1.1984,1.25,,,,,,,,,,,
gun_5_x2_alt_germany_cl,,127,gun_5_x2_alt,germany,cl,tsesarevich_gun_152_x2,1.0461,1.1234,0.95,,tsesarevich_gun_152_x2,1.0592,1.1375,0.95,,agamemnon_gun_228_x2,0.7762,0.8336,0.95,,agamemnon_gun_228_x2,0.7859,0.844,0.95,,de_Ruyter_gun_150_x2,1.3178,1.4152,0.95,,,,,,,,,,,
gun_5_x3_alt_germany_cl,,127,gun_5_x3_alt,germany,cl,dido_gun_cal200_x3,0.5213,0.5599,0.75,,dido_gun_cal200_x3,0.5278,0.5668,0.75,,agamemnon_gun_228_x3,0.7762,0.8336,0.75,,agamemnon_gun_228_x3,0.7859,0.844,0.75,,de_Ruyter_gun_150_x3,1.3178,1.4152,0.75,,,,,,,,,,,
gun_5_x1_alt_germany,,127,gun_5_x1_alt,germany,"tb, dd, ca, bc, bb",friedrich_gun_152_x1,1.25,1.3424,1.25,,dd_s_gun_d_102_x1,1.0623,1.1408,1.25,,spee_gun_150_x1,1.0885,1.1689,1.25,,spee_gun_150_x1,1.102,1.1834,1.25,,spee_gun_150_x1,1.1159,1.1984,1.25,,,,,,,,,,,
gun_5_x2_alt_germany,,127,gun_5_x2_alt,germany,"tb, dd, ca, bc, bb",tsesarevich_gun_152_x2,1.0461,1.1234,0.95,,tsesarevich_gun_152_x2,1.0592,1.1375,0.95,,agamemnon_gun_228_x2,0.7762,0.8336,0.95,,agamemnon_gun_228_x2,0.7859,0.844,0.95,,akizuki_gun_b_127_x2,1.1912,1.2792,0.95,,,,,,,,,,,
gun_5_x3_alt_germany,,127,gun_5_x3_alt,germany,"tb, dd, ca, bc, bb",dido_gun_cal200_x3,0.5213,0.5599,0.75,,dido_gun_cal200_x3,0.5278,0.5668,0.75,,agamemnon_gun_228_x3,0.7762,0.8336,0.75,,agamemnon_gun_228_x3,0.7859,0.844,0.75,,akizuki_gun_b_127_x3,1.1912,1.2792,0.75,,,,,,,,,,,
gun_6_x2_alt_germany,,152,gun_6_x2_alt,germany,,tsesarevich_gun_152_x2,1.1652,1.2378,0.86,,tsesarevich_gun_152_x2,1.1798,1.2533,0.86,,ny_gun_210_x2,0.8957,0.9515,0.86,,bismarck_gun_150_x2,1.0349,1.0994,0.86,,bismarck_gun_150_x2,1.0479,1.1132,0.86,,,,,,,,,,,
gun_6_x3_alt_germany,,152,gun_6_x3_alt,germany,,dido_gun_cal200_x3,0.5806,0.6168,0.66,,dido_gun_cal200_x3,0.5878,0.6244,0.66,,ny_gun_210_x3,0.8957,0.9515,0.66,,bismarck_gun_150_x3,1.0349,1.0994,0.66,,bismarck_gun_150_x3,1.0479,1.1132,0.66,,,,,,,,,,,
gun_7_x2_alt_germany,,178,gun_7_x2_alt,germany,,friedrich_gun_228_x2,0.7157,0.754,0.9,,friedrich_gun_228_x2,0.7248,0.7636,0.9,,vdt_gun_280_x2,0.6705,0.7064,0.9,,spee_gun_280_x2_a,0.732,0.7712,0.9,,spee_gun_280_x2_a,0.7413,0.781,0.9,,,,,,,,,,,
gun_7_x3_alt_germany,,178,gun_7_x3_alt,germany,,dido_gun_cal200_x3,0.6549,0.69,0.705,,dido_gun_cal200_x3,0.6631,0.6986,0.705,,vdt_gun_280_x3,0.6705,0.7064,0.705,,spee_gun_280_x3_a,0.732,0.7712,0.705,,spee_gun_280_x3_a,0.7413,0.781,0.705,,,,,,,,,,,
gun_8_x2_alt_germany,,203,gun_8_x2_alt,germany,,friedrich_gun_228_x2,0.7933,0.8307,0.88,,dido_gun_cal200_x2,0.7349,0.7696,0.88,,agamemnon_gun_228_x2,1.0809,1.1319,0.88,,brooklyn_gun_152_x2,0.9561,1.0012,0.88,,brooklyn_gun_b_152_x2,0.9679,1.0136,0.88,,,,,,,,,,,
gun_8_x3_alt_germany,,203,gun_8_x3_alt,germany,,dido_gun_cal200_x3,0.7259,0.7602,0.69,,dido_gun_cal200_x3,0.7349,0.7696,0.69,,agamemnon_gun_228_x3,1.0809,1.1319,0.69,,brooklyn_gun_152_x3,0.9561,1.0012,0.69,,brooklyn_gun_b_152_x3,0.9679,1.0136,0.69,,,,,,,,,,,
gun_9_x2_alt_germany,,229,gun_9_x2_alt,germany,,friedrich_gun_228_x2,0.8739,0.9106,0.82,,dido_gun_cal200_x2,0.8096,0.8436,0.82,,vdt_gun_200_x2,1.2511,1.3036,0.82,,vdt_gun_200_x2,1.2665,1.3197,0.82,,de_Ruyter_gun_150_x2,2.0215,2.1063,0.82,,,,,,,,,,,
gun_9_x3_alt_germany,,229,gun_9_x3_alt,germany,,dido_gun_cal200_x3,0.7996,0.8332,0.64,,dido_gun_cal200_x3,0.8096,0.8436,0.64,,agamemnon_gun_228_x3,1.1907,1.2407,0.64,,agamemnon_gun_228_x3,1.2055,1.2561,0.64,,de_Ruyter_gun_150_x3,2.0215,2.1063,0.64,,,,,,,,,,,
gun_10_x2_alt_germany,,254,gun_10_x2_alt,germany,,brandenburg_gun_279_x2,0.869,0.902,0.9,,ny_gun_210_x2,1.3266,1.3769,0.9,,agamemnon_gun_228_x2,1.2965,1.3457,0.9,,bismarck_gun_380_short_x2,0.7248,0.7523,0.9,,bismarck_gun_380_x2,0.734,0.7619,0.9,,,,,,,,,,,
gun_10_x3_alt_germany,,254,gun_10_x3_alt,germany,,dido_gun_cal200_x3,0.8707,0.9038,0.68,,ny_gun_210_x3,1.3266,1.3769,0.68,,agamemnon_gun_228_x3,1.2965,1.3457,0.68,,bismarck_gun_380_short_x3,0.7248,0.7523,0.68,,bismarck_gun_380_x3,0.734,0.7619,0.68,,,,,,,,,,,
gun_11_x2_alt_germany,,279,gun_11_x2_alt,germany,,brandenburg_gun_279_x2,0.9402,0.9728,0.82,,friedrich_gun_228_x2,1.0425,1.0786,0.82,,vdt_gun_280_x2,0.9644,0.9978,0.82,,spee_gun_280_x2_a,1.053,1.0895,0.82,,spee_gun_280_x2_a,1.0662,1.1031,0.82,,,,,,,,,,,
gun_11_x3_alt_germany,,279,gun_11_x3_alt,germany,,dido_gun_cal200_x3,0.942,0.9746,0.66,,dido_gun_cal200_x3,0.9537,0.9868,0.66,,vdt_gun_280_x3,0.9644,0.9978,0.66,,spee_gun_280_x3_a,1.053,1.0895,0.66,,spee_gun_280_x3_a,1.0662,1.1031,0.66,,,,,,,,,,,
gun_12_x2_alt_germany,,305,gun_12_x2_alt,germany,,friedrich_gun_305_x2,1.0147,1.0469,0.82,,friedrich_gun_228_x2,1.1252,1.1609,0.82,,dreadnought_gun_c_305_x2,1.06,1.0937,0.82,,dreadnought_gun_c_305_x2,1.0734,1.1075,0.82,,litt_gun_381a_x2,0.884,0.9121,0.82,,,,,,,,,,,
gun_12_x3_alt_germany,,305,gun_12_x3_alt,germany,,dido_gun_cal200_x3,1.0167,1.049,0.66,,dido_gun_cal200_x3,1.0293,1.062,0.66,,dreadnought_gun_c_305_x3,1.06,1.0937,0.66,,dreadnought_gun_c_305_x3,1.0734,1.1075,0.66,,litt_gun_381a_x3,0.884,0.9121,0.66,,,,,,,,,,,
gun_13_x2_alt_germany,,330,gun_13_x2_alt,germany,,friedrich_gun_305_x2,1.0869,1.1189,0.88,,friedrich_gun_228_x2,1.2052,1.2406,0.88,,vdt_gun_280_x2,1.1149,1.1477,0.88,,spee_gun_280_x2_a,1.2172,1.253,0.88,,richelieu_gun_380_x2,0.918,0.945,0.88,,,,,,,,,,,
gun_13_x3_alt_germany,,330,gun_13_x3_alt,germany,,dido_gun_cal200_x3,1.089,1.121,0.705,,dido_gun_cal200_x3,1.1025,1.1349,0.705,,vdt_gun_280_x3,1.1149,1.1477,0.705,,spee_gun_280_x3_a,1.2172,1.253,0.705,,richelieu_gun_380_x3,0.918,0.945,0.705,,,,,,,,,,,
gun_14_x2_alt_germany,,356,gun_14_x2_alt,germany,,dreadnought_gun_c_305_x2,1.1848,1.2172,0.88,,dreadnought_gun_c_305_x2,1.1996,1.2324,0.88,,dreadnought_gun_c_305_x2,1.2144,1.2476,0.88,,agamemnon_gun_305_x2,1.209,1.242,0.88,,fus_gun_356_x2_a,1.0483,1.0769,0.88,,,,,,,,,,,
gun_14_x3_alt_germany,,356,gun_14_x3_alt,germany,,dreadnought_gun_c_305_x3,1.1848,1.2172,0.705,,dreadnought_gun_c_305_x3,1.1996,1.2324,0.705,,dreadnought_gun_c_305_x3,1.2144,1.2476,0.705,,agamemnon_gun_305_x3,1.209,1.242,0.705,,fus_gun_356_x3_a,1.0483,1.0769,0.705,,,,,,,,,,,
gun_15_x2_alt_germany,,381,gun_15_x2_alt,germany,,vdt_gun_280_x2,1.2367,1.2683,0.9,,vdt_gun_280_x2,1.2521,1.2841,0.9,,vdt_gun_280_x2,1.2679,1.3003,0.9,,spee_gun_280_x2_a,1.3843,1.4197,0.9,,spee_gun_var_280_x2,1.4018,1.4376,0.9,,,,,,,,,,,
gun_15_x3_alt_germany,,381,gun_15_x3_alt,germany,,vdt_gun_280_x3,1.2367,1.2683,0.72,,vdt_gun_280_x3,1.2521,1.2841,0.72,,vdt_gun_280_x3,1.2679,1.3003,0.72,,spee_gun_280_x3_a,1.3843,1.4197,0.72,,spee_gun_var_280_x3,1.4018,1.4376,0.72,,,,,,,,,,,
gun_16_x2_alt_germany,,406,gun_16_x2_alt,germany,,ny_gun_356_x2,1.3095,1.3409,0.93,,ny_gun_356_x2,1.3258,1.3576,0.93,,ny_gun_356_x2,1.3425,1.3747,0.93,,ussr_gun_406_x2,0.9088,0.9306,0.93,,ussr_gun_406_x2,0.9201,0.9422,0.93,,,,,,,,,,,
gun_16_x3_alt_germany,,406,gun_16_x3_alt,germany,,ny_gun_356_x3,1.3095,1.3409,0.75,,ny_gun_356_x3,1.3258,1.3576,0.75,,ny_gun_356_x3,1.3425,1.3747,0.75,,ussr_gun_406_x3,0.9088,0.9306,0.75,,ussr_gun_406_x3,0.9201,0.9422,0.75,,,,,,,,,,,
gun_17_x2_alt_germany,,432,gun_17_x2_alt,germany,,vdt_gun_280_x2,1.3889,1.4203,0.95,,vdt_gun_280_x2,1.4062,1.438,0.95,,spee_gun_280_x2_a,1.5354,1.5701,0.95,,richelieu_gun_380_x2,1.1578,1.184,0.95,,richelieu_gun_380_x2,1.1724,1.1989,0.95,,,,,,,,,,,
gun_17_x3_alt_germany,,432,gun_17_x3_alt,germany,,vdt_gun_280_x3,1.3889,1.4203,0.775,,vdt_gun_280_x3,1.4062,1.438,0.775,,spee_gun_280_x3_a,1.5354,1.5701,0.775,,richelieu_gun_380_x3,1.1578,1.184,0.775,,richelieu_gun_380_x3,1.1724,1.1989,0.775,,,,,,,,,,,
gun_18_x2_alt_germany,,457,gun_18_x2_alt,germany,,ny_gun_210_x2,2.207,2.2541,0.985,,ny_gun_210_x2,2.2346,2.2823,0.985,,arizona_gun_356_x2,1.4999,1.5319,0.985,,arizona_gun_356_x2,1.5185,1.5509,0.985,,iowa_gun_406_x2,0.9233,0.943,0.985,,,,,,,,,,,
gun_18_x3_alt_germany,,457,gun_18_x3_alt,germany,,ny_gun_210_x3,2.207,2.2541,0.81,,ny_gun_210_x3,2.2346,2.2823,0.81,,arizona_gun_356_x3,1.4999,1.5319,0.81,,arizona_gun_356_x3,1.5185,1.5509,0.81,,iowa_gun_406_x3,0.9233,0.943,0.81,,,,,,,,,,,
###,,,###,,,,,,,,,,,,,,,,,,,,,,,,,,,,,,,,,,,,,
gun_2_x1_britain,,51,gun_2_x1,britain,,,,,,,,,,,,,,,,,,,,,,,,,,,,,,,,,,,,
gun_2_x2_britain,,51,gun_2_x2,britain,,,,,,,,,,,,,,,,,,,,,,,,,,,,,,,,,,,,
gun_2_x3_britain,,51,gun_2_x3,britain,,,,,,,,,,,,,,,,,,,,,,,,,,,,,,,,,,,,
gun_2_x4_britain,,51,gun_2_x4,britain,,,,,,,richelieu_gun_120_x4,0.596,0.722,,,richelieu_gun_120_x4,0.596,0.722,,,richelieu_gun_120_x4,0.596,0.722,,,richelieu_gun_120_x4,0.596,0.722,,,,,,,,,,,,
gun_3_x1_britain_dd,,76,gun_3_x1,britain,"dd, tb",,,,,,,,,,,,,,,,,,,,,,,,,,,,,,,,,,,
gun_3_x2_britain_dd,,76,gun_3_x2,britain,"dd, tb",,,,,,,,,,,,,,,,,,,,,,,,,,,,,,,,,,,
gun_3_x3_britain_dd,,76,gun_3_x3,britain,"dd, tb",,,,,,,,,,,,,,,,,,,,,,,,,,,,,,,,,,,
gun_3_x4_britain_dd,,76,gun_3_x4,britain,"dd, tb",,,,,,richelieu_gun_120_x4,0.732,0.858,,,richelieu_gun_120_x4,0.732,0.858,,,richelieu_gun_120_x4,0.732,0.858,,,richelieu_gun_120_x4,0.732,0.858,,,,,,,,,,,,
gun_4_x1_britain_dd,,102,gun_4_x1,britain,"dd, tb",,,,,,,,,,,,,,,,akizuki_gun_b_127_x1,0.646,0.7805,,,akizuki_gun_b_127_x1,0.646,0.7805,,,,,,,,,,,,
gun_4_x2_britain_dd,,102,gun_4_x2,britain,"dd, tb",,,,,,dreadnought_gun_178_x2,0.868,0.994,,,dreadnought_gun_178_x2,0.868,0.994,,,dido_gun_cal133_x2,0.868,0.994,,,dido_gun_cal133_x2,0.868,0.994,,,,,,,,,,,,
gun_4_x3_britain_dd,,102,gun_4_x3,britain,"dd, tb",,,,,,dreadnought_gun_178_x3,0.868,0.994,,,dreadnought_gun_178_x3,0.868,0.994,,,dido_gun_cal133_x3,0.868,0.994,,,dido_gun_cal133_x3,0.868,0.994,,,,,,,,,,,,
gun_4_x4_britain_dd,,102,gun_4_x4,britain,"dd, tb",,,,,,dreadnought_gun_178_x4,0.868,0.994,,,dreadnought_gun_178_x4,0.868,0.994,,,dido_gun_cal133_x4,0.868,0.994,,,dido_gun_cal133_x4,0.868,0.994,,,,,,,,,,,,
gun_5_x1_britain_dd,,127,gun_5_x1,britain,"dd, tb",,,,,,,,,,,,,,,,akizuki_gun_b_127_x1,0.8005,0.935,,,akizuki_gun_b_127_x1,0.8005,0.935,,,,,,,,,,,,
gun_5_x2_britain_dd,,127,gun_5_x2,britain,"dd, tb",,,,,,dreadnought_gun_178_x2,1.004,1.13,,,dreadnought_gun_178_x2,1.004,1.13,,,dido_gun_cal133_x2,1.004,1.13,,,dido_gun_cal133_x2,1.004,1.13,,,,,,,,,,,,
gun_5_x3_britain_dd,,127,gun_5_x3,britain,"dd, tb",,,,,,dreadnought_gun_178_x3,1.004,1.13,,,dreadnought_gun_178_x3,1.004,1.13,,,dido_gun_cal133_x3,1.004,1.13,,,dido_gun_cal133_x3,1.004,1.13,,,,,,,,,,,,
gun_5_x4_britain_dd,,127,gun_5_x4,britain,"dd, tb",,,,,,dreadnought_gun_178_x4,1.004,1.13,,,dreadnought_gun_178_x4,1.004,1.13,,,dido_gun_cal133_x4,1.004,1.13,,,dido_gun_cal133_x4,1.004,1.13,,,,,,,,,,,,
gun_3_x1_britain_cl,,76,gun_3_x1,britain,cl,,,,,,,,,,,,,,,,,,,,,,,,,,,,,,,,,,,
gun_3_x2_britain_cl,,76,gun_3_x2,britain,cl,,,,,,,,,,,,,,,,,,,,,,,,,,,,,,,,,,,
gun_3_x3_britain_cl,,76,gun_3_x3,britain,cl,,,,,,,,,,,,,,,,,,,,,,,,,,,,,,,,,,,
gun_3_x4_britain_cl,,76,gun_3_x4,britain,cl,,,,,,richelieu_gun_120_x4,0.732,0.858,,,richelieu_gun_120_x4,0.732,0.858,,,richelieu_gun_120_x4,0.732,0.858,,,richelieu_gun_120_x4,0.732,0.858,,,,,,,,,,,,
gun_4_x1_britain_cl,,102,gun_4_x1,britain,cl,,,,,,,,,,,,,,,,hood_gun_140_x1,0.868,0.994,,,hood_gun_140_x1,0.868,0.994,,,,,,,,,,,,
gun_4_x2_britain_cl,,102,gun_4_x2,britain,cl,,,,,,dreadnought_gun_178_x2,0.868,0.994,,,dreadnought_gun_178_x2,0.868,0.994,,,dido_gun_cal133_x2,0.868,0.994,,,dido_gun_cal133_x2,0.868,0.994,,,,,,,,,,,,
gun_4_x3_britain_cl,,102,gun_4_x3,britain,cl,,,,,,dreadnought_gun_178_x3,0.868,0.994,,,dreadnought_gun_178_x3,0.868,0.994,,,dido_gun_cal133_x3,0.868,0.994,,,dido_gun_cal133_x3,0.868,0.994,,,,,,,,,,,,
gun_4_x4_britain_cl,,102,gun_4_x4,britain,cl,,,,,,dreadnought_gun_178_x4,0.868,0.994,,,dreadnought_gun_178_x4,0.868,0.994,,,dido_gun_cal133_x4,0.868,0.994,,,dido_gun_cal133_x4,0.868,0.994,,,,,,,,,,,,
gun_5_x1_britain_cl,,127,gun_5_x1,britain,cl,,,,,,,,,,,,,,,,hood_gun_140_x1,1.004,1.13,,,hood_gun_140_x1,1.004,1.13,,,,,,,,,,,,
gun_5_x2_britain_cl,,127,gun_5_x2,britain,cl,,,,,,dreadnought_gun_178_x2,1.004,1.13,,,dreadnought_gun_178_x2,1.004,1.13,,,dido_gun_cal133_x2,1.004,1.13,,,dido_gun_cal133_x2,1.004,1.13,,,,,,,,,,,,
gun_5_x3_britain_cl,,127,gun_5_x3,britain,cl,,,,,,dreadnought_gun_178_x3,1.004,1.13,,,dreadnought_gun_178_x3,1.004,1.13,,,dido_gun_cal133_x3,1.004,1.13,,,dido_gun_cal133_x3,1.004,1.13,,,,,,,,,,,,
gun_5_x4_britain_cl,,127,gun_5_x4,britain,cl,,,,,,dreadnought_gun_178_x4,1.004,1.13,,,dreadnought_gun_178_x4,1.004,1.13,,,dido_gun_cal133_x4,1.004,1.13,,,dido_gun_cal133_x4,1.004,1.13,,,,,,,,,,,,
gun_6_x1_britain_cl,,152,gun_6_x1,britain,cl,,,,,,,,,,,,,,,,hood_gun_140_x1,1.14,1.266,,,hood_gun_140_x1,1.14,1.266,,,,,,,,,,,,
gun_6_x2_britain_cl,,152,gun_6_x2,britain,cl,,,,,,dreadnought_gun_178_x2,1.14,1.266,,,dreadnought_gun_178_x2,1.14,1.266,,,dido_gun_cal133_x2,1.14,1.266,,,british_adv_cruiser_152_gun_x2,0.71,0.809,,,,,,,,,,,,
gun_6_x3_britain_cl,,152,gun_6_x3,britain,cl,,,,,,dreadnought_gun_178_x3,1.14,1.266,,,dreadnought_gun_178_x3,1.14,1.266,,,dido_gun_cal133_x3,1.14,1.266,,,british_adv_cruiser_152_gun_x3,0.71,0.809,,,,,,,,,,,,
gun_6_x4_britain_cl,,152,gun_6_x4,britain,cl,,,,,,dreadnought_gun_178_x4,1.14,1.266,,,dreadnought_gun_178_x4,1.14,1.266,,,dido_gun_cal133_x4,1.14,1.266,,,british_adv_cruiser_152_gun_x4,0.71,0.809,,,,,,,,,,,,
gun_3_x1_britain_ca,,76,gun_3_x1,britain,"ca, bb, bc",,,,,,pen_gun_127_x1,0.815,1.04,,,hood_gun_140_x1,0.732,0.858,,,hood_gun_140_x1,0.732,0.858,,,hood_gun_140_x1,0.732,0.858,,,,,,,,,,,,
gun_3_x2_britain_ca,,76,gun_3_x2,britain,"ca, bb, bc",pen_gun_127_x2,0.815,1.04,1.08,,pen_gun_127_x2,0.815,1.04,1.08,,hood_gun_140_x2,0.732,0.858,1.08,,hood_gun_140_x2,0.732,0.858,1.08,,dido_gun_cal133_x2,0.868,0.994,1.08,,,,,,,,,,,
gun_3_x3_britain_ca,,76,gun_3_x3,britain,"ca, bb, bc",pen_gun_127_x3,0.815,1.04,0.83,,pen_gun_127_x3,0.815,1.04,0.83,,hood_gun_140_x3,0.732,0.858,0.83,,hood_gun_140_x3,0.732,0.858,0.83,,dido_gun_cal133_x3,0.868,0.994,0.83,,,,,,,,,,,
gun_3_x4_britain_ca,,76,gun_3_x4,britain,"ca, bb, bc",,,,,,,,,,,,,,,,dido_gun_cal133_x4,0.868,0.994,,,dido_gun_cal133_x4,0.868,0.994,,,,,,,,,,,,
gun_4_x1_britain_ca,,102,gun_4_x1,britain,"ca, bb, bc",,,,,,pen_gun_127_x1,1.06,1.285,,,hood_gun_140_x1,0.868,0.994,,,hood_gun_140_x1,0.868,0.994,,,hood_gun_140_x1,0.868,0.994,,,,,,,,,,,,
gun_4_x2_britain_ca,,102,gun_4_x2,britain,"ca, bb, bc",pen_gun_127_x2,1.06,1.285,1.28,,pen_gun_127_x2,1.06,1.285,1.28,,hood_gun_140_x2,0.868,0.994,1.28,,hood_gun_140_x2,0.868,0.994,1.28,,dido_gun_cal133_x2,1.004,1.13,1.28,,,,,,,,,,,
gun_4_x3_britain_ca,,102,gun_4_x3,britain,"ca, bb, bc",pen_gun_127_x3,1.06,1.285,1,,pen_gun_127_x3,1.06,1.285,1,,hood_gun_140_x3,0.868,0.994,1,,hood_gun_140_x3,0.868,0.994,1,,dido_gun_cal133_x3,1.004,1.13,1,,,,,,,,,,,
gun_4_x4_britain_ca,,102,gun_4_x4,britain,"ca, bb, bc",,,,,,,,,,,,,,,,dido_gun_cal133_x4,1.004,1.13,,,dido_gun_cal133_x4,1.004,1.13,,,,,,,,,,,,
gun_5_x1_britain_ca,,127,gun_5_x1,britain,"ca, bb, bc",tsesarevich_gun_152_x1,0.8005,0.935,1.25,,,,,1.25,,,,,1.25,,,,,1.25,,,,,1.25,,,,,,,,,,,
gun_5_x2_britain_ca,,127,gun_5_x2,britain,"ca, bb, bc",tsesarevich_gun_152_x2,0.8005,0.935,0.95,,dreadnought_gun_178_x2,1.004,1.13,0.95,,kgeorge_gun_133_x2,0.602,0.71,0.95,,dido_gun_cal133_x2,1.004,1.13,0.95,,dido_gun_cal133_x2,1.14,1.266,0.95,,,,,,,,,,,
gun_5_x3_britain_ca,,127,gun_5_x3,britain,"ca, bb, bc",tsesarevich_gun_152_x3,0.8005,0.935,0.75,,dreadnought_gun_178_x3,1.004,1.13,0.75,,kgeorge_gun_133_x3,0.602,0.71,0.75,,dido_gun_cal133_x3,1.004,1.13,0.75,,dido_gun_cal133_x3,1.14,1.266,0.75,,,,,,,,,,,
gun_5_x4_britain_ca,,127,gun_5_x4,britain,"ca, bb, bc",,,,,,dreadnought_gun_178_x4,1.004,1.13,,,,,,,,dido_gun_cal133_x4,1.004,1.13,,,dido_gun_cal133_x4,1.14,1.266,,,,,,,,,,,,
gun_6_x1_britain_ca,,152,gun_6_x1,britain,"ca, bb, bc",tsesarevich_gun_152_x1,0.955,1.0895,1.185,,dreadnought_gun_178_x1,1.14,1.266,1.185,,nelson_gun_152_x1,0.918,1.0262,1.185,,nelson_gun_152_x1,0.918,1.0262,1.185,,british_adv_cruiser_152_gun_x1,0.71,0.809,1.185,,,,,,,,,,,
gun_6_x2_britain_ca,,152,gun_6_x2,britain,"ca, bb, bc",tsesarevich_gun_152_x2,0.955,1.0895,0.86,,dreadnought_gun_178_x2,1.14,1.266,0.86,,nelson_gun_152_x2,0.918,1.0262,0.86,,nelson_gun_152_x2,0.918,1.0262,0.86,,british_adv_cruiser_152_gun_x2,0.71,0.809,0.86,,,,,,,,,,,
gun_6_x3_britain_ca,,152,gun_6_x3,britain,"ca, bb, bc",tsesarevich_gun_152_x3,0.955,1.0895,0.66,,dreadnought_gun_178_x3,1.14,1.266,0.66,,nelson_gun_152_x3,0.918,1.0262,0.66,,nelson_gun_152_x3,0.918,1.0262,0.66,,british_adv_cruiser_152_gun_x3,0.71,0.809,0.66,,,,,,,,,,,
gun_6_x4_britain_ca,,152,gun_6_x4,britain,"ca, bb, bc",,,,,,dreadnought_gun_178_x4,1.14,1.266,,,nelson_gun_152_x4,0.918,1.0262,,,nelson_gun_152_x4,0.918,1.0262,,,british_adv_cruiser_152_gun_x4,0.71,0.809,,,,,,,,,,,,
"gun_7_x1_britain_cl,ca",,178,gun_7_x1,britain,"cl, ca, bb, bc",friedrich_gun_228_x1,0.7312,0.8094,1.21,,dreadnought_gun_178_x1,1.276,1.402,1.21,,nelson_gun_152_x1,1.0362,1.1444,1.21,,nelson_gun_152_x1,1.0362,1.1444,1.21,,british_adv_cruiser_152_gun_x1,0.819,0.918,1.21,,,,,,,,,,,
"gun_7_x2_britain_cl,ca",,178,gun_7_x2,britain,"cl, ca, bb, bc",friedrich_gun_228_x2,0.7312,0.8094,0.9,,dreadnought_gun_178_x2,1.276,1.402,0.9,,nelson_gun_152_x2,1.0362,1.1444,0.9,,nelson_gun_152_x2,1.0362,1.1444,0.9,,british_adv_cruiser_152_gun_x2,0.819,0.918,0.9,,,,,,,,,,,
"gun_7_x3_britain_cl,ca",,178,gun_7_x3,britain,"cl, ca, bb, bc",friedrich_gun_228_x3,0.7312,0.8094,0.705,,dreadnought_gun_178_x3,1.276,1.402,0.705,,nelson_gun_152_x3,1.0362,1.1444,0.705,,nelson_gun_152_x3,1.0362,1.1444,0.705,,british_adv_cruiser_152_gun_x3,0.819,0.918,0.705,,,,,,,,,,,
"gun_7_x4_britain_cl,ca",,178,gun_7_x4,britain,"cl, ca, bb, bc",,,,,,dreadnought_gun_178_x4,1.276,1.402,,,nelson_gun_152_x4,1.0362,1.1444,,,nelson_gun_152_x4,1.0362,1.1444,,,british_adv_cruiser_152_gun_x4,0.819,0.918,,,,,,,,,,,,
gun_8_x1_britain_ca,,203,gun_8_x1,britain,"ca, bb, bc",friedrich_gun_228_x1,0.8194,0.8976,1.17,,agamemnon_gun_b_228_x1,1.412,1.538,1.17,,nelson_gun_152_x1,1.1544,1.2626,1.17,,nelson_gun_152_x1,1.1544,1.2626,1.17,,british_adv_cruiser_152_gun_x1,0.928,1.027,1.17,,,,,,,,,,,
gun_8_x2_britain_ca,,203,gun_8_x2,britain,"ca, bb, bc",friedrich_gun_228_x2,0.8194,0.8976,0.88,,agamemnon_gun_b_228_x2,1.412,1.538,0.88,,nelson_gun_152_x2,1.1544,1.2626,0.88,,nelson_gun_152_x2,1.1544,1.2626,0.88,,british_adv_cruiser_152_gun_x2,0.928,1.027,0.88,,,,,,,,,,,
gun_8_x3_britain_ca,,203,gun_8_x3,britain,"ca, bb, bc",friedrich_gun_228_x3,0.8194,0.8976,0.69,,agamemnon_gun_b_228_x3,1.412,1.538,0.69,,nelson_gun_152_x3,1.1544,1.2626,0.69,,nelson_gun_152_x3,1.1544,1.2626,0.69,,british_adv_cruiser_152_gun_x3,0.928,1.027,0.69,,,,,,,,,,,
gun_8_x4_britain_ca,,203,gun_8_x4,britain,"ca, bb, bc",,,,,,agamemnon_gun_b_228_x4,1.412,1.538,,,nelson_gun_152_x4,1.1544,1.2626,,,nelson_gun_152_x4,1.1544,1.2626,,,british_adv_cruiser_152_gun_x4,0.928,1.027,,,,,,,,,,,,
"gun_9_x1_britain_ca,bb,bc",,229,gun_9_x1,britain,"ca, bb, bc",friedrich_gun_228_x1,0.9076,0.9858,1.1,,agamemnon_gun_b_228_x1,1.548,1.674,1.1,,nelson_gun_152_x1,1.2726,1.3808,1.1,,nelson_gun_152_x1,1.2726,1.3808,1.1,,nelson_gun_406_x1,0.6226,0.6858,1.1,,,,,,,,,,,
"gun_9_x2_britain_ca,bb,bc",,229,gun_9_x2,britain,"ca, bb, bc",friedrich_gun_228_x2,0.9076,0.9858,0.82,,agamemnon_gun_b_228_x2,1.548,1.674,0.82,,nelson_gun_152_x2,1.2726,1.3808,0.82,,nelson_gun_152_x2,1.2726,1.3808,0.82,,nelson_gun_406_x2,0.6226,0.6858,0.82,,,,,,,,,,,
"gun_9_x3_britain_ca,bb,bc",,229,gun_9_x3,britain,"ca, bb, bc",friedrich_gun_228_x3,0.9076,0.9858,0.64,,agamemnon_gun_b_228_x3,1.548,1.674,0.64,,nelson_gun_152_x3,1.2726,1.3808,0.64,,nelson_gun_152_x3,1.2726,1.3808,0.64,,nelson_gun_406_x3,0.6226,0.6858,0.64,,,,,,,,,,,
"gun_9_x4_britain_ca,bb,bc",,229,gun_9_x4,britain,"ca, bb, bc",,,,,,agamemnon_gun_b_228_x4,1.548,1.674,,,nelson_gun_152_x4,1.2726,1.3808,,,nelson_gun_152_x4,1.2726,1.3808,,,nelson_gun_406_x4,0.6226,0.6858,,,,,,,,,,,,
"gun_10_x1_britain_ca,bb,bc",,254,gun_10_x1,britain,"ca, bb, bc",friedrich_gun_228_x1,0.9958,1.074,1.2,,dreadnought_gun_305_x1,0.954,1.035,1.2,,hood_gun_380_x1,0.6908,0.754,1.2,,nelson_gun_406_x1,0.6908,0.754,1.2,,nelson_gun_406_x1,0.6908,0.754,1.2,,,,,,,,,,,
"gun_10_x2_britain_ca,bb,bc",,254,gun_10_x2,britain,"ca, bb, bc",friedrich_gun_228_x2,0.9958,1.074,0.9,,dreadnought_gun_305_x2,0.954,1.035,0.9,,hood_gun_380_x2,0.6908,0.754,0.9,,nelson_gun_406_x2,0.6908,0.754,0.9,,nelson_gun_406_x2,0.6908,0.754,0.9,,,,,,,,,,,
"gun_10_x3_britain_ca,bb,bc",,254,gun_10_x3,britain,"ca, bb, bc",friedrich_gun_228_x3,0.9958,1.074,0.68,,dreadnought_gun_305_x3,0.954,1.035,0.68,,hood_gun_380_x3,0.6908,0.754,0.68,,nelson_gun_406_x3,0.6908,0.754,0.68,,nelson_gun_406_x3,0.6908,0.754,0.68,,,,,,,,,,,
"gun_10_x4_britain_ca,bb,bc",,254,gun_10_x4,britain,"ca, bb, bc",,,,,,dreadnought_gun_305_x4,0.954,1.035,,,hood_gun_380_x4,0.6908,0.754,,,nelson_gun_406_x4,0.6908,0.754,,,nelson_gun_406_x4,0.6908,0.754,,,,,,,,,,,,
"gun_11_x1_britain_ca,bb,bc",,279,gun_11_x1,britain,"ca, bb, bc",irresistible_gun_305_x1,1.045,1.126,1.07,,dreadnought_gun_305_x1,1.045,1.126,1.07,,hood_gun_380_x1,0.759,0.8222,1.07,,nelson_gun_406_x1,0.759,0.8222,1.07,,kgeorge_gun_380_x1_b,0.7375,0.79,1.07,,,,,,,,,,,
"gun_11_x2_britain_ca,bb,bc",,279,gun_11_x2,britain,"ca, bb, bc",irresistible_gun_305_x2,1.045,1.126,0.82,,dreadnought_gun_305_x2,1.045,1.126,0.82,,hood_gun_380_x2,0.759,0.8222,0.82,,nelson_gun_406_x2,0.759,0.8222,0.82,,kgeorge_gun_380_x2_b,0.7375,0.79,0.82,,,,,,,,,,,
"gun_11_x3_britain_ca,bb,bc",,279,gun_11_x3,britain,"ca, bb, bc",irresistible_gun_305_x3,1.045,1.126,0.66,,dreadnought_gun_305_x3,1.045,1.126,0.66,,hood_gun_380_x3,0.759,0.8222,0.66,,nelson_gun_406_x3,0.759,0.8222,0.66,,kgeorge_gun_380_x3_c,0.7375,0.79,0.66,,,,,,,,,,,
"gun_11_x4_britain_ca,bb,bc",,279,gun_11_x4,britain,"ca, bb, bc",irresistible_gun_305_x4,1.045,1.126,0.61,,dreadnought_gun_305_x4,1.045,1.126,0.61,,hood_gun_380_x4,0.759,0.8222,0.61,,nelson_gun_406_x4,0.759,0.8222,0.61,,kgeorge_gun_380_x4_c,0.7375,0.79,0.61,,,,,,,,,,,
"gun_12_x1_britain_bb,bc",,305,gun_12_x1,britain,"bb, bc",irresistible_gun_305_x1,1.136,1.217,1.07,,dreadnought_gun_305_x1,1.136,1.217,1.07,,hood_gun_380_x1,0.8272,0.8904,1.07,,nelson_gun_406_x1,0.8272,0.8904,1.07,,kgeorge_gun_380_x1_b,0.8,0.8525,1.07,,,,,,,,,,,
"gun_12_x2_britain_bb,bc",,305,gun_12_x2,britain,"bb, bc",irresistible_gun_305_x2,1.136,1.217,0.82,,dreadnought_gun_305_x2,1.136,1.217,0.82,,hood_gun_380_x2,0.8272,0.8904,0.82,,nelson_gun_406_x2,0.8272,0.8904,0.82,,kgeorge_gun_380_x2_b,0.8,0.8525,0.82,,,,,,,,,,,
"gun_12_x3_britain_bb,bc",,305,gun_12_x3,britain,"bb, bc",irresistible_gun_305_x3,1.136,1.217,0.66,,dreadnought_gun_305_x3,1.136,1.217,0.66,,hood_gun_380_x3,0.8272,0.8904,0.66,,nelson_gun_406_x3,0.8272,0.8904,0.66,,kgeorge_gun_380_x3_c,0.8,0.8525,0.66,,,,,,,,,,,
"gun_12_x4_britain_bb,bc",,305,gun_12_x4,britain,"bb, bc",irresistible_gun_305_x4,1.136,1.217,0.61,,dreadnought_gun_305_x4,1.136,1.217,0.61,,hood_gun_380_x4,0.8272,0.8904,0.61,,nelson_gun_406_x4,0.8272,0.8904,0.61,,kgeorge_gun_380_x4_c,0.8,0.8525,0.61,,,,,,,,,,,
"gun_13_x1_britain_bb,bc",,330,gun_13_x1,britain,"bb, bc",irresistible_gun_305_x1,1.227,1.308,1.13,,agamemnon_gun_305_x1,1.227,1.308,1.13,,hood_gun_380_x1,0.8954,0.9586,1.13,,nelson_gun_406_x1,0.8954,0.9586,1.13,,kgeorge_gun_380_x1_b,0.8625,0.915,1.13,,,,,,,,,,,
"gun_13_x2_britain_bb,bc",,330,gun_13_x2,britain,"bb, bc",irresistible_gun_305_x2,1.227,1.308,0.88,,agamemnon_gun_305_x2,1.227,1.308,0.88,,hood_gun_380_x2,0.8954,0.9586,0.88,,nelson_gun_406_x2,0.8954,0.9586,0.88,,kgeorge_gun_380_x2_b,0.8625,0.915,0.88,,,,,,,,,,,
"gun_13_x3_britain_bb,bc",,330,gun_13_x3,britain,"bb, bc",irresistible_gun_305_x3,1.227,1.308,0.705,,agamemnon_gun_305_x3,1.227,1.308,0.705,,hood_gun_380_x3,0.8954,0.9586,0.705,,nelson_gun_406_x3,0.8954,0.9586,0.705,,kgeorge_gun_380_x3_c,0.8625,0.915,0.705,,,,,,,,,,,
"gun_13_x4_britain_bb,bc",,330,gun_13_x4,britain,"bb, bc",irresistible_gun_305_x4,1.227,1.308,0.65,,agamemnon_gun_305_x4,1.227,1.308,0.65,,hood_gun_380_x4,0.8954,0.9586,0.65,,nelson_gun_406_x4,0.8954,0.9586,0.65,,kgeorge_gun_380_x4_c,0.8625,0.915,0.65,,,,,,,,,,,
"gun_14_x1_britain_bb,bc",,356,gun_14_x1,britain,"bb, bc",irresistible_gun_305_x1,1.318,1.399,1.13,,agamemnon_gun_305_x1,1.318,1.399,1.13,,hood_gun_380_x1,0.9636,1.0268,1.13,,nelson_gun_406_x1,0.9636,1.0268,1.13,,kgeorge_gun_380_x1_b,0.925,0.9775,1.13,,,,,,,,,,,
"gun_14_x2_britain_bb,bc",,356,gun_14_x2,britain,"bb, bc",irresistible_gun_305_x2,1.318,1.399,0.88,,agamemnon_gun_305_x2,1.318,1.399,0.88,,hood_gun_380_x2,0.9636,1.0268,0.88,,nelson_gun_406_x2,0.9636,1.0268,0.88,,kgeorge_gun_380_x2_b,0.925,0.9775,0.88,,,,,,,,,,,
"gun_14_x3_britain_bb,bc",,356,gun_14_x3,britain,"bb, bc",irresistible_gun_305_x3,1.318,1.399,0.705,,agamemnon_gun_305_x3,1.318,1.399,0.705,,hood_gun_380_x3,0.9636,1.0268,0.705,,nelson_gun_406_x3,0.9636,1.0268,0.705,,kgeorge_gun_380_x3_c,0.925,0.9775,0.705,,,,,,,,,,,
"gun_14_x4_britain_bb,bc",,356,gun_14_x4,britain,"bb, bc",irresistible_gun_305_x4,1.318,1.399,0.66,,agamemnon_gun_305_x4,1.318,1.399,0.66,,hood_gun_380_x4,0.9636,1.0268,0.66,,nelson_gun_406_x4,0.9636,1.0268,0.66,,kgeorge_gun_380_x4_c,0.925,0.9775,0.66,,,,,,,,,,,
"gun_15_x1_britain_bb,bc",,381,gun_15_x1,britain,"bb, bc",irresistible_gun_305_x1,1.409,1.49,1.14,,agamemnon_gun_305_x1,1.409,1.49,1.14,,hood_gun_380_x1,1.0318,1.095,1.14,,nelson_gun_406_x1,1.0318,1.095,1.14,,kgeorge_gun_380_x1_b,0.9875,1.04,1.14,,,,,,,,,,,
"gun_15_x2_britain_bb,bc",,381,gun_15_x2,britain,"bb, bc",irresistible_gun_305_x2,1.409,1.49,0.9,,agamemnon_gun_305_x2,1.409,1.49,0.9,,hood_gun_380_x2,1.0318,1.095,0.9,,nelson_gun_406_x2,1.0318,1.095,0.9,,kgeorge_gun_380_x2_b,0.9875,1.04,0.9,,,,,,,,,,,
"gun_15_x3_britain_bb,bc",,381,gun_15_x3,britain,"bb, bc",irresistible_gun_305_x3,1.409,1.49,0.72,,agamemnon_gun_305_x3,1.409,1.49,0.72,,hood_gun_380_x3,1.0318,1.095,0.72,,nelson_gun_406_x3,1.0318,1.095,0.72,,kgeorge_gun_380_x3_c,0.9875,1.04,0.72,,,,,,,,,,,
"gun_15_x4_britain_bb,bc",,381,gun_15_x4,britain,"bb, bc",irresistible_gun_305_x4,1.409,1.49,0.675,,agamemnon_gun_305_x4,1.409,1.49,0.675,,hood_gun_380_x4,1.0318,1.095,0.675,,nelson_gun_406_x4,1.0318,1.095,0.675,,kgeorge_gun_380_x4_c,0.9875,1.04,0.675,,,,,,,,,,,
"gun_16_x1_britain_bb,bc",,406,gun_16_x1,britain,"bb, bc",irresistible_gun_305_x1,1.5,1.581,1.15,,agamemnon_gun_305_x1,1.5,1.581,1.15,,hood_gun_380_x1,1.1,1.1632,1.15,,nelson_gun_406_x1,1.1,1.1632,1.15,,kgeorge_gun_380_x1_b,1.05,1.1025,1.15,,,,,,,,,,,
"gun_16_x2_britain_bb,bc",,406,gun_16_x2,britain,"bb, bc",irresistible_gun_305_x2,1.5,1.581,0.93,,agamemnon_gun_305_x2,1.5,1.581,0.93,,hood_gun_380_x2,1.1,1.1632,0.93,,nelson_gun_406_x2,1.1,1.1632,0.93,,kgeorge_gun_380_x2_b,1.05,1.1025,0.93,,,,,,,,,,,
"gun_16_x3_britain_bb,bc",,406,gun_16_x3,britain,"bb, bc",irresistible_gun_305_x3,1.5,1.581,0.75,,agamemnon_gun_305_x3,1.5,1.581,0.75,,hood_gun_380_x3,1.1,1.1632,0.75,,nelson_gun_406_x3,1.1,1.1632,0.75,,kgeorge_gun_380_x3_c,1.05,1.1025,0.75,,,,,,,,,,,
"gun_16_x4_britain_bb,bc",,406,gun_16_x4,britain,"bb, bc",irresistible_gun_305_x4,1.5,1.581,0.68,,agamemnon_gun_305_x4,1.5,1.581,0.68,,hood_gun_380_x4,1.1,1.1632,0.68,,nelson_gun_406_x4,1.1,1.1632,0.68,,kgeorge_gun_380_x4_c,1.05,1.1025,0.68,,,,,,,,,,,
"gun_17_x1_britain_bb,bc",,432,gun_17_x1,britain,"bb, bc",agamemnon_gun_305_x1,1.591,1.672,1.2,,hood_gun_380_x1,1.1682,1.2314,1.2,,nelson_gun_406_x1,1.1682,1.2314,1.2,,kgeorge_gun_380_x1_b,1.1125,1.165,1.2,,kgeorge_gun_380_x1_b,1.1125,1.165,1.2,,,,,,,,,,,
"gun_17_x2_britain_bb,bc",,432,gun_17_x2,britain,"bb, bc",agamemnon_gun_305_x2,1.591,1.672,0.95,,hood_gun_380_x2,1.1682,1.2314,0.95,,nelson_gun_406_x2,1.1682,1.2314,0.95,,kgeorge_gun_380_x2_b,1.1125,1.165,0.95,,kgeorge_gun_380_x2_b,1.1125,1.165,0.95,,,,,,,,,,,
"gun_17_x3_britain_bb,bc",,432,gun_17_x3,britain,"bb, bc",agamemnon_gun_305_x3,1.591,1.672,0.775,,hood_gun_380_x3,1.1682,1.2314,0.775,,nelson_gun_406_x3,1.1682,1.2314,0.775,,kgeorge_gun_380_x3_c,1.1125,1.165,0.775,,kgeorge_gun_380_x3_c,1.1125,1.165,0.775,,,,,,,,,,,
"gun_17_x4_britain_bb,bc",,432,gun_17_x4,britain,"bb, bc",agamemnon_gun_305_x4,1.591,1.672,0.71,,hood_gun_380_x4,1.1682,1.2314,0.71,,nelson_gun_406_x4,1.1682,1.2314,0.71,,kgeorge_gun_380_x4_c,1.1125,1.165,0.71,,kgeorge_gun_380_x4_c,1.1125,1.165,0.71,,,,,,,,,,,
"gun_18_x1_britain_bb,bc",,457,gun_18_x1,britain,"bb, bc",agamemnon_gun_305_x1,1.682,1.763,1.23,,hood_gun_380_x1,1.2364,1.2996,1.23,,nelson_gun_406_x1,1.2364,1.2996,1.23,,kgeorge_gun_380_x1_b,1.175,1.2275,1.23,,kgeorge_gun_380_x1_b,1.175,1.2275,1.23,,,,,,,,,,,
"gun_18_x2_britain_bb,bc",,457,gun_18_x2,britain,"bb, bc",agamemnon_gun_305_x2,1.682,1.763,0.985,,hood_gun_380_x2,1.2364,1.2996,0.985,,nelson_gun_406_x2,1.2364,1.2996,0.985,,kgeorge_gun_380_x2_b,1.175,1.2275,0.985,,kgeorge_gun_380_x2_b,1.175,1.2275,0.985,,,,,,,,,,,
"gun_18_x3_britain_bb,bc",,457,gun_18_x3,britain,"bb, bc",agamemnon_gun_305_x3,1.682,1.763,0.81,,hood_gun_380_x3,1.2364,1.2996,0.81,,nelson_gun_406_x3,1.2364,1.2996,0.81,,kgeorge_gun_380_x3_c,1.175,1.2275,0.81,,kgeorge_gun_380_x3_c,1.175,1.2275,0.81,,,,,,,,,,,
"gun_18_x4_britain_bb,bc",,457,gun_18_x4,britain,"bb, bc",agamemnon_gun_305_x4,1.682,1.763,0.735,,hood_gun_380_x4,1.2364,1.2996,0.735,,nelson_gun_406_x4,1.2364,1.2996,0.735,,kgeorge_gun_380_x4_c,1.175,1.2275,0.735,,kgeorge_gun_380_x4_c,1.175,1.2275,0.735,,,,,,,,,,,
"gun_19_x1_britain_bb,bc",,483,gun_19_x1,britain,"bb, bc",agamemnon_gun_305_x1,1.773,1.854,1.16,,hood_gun_380_x1,1.3046,1.3678,1.16,,nelson_gun_406_x1,1.3046,1.3678,1.16,,kgeorge_gun_380_x1_b,1.2375,1.29,1.16,,kgeorge_gun_380_x1_b,1.2375,1.29,1.16,,,,,,,,,,,
"gun_19_x2_britain_bb,bc",,483,gun_19_x2,britain,"bb, bc",agamemnon_gun_305_x2,1.773,1.854,0.95,,hood_gun_380_x2,1.3046,1.3678,0.95,,nelson_gun_406_x2,1.3046,1.3678,0.95,,kgeorge_gun_380_x2_b,1.2375,1.29,0.95,,kgeorge_gun_380_x2_b,1.2375,1.29,0.95,,,,,,,,,,,
"gun_19_x3_britain_bb,bc",,483,gun_19_x3,britain,"bb, bc",agamemnon_gun_305_x3,1.773,1.854,0.78,,hood_gun_380_x3,1.3046,1.3678,0.78,,nelson_gun_406_x3,1.3046,1.3678,0.78,,kgeorge_gun_380_x3_c,1.2375,1.29,0.78,,kgeorge_gun_380_x3_c,1.2375,1.29,0.78,,,,,,,,,,,
"gun_19_x4_britain_bb,bc",,483,gun_19_x4,britain,"bb, bc",agamemnon_gun_305_x4,1.773,1.854,0.725,,hood_gun_380_x4,1.3046,1.3678,0.725,,nelson_gun_406_x4,1.3046,1.3678,0.725,,kgeorge_gun_380_x4_c,1.2375,1.29,0.725,,kgeorge_gun_380_x4_c,1.2375,1.29,0.725,,,,,,,,,,,
"gun_20_x1_britain_bb,bc",,508,gun_20_x1,britain,"bb, bc",agamemnon_gun_305_x1,1.864,1.945,1.05,,hood_gun_380_x1,1.3728,1.436,1.05,,nelson_gun_406_x1,1.3728,1.436,1.05,,kgeorge_gun_380_x1_b,1.3,1.3525,1.05,,kgeorge_gun_380_x1_b,1.3,1.3525,1.05,,,,,,,,,,,
"gun_20_x2_britain_bb,bc",,508,gun_20_x2,britain,"bb, bc",agamemnon_gun_305_x2,1.864,1.945,0.85,,hood_gun_380_x2,1.3728,1.436,0.85,,nelson_gun_406_x2,1.3728,1.436,0.85,,kgeorge_gun_380_x2_b,1.3,1.3525,0.85,,kgeorge_gun_380_x2_b,1.3,1.3525,0.85,,,,,,,,,,,
"gun_20_x3_britain_bb,bc",,508,gun_20_x3,britain,"bb, bc",agamemnon_gun_305_x3,1.864,1.945,0.7,,hood_gun_380_x3,1.3728,1.436,0.7,,nelson_gun_406_x3,1.3728,1.436,0.7,,kgeorge_gun_380_x3_c,1.3,1.3525,0.7,,kgeorge_gun_380_x3_c,1.3,1.3525,0.7,,,,,,,,,,,
"gun_20_x4_britain_bb,bc",,508,gun_20_x4,britain,"bb, bc",agamemnon_gun_305_x4,1.864,1.945,0.65,,hood_gun_380_x4,1.3728,1.436,0.65,,nelson_gun_406_x4,1.3728,1.436,0.65,,kgeorge_gun_380_x4_c,1.3,1.3525,0.65,,kgeorge_gun_380_x4_c,1.3,1.3525,0.65,,,,,,,,,,,
gun_2_x1_alt_britain,,51,gun_2_x1_alt,britain,,small_gun_e_76_x1,0.7242,0.8485,0.92,,small_gun_e_76_x1,0.7333,0.8591,0.92,,hood_gun_140_x1,0.6729,0.7884,0.92,,hood_gun_140_x1,0.6813,0.7982,0.92,,hood_gun_140_x1,0.6898,0.8082,0.92,,,,,,,,,,,
gun_2_x2_alt_britain,,51,gun_2_x2_alt,britain,,dreadnought_gun_178_x2,0.4813,0.5639,0.7,,dreadnought_gun_178_x2,0.4873,0.5709,0.7,,richelieu_gun_120_x2,0.7849,0.9196,0.7,,hood_gun_140_x2,0.6813,0.7982,0.7,,hood_gun_140_x2,0.6898,0.8082,0.7,,,,,,,,,,,
gun_2_x3_alt_britain,,51,gun_2_x3_alt,britain,,dreadnought_gun_178_x3,0.4813,0.5639,0.55,,dreadnought_gun_178_x3,0.4873,0.5709,0.55,,richelieu_gun_120_x3,0.7849,0.9196,0.55,,richelieu_gun_120_x3,0.7947,0.9311,0.55,,hood_gun_140_x3,0.6898,0.8082,0.55,,,,,,,,,,,
gun_3_x1_alt_britain,,76,gun_3_x1_alt,britain,,jap_tb_gun_76_x1,1.5506,1.7358,1.45,,jap_tb_gun_76_x1,1.57,1.7576,1.45,,hood_gun_140_x1,0.8549,0.9571,1.45,,hood_gun_140_x1,0.8656,0.969,1.45,,hood_gun_140_x1,0.8764,0.9811,1.45,,,,,,,,,,,
gun_3_x2_alt_britain,,76,gun_3_x2_alt,britain,,dreadnought_gun_178_x2,0.6114,0.6845,1.08,,dreadnought_gun_178_x2,0.619,0.693,1.08,,richelieu_gun_120_x2,0.9971,1.1162,1.08,,hood_gun_140_x2,0.8656,0.969,1.08,,hood_gun_140_x2,0.8764,0.9811,1.08,,,,,,,,,,,
gun_3_x3_alt_britain,,76,gun_3_x3_alt,britain,,dreadnought_gun_178_x3,0.6114,0.6845,0.83,,dreadnought_gun_178_x3,0.619,0.693,0.83,,richelieu_gun_120_x3,0.9971,1.1162,0.83,,richelieu_gun_120_x3,1.0096,1.1302,0.83,,richelieu_gun_120_x3,1.0222,1.1443,0.83,,,,,,,,,,,
gun_4_x1_alt_britain,,102,gun_4_x1_alt,britain,,dd_s_gun_d_102_x1,0.9199,1.0035,1.7,,dd_s_gun_d_102_x1,0.9313,1.0159,1.7,,hood_gun_140_x1,1.0199,1.1126,1.7,,hood_gun_140_x1,1.0327,1.1266,1.7,,hood_gun_140_x1,1.0456,1.1406,1.7,,,,,,,,,,,
gun_4_x2_alt_britain,,102,gun_4_x2_alt,britain,,dreadnought_gun_178_x2,0.7294,0.7957,1.28,,dreadnought_gun_178_x2,0.7385,0.8056,1.28,,maine_gun_152_x2,0.9406,1.0261,1.28,,hood_gun_140_x2,1.0327,1.1266,1.28,,hood_gun_140_x2,1.0456,1.1406,1.28,,,,,,,,,,,
gun_4_x3_alt_britain,,102,gun_4_x3_alt,britain,,dreadnought_gun_178_x3,0.7294,0.7957,1,,dreadnought_gun_178_x3,0.7385,0.8056,1,,maine_gun_152_x3,0.9406,1.0261,1,,yamato_gun_155_x3,0.7473,0.8152,1,,yamato_gun_155_x3,0.7566,0.8254,1,,,,,,,,,,,
gun_5_x1_alt_britain,,127,gun_5_x1_alt,britain,,dd_s_gun_d_102_x1,1.0491,1.1266,1.25,,dd_s_gun_d_102_x1,1.0623,1.1408,1.25,,hood_gun_140_x1,1.1633,1.2493,1.25,,hood_gun_140_x1,1.1778,1.2648,1.25,,hood_gun_140_x1,1.1925,1.2806,1.25,,,,,,,,,,,
gun_5_x2_alt_britain,,127,gun_5_x2_alt,britain,,friedrich_gun_228_x2,0.5697,0.6118,0.95,,dreadnought_gun_178_x2,0.8424,0.9047,0.95,,maine_gun_254_x2_b,0.5338,0.5733,0.95,,didox_gun_cal133_x2,0.8656,0.9296,0.95,,dido_gun_cal133_x2,0.8764,0.9412,0.95,,,,,,,,,,,
gun_5_x3_alt_britain,,127,gun_5_x3_alt,britain,,warrior_gun_228_x3,0.6794,0.7296,0.75,,dreadnought_gun_178_x3,0.8424,0.9047,0.75,,maine_gun_254_x3_b,0.5338,0.5733,0.75,,didox_gun_cal133_x3,0.8656,0.9296,0.75,,dido_gun_cal133_x3,0.8764,0.9412,0.75,,,,,,,,,,,
gun_6_x2_alt_britain,,152,gun_6_x2_alt,britain,,friedrich_gun_228_x2,0.6346,0.6741,0.86,,dreadnought_gun_178_x2,0.9382,0.9966,0.86,,agamemnon_gun_228_x2,0.8646,0.9185,0.86,,british_adv_cruiser_152_gun_x2,0.8007,0.8506,0.86,,british_adv_cruiser_152_gun_x2,0.8106,0.8611,0.86,,,,,,,,,,,
gun_6_x3_alt_britain,,152,gun_6_x3_alt,britain,,warrior_gun_228_x3,0.7567,0.8038,0.66,,dreadnought_gun_178_x3,0.9382,0.9966,0.66,,agamemnon_gun_228_x3,0.8646,0.9185,0.66,,british_adv_cruiser_152_gun_x3,0.8007,0.8506,0.66,,british_adv_cruiser_152_gun_x3,0.8106,0.8611,0.66,,,,,,,,,,,
gun_7_x2_alt_britain,,178,gun_7_x2_alt,britain,,friedrich_gun_228_x2,0.7157,0.754,0.9,,dreadnought_gun_178_x2,1.0583,1.115,0.9,,warrior_gun_228_x2,0.8751,0.922,0.9,,hood_gun_380_x2,0.5436,0.5727,0.9,,hood_gun_380_x2,0.5504,0.5799,0.9,,,,,,,,,,,
gun_7_x3_alt_britain,,178,gun_7_x3_alt,britain,,warrior_gun_228_x3,0.8535,0.8992,0.705,,dreadnought_gun_178_x3,1.0583,1.115,0.705,,warrior_gun_228_x3,0.8751,0.922,0.705,,hood_gun_380_x3,0.5436,0.5727,0.705,,hood_gun_380_x3,0.5504,0.5799,0.705,,,,,,,,,,,
gun_8_x2_alt_britain,,203,gun_8_x2_alt,britain,,friedrich_gun_228_x2,0.7933,0.8307,0.88,,warrior_gun_228_x2,0.9579,1.0031,0.88,,nelson_gun_152_x2,1.2758,1.336,0.88,,kgeorge_gun_a_380_x2,0.6444,0.6748,0.88,,kgeorge_gun_380_x2_b,0.6525,0.6833,0.88,,,,,,,,,,,
gun_8_x3_alt_britain,,203,gun_8_x3_alt,britain,,warrior_gun_228_x3,0.9461,0.9907,0.69,,warrior_gun_228_x3,0.9579,1.0031,0.69,,nelson_gun_152_x3,1.2758,1.336,0.69,,kgeorge_gun_a_380_x3,0.6444,0.6748,0.69,,kgeorge_gun_380_x3_b,0.6525,0.6833,0.69,,,,,,,,,,,
gun_9_x2_alt_britain,,229,gun_9_x2_alt,britain,,ny_gun_210_x2,1.2033,1.2538,0.82,,warrior_gun_228_x2,1.0552,1.0995,0.82,,agamemnon_gun_228_x2,1.1907,1.2407,0.82,,agamemnon_gun_228_x2,1.2055,1.2561,0.82,,yamato_gun_155_x2,1.3238,1.3794,0.82,,,,,,,,,,,
gun_9_x3_alt_britain,,229,gun_9_x3_alt,britain,,ny_gun_210_x3,1.2033,1.2538,0.64,,warrior_gun_228_x3,1.0552,1.0995,0.64,,agamemnon_gun_228_x3,1.1907,1.2407,0.64,,agamemnon_gun_228_x3,1.2055,1.2561,0.64,,yamato_gun_155_x3,1.3238,1.3794,0.64,,,,,,,,,,,
gun_10_x2_alt_britain,,254,gun_10_x2_alt,britain,,ny_gun_210_x2,1.3102,1.3599,0.9,,warrior_gun_228_x2,1.1489,1.1925,0.9,,agamemnon_gun_228_x2,1.2965,1.3457,0.9,,agamemnon_gun_228_x2,1.3126,1.3624,0.9,,kgeorge_gun_380_x2_b,0.7826,0.8123,0.9,,,,,,,,,,,
gun_10_x3_alt_britain,,254,gun_10_x3_alt,britain,,ny_gun_210_x3,1.3102,1.3599,0.68,,warrior_gun_228_x3,1.1489,1.1925,0.68,,agamemnon_gun_228_x3,1.2965,1.3457,0.68,,agamemnon_gun_228_x3,1.3126,1.3624,0.68,,kgeorge_gun_380_x3_b,0.7826,0.8123,0.68,,,,,,,,,,,
gun_11_x2_alt_britain,,279,gun_11_x2_alt,britain,,friedrich_gun_305_x2,0.9402,0.9728,0.82,,irresistible_gun_305_x2,0.9535,0.9865,0.82,,dreadnought_gun_305_x2,0.9655,0.999,0.82,,vdt_gun_280_x2,0.9764,1.0102,0.82,,vdt_gun_280_x2,0.9886,1.0229,0.82,,,,,,,,,,,
gun_11_x3_alt_britain,,279,gun_11_x3_alt,britain,,warrior_gun_228_x3,1.2277,1.2702,0.66,,irresistible_gun_305_x3,0.9535,0.9865,0.66,,dreadnought_gun_305_x3,0.9655,0.999,0.66,,vdt_gun_280_x3,0.9764,1.0102,0.66,,vdt_gun_280_x3,0.9886,1.0229,0.66,,,,,,,,,,,
gun_12_x2_alt_britain,,305,gun_12_x2_alt,britain,,friedrich_gun_305_x2,1.0147,1.0469,0.82,,irresistible_gun_305_x2,1.029,1.0617,0.82,,agamemnon_gun_305_x2,1.042,1.0751,0.82,,moga_gun_200_x2,1.2876,1.3285,0.82,,moga_gun_200_x2,1.3036,1.345,0.82,,,,,,,,,,,
gun_12_x3_alt_britain,,305,gun_12_x3_alt,britain,,warrior_gun_228_x3,1.325,1.3671,0.66,,irresistible_gun_305_x3,1.029,1.0617,0.66,,agamemnon_gun_305_x3,1.042,1.0751,0.66,,moga_gun_200_x3,1.2876,1.3285,0.66,,moga_gun_200_x3,1.3036,1.345,0.66,,,,,,,,,,,
gun_13_x2_alt_britain,,330,gun_13_x2_alt,britain,,friedrich_gun_305_x2,1.0869,1.1189,0.88,,irresistible_gun_305_x2,1.1022,1.1346,0.88,,agamemnon_gun_305_x2,1.1161,1.1489,0.88,,fus_gun_356_x2_a,0.968,0.9965,0.88,,fus_gun_356_x2_a,0.98,1.0088,0.88,,,,,,,,,,,
gun_13_x3_alt_britain,,330,gun_13_x3_alt,britain,,warrior_gun_228_x3,1.4193,1.461,0.705,,irresistible_gun_305_x3,1.1022,1.1346,0.705,,agamemnon_gun_305_x3,1.1161,1.1489,0.705,,fus_gun_356_x3_a,0.968,0.9965,0.705,,fus_gun_356_x3_a,0.98,1.0088,0.705,,,,,,,,,,,
gun_14_x2_alt_britain,,356,gun_14_x2_alt,britain,,agamemnon_gun_305_x2,1.1645,1.1963,0.88,,agamemnon_gun_305_x2,1.179,1.2112,0.88,,agamemnon_gun_305_x2,1.1938,1.2264,0.88,,kgeorge_gun_a_380_x2,1.0341,1.0623,0.88,,kgeorge_gun_380_x2_b,1.047,1.0756,0.88,,,,,,,,,,,
gun_14_x3_alt_britain,,356,gun_14_x3_alt,britain,,agamemnon_gun_305_x3,1.1645,1.1963,0.705,,agamemnon_gun_305_x3,1.179,1.2112,0.705,,agamemnon_gun_305_x3,1.1938,1.2264,0.705,,kgeorge_gun_a_380_x3,1.0341,1.0623,0.705,,kgeorge_gun_380_x3_b,1.047,1.0756,0.705,,,,,,,,,,,
gun_15_x2_alt_britain,,381,gun_15_x2_alt,britain,,dreadnought_gun_b_305_x2,1.2381,1.2697,0.9,,dreadnought_gun_b_305_x2,1.2535,1.2855,0.9,,dreadnought_gun_b_305_x2,1.2693,1.3017,0.9,,kgeorge_gun_a_380_x2,1.0994,1.1275,0.9,,kgeorge_gun_380_x2_b,1.1131,1.1415,0.9,,,,,,,,,,,
gun_15_x3_alt_britain,,381,gun_15_x3_alt,britain,,dreadnought_gun_b_305_x3,1.2381,1.2697,0.72,,dreadnought_gun_b_305_x3,1.2535,1.2855,0.72,,dreadnought_gun_b_305_x3,1.2693,1.3017,0.72,,kgeorge_gun_a_380_x3,1.0994,1.1275,0.72,,kgeorge_gun_380_x3_b,1.1131,1.1415,0.72,,,,,,,,,,,
gun_16_x2_alt_britain,,406,gun_16_x2_alt,britain,,ny_gun_210_x2,1.9754,2.0228,0.93,,ny_gun_210_x2,2.0001,2.0481,0.93,,ny_gun_356_x2,1.3425,1.3747,0.93,,kgeorge_gun_a_380_x2,1.1654,1.1934,0.93,,kgeorge_gun_380_x2_b,1.1799,1.2082,0.93,,,,,,,,,,,
gun_16_x3_alt_britain,,406,gun_16_x3_alt,britain,,ny_gun_210_x3,1.9754,2.0228,0.75,,ny_gun_210_x3,2.0001,2.0481,0.75,,ny_gun_356_x3,1.3425,1.3747,0.75,,kgeorge_gun_a_380_x3,1.1654,1.1934,0.75,,kgeorge_gun_380_x3_b,1.1799,1.2082,0.75,,,,,,,,,,,
gun_17_x2_alt_britain,,432,gun_17_x2_alt,britain,,agamemnon_gun_305_x2,1.3904,1.4218,0.95,,agamemnon_gun_305_x2,1.4077,1.4395,0.95,,fus_gun_356_x2_a,1.2209,1.2485,0.95,,fus_gun_356_x2_a,1.2362,1.2641,0.95,,fus_gun_356_x2_a,1.2516,1.2799,0.95,,,,,,,,,,,
gun_17_x3_alt_britain,,432,gun_17_x3_alt,britain,,agamemnon_gun_305_x3,1.3904,1.4218,0.775,,agamemnon_gun_305_x3,1.4077,1.4395,0.775,,fus_gun_356_x3_a,1.2209,1.2485,0.775,,fus_gun_356_x3_a,1.2362,1.2641,0.775,,fus_gun_356_x3_a,1.2516,1.2799,0.775,,,,,,,,,,,
gun_18_x2_alt_britain,,457,gun_18_x2_alt,britain,,ny_gun_210_x2,2.207,2.2541,0.985,,ny_gun_210_x2,2.2346,2.2823,0.985,,brooklyn_gun_b_152_x2,1.9078,1.9486,0.985,,brooklyn_gun_b_152_x2,1.9317,1.973,0.985,,iowa_gun_406_x2,0.9233,0.943,0.985,,,,,,,,,,,
gun_18_x3_alt_britain,,457,gun_18_x3_alt,britain,,ny_gun_210_x3,2.207,2.2541,0.81,,ny_gun_210_x3,2.2346,2.2823,0.81,,brooklyn_gun_b_152_x3,1.9078,1.9486,0.81,,brooklyn_gun_b_152_x3,1.9317,1.973,0.81,,iowa_gun_406_x3,0.9233,0.943,0.81,,,,,,,,,,,
###,,,###,,,,,,,,,,,,,,,,,,,,,,,,,,,,,,,,,,,,,
gun_2_x1_italy,,51,gun_2_x1,italy,,,,,,,,,,,,,,,,,,,,,,,,,,,,,,,,,,,,
gun_2_x2_italy,,51,gun_2_x2,italy,,,,,,,,,,,,,,,,,,,,,,,,,,,,,,,,,,,,
gun_2_x3_italy,,51,gun_2_x3,italy,,,,,,,,,,,,,,,,,,,,,,,,,,,,,,,,,,,,
gun_2_x4_italy,,51,gun_2_x4,italy,,,,,,,,,,,,,,,,,,,,,,,,,,,,,,,,,,,,
gun_3_x1_italy_dd,,76,gun_3_x1,italy,"dd, tb",,,,,,,,,,,,,,,,,,,,,,,,,,,,,,,,,,,
gun_3_x2_italy_dd,,76,gun_3_x2,italy,"dd, tb",,,,,,,,,,,pola_gun_100_x2,0.732,0.858,,,pola_gun_100_x2,0.732,0.858,,,pola_gun_100_x2,0.732,0.858,,,,,,,,,,,,
gun_3_x3_italy_dd,,76,gun_3_x3,italy,"dd, tb",,,,,,,,,,,pola_gun_100_x3,0.732,0.858,,,pola_gun_100_x3,0.732,0.858,,,pola_gun_100_x3,0.732,0.858,,,,,,,,,,,,
gun_3_x4_italy_dd,,76,gun_3_x4,italy,"dd, tb",,,,,,,,,,,pola_gun_100_x4,0.732,0.858,,,pola_gun_100_x4,0.732,0.858,,,pola_gun_100_x4,0.732,0.858,,,,,,,,,,,,
gun_4_x1_italy_dd,,102,gun_4_x1,italy,"dd, tb",,,,,,,,,,,,,,,,,,,,,,,,,,,,,,,,,,,
gun_4_x2_italy_dd,,102,gun_4_x2,italy,"dd, tb",,,,,,,,,,,pola_gun_100_x2,0.868,0.994,,,pola_gun_100_x2,0.868,0.994,,,pola_gun_100_x2,0.868,0.994,,,,,,,,,,,,
gun_4_x3_italy_dd,,102,gun_4_x3,italy,"dd, tb",,,,,,,,,,,pola_gun_100_x3,0.868,0.994,,,pola_gun_100_x3,0.868,0.994,,,pola_gun_100_x3,0.868,0.994,,,,,,,,,,,,
gun_4_x4_italy_dd,,102,gun_4_x4,italy,"dd, tb",,,,,,,,,,,pola_gun_100_x4,0.868,0.994,,,pola_gun_100_x4,0.868,0.994,,,pola_gun_100_x4,0.868,0.994,,,,,,,,,,,,
gun_5_x1_italy_dd,,127,gun_5_x1,italy,"dd, tb",,,,,,,,,,,,,,,,,,,,,,,,,,,,,,,,,,,
gun_5_x2_italy_dd,,127,gun_5_x2,italy,"dd, tb",,,,,,,,,,,pola_gun_100_x2,1.004,1.13,,,pola_gun_100_x2,1.004,1.13,,,pola_gun_100_x2,1.004,1.13,,,,,,,,,,,,
gun_5_x3_italy_dd,,127,gun_5_x3,italy,"dd, tb",,,,,,,,,,,pola_gun_100_x3,1.004,1.13,,,pola_gun_100_x3,1.004,1.13,,,pola_gun_100_x3,1.004,1.13,,,,,,,,,,,,
gun_5_x4_italy_dd,,127,gun_5_x4,italy,"dd, tb",,,,,,,,,,,pola_gun_100_x4,1.004,1.13,,,pola_gun_100_x4,1.004,1.13,,,pola_gun_100_x4,1.004,1.13,,,,,,,,,,,,
gun_3_x1_italy_cl,,76,gun_3_x1,italy,cl,,,,,,,,,,,,,,,,,,,,,,,,,,,,,,,,,,,
gun_3_x2_italy_cl,,76,gun_3_x2,italy,cl,,,,,,,,,,,pola_gun_100_x2,0.732,0.858,,,pola_gun_100_x2,0.732,0.858,,,pola_gun_100_x2,0.732,0.858,,,,,,,,,,,,
gun_3_x3_italy_cl,,76,gun_3_x3,italy,cl,,,,,,,,,,,pola_gun_100_x3,0.732,0.858,,,pola_gun_100_x3,0.732,0.858,,,pola_gun_100_x3,0.732,0.858,,,,,,,,,,,,
gun_3_x4_italy_cl,,76,gun_3_x4,italy,cl,,,,,,,,,,,pola_gun_100_x4,0.732,0.858,,,pola_gun_100_x4,0.732,0.858,,,pola_gun_100_x4,0.732,0.858,,,,,,,,,,,,
gun_4_x1_italy_cl,,102,gun_4_x1,italy,cl,,,,,,,,,,,,,,,,,,,,,,,,,,,,,,,,,,,
gun_4_x2_italy_cl,,102,gun_4_x2,italy,cl,,,,,,,,,,,pola_gun_100_x2,0.868,0.994,,,pola_gun_100_x2,0.868,0.994,,,pola_gun_100_x2,0.868,0.994,,,,,,,,,,,,
gun_4_x3_italy_cl,,102,gun_4_x3,italy,cl,,,,,,,,,,,pola_gun_100_x3,0.868,0.994,,,pola_gun_100_x3,0.868,0.994,,,pola_gun_100_x3,0.868,0.994,,,,,,,,,,,,
gun_4_x4_italy_cl,,102,gun_4_x4,italy,cl,,,,,,,,,,,pola_gun_100_x4,0.868,0.994,,,pola_gun_100_x4,0.868,0.994,,,pola_gun_100_x4,0.868,0.994,,,,,,,,,,,,
gun_5_x1_italy_cl,,127,gun_5_x1,italy,cl,,,,,,,,,,,hood_gun_140_x1,1.004,1.13,,,,,,,,,,,,,,,,,,,,,,
gun_5_x2_italy_cl,,127,gun_5_x2,italy,cl,,,,,,,,,,,hood_gun_140_x2,1.004,1.13,,,mont_gun_152_x2,0.803,0.913,,,mont_gun_152_x2,0.803,0.913,,,,,,,,,,,,
gun_5_x3_italy_cl,,127,gun_5_x3,italy,cl,,,,,,,,,,,hood_gun_140_x3,1.004,1.13,,,mont_gun_152_x3,0.803,0.913,,,mont_gun_152_x3,0.803,0.913,,,,,,,,,,,,
gun_5_x4_italy_cl,,127,gun_5_x4,italy,cl,,,,,,,,,,,,,,,,mont_gun_152_x4,0.803,0.913,,,mont_gun_152_x4,0.803,0.913,,,,,,,,,,,,
gun_6_x1_italy_cl,,152,gun_6_x1,italy,cl,,,,,,,,,,,hood_gun_140_x1,1.14,1.266,,,,,,,,,,,,,,,,,,,,,,
gun_6_x2_italy_cl,,152,gun_6_x2,italy,cl,,,,,,,,,,,hood_gun_140_x2,1.14,1.266,,,mont_gun_152_x2,0.93,1.04,,,mont_gun_152_x2,0.93,1.04,,,,,,,,,,,,
gun_6_x3_italy_cl,,152,gun_6_x3,italy,cl,,,,,,,,,,,hood_gun_140_x3,1.14,1.266,,,mont_gun_152_x3,0.93,1.04,,,mont_gun_152_x3,0.93,1.04,,,,,,,,,,,,
gun_6_x4_italy_cl,,152,gun_6_x4,italy,cl,,,,,,,,,,,,,,,,mont_gun_152_x4,0.93,1.04,,,mont_gun_152_x4,0.93,1.04,,,,,,,,,,,,
"gun_3_x1_italy_ca,bb,bc",,76,gun_3_x1,italy,"ca, bb, bc",,,,,,,,,,,litt_gun_90_x1,0.732,0.858,,,litt_gun_90_x1,0.732,0.858,,,litt_gun_90_x1,0.732,0.858,,,,,,,,,,,,
"gun_3_x2_italy_ca,bb,bc",,76,gun_3_x2,italy,"ca, bb, bc",pen_gun_127_x2,0.815,1.04,1.08,,pen_gun_127_x2,0.815,1.04,1.08,,litt_gun_90_x2,0.732,0.858,1.08,,litt_gun_90_x2,0.732,0.858,1.08,,litt_gun_90_x2,0.732,0.858,1.08,,,,,,,,,,,
"gun_3_x3_italy_ca,bb,bc",,76,gun_3_x3,italy,"ca, bb, bc",pen_gun_127_x3,0.815,1.04,0.83,,pen_gun_127_x3,0.815,1.04,0.83,,litt_gun_90_x3,0.732,0.858,0.83,,litt_gun_90_x3,0.732,0.858,0.83,,litt_gun_90_x3,0.732,0.858,0.83,,,,,,,,,,,
"gun_3_x4_italy_ca,bb,bc",,76,gun_3_x4,italy,"ca, bb, bc",,,,,,,,,,,litt_gun_90_x4,0.732,0.858,,,litt_gun_90_x4,0.732,0.858,,,litt_gun_90_x4,0.732,0.858,,,,,,,,,,,,
"gun_4_x1_italy_ca,bb,bc",,102,gun_4_x1,italy,"ca, bb, bc",,,,,,,,,,,litt_gun_90_x1,0.868,0.994,,,litt_gun_90_x1,0.868,0.994,,,litt_gun_90_x1,0.868,0.994,,,,,,,,,,,,
"gun_4_x2_italy_ca,bb,bc",,102,gun_4_x2,italy,"ca, bb, bc",pen_gun_127_x2,1.06,1.285,1.28,,pen_gun_127_x2,1.06,1.285,1.28,,litt_gun_90_x2,0.868,0.994,1.28,,litt_gun_90_x2,0.868,0.994,1.28,,litt_gun_90_x2,0.868,0.994,1.28,,,,,,,,,,,
"gun_4_x3_italy_ca,bb,bc",,102,gun_4_x3,italy,"ca, bb, bc",pen_gun_127_x3,1.06,1.285,1,,pen_gun_127_x3,1.06,1.285,1,,litt_gun_90_x3,0.868,0.994,1,,litt_gun_90_x3,0.868,0.994,1,,litt_gun_90_x3,0.868,0.994,1,,,,,,,,,,,
"gun_4_x4_italy_ca,bb,bc",,102,gun_4_x4,italy,"ca, bb, bc",,,,,,,,,,,litt_gun_90_x4,0.868,0.994,,,litt_gun_90_x4,0.868,0.994,,,litt_gun_90_x4,0.868,0.994,,,,,,,,,,,,
"gun_5_x1_italy_ca,bb,bc",,127,gun_5_x1,italy,"ca, bb, bc",tsesarevich_gun_152_x1,0.8005,0.935,1.25,,hood_gun_140_x1,1.004,1.13,1.25,,hood_gun_140_x1,1.004,1.13,1.25,,litt_gun_152a_x1,0.602,0.71,1.25,,litt_gun_152a_x1,0.602,0.71,1.25,,,,,,,,,,,
"gun_5_x2_italy_ca,bb,bc",,127,gun_5_x2,italy,"ca, bb, bc",tsesarevich_gun_152_x2,0.8005,0.935,0.95,,hood_gun_140_x2,1.004,1.13,0.95,,hood_gun_140_x2,1.004,1.13,0.95,,litt_gun_152a_x2,0.602,0.71,0.95,,litt_gun_152a_x2,0.602,0.71,0.95,,,,,,,,,,,
"gun_5_x3_italy_ca,bb,bc",,127,gun_5_x3,italy,"ca, bb, bc",tsesarevich_gun_152_x3,0.8005,0.935,0.75,,hood_gun_140_x3,1.004,1.13,0.75,,hood_gun_140_x3,1.004,1.13,0.75,,litt_gun_152a_x3,0.602,0.71,0.75,,litt_gun_152a_x3,0.602,0.71,0.75,,,,,,,,,,,
"gun_5_x4_italy_ca,bb,bc",,127,gun_5_x4,italy,"ca, bb, bc",,,,,,,,,,,,,,,,litt_gun_152a_x4,0.602,0.71,,,litt_gun_152a_x4,0.602,0.71,,,,,,,,,,,,
"gun_6_x1_italy_ca,bb,bc",,152,gun_6_x1,italy,"ca, bb, bc",tsesarevich_gun_152_x1,0.955,1.0895,1.185,,hood_gun_140_x1,1.14,1.266,1.185,,hood_gun_140_x1,1.14,1.266,1.185,,litt_gun_152a_x1,0.72,0.828,1.185,,litt_gun_152a_x1,0.72,0.828,1.185,,,,,,,,,,,
"gun_6_x2_italy_ca,bb,bc",,152,gun_6_x2,italy,"ca, bb, bc",tsesarevich_gun_152_x2,0.955,1.0895,0.86,,hood_gun_140_x2,1.14,1.266,0.86,,hood_gun_140_x2,1.14,1.266,0.86,,litt_gun_152a_x2,0.72,0.828,0.86,,litt_gun_152a_x2,0.72,0.828,0.86,,,,,,,,,,,
"gun_6_x3_italy_ca,bb,bc",,152,gun_6_x3,italy,"ca, bb, bc",tsesarevich_gun_152_x3,0.955,1.0895,0.66,,hood_gun_140_x3,1.14,1.266,0.66,,hood_gun_140_x3,1.14,1.266,0.66,,litt_gun_152a_x3,0.72,0.828,0.66,,litt_gun_152a_x3,0.72,0.828,0.66,,,,,,,,,,,
"gun_6_x4_italy_ca,bb,bc",,152,gun_6_x4,italy,"ca, bb, bc",,,,,,,,,,,,,,,,litt_gun_152a_x4,0.72,0.828,,,litt_gun_152a_x4,0.72,0.828,,,,,,,,,,,,
"gun_7_x1_italy_cl,ca,bb,bc",,178,gun_7_x1,italy,"cl, ca, bb, bc",friedrich_gun_228_x1,0.7312,0.8094,1.21,,warrior_gun_228_x1,0.819,0.919,1.21,,dido_gun_cal200_x1,0.769,0.868,1.21,,trento_gun_203_x1,0.857,0.974,1.21,,trento_gun_203_x1,0.857,0.974,1.21,,,,,,,,,,,
"gun_7_x2_italy_cl,ca,bb,bc",,178,gun_7_x2,italy,"cl, ca, bb, bc",friedrich_gun_228_x2,0.7312,0.8094,0.9,,warrior_gun_228_x2,0.819,0.919,0.9,,dido_gun_cal200_x2,0.769,0.868,0.9,,trento_gun_203_x2,0.857,0.974,0.9,,trento_gun_203_x2,0.857,0.974,0.9,,,,,,,,,,,
"gun_7_x3_italy_cl,ca,bb,bc",,178,gun_7_x3,italy,"cl, ca, bb, bc",friedrich_gun_228_x3,0.7312,0.8094,0.705,,warrior_gun_228_x3,0.819,0.919,0.705,,dido_gun_cal200_x3,0.769,0.868,0.705,,trento_gun_203_x3,0.857,0.974,0.705,,trento_gun_203_x3,0.857,0.974,0.705,,,,,,,,,,,
"gun_7_x4_italy_cl,ca,bb,bc",,178,gun_7_x4,italy,"cl, ca, bb, bc",,,,,,warrior_gun_228_x4,0.819,0.919,,,dido_gun_cal200_x4,0.769,0.868,,,trento_gun_203_x4,0.857,0.974,,,trento_gun_203_x4,0.857,0.974,,,,,,,,,,,,
"gun_8_x1_italy_ca,bb,bc",,203,gun_8_x1,italy,"ca, bb, bc",friedrich_gun_228_x1,0.8194,0.8976,1.17,,warrior_gun_228_x1,0.928,1.028,1.17,,dido_gun_cal200_x1,0.878,0.977,1.17,,trento_gun_203_x1,0.984,1.101,1.17,,trento_gun_203_x1,0.984,1.101,1.17,,,,,,,,,,,
"gun_8_x2_italy_ca,bb,bc",,203,gun_8_x2,italy,"ca, bb, bc",friedrich_gun_228_x2,0.8194,0.8976,0.88,,warrior_gun_228_x2,0.928,1.028,0.88,,dido_gun_cal200_x2,0.878,0.977,0.88,,trento_gun_203_x2,0.984,1.101,0.88,,trento_gun_203_x2,0.984,1.101,0.88,,,,,,,,,,,
"gun_8_x3_italy_ca,bb,bc",,203,gun_8_x3,italy,"ca, bb, bc",friedrich_gun_228_x3,0.8194,0.8976,0.69,,warrior_gun_228_x3,0.928,1.028,0.69,,dido_gun_cal200_x3,0.878,0.977,0.69,,trento_gun_203_x3,0.984,1.101,0.69,,trento_gun_203_x3,0.984,1.101,0.69,,,,,,,,,,,
"gun_8_x4_italy_ca,bb,bc",,203,gun_8_x4,italy,"ca, bb, bc",,,,,,warrior_gun_228_x4,0.928,1.028,,,dido_gun_cal200_x4,0.878,0.977,,,trento_gun_203_x4,0.984,1.101,,,trento_gun_203_x4,0.984,1.101,,,,,,,,,,,,
"gun_9_x1_italy_ca,bb,bc",,229,gun_9_x1,italy,"ca, bb, bc",friedrich_gun_228_x1,0.9076,0.9858,1.1,,warrior_gun_228_x1,1.037,1.137,1.1,,dido_gun_cal200_x1,0.987,1.086,1.1,,trento_gun_203_x1,1.111,1.228,1.1,,trento_gun_203_x1,1.111,1.228,1.1,,,,,,,,,,,
"gun_9_x2_italy_ca,bb,bc",,229,gun_9_x2,italy,"ca, bb, bc",friedrich_gun_228_x2,0.9076,0.9858,0.82,,warrior_gun_228_x2,1.037,1.137,0.82,,dido_gun_cal200_x2,0.987,1.086,0.82,,trento_gun_203_x2,1.111,1.228,0.82,,trento_gun_203_x2,1.111,1.228,0.82,,,,,,,,,,,
"gun_9_x3_italy_ca,bb,bc",,229,gun_9_x3,italy,"ca, bb, bc",friedrich_gun_228_x3,0.9076,0.9858,0.64,,warrior_gun_228_x3,1.037,1.137,0.64,,dido_gun_cal200_x3,0.987,1.086,0.64,,trento_gun_203_x3,1.111,1.228,0.64,,trento_gun_203_x3,1.111,1.228,0.64,,,,,,,,,,,
"gun_9_x4_italy_ca,bb,bc",,229,gun_9_x4,italy,"ca, bb, bc",,,,,,warrior_gun_228_x4,1.037,1.137,,,dido_gun_cal200_x4,0.987,1.086,,,trento_gun_203_x4,1.111,1.228,,,trento_gun_203_x4,1.111,1.228,,,,,,,,,,,,
"gun_10_x1_italy_ca,bb,bc",,254,gun_10_x1,italy,"ca, bb, bc",friedrich_gun_228_x1,0.9958,1.074,1.2,,warrior_gun_228_x1,1.146,1.246,1.2,,dido_gun_cal200_x1,1.096,1.195,1.2,,trento_gun_203_x1,1.238,1.355,1.2,,trento_gun_203_x1,1.238,1.355,1.2,,,,,,,,,,,
"gun_10_x2_italy_ca,bb,bc",,254,gun_10_x2,italy,"ca, bb, bc",friedrich_gun_228_x2,0.9958,1.074,0.9,,warrior_gun_228_x2,1.146,1.246,0.9,,dido_gun_cal200_x2,1.096,1.195,0.9,,trento_gun_203_x2,1.238,1.355,0.9,,trento_gun_203_x2,1.238,1.355,0.9,,,,,,,,,,,
"gun_10_x3_italy_ca,bb,bc",,254,gun_10_x3,italy,"ca, bb, bc",friedrich_gun_228_x3,0.9958,1.074,0.68,,warrior_gun_228_x3,1.146,1.246,0.68,,dido_gun_cal200_x3,1.096,1.195,0.68,,trento_gun_203_x3,1.238,1.355,0.68,,trento_gun_203_x3,1.238,1.355,0.68,,,,,,,,,,,
"gun_10_x4_italy_ca,bb,bc",,254,gun_10_x4,italy,"ca, bb, bc",,,,,,warrior_gun_228_x4,1.146,1.246,,,dido_gun_cal200_x4,1.096,1.195,,,trento_gun_203_x4,1.238,1.355,,,trento_gun_203_x4,1.238,1.355,,,,,,,,,,,,
"gun_11_x1_italy_ca,bb,bc",,279,gun_11_x1,italy,"ca, bb, bc",irresistible_gun_305_x1,1.045,1.126,1.07,,dido_gun_cal200_x1,1.205,1.304,1.07,,dreadnought_gun_c_305_x1,1.045,1.126,1.07,,litt_gun_381_x1,0.759,0.8222,1.07,,litt_gun_381a_x1,0.759,0.8222,1.07,,,,,,,,,,,
"gun_11_x2_italy_ca,bb,bc",,279,gun_11_x2,italy,"ca, bb, bc",irresistible_gun_305_x2,1.045,1.126,0.82,,dido_gun_cal200_x2,1.205,1.304,0.82,,dreadnought_gun_c_305_x2,1.045,1.126,0.82,,litt_gun_381_x2,0.759,0.8222,0.82,,litt_gun_381a_x2,0.759,0.8222,0.82,,,,,,,,,,,
"gun_11_x3_italy_ca,bb,bc",,279,gun_11_x3,italy,"ca, bb, bc",irresistible_gun_305_x3,1.045,1.126,0.66,,dido_gun_cal200_x3,1.205,1.304,0.66,,dreadnought_gun_c_305_x3,1.045,1.126,0.66,,litt_gun_381_x3,0.759,0.8222,0.66,,litt_gun_381a_x3,0.759,0.8222,0.66,,,,,,,,,,,
"gun_11_x4_italy_ca,bb,bc",,279,gun_11_x4,italy,"ca, bb, bc",irresistible_gun_305_x4,1.045,1.126,0.61,,dido_gun_cal200_x4,1.205,1.304,0.61,,dreadnought_gun_c_305_x4,1.045,1.126,0.61,,litt_gun_381_x4,0.759,0.8222,0.61,,litt_gun_381a_x4,0.759,0.8222,0.61,,,,,,,,,,,
"gun_12_x1_italy_bb,bc",,305,gun_12_x1,italy,"bb, bc",irresistible_gun_305_x1,1.136,1.217,1.07,,dido_gun_cal200_x1,1.314,1.413,1.07,,dreadnought_gun_c_305_x1,1.136,1.217,1.07,,litt_gun_381_x1,0.8272,0.8904,1.07,,litt_gun_381a_x1,0.8272,0.8904,1.07,,,,,,,,,,,
"gun_12_x2_italy_bb,bc",,305,gun_12_x2,italy,"bb, bc",irresistible_gun_305_x2,1.136,1.217,0.82,,dido_gun_cal200_x2,1.314,1.413,0.82,,dreadnought_gun_c_305_x2,1.136,1.217,0.82,,litt_gun_381_x2,0.8272,0.8904,0.82,,litt_gun_381a_x2,0.8272,0.8904,0.82,,,,,,,,,,,
"gun_12_x3_italy_bb,bc",,305,gun_12_x3,italy,"bb, bc",irresistible_gun_305_x3,1.136,1.217,0.66,,dido_gun_cal200_x3,1.314,1.413,0.66,,dreadnought_gun_c_305_x3,1.136,1.217,0.66,,litt_gun_381_x3,0.8272,0.8904,0.66,,litt_gun_381a_x3,0.8272,0.8904,0.66,,,,,,,,,,,
"gun_12_x4_italy_bb,bc",,305,gun_12_x4,italy,"bb, bc",irresistible_gun_305_x4,1.136,1.217,0.61,,dido_gun_cal200_x4,1.314,1.413,0.61,,dreadnought_gun_c_305_x4,1.136,1.217,0.61,,litt_gun_381_x4,0.8272,0.8904,0.61,,litt_gun_381a_x4,0.8272,0.8904,0.61,,,,,,,,,,,
"gun_13_x1_italy_bb,bc",,330,gun_13_x1,italy,"bb, bc",irresistible_gun_305_x1,1.227,1.308,1.13,,dido_gun_cal200_x1,1.423,1.522,1.13,,dreadnought_gun_c_305_x1,1.227,1.308,1.13,,litt_gun_381_x1,0.8954,0.9586,1.13,,litt_gun_381a_x1,0.8954,0.9586,1.13,,,,,,,,,,,
"gun_13_x2_italy_bb,bc",,330,gun_13_x2,italy,"bb, bc",irresistible_gun_305_x2,1.227,1.308,0.88,,dido_gun_cal200_x2,1.423,1.522,0.88,,dreadnought_gun_c_305_x2,1.227,1.308,0.88,,litt_gun_381_x2,0.8954,0.9586,0.88,,litt_gun_381a_x2,0.8954,0.9586,0.88,,,,,,,,,,,
"gun_13_x3_italy_bb,bc",,330,gun_13_x3,italy,"bb, bc",irresistible_gun_305_x3,1.227,1.308,0.705,,dido_gun_cal200_x3,1.423,1.522,0.705,,dreadnought_gun_c_305_x3,1.227,1.308,0.705,,litt_gun_381_x3,0.8954,0.9586,0.705,,litt_gun_381a_x3,0.8954,0.9586,0.705,,,,,,,,,,,
"gun_13_x4_italy_bb,bc",,330,gun_13_x4,italy,"bb, bc",irresistible_gun_305_x4,1.227,1.308,0.65,,dido_gun_cal200_x4,1.423,1.522,0.65,,dreadnought_gun_c_305_x4,1.227,1.308,0.65,,litt_gun_381_x4,0.8954,0.9586,0.65,,litt_gun_381a_x4,0.8954,0.9586,0.65,,,,,,,,,,,
"gun_14_x1_italy_bb,bc",,356,gun_14_x1,italy,"bb, bc",irresistible_gun_305_x1,1.318,1.399,1.13,,dido_gun_cal200_x1,1.532,1.631,1.13,,dreadnought_gun_c_305_x1,1.318,1.399,1.13,,litt_gun_381_x1,0.9636,1.0268,1.13,,litt_gun_381a_x1,0.9636,1.0268,1.13,,,,,,,,,,,
"gun_14_x2_italy_bb,bc",,356,gun_14_x2,italy,"bb, bc",irresistible_gun_305_x2,1.318,1.399,0.88,,dido_gun_cal200_x2,1.532,1.631,0.88,,dreadnought_gun_c_305_x2,1.318,1.399,0.88,,litt_gun_381_x2,0.9636,1.0268,0.88,,litt_gun_381a_x2,0.9636,1.0268,0.88,,,,,,,,,,,
"gun_14_x3_italy_bb,bc",,356,gun_14_x3,italy,"bb, bc",irresistible_gun_305_x3,1.318,1.399,0.705,,dido_gun_cal200_x3,1.532,1.631,0.705,,dreadnought_gun_c_305_x3,1.318,1.399,0.705,,litt_gun_381_x3,0.9636,1.0268,0.705,,litt_gun_381a_x3,0.9636,1.0268,0.705,,,,,,,,,,,
"gun_14_x4_italy_bb,bc",,356,gun_14_x4,italy,"bb, bc",irresistible_gun_305_x4,1.318,1.399,0.66,,dido_gun_cal200_x4,1.532,1.631,0.66,,dreadnought_gun_c_305_x4,1.318,1.399,0.66,,litt_gun_381_x4,0.9636,1.0268,0.66,,litt_gun_381a_x4,0.9636,1.0268,0.66,,,,,,,,,,,
"gun_15_x1_italy_bb,bc",,381,gun_15_x1,italy,"bb, bc",irresistible_gun_305_x1,1.409,1.49,1.14,,dido_gun_cal200_x1,1.641,1.74,1.14,,dreadnought_gun_c_305_x1,1.409,1.49,1.14,,litt_gun_381_x1,1.0318,1.095,1.14,,litt_gun_381a_x1,1.0318,1.095,1.14,,,,,,,,,,,
"gun_15_x2_italy_bb,bc",,381,gun_15_x2,italy,"bb, bc",irresistible_gun_305_x2,1.409,1.49,0.9,,dido_gun_cal200_x2,1.641,1.74,0.9,,dreadnought_gun_c_305_x2,1.409,1.49,0.9,,litt_gun_381_x2,1.0318,1.095,0.9,,litt_gun_381a_x2,1.0318,1.095,0.9,,,,,,,,,,,
"gun_15_x3_italy_bb,bc",,381,gun_15_x3,italy,"bb, bc",irresistible_gun_305_x3,1.409,1.49,0.72,,dido_gun_cal200_x3,1.641,1.74,0.72,,dreadnought_gun_c_305_x3,1.409,1.49,0.72,,litt_gun_381_x3,1.0318,1.095,0.72,,litt_gun_381a_x3,1.0318,1.095,0.72,,,,,,,,,,,
"gun_15_x4_italy_bb,bc",,381,gun_15_x4,italy,"bb, bc",irresistible_gun_305_x4,1.409,1.49,0.675,,dido_gun_cal200_x4,1.641,1.74,0.675,,dreadnought_gun_c_305_x4,1.409,1.49,0.675,,litt_gun_381_x4,1.0318,1.095,0.675,,litt_gun_381a_x4,1.0318,1.095,0.675,,,,,,,,,,,
"gun_16_x1_italy_bb,bc",,406,gun_16_x1,italy,"bb, bc",irresistible_gun_305_x1,1.5,1.581,1.15,,dido_gun_cal200_x1,1.75,1.849,1.15,,dreadnought_gun_c_305_x1,1.5,1.581,1.15,,litt_gun_381_x1,1.1,1.1632,1.15,,litt_gun_381a_x1,1.1,1.1632,1.15,,,,,,,,,,,
"gun_16_x2_italy_bb,bc",,406,gun_16_x2,italy,"bb, bc",irresistible_gun_305_x2,1.5,1.581,0.93,,dido_gun_cal200_x2,1.75,1.849,0.93,,dreadnought_gun_c_305_x2,1.5,1.581,0.93,,litt_gun_381_x2,1.1,1.1632,0.93,,litt_gun_381a_x2,1.1,1.1632,0.93,,,,,,,,,,,
"gun_16_x3_italy_bb,bc",,406,gun_16_x3,italy,"bb, bc",irresistible_gun_305_x3,1.5,1.581,0.75,,dido_gun_cal200_x3,1.75,1.849,0.75,,dreadnought_gun_c_305_x3,1.5,1.581,0.75,,litt_gun_381_x3,1.1,1.1632,0.75,,litt_gun_381a_x3,1.1,1.1632,0.75,,,,,,,,,,,
"gun_16_x4_italy_bb,bc",,406,gun_16_x4,italy,"bb, bc",irresistible_gun_305_x4,1.5,1.581,0.68,,dido_gun_cal200_x4,1.75,1.849,0.68,,dreadnought_gun_c_305_x4,1.5,1.581,0.68,,litt_gun_381_x4,1.1,1.1632,0.68,,litt_gun_381a_x4,1.1,1.1632,0.68,,,,,,,,,,,
"gun_17_x1_italy_bb,bc",,432,gun_17_x1,italy,"bb, bc",dido_gun_cal200_x1,1.859,1.958,1.2,,dreadnought_gun_c_305_x1,1.591,1.672,1.2,,litt_gun_381_x1,1.1682,1.2314,1.2,,nelson_gun_406_x1,1.1682,1.2314,1.2,,nelson_gun_406_x1,1.1682,1.2314,1.2,,,,,,,,,,,
"gun_17_x2_italy_bb,bc",,432,gun_17_x2,italy,"bb, bc",dido_gun_cal200_x2,1.859,1.958,0.95,,dreadnought_gun_c_305_x2,1.591,1.672,0.95,,litt_gun_381_x2,1.1682,1.2314,0.95,,nelson_gun_406_x2,1.1682,1.2314,0.95,,nelson_gun_406_x2,1.1682,1.2314,0.95,,,,,,,,,,,
"gun_17_x3_italy_bb,bc",,432,gun_17_x3,italy,"bb, bc",dido_gun_cal200_x3,1.859,1.958,0.775,,dreadnought_gun_c_305_x3,1.591,1.672,0.775,,litt_gun_381_x3,1.1682,1.2314,0.775,,nelson_gun_406_x3,1.1682,1.2314,0.775,,nelson_gun_406_x3,1.1682,1.2314,0.775,,,,,,,,,,,
"gun_17_x4_italy_bb,bc",,432,gun_17_x4,italy,"bb, bc",dido_gun_cal200_x4,1.859,1.958,0.71,,dreadnought_gun_c_305_x4,1.591,1.672,0.71,,litt_gun_381_x4,1.1682,1.2314,0.71,,nelson_gun_406_x4,1.1682,1.2314,0.71,,nelson_gun_406_x4,1.1682,1.2314,0.71,,,,,,,,,,,
"gun_18_x1_italy_bb,bc",,457,gun_18_x1,italy,"bb, bc",dido_gun_cal200_x1,1.968,2.067,1.23,,dreadnought_gun_c_305_x1,1.682,1.763,1.23,,litt_gun_381_x1,1.2364,1.2996,1.23,,nelson_gun_406_x1,1.2364,1.2996,1.23,,nelson_gun_406_x1,1.2364,1.2996,1.23,,,,,,,,,,,
"gun_18_x2_italy_bb,bc",,457,gun_18_x2,italy,"bb, bc",dido_gun_cal200_x2,1.968,2.067,0.985,,dreadnought_gun_c_305_x2,1.682,1.763,0.985,,litt_gun_381_x2,1.2364,1.2996,0.985,,nelson_gun_406_x2,1.2364,1.2996,0.985,,nelson_gun_406_x2,1.2364,1.2996,0.985,,,,,,,,,,,
"gun_18_x3_italy_bb,bc",,457,gun_18_x3,italy,"bb, bc",dido_gun_cal200_x3,1.968,2.067,0.81,,dreadnought_gun_c_305_x3,1.682,1.763,0.81,,litt_gun_381_x3,1.2364,1.2996,0.81,,nelson_gun_406_x3,1.2364,1.2996,0.81,,nelson_gun_406_x3,1.2364,1.2996,0.81,,,,,,,,,,,
"gun_18_x4_italy_bb,bc",,457,gun_18_x4,italy,"bb, bc",dido_gun_cal200_x4,1.968,2.067,0.735,,dreadnought_gun_c_305_x4,1.682,1.763,0.735,,litt_gun_381_x4,1.2364,1.2996,0.735,,nelson_gun_406_x4,1.2364,1.2996,0.735,,nelson_gun_406_x4,1.2364,1.2996,0.735,,,,,,,,,,,
"gun_19_x1_italy_bb,bc",,483,gun_19_x1,italy,"bb, bc",dido_gun_cal200_x1,2.077,2.176,1.16,,dreadnought_gun_b_305_x1,1.773,1.854,1.16,,litt_gun_381_x1,1.3046,1.3678,1.16,,nelson_gun_406_x1,1.3046,1.3678,1.16,,nelson_gun_406_x1,1.3046,1.3678,1.16,,,,,,,,,,,
"gun_19_x2_italy_bb,bc",,483,gun_19_x2,italy,"bb, bc",dido_gun_cal200_x2,2.077,2.176,0.95,,dreadnought_gun_b_305_x2,1.773,1.854,0.95,,litt_gun_381_x2,1.3046,1.3678,0.95,,nelson_gun_406_x2,1.3046,1.3678,0.95,,nelson_gun_406_x2,1.3046,1.3678,0.95,,,,,,,,,,,
"gun_19_x3_italy_bb,bc",,483,gun_19_x3,italy,"bb, bc",dido_gun_cal200_x3,2.077,2.176,0.78,,dreadnought_gun_b_305_x3,1.773,1.854,0.78,,litt_gun_381_x3,1.3046,1.3678,0.78,,nelson_gun_406_x3,1.3046,1.3678,0.78,,nelson_gun_406_x3,1.3046,1.3678,0.78,,,,,,,,,,,
"gun_19_x4_italy_bb,bc",,483,gun_19_x4,italy,"bb, bc",dido_gun_cal200_x4,2.077,2.176,0.725,,dreadnought_gun_b_305_x4,1.773,1.854,0.725,,litt_gun_381_x4,1.3046,1.3678,0.725,,nelson_gun_406_x4,1.3046,1.3678,0.725,,nelson_gun_406_x4,1.3046,1.3678,0.725,,,,,,,,,,,
"gun_20_x1_italy_bb,bc",,508,gun_20_x1,italy,"bb, bc",dido_gun_cal200_x1,2.186,2.825,1.05,,dreadnought_gun_b_305_x1,1.864,1.945,1.05,,litt_gun_381_x1,1.3728,1.436,1.05,,nelson_gun_406_x1,1.3728,1.436,1.05,,nelson_gun_406_x1,1.3728,1.436,1.05,,,,,,,,,,,
"gun_20_x2_italy_bb,bc",,508,gun_20_x2,italy,"bb, bc",dido_gun_cal200_x2,2.186,2.825,0.85,,dreadnought_gun_b_305_x2,1.864,1.945,0.85,,litt_gun_381_x2,1.3728,1.436,0.85,,nelson_gun_406_x2,1.3728,1.436,0.85,,nelson_gun_406_x2,1.3728,1.436,0.85,,,,,,,,,,,
"gun_20_x3_italy_bb,bc",,508,gun_20_x3,italy,"bb, bc",dido_gun_cal200_x3,2.186,2.825,0.7,,dreadnought_gun_b_305_x3,1.864,1.945,0.7,,litt_gun_381_x3,1.3728,1.436,0.7,,nelson_gun_406_x3,1.3728,1.436,0.7,,nelson_gun_406_x3,1.3728,1.436,0.7,,,,,,,,,,,
"gun_20_x4_italy_bb,bc",,508,gun_20_x4,italy,"bb, bc",dido_gun_cal200_x4,2.186,2.825,0.65,,dreadnought_gun_b_305_x4,1.864,1.945,0.65,,litt_gun_381_x4,1.3728,1.436,0.65,,nelson_gun_406_x4,1.3728,1.436,0.65,,nelson_gun_406_x4,1.3728,1.436,0.65,,,,,,,,,,,
###,,,###,,,,,,,,,,,,,,,,,,,,,,,,,,,,,,,,,,,,,
gun_2_x1_japan,,51,gun_2_x1,japan,"dd, tb, cl",,,,,,,,,,,,,,,,,,,,,,,,,,,,,,,,,,,
gun_2_x2_japan,,51,gun_2_x2,japan,"dd, tb, cl",,,,,,,,,,,,,,,,,,,,,,,,,,,,,,,,,,,
gun_2_x3_japan,,51,gun_2_x3,japan,"dd, tb, cl",,,,,,,,,,,,,,,,,,,,,,,,,,,,,,,,,,,
gun_2_x4_japan,,51,gun_2_x4,japan,"dd, tb, cl",,,,,,,,,,,,,,,,,,,,,,,,,,,,,,,,,,,
gun_3_x1_japan_dd,,76,gun_3_x1,japan,"dd, tb",,,,,,,,,,,,,,,,,,,,,,,,,,,,,,,,,,,
gun_3_x2_japan_dd,,76,gun_3_x2,japan,"dd, tb",,,,,,,,,,,,,,,,akizuki_gun_100_x2,0.4915,0.626,,,akizuki_gun_100_x2,0.4915,0.626,,,,,,,,,,,,
gun_3_x3_japan_dd,,76,gun_3_x3,japan,"dd, tb",,,,,,,,,,,,,,,,akizuki_gun_100_x3,0.4915,0.626,,,akizuki_gun_100_x3,0.4915,0.626,,,,,,,,,,,,
gun_3_x4_japan_dd,,76,gun_3_x4,japan,"dd, tb",,,,,,,,,,,,,,,,yamato_gun_25_x4,0.634,0.796,,,yamato_gun_25_x4,0.634,0.796,,,,,,,,,,,,
gun_4_x1_japan_dd,,102,gun_4_x1,japan,"dd, tb",,,,,,,,,,,,,,,,,,,,,,,,,,,,,,,,,,,
gun_4_x2_japan_dd,,102,gun_4_x2,japan,"dd, tb",,,,,,,,,,,,,,,,akizuki_gun_100_x2,0.646,0.7805,,,akizuki_gun_100_x2,0.646,0.7805,,,,,,,,,,,,
gun_4_x3_japan_dd,,102,gun_4_x3,japan,"dd, tb",,,,,,,,,,,,,,,,akizuki_gun_100_x3,0.646,0.7805,,,akizuki_gun_100_x3,0.646,0.7805,,,,,,,,,,,,
gun_4_x4_japan_dd,,102,gun_4_x4,japan,"dd, tb",,,,,,,,,,,,,,,,yamato_gun_155_x4,0.4364,0.54,,,yamato_gun_155_x4,0.4364,0.54,,,,,,,,,,,,
gun_5_x1_japan_dd,,127,gun_5_x1,japan,"dd, tb",,,,,,,,,,,,,,,,,,,,,,,,,,,,,,,,,,,
gun_5_x2_japan_dd,,127,gun_5_x2,japan,"dd, tb",,,,,,,,,,,,,,,,akizuki_gun_127_x2,0.8005,0.935,,,akizuki_gun_127_x2,0.8005,0.935,,,,,,,,,,,,
gun_5_x3_japan_dd,,127,gun_5_x3,japan,"dd, tb",,,,,,,,,,,,,,,,akizuki_gun_127_x3,0.8005,0.935,,,akizuki_gun_127_x3,0.8005,0.935,,,,,,,,,,,,
gun_5_x4_japan_dd,,127,gun_5_x4,japan,"dd, tb",,,,,,,,,,,,,,,,yamato_gun_155_x4,0.55,0.6536,,,yamato_gun_155_x4,0.55,0.6536,,,,,,,,,,,,
gun_3_x1_japan_cl,,76,gun_3_x1,japan,cl,,,,,,,,,,,,,,,,,,,,,,,,,,,,,,,,,,,
gun_3_x2_japan_cl,,76,gun_3_x2,japan,cl,,,,,,,,,,,,,,,,akizuki_gun_100_x2,0.4915,0.626,,,akizuki_gun_100_x2,0.4915,0.626,,,,,,,,,,,,
gun_3_x3_japan_cl,,76,gun_3_x3,japan,cl,,,,,,,,,,,,,,,,akizuki_gun_100_x3,0.4915,0.626,,,akizuki_gun_100_x3,0.4915,0.626,,,,,,,,,,,,
gun_3_x4_japan_cl,,76,gun_3_x4,japan,cl,,,,,,,,,,,,,,,,yamato_gun_25_x4,0.634,0.796,,,yamato_gun_25_x4,0.634,0.796,,,,,,,,,,,,
gun_4_x1_japan_cl,,102,gun_4_x1,japan,cl,,,,,,,,,,,,,,,,,,,,,,,,,,,,,,,,,,,
gun_4_x2_japan_cl,,102,gun_4_x2,japan,cl,,,,,,,,,,,,,,,,akizuki_gun_100_x2,0.646,0.7805,,,akizuki_gun_100_x2,0.646,0.7805,,,,,,,,,,,,
gun_4_x3_japan_cl,,102,gun_4_x3,japan,cl,,,,,,,,,,,,,,,,akizuki_gun_100_x3,0.646,0.7805,,,akizuki_gun_100_x3,0.646,0.7805,,,,,,,,,,,,
gun_4_x4_japan_cl,,102,gun_4_x4,japan,cl,,,,,,,,,,,,,,,,yamato_gun_155_x4,0.4364,0.54,,,yamato_gun_155_x4,0.4364,0.54,,,,,,,,,,,,
gun_5_x1_japan_cl,,127,gun_5_x1,japan,cl,,,,,,,,,,,,,,,,,,,,,,,,,,,,,,,,,,,
gun_5_x2_japan_cl,,127,gun_5_x2,japan,cl,,,,,,,,,,,,,,,,yamato_gun_155_x2,0.55,0.6536,,,yamato_gun_155_x2,0.55,0.6536,,,,,,,,,,,,
gun_5_x3_japan_cl,,127,gun_5_x3,japan,cl,,,,,,,,,,,,,,,,yamato_gun_155_x3,0.55,0.6536,,,yamato_gun_155_x3,0.55,0.6536,,,,,,,,,,,,
gun_5_x4_japan_cl,,127,gun_5_x4,japan,cl,,,,,,,,,,,,,,,,yamato_gun_155_x4,0.55,0.6536,,,yamato_gun_155_x4,0.55,0.6536,,,,,,,,,,,,
gun_6_x1_japan_cl,,152,gun_6_x1,japan,cl,,,,,,,,,,,,,,,,,,,,,,,,,,,,,,,,,,,
gun_6_x2_japan_cl,,152,gun_6_x2,japan,cl,,,,,,,,,,,,,,,,yamato_gun_155_x2,0.6636,0.7672,,,yamato_gun_155_x2,0.6636,0.7672,,,,,,,,,,,,
gun_6_x3_japan_cl,,152,gun_6_x3,japan,cl,,,,,,,,,,,,,,,,yamato_gun_155_x3,0.6636,0.7672,,,yamato_gun_155_x3,0.6636,0.7672,,,,,,,,,,,,
gun_6_x4_japan_cl,,152,gun_6_x4,japan,cl,,,,,,,,,,,,,,,,yamato_gun_155_x4,0.6636,0.7672,,,yamato_gun_155_x4,0.6636,0.7672,,,,,,,,,,,,
"gun_2_x1_japan_ca,bb,bc",,51,gun_2_x1,japan,"ca, bb, bc",,,,,,,,,,,,,,,,,,,,,,,,,,,,,,,,,,,
"gun_2_x2_japan_ca,bb,bc",,51,gun_2_x2,japan,"ca, bb, bc",,,,,,,,,,,,,,,,yamato_gun_25_x2,0.452,0.614,,,yamato_gun_25_x2,0.452,0.614,,,,,,,,,,,,
"gun_2_x3_japan_ca,bb,bc",,51,gun_2_x3,japan,"ca, bb, bc",,,,,,,,,,,,,,,,yamato_gun_25_x3,0.452,0.614,,,yamato_gun_25_x3,0.452,0.614,,,,,,,,,,,,
"gun_2_x4_japan_ca,bb,bc",,51,gun_2_x4,japan,"ca, bb, bc",,,,,,,,,,,,,,,,yamato_gun_25_x4,0.452,0.614,,,yamato_gun_25_x4,0.452,0.614,,,,,,,,,,,,
"gun_3_x1_japan_ca,bb,bc",,76,gun_3_x1,japan,"ca, bb, bc",,,,,,,,,,,,,,,,,,,,,,,,,,,,,,,,,,,
"gun_3_x2_japan_ca,bb,bc",,76,gun_3_x2,japan,"ca, bb, bc",,,,,,,,,,,,,,,,yamato_gun_25_x2,0.634,0.796,,,yamato_gun_25_x2,0.634,0.796,,,,,,,,,,,,
"gun_3_x3_japan_ca,bb,bc",,76,gun_3_x3,japan,"ca, bb, bc",,,,,,,,,,,,,,,,yamato_gun_25_x3,0.634,0.796,,,yamato_gun_25_x3,0.634,0.796,,,,,,,,,,,,
"gun_3_x4_japan_ca,bb,bc",,76,gun_3_x4,japan,"ca, bb, bc",,,,,,,,,,,,,,,,yamato_gun_25_x4,0.634,0.796,,,yamato_gun_25_x4,0.634,0.796,,,,,,,,,,,,
"gun_4_x1_japan_ca,bb,bc",,102,gun_4_x1,japan,"ca, bb, bc",,,,,,,,,,,moga_gun_127_x1,0.646,0.7805,,,yamato_gun_127_x1,0.682,0.786,,,yamato_gun_127_x1,0.682,0.786,,,,,,,,,,,,
"gun_4_x2_japan_ca,bb,bc",,102,gun_4_x2,japan,"ca, bb, bc",,,,,,,,,,,moga_gun_127_x2,0.646,0.7805,,,yamato_gun_127_x2,0.682,0.786,,,yamato_gun_127_x2,0.682,0.786,,,,,,,,,,,,
"gun_4_x3_japan_ca,bb,bc",,102,gun_4_x3,japan,"ca, bb, bc",,,,,,,,,,,moga_gun_127_x3,0.646,0.7805,,,yamato_gun_127_x3,0.682,0.786,,,yamato_gun_127_x3,0.682,0.786,,,,,,,,,,,,
"gun_4_x4_japan_ca,bb,bc",,102,gun_4_x4,japan,"ca, bb, bc",,,,,,,,,,,,,,,,yamato_gun_127_x4,0.682,0.786,,,yamato_gun_127_x4,0.682,0.786,,,,,,,,,,,,
"gun_5_x1_japan_ca,bb,bc",,127,gun_5_x1,japan,"ca, bb, bc",tsesarevich_gun_152_x1,0.8005,0.935,1.25,,,,,1.25,,moga_gun_127_x1,0.8005,0.935,1.25,,yamato_gun_127_x1,0.796,0.9,1.25,,yamato_gun_127_x1,0.796,0.9,1.25,,,,,,,,,,,
"gun_5_x2_japan_ca,bb,bc",,127,gun_5_x2,japan,"ca, bb, bc",tsesarevich_gun_152_x2,0.8005,0.935,0.95,,,,,0.95,,moga_gun_127_x2,0.8005,0.935,0.95,,yamato_gun_127_x2,0.796,0.9,0.95,,yamato_gun_127_x2,0.796,0.9,0.95,,,,,,,,,,,
"gun_5_x3_japan_ca,bb,bc",,127,gun_5_x3,japan,"ca, bb, bc",tsesarevich_gun_152_x3,0.8005,0.935,0.75,,,,,0.75,,moga_gun_127_x3,0.8005,0.935,0.75,,yamato_gun_127_x3,0.796,0.9,0.75,,yamato_gun_127_x3,0.796,0.9,0.75,,,,,,,,,,,
"gun_5_x4_japan_ca,bb,bc",,127,gun_5_x4,japan,"ca, bb, bc",,,,,,,,,,,,,,,,yamato_gun_127_x4,0.796,0.9,,,yamato_gun_127_x4,0.796,0.9,,,,,,,,,,,,
"gun_6_x1_japan_ca,bb,bc",,152,gun_6_x1,japan,"ca, bb, bc",tsesarevich_gun_152_x1,0.955,1.0895,1.185,,,,,1.185,,moga_gun_127_x1,0.955,1.0895,1.185,,yamato_gun_155_x1,0.6636,0.7672,1.185,,yamato_gun_155_x1,0.6636,0.7672,1.185,,,,,,,,,,,
"gun_6_x2_japan_ca,bb,bc",,152,gun_6_x2,japan,"ca, bb, bc",tsesarevich_gun_152_x2,0.955,1.0895,0.86,,,,,0.86,,moga_gun_127_x2,0.955,1.0895,0.86,,yamato_gun_155_x2,0.6636,0.7672,0.86,,yamato_gun_155_x2,0.6636,0.7672,0.86,,,,,,,,,,,
"gun_6_x3_japan_ca,bb,bc",,152,gun_6_x3,japan,"ca, bb, bc",tsesarevich_gun_152_x3,0.955,1.0895,0.66,,,,,0.66,,moga_gun_127_x3,0.955,1.0895,0.66,,yamato_gun_155_x3,0.6636,0.7672,0.66,,yamato_gun_155_x3,0.6636,0.7672,0.66,,,,,,,,,,,
"gun_6_x4_japan_ca,bb,bc",,152,gun_6_x4,japan,"ca, bb, bc",,,,,,,,,,,,,,,,yamato_gun_155_x4,0.6636,0.7672,,,yamato_gun_155_x4,0.6636,0.7672,,,,,,,,,,,,
"gun_7_x1_japan_cl,ca,bb,bc",,178,gun_7_x1,japan,"cl, ca, bb, bc",tsesarevich_gun_152_x1,1.1095,1.244,1.21,,,,,1.21,,,,,1.21,,yamato_gun_155_x1,0.7772,0.8808,1.21,,yamato_gun_155_x1,0.7772,0.8808,1.21,,,,,,,,,,,
"gun_7_x2_japan_cl,ca,bb,bc",,178,gun_7_x2,japan,"cl, ca, bb, bc",tsesarevich_gun_152_x2,1.1095,1.244,0.9,,,,,0.9,,,,,0.9,,yamato_gun_155_x2,0.7772,0.8808,0.9,,yamato_gun_155_x2,0.7772,0.8808,0.9,,,,,,,,,,,
"gun_7_x3_japan_cl,ca,bb,bc",,178,gun_7_x3,japan,"cl, ca, bb, bc",tsesarevich_gun_152_x3,1.1095,1.244,0.705,,,,,0.705,,,,,0.705,,yamato_gun_155_x3,0.7772,0.8808,0.705,,yamato_gun_155_x3,0.7772,0.8808,0.705,,,,,,,,,,,
"gun_7_x4_japan_cl,ca,bb,bc",,178,gun_7_x4,japan,"cl, ca, bb, bc",,,,,,,,,,,,,,,,yamato_gun_155_x4,0.7772,0.8808,,,yamato_gun_155_x4,0.7772,0.8808,,,,,,,,,,,,
"gun_8_x1_japan_ca,bb,bc",,203,gun_8_x1,japan,"ca, bb, bc",friedrich_gun_228_x1,0.8194,0.8976,1.17,,,,,1.17,,,,,1.17,,moga_gun_200_x1,0.984,1.101,1.17,,moga_gun_200_x1,0.984,1.101,1.17,,,,,,,,,,,
"gun_8_x2_japan_ca,bb,bc",,203,gun_8_x2,japan,"ca, bb, bc",friedrich_gun_228_x2,0.8194,0.8976,0.88,,,,,0.88,,,,,0.88,,moga_gun_200_x2,0.984,1.101,0.88,,moga_gun_200_x2,0.984,1.101,0.88,,,,,,,,,,,
"gun_8_x3_japan_ca,bb,bc",,203,gun_8_x3,japan,"ca, bb, bc",friedrich_gun_228_x3,0.8194,0.8976,0.69,,,,,0.69,,,,,0.69,,moga_gun_200_x3,0.984,1.101,0.69,,moga_gun_200_x3,0.984,1.101,0.69,,,,,,,,,,,
"gun_8_x4_japan_ca,bb,bc",,203,gun_8_x4,japan,"ca, bb, bc",,,,,,,,,,,,,,,,moga_gun_200_x4,0.984,1.101,,,moga_gun_200_x4,0.984,1.101,,,,,,,,,,,,
"gun_9_x1_japan_ca,bb,bc",,229,gun_9_x1,japan,"ca, bb, bc",friedrich_gun_228_x1,0.9076,0.9858,1.1,,agamemnon_gun_b_228_x1,1.548,1.674,1.1,,agamemnon_gun_228_x1,1.1411,1.2538,1.1,,moga_gun_200_x1,1.111,1.228,1.1,,moga_gun_200_x1,1.111,1.228,1.1,,,,,,,,,,,
"gun_9_x2_japan_ca,bb,bc",,229,gun_9_x2,japan,"ca, bb, bc",friedrich_gun_228_x2,0.9076,0.9858,0.82,,agamemnon_gun_b_228_x2,1.548,1.674,0.82,,agamemnon_gun_228_x2,1.1411,1.2538,0.82,,moga_gun_200_x2,1.111,1.228,0.82,,moga_gun_200_x2,1.111,1.228,0.82,,,,,,,,,,,
"gun_9_x3_japan_ca,bb,bc",,229,gun_9_x3,japan,"ca, bb, bc",friedrich_gun_228_x3,0.9076,0.9858,0.64,,agamemnon_gun_b_228_x3,1.548,1.674,0.64,,agamemnon_gun_228_x3,1.1411,1.2538,0.64,,moga_gun_200_x3,1.111,1.228,0.64,,moga_gun_200_x3,1.111,1.228,0.64,,,,,,,,,,,
"gun_9_x4_japan_ca,bb,bc",,229,gun_9_x4,japan,"ca, bb, bc",,,,,,agamemnon_gun_b_228_x4,1.548,1.674,,,agamemnon_gun_228_x4,1.1411,1.2538,,,moga_gun_200_x4,1.111,1.228,,,moga_gun_200_x4,1.111,1.228,,,,,,,,,,,,
"gun_10_x1_japan_ca,bb,bc",,254,gun_10_x1,japan,"ca, bb, bc",friedrich_gun_228_x1,0.9958,1.074,1.2,,agamemnon_gun_b_228_x1,1.684,1.81,1.2,,agamemnon_gun_228_x1,1.2638,1.3765,1.2,,moga_gun_200_x1,1.238,1.355,1.2,,moga_gun_200_x1,1.238,1.355,1.2,,,,,,,,,,,
"gun_10_x2_japan_ca,bb,bc",,254,gun_10_x2,japan,"ca, bb, bc",friedrich_gun_228_x2,0.9958,1.074,0.9,,agamemnon_gun_b_228_x2,1.684,1.81,0.9,,agamemnon_gun_228_x2,1.2638,1.3765,0.9,,moga_gun_200_x2,1.238,1.355,0.9,,moga_gun_200_x2,1.238,1.355,0.9,,,,,,,,,,,
"gun_10_x3_japan_ca,bb,bc",,254,gun_10_x3,japan,"ca, bb, bc",friedrich_gun_228_x3,0.9958,1.074,0.68,,agamemnon_gun_b_228_x3,1.684,1.81,0.68,,agamemnon_gun_228_x3,1.2638,1.3765,0.68,,moga_gun_200_x3,1.238,1.355,0.68,,moga_gun_200_x3,1.238,1.355,0.68,,,,,,,,,,,
"gun_10_x4_japan_ca,bb,bc",,254,gun_10_x4,japan,"ca, bb, bc",,,,,,agamemnon_gun_b_228_x4,1.684,1.81,,,agamemnon_gun_228_x4,1.2638,1.3765,,,moga_gun_200_x4,1.238,1.355,,,moga_gun_200_x4,1.238,1.355,,,,,,,,,,,,
"gun_11_x1_japan_ca,bb,bc",,279,gun_11_x1,japan,"ca, bb, bc",friedrich_gun_228_x1,1.084,1.1622,1.07,,agamemnon_gun_305_x1,1.045,1.126,1.07,,fus_gun_356_x1_a,0.909,0.9672,1.07,,yamato_gun_460_x1,0.645,0.69,1.07,,yamato_gun_b_460_x1,0.645,0.69,1.07,,,,,,,,,,,
"gun_11_x2_japan_ca,bb,bc",,279,gun_11_x2,japan,"ca, bb, bc",friedrich_gun_228_x2,1.084,1.1622,0.82,,agamemnon_gun_305_x2,1.045,1.126,0.82,,fus_gun_356_x2_a,0.909,0.9672,0.82,,yamato_gun_460_x2,0.645,0.69,0.82,,yamato_gun_b_460_x2,0.645,0.69,0.82,,,,,,,,,,,
"gun_11_x3_japan_ca,bb,bc",,279,gun_11_x3,japan,"ca, bb, bc",friedrich_gun_228_x3,1.084,1.1622,0.66,,agamemnon_gun_305_x3,1.045,1.126,0.66,,fus_gun_356_x3_a,0.909,0.9672,0.66,,yamato_gun_460_x3,0.645,0.69,0.66,,yamato_gun_b_460_x3,0.645,0.69,0.66,,,,,,,,,,,
"gun_11_x4_japan_ca,bb,bc",,279,gun_11_x4,japan,"ca, bb, bc",,,,,,agamemnon_gun_305_x4,1.045,1.126,,,fus_gun_356_x4_a,0.909,0.9672,,,yamato_gun_460_x4,0.645,0.69,,,yamato_gun_b_460_x4,0.645,0.69,,,,,,,,,,,,
"gun_12_x1_japan_bb,bc",,305,gun_12_x1,japan,"bb, bc",friedrich_gun_228_x1,1.1722,1.2504,1.07,,agamemnon_gun_305_x1,1.136,1.217,1.07,,fus_gun_356_x1_a,0.9772,1.0354,1.07,,yamato_gun_460_x1,0.695,0.74,1.07,,yamato_gun_b_460_x1,0.695,0.74,1.07,,,,,,,,,,,
"gun_12_x2_japan_bb,bc",,305,gun_12_x2,japan,"bb, bc",friedrich_gun_228_x2,1.1722,1.2504,0.82,,agamemnon_gun_305_x2,1.136,1.217,0.82,,fus_gun_356_x2_a,0.9772,1.0354,0.82,,yamato_gun_460_x2,0.695,0.74,0.82,,yamato_gun_b_460_x2,0.695,0.74,0.82,,,,,,,,,,,
"gun_12_x3_japan_bb,bc",,305,gun_12_x3,japan,"bb, bc",friedrich_gun_228_x3,1.1722,1.2504,0.66,,agamemnon_gun_305_x3,1.136,1.217,0.66,,fus_gun_356_x3_a,0.9772,1.0354,0.66,,yamato_gun_460_x3,0.695,0.74,0.66,,yamato_gun_b_460_x3,0.695,0.74,0.66,,,,,,,,,,,
"gun_12_x4_japan_bb,bc",,305,gun_12_x4,japan,"bb, bc",,,,,,agamemnon_gun_305_x4,1.136,1.217,,,fus_gun_356_x4_a,0.9772,1.0354,,,yamato_gun_460_x4,0.695,0.74,,,yamato_gun_b_460_x4,0.695,0.74,,,,,,,,,,,,
"gun_13_x1_japan_bb,bc",,330,gun_13_x1,japan,"bb, bc",friedrich_gun_228_x1,1.2604,1.3386,1.13,,agamemnon_gun_305_x1,1.227,1.308,1.13,,fus_gun_356_x1_a,1.0454,1.1036,1.13,,yamato_gun_460_x1,0.745,0.79,1.13,,yamato_gun_b_460_x1,0.745,0.79,1.13,,,,,,,,,,,
"gun_13_x2_japan_bb,bc",,330,gun_13_x2,japan,"bb, bc",friedrich_gun_228_x2,1.2604,1.3386,0.88,,agamemnon_gun_305_x2,1.227,1.308,0.88,,fus_gun_356_x2_a,1.0454,1.1036,0.88,,yamato_gun_460_x2,0.745,0.79,0.88,,yamato_gun_b_460_x2,0.745,0.79,0.88,,,,,,,,,,,
"gun_13_x3_japan_bb,bc",,330,gun_13_x3,japan,"bb, bc",friedrich_gun_228_x3,1.2604,1.3386,0.705,,agamemnon_gun_305_x3,1.227,1.308,0.705,,fus_gun_356_x3_a,1.0454,1.1036,0.705,,yamato_gun_460_x3,0.745,0.79,0.705,,yamato_gun_b_460_x3,0.745,0.79,0.705,,,,,,,,,,,
"gun_13_x4_japan_bb,bc",,330,gun_13_x4,japan,"bb, bc",,,,,,agamemnon_gun_305_x4,1.227,1.308,,,fus_gun_356_x4_a,1.0454,1.1036,,,yamato_gun_460_x4,0.745,0.79,,,yamato_gun_b_460_x4,0.745,0.79,,,,,,,,,,,,
"gun_14_x1_japan_bb,bc",,356,gun_14_x1,japan,"bb, bc",friedrich_gun_228_x1,1.3486,1.4268,1.13,,agamemnon_gun_305_x1,1.318,1.399,1.13,,fus_gun_356_x1_a,1.1136,1.1718,1.13,,yamato_gun_460_x1,0.795,0.84,1.13,,yamato_gun_b_460_x1,0.795,0.84,1.13,,,,,,,,,,,
"gun_14_x2_japan_bb,bc",,356,gun_14_x2,japan,"bb, bc",friedrich_gun_228_x2,1.3486,1.4268,0.88,,agamemnon_gun_305_x2,1.318,1.399,0.88,,fus_gun_356_x2_a,1.1136,1.1718,0.88,,yamato_gun_460_x2,0.795,0.84,0.88,,yamato_gun_b_460_x2,0.795,0.84,0.88,,,,,,,,,,,
"gun_14_x3_japan_bb,bc",,356,gun_14_x3,japan,"bb, bc",friedrich_gun_228_x3,1.3486,1.4268,0.705,,agamemnon_gun_305_x3,1.318,1.399,0.705,,fus_gun_356_x3_a,1.1136,1.1718,0.705,,yamato_gun_460_x3,0.795,0.84,0.705,,yamato_gun_b_460_x3,0.795,0.84,0.705,,,,,,,,,,,
"gun_14_x4_japan_bb,bc",,356,gun_14_x4,japan,"bb, bc",,,,,,agamemnon_gun_305_x4,1.318,1.399,,,agamemnon_gun_305_x4,1.318,1.399,,,yamato_gun_460_x4,0.795,0.84,,,yamato_gun_b_460_x4,0.795,0.84,,,,,,,,,,,,
"gun_15_x1_japan_bb,bc",,381,gun_15_x1,japan,"bb, bc",friedrich_gun_228_x1,1.4368,1.515,1.14,,agamemnon_gun_305_x1,1.409,1.49,1.14,,fus_gun_356_x1_a,1.1818,1.24,1.14,,yamato_gun_460_x1,0.845,0.89,1.14,,yamato_gun_b_460_x1,0.845,0.89,1.14,,,,,,,,,,,
"gun_15_x2_japan_bb,bc",,381,gun_15_x2,japan,"bb, bc",friedrich_gun_228_x2,1.4368,1.515,0.9,,agamemnon_gun_305_x2,1.409,1.49,0.9,,fus_gun_356_x2_a,1.1818,1.24,0.9,,yamato_gun_460_x2,0.845,0.89,0.9,,yamato_gun_b_460_x2,0.845,0.89,0.9,,,,,,,,,,,
"gun_15_x3_japan_bb,bc",,381,gun_15_x3,japan,"bb, bc",friedrich_gun_228_x3,1.4368,1.515,0.72,,agamemnon_gun_305_x3,1.409,1.49,0.72,,fus_gun_356_x3_a,1.1818,1.24,0.72,,yamato_gun_460_x3,0.845,0.89,0.72,,yamato_gun_b_460_x3,0.845,0.89,0.72,,,,,,,,,,,
"gun_15_x4_japan_bb,bc",,381,gun_15_x4,japan,"bb, bc",,,,,,agamemnon_gun_305_x4,1.409,1.49,,,fus_gun_356_x4_a,1.1818,1.24,,,yamato_gun_460_x4,0.845,0.89,,,yamato_gun_b_460_x4,0.845,0.89,,,,,,,,,,,,
"gun_16_x1_japan_bb,bc",,406,gun_16_x1,japan,"bb, bc",friedrich_gun_228_x1,1.525,1.6032,1.15,,agamemnon_gun_305_x1,1.5,1.581,1.15,,fus_gun_356_x1_a,1.25,1.3082,1.15,,yamato_gun_460_x1,0.895,0.94,1.15,,yamato_gun_b_460_x1,0.895,0.94,1.15,,,,,,,,,,,
"gun_16_x2_japan_bb,bc",,406,gun_16_x2,japan,"bb, bc",friedrich_gun_228_x2,1.525,1.6032,0.93,,agamemnon_gun_305_x2,1.5,1.581,0.93,,fus_gun_356_x2_a,1.25,1.3082,0.93,,yamato_gun_460_x2,0.895,0.94,0.93,,yamato_gun_b_460_x2,0.895,0.94,0.93,,,,,,,,,,,
"gun_16_x3_japan_bb,bc",,406,gun_16_x3,japan,"bb, bc",friedrich_gun_228_x3,1.525,1.6032,0.75,,agamemnon_gun_305_x3,1.5,1.581,0.75,,fus_gun_356_x3_a,1.25,1.3082,0.75,,yamato_gun_460_x3,0.895,0.94,0.75,,yamato_gun_b_460_x3,0.895,0.94,0.75,,,,,,,,,,,
"gun_16_x4_japan_bb,bc",,406,gun_16_x4,japan,"bb, bc",,,,,,agamemnon_gun_305_x4,1.5,1.581,,,fus_gun_356_x4_a,1.25,1.3082,,,yamato_gun_460_x4,0.895,0.94,,,yamato_gun_b_460_x4,0.895,0.94,,,,,,,,,,,,
"gun_17_x1_japan_bb,bc",,432,gun_17_x1,japan,"bb, bc",agamemnon_gun_305_x1,1.591,1.672,1.2,,fus_gun_356_x1_a,1.3182,1.3764,1.2,,yamato_gun_460_x1,0.945,0.99,1.2,,yamato_gun_b_460_x1,0.945,0.99,1.2,,yamato_gun_b_460_x1,0.945,0.99,1.2,,,,,,,,,,,
"gun_17_x2_japan_bb,bc",,432,gun_17_x2,japan,"bb, bc",agamemnon_gun_305_x2,1.591,1.672,0.95,,fus_gun_356_x2_a,1.3182,1.3764,0.95,,yamato_gun_460_x2,0.945,0.99,0.95,,yamato_gun_b_460_x2,0.945,0.99,0.95,,yamato_gun_b_460_x2,0.945,0.99,0.95,,,,,,,,,,,
"gun_17_x3_japan_bb,bc",,432,gun_17_x3,japan,"bb, bc",agamemnon_gun_305_x3,1.591,1.672,0.775,,fus_gun_356_x3_a,1.3182,1.3764,0.775,,yamato_gun_460_x3,0.945,0.99,0.775,,yamato_gun_b_460_x3,0.945,0.99,0.775,,yamato_gun_b_460_x3,0.945,0.99,0.775,,,,,,,,,,,
"gun_17_x4_japan_bb,bc",,432,gun_17_x4,japan,"bb, bc",agamemnon_gun_305_x4,1.591,1.672,0.71,,fus_gun_356_x4_a,1.3182,1.3764,0.71,,yamato_gun_460_x4,0.945,0.99,0.71,,yamato_gun_b_460_x4,0.945,0.99,0.71,,yamato_gun_b_460_x4,0.945,0.99,0.71,,,,,,,,,,,
"gun_18_x1_japan_bb,bc",,457,gun_18_x1,japan,"bb, bc",agamemnon_gun_305_x1,1.682,1.763,1.23,,fus_gun_356_x1_a,1.3864,1.4446,1.23,,yamato_gun_460_x1,0.995,1.04,1.23,,yamato_gun_b_460_x1,0.995,1.04,1.23,,yamato_gun_b_460_x1,0.995,1.04,1.23,,,,,,,,,,,
"gun_18_x2_japan_bb,bc",,457,gun_18_x2,japan,"bb, bc",agamemnon_gun_305_x2,1.682,1.763,0.985,,fus_gun_356_x2_a,1.3864,1.4446,0.985,,yamato_gun_460_x2,0.995,1.04,0.985,,yamato_gun_b_460_x2,0.995,1.04,0.985,,yamato_gun_b_460_x2,0.995,1.04,0.985,,,,,,,,,,,
"gun_18_x3_japan_bb,bc",,457,gun_18_x3,japan,"bb, bc",agamemnon_gun_305_x3,1.682,1.763,0.81,,fus_gun_356_x3_a,1.3864,1.4446,0.81,,yamato_gun_460_x3,0.995,1.04,0.81,,yamato_gun_b_460_x3,0.995,1.04,0.81,,yamato_gun_b_460_x3,0.995,1.04,0.81,,,,,,,,,,,
"gun_18_x4_japan_bb,bc",,457,gun_18_x4,japan,"bb, bc",agamemnon_gun_305_x4,1.682,1.763,0.735,,fus_gun_356_x4_a,1.3864,1.4446,0.735,,yamato_gun_460_x4,0.995,1.04,0.735,,yamato_gun_b_460_x4,0.995,1.04,0.735,,yamato_gun_b_460_x4,0.995,1.04,0.735,,,,,,,,,,,
"gun_19_x1_japan_bb,bc",,483,gun_19_x1,japan,"bb, bc",agamemnon_gun_305_x1,1.773,1.854,1.16,,fus_gun_356_x1_a,1.4546,1.5128,1.16,,yamato_gun_460_x1,1.045,1.09,1.16,,yamato_gun_b_460_x1,1.045,1.09,1.16,,yamato_gun_b_460_x1,1.045,1.09,1.16,,,,,,,,,,,
"gun_19_x2_japan_bb,bc",,483,gun_19_x2,japan,"bb, bc",agamemnon_gun_305_x2,1.773,1.854,0.95,,fus_gun_356_x2_a,1.4546,1.5128,0.95,,yamato_gun_460_x2,1.045,1.09,0.95,,yamato_gun_b_460_x2,1.045,1.09,0.95,,yamato_gun_b_460_x2,1.045,1.09,0.95,,,,,,,,,,,
"gun_19_x3_japan_bb,bc",,483,gun_19_x3,japan,"bb, bc",agamemnon_gun_305_x3,1.773,1.854,0.78,,fus_gun_356_x3_a,1.4546,1.5128,0.78,,yamato_gun_460_x3,1.045,1.09,0.78,,yamato_gun_b_460_x3,1.045,1.09,0.78,,yamato_gun_b_460_x3,1.045,1.09,0.78,,,,,,,,,,,
"gun_19_x4_japan_bb,bc",,483,gun_19_x4,japan,"bb, bc",agamemnon_gun_305_x4,1.773,1.854,0.725,,fus_gun_356_x4_a,1.4546,1.5128,0.725,,yamato_gun_460_x4,1.045,1.09,0.725,,yamato_gun_b_460_x4,1.045,1.09,0.725,,yamato_gun_b_460_x4,1.045,1.09,0.725,,,,,,,,,,,
"gun_20_x1_japan_bb,bc",,508,gun_20_x1,japan,"bb, bc",agamemnon_gun_305_x1,1.864,1.945,1.05,,fus_gun_356_x1_a,1.5228,1.581,1.05,,yamato_gun_460_x1,1.095,1.14,1.05,,yamato_gun_b_460_x1,1.095,1.14,1.05,,yamato_gun_b_460_x1,1.095,1.14,1.05,,,,,,,,,,,
"gun_20_x2_japan_bb,bc",,508,gun_20_x2,japan,"bb, bc",agamemnon_gun_305_x2,1.864,1.945,0.85,,fus_gun_356_x2_a,1.5228,1.581,0.85,,yamato_gun_460_x2,1.095,1.14,0.85,,yamato_gun_b_460_x2,1.095,1.14,0.85,,yamato_gun_b_460_x2,1.095,1.14,0.85,,,,,,,,,,,
"gun_20_x3_japan_bb,bc",,508,gun_20_x3,japan,"bb, bc",agamemnon_gun_305_x3,1.864,1.945,0.7,,fus_gun_356_x3_a,1.5228,1.581,0.7,,yamato_gun_460_x3,1.095,1.14,0.7,,yamato_gun_b_460_x3,1.095,1.14,0.7,,yamato_gun_b_460_x3,1.095,1.14,0.7,,,,,,,,,,,
"gun_20_x4_japan_bb,bc",,508,gun_20_x4,japan,"bb, bc",agamemnon_gun_305_x4,1.864,1.945,0.65,,fus_gun_356_x4_a,1.5228,1.581,0.65,,yamato_gun_460_x4,1.095,1.14,0.65,,yamato_gun_b_460_x4,1.095,1.14,0.65,,yamato_gun_b_460_x4,1.095,1.14,0.65,,,,,,,,,,,
gun_2_x1_alt_japan,,51,gun_2_x1_alt,japan,,brandenburg_gun_76_x1,0.7242,0.8485,0.92,,jap_tb_gun_76_x1,1.2358,1.4478,0.92,,jap_tb_gun_76_x1,1.2512,1.4659,0.92,,jap_tb_gun_76_x1,1.2669,1.4843,0.92,,jap_tb_gun_76_x1,1.2828,1.5029,0.92,,,,,,,,,,,
gun_2_x2_alt_japan,,51,gun_2_x2_alt,japan,,dreadnought_gun_178_x2,0.4813,0.5639,0.7,,dreadnought_gun_178_x2,0.4873,0.5709,0.7,,atlanta_gun_28_x2,1.1653,1.3653,0.7,,atlanta_gun_28_x2,1.1798,1.3822,0.7,,atlanta_gun_28_x2,1.1946,1.3996,0.7,,,,,,,,,,,
gun_2_x3_alt_japan,,51,gun_2_x3_alt,japan,,dreadnought_gun_178_x3,0.4813,0.5639,0.55,,dreadnought_gun_178_x3,0.4873,0.5709,0.55,,atlanta_gun_28_x3,1.1653,1.3653,0.55,,atlanta_gun_28_x3,1.1798,1.3822,0.55,,atlanta_gun_28_x3,1.1946,1.3996,0.55,,,,,,,,,,,
gun_3_x1_alt_japan,,76,gun_3_x1_alt,japan,,jap_tb_gun_76_x1,1.5506,1.7358,1.45,,jap_tb_gun_76_x1,1.57,1.7576,1.45,,dd_s_gun_d_102_x1,0.7904,0.8849,1.45,,moga_gun_127_x1,1.0089,1.1294,1.45,,akizuki_gun_100_x1,0.8782,0.9831,1.45,,,,,,,,,,,
gun_3_x2_alt_japan,,76,gun_3_x2_alt,japan,,dreadnought_gun_178_x2,0.6114,0.6845,1.08,,dreadnought_gun_178_x2,0.619,0.693,1.08,,richelieu_gun_120_x2,0.9971,1.1162,1.08,,moga_gun_127_x2,1.0089,1.1294,1.08,,akizuki_gun_100_x2,0.8782,0.9831,1.08,,,,,,,,,,,
gun_3_x3_alt_japan,,76,gun_3_x3_alt,japan,,dreadnought_gun_178_x3,0.6114,0.6845,0.83,,dreadnought_gun_178_x3,0.619,0.693,0.83,,richelieu_gun_120_x3,0.9971,1.1162,0.83,,moga_gun_127_x3,1.0078,1.1282,0.83,,akizuki_gun_100_x3,0.8782,0.9831,0.83,,,,,,,,,,,
"gun_4_x1_alt_japan_bb,bc",,102,gun_4_x1_alt,japan,"bb, bc",dd_s_gun_102_x1,1.0976,1.1974,1.7,,dd_s_gun_102_x1,1.1114,1.2124,1.7,,pen_gun_127_x1,1.0371,1.1314,1.7,,iowa_gun_127_x1,1.2031,1.3124,1.7,,yamato_gun_127_x1,1.1533,1.2581,1.7,,,,,,,,,,,
"gun_4_x2_alt_japan_bb,bc",,102,gun_4_x2_alt,japan,"bb, bc",dreadnought_gun_178_x2,0.7294,0.7957,1.28,,dreadnought_gun_178_x2,0.7385,0.8056,1.28,,pen_gun_127_x2,1.0371,1.1314,1.28,,iowa_gun_127_x2,1.2031,1.3124,1.28,,yamato_gun_127_x2,1.1533,1.2581,1.28,,,,,,,,,,,
"gun_4_x3_alt_japan_bb,bc",,102,gun_4_x3_alt,japan,"bb, bc",dreadnought_gun_178_x3,0.7294,0.7957,1,,dreadnought_gun_178_x3,0.7385,0.8056,1,,pen_gun_127_x3,1.0371,1.1314,1,,iowa_gun_127_x3,1.2031,1.3124,1,,yamato_gun_127_x3,1.1533,1.2581,1,,,,,,,,,,,
gun_4_x1_alt_japan,,102,gun_4_x1_alt,japan,"tb, dd, cl, ca",dd_s_gun_102_x1,1.0976,1.1974,1.7,,dd_s_gun_102_x1,1.1114,1.2124,1.7,,pen_gun_127_x1,1.0371,1.1314,1.7,,iowa_gun_127_x1,1.2031,1.3124,1.7,,akizuki_gun_100_x1,1.0477,1.1429,1.7,,,,,,,,,,,
gun_4_x2_alt_japan,,102,gun_4_x2_alt,japan,"tb, dd, cl, ca",dreadnought_gun_178_x2,0.7294,0.7957,1.28,,dreadnought_gun_178_x2,0.7385,0.8056,1.28,,pen_gun_127_x2,1.0371,1.1314,1.28,,iowa_gun_127_x2,1.2031,1.3124,1.28,,akizuki_gun_100_x2,1.0477,1.1429,1.28,,,,,,,,,,,
gun_4_x3_alt_japan,,102,gun_4_x3_alt,japan,"tb, dd, cl, ca",dreadnought_gun_178_x3,0.7294,0.7957,1,,dreadnought_gun_178_x3,0.7385,0.8056,1,,pen_gun_127_x3,1.0371,1.1314,1,,iowa_gun_127_x3,1.2031,1.3124,1,,akizuki_gun_100_x3,1.0477,1.1429,1,,,,,,,,,,,
"gun_5_x1_alt_japan_bb,bc",,127,gun_5_x1_alt,japan,"bb, bc",dd_s_gun_102_x1,1.2519,1.3444,1.25,,dd_s_gun_102_x1,1.2676,1.3613,1.25,,dd_s_gun_d_102_x1,1.0755,1.155,1.25,,akizuki_gun_b_127_x1,1.1765,1.2634,1.25,,akizuki_gun_100_x1,1.195,1.2833,1.25,,,,,,,,,,,
"gun_5_x2_alt_japan_bb,bc",,127,gun_5_x2_alt,japan,"bb, bc",friedrich_gun_228_x2,0.5697,0.6118,0.95,,dreadnought_gun_178_x2,0.8424,0.9047,0.95,,dant_gun_245_x2,0.642,0.6895,0.95,,akizuki_gun_b_127_x2,1.1765,1.2634,0.95,,akizuki_gun_100_x2,1.195,1.2833,0.95,,,,,,,,,,,
"gun_5_x3_alt_japan_bb,bc",,127,gun_5_x3_alt,japan,"bb, bc",warrior_gun_228_x3,0.6794,0.7296,0.75,,dreadnought_gun_178_x3,0.8424,0.9047,0.75,,dant_gun_245_x3,0.642,0.6895,0.75,,akizuki_gun_b_127_x3,1.1765,1.2634,0.75,,akizuki_gun_100_x3,1.195,1.2833,0.75,,,,,,,,,,,
gun_5_x1_alt_japan,,127,gun_5_x1_alt,japan,"tb, dd, cl, ca",dd_s_gun_102_x1,1.2519,1.3444,1.25,,dd_s_gun_102_x1,1.2676,1.3613,1.25,,dd_s_gun_d_102_x1,1.0755,1.155,1.25,,akizuki_gun_b_127_x1,1.1765,1.2634,1.25,,akizuki_gun_127_x1,0.9267,0.9952,1.25,,,,,,,,,,,
gun_5_x2_alt_japan,,127,gun_5_x2_alt,japan,"tb, dd, cl, ca",friedrich_gun_228_x2,0.5697,0.6118,0.95,,dreadnought_gun_178_x2,0.8424,0.9047,0.95,,dant_gun_245_x2,0.642,0.6895,0.95,,akizuki_gun_b_127_x2,1.1765,1.2634,0.95,,akizuki_gun_127_x2,0.9267,0.9952,0.95,,,,,,,,,,,
gun_5_x3_alt_japan,,127,gun_5_x3_alt,japan,"tb, dd, cl, ca",warrior_gun_228_x3,0.6794,0.7296,0.75,,dreadnought_gun_178_x3,0.8424,0.9047,0.75,,dant_gun_245_x3,0.642,0.6895,0.75,,akizuki_gun_b_127_x3,1.1765,1.2634,0.75,,akizuki_gun_127_x3,0.9267,0.9952,0.75,,,,,,,,,,,
gun_6_x2_alt_japan,,152,gun_6_x2_alt,japan,,friedrich_gun_228_x2,0.6346,0.6741,0.86,,dreadnought_gun_178_x2,0.9382,0.9966,0.86,,agamemnon_gun_b_228_x2,0.8646,0.9185,0.86,,ussr_gun_100_x2,1.1471,1.2185,0.86,,akizuki_gun_127_x2,1.0321,1.0964,0.86,,,,,,,,,,,
gun_6_x3_alt_japan,,152,gun_6_x3_alt,japan,,warrior_gun_228_x3,0.7567,0.8038,0.66,,dreadnought_gun_178_x3,0.9382,0.9966,0.66,,agamemnon_gun_b_228_x3,0.8646,0.9185,0.66,,ussr_gun_100_x3,1.1466,1.218,0.66,,akizuki_gun_127_x3,1.0321,1.0964,0.66,,,,,,,,,,,
gun_7_x2_alt_japan,,178,gun_7_x2_alt,japan,,friedrich_gun_228_x2,0.7157,0.754,0.9,,agamemnon_gun_b_228_x2,0.9631,1.0147,0.9,,agamemnon_gun_228_x2,0.9752,1.0274,0.9,,moga_gun_200_x2,0.8294,0.8738,0.9,,moga_gun_200_x2,0.8398,0.8848,0.9,,,,,,,,,,,
gun_7_x3_alt_japan,,178,gun_7_x3_alt,japan,,warrior_gun_228_x3,0.8535,0.8992,0.705,,agamemnon_gun_b_228_x3,0.9631,1.0147,0.705,,agamemnon_gun_228_x3,0.9752,1.0274,0.705,,moga_gun_200_x3,0.8294,0.8738,0.705,,moga_gun_200_x3,0.8398,0.8848,0.705,,,,,,,,,,,
gun_8_x2_alt_japan,,203,gun_8_x2_alt,japan,,friedrich_gun_228_x2,0.7933,0.8307,0.88,,agamemnon_gun_228_x2,1.0675,1.1179,0.88,,ny_gun_356_x2,0.7424,0.7774,0.88,,spee_gun_280_x2_a,0.8114,0.8497,0.88,,spee_gun_280_x2_a,0.8216,0.8604,0.88,,,,,,,,,,,
gun_8_x3_alt_japan,,203,gun_8_x3_alt,japan,,warrior_gun_228_x3,0.9461,0.9907,0.69,,agamemnon_gun_228_x3,1.0675,1.1179,0.69,,ny_gun_356_x3,0.7424,0.7774,0.69,,spee_gun_280_x3_a,0.8114,0.8497,0.69,,spee_gun_280_x3_a,0.8216,0.8604,0.69,,,,,,,,,,,
gun_9_x2_alt_japan,,229,gun_9_x2_alt,japan,,friedrich_gun_228_x2,0.8739,0.9106,0.82,,agamemnon_gun_228_x2,1.1759,1.2253,0.82,,dante_gun_240_x2,0.8191,0.8535,0.82,,dant_gun_245_x2,0.9973,1.0392,0.82,,british_adv_cruiser_152_gun_x2,1.1164,1.1633,0.82,,,,,,,,,,,
gun_9_x3_alt_japan,,229,gun_9_x3_alt,japan,,warrior_gun_228_x3,1.0421,1.0858,0.64,,agamemnon_gun_228_x3,1.1759,1.2253,0.64,,dant_gun_240_x3,0.8191,0.8535,0.64,,dant_gun_245_x3,0.9973,1.0392,0.64,,british_adv_cruiser_152_gun_x3,1.1164,1.1633,0.64,,,,,,,,,,,
gun_10_x2_alt_japan,,254,gun_10_x2_alt,japan,,ny_gun_210_x2,1.3102,1.3599,0.9,,warrior_gun_228_x2,1.1489,1.1925,0.9,,dreadnought_gun_178_x2,1.4245,1.4786,0.9,,nelson_gun_152_x2,1.5495,1.6083,0.9,,yamato_gun_460_x2,0.5481,0.5689,0.9,,,,,,,,,,,
gun_10_x3_alt_japan,,254,gun_10_x3_alt,japan,,ny_gun_210_x3,1.3102,1.3599,0.68,,warrior_gun_228_x3,1.1489,1.1925,0.68,,dreadnought_gun_178_x3,1.4245,1.4786,0.68,,nelson_gun_152_x3,1.5495,1.6083,0.68,,yamato_gun_460_x3,0.5481,0.5689,0.68,,,,,,,,,,,
gun_11_x2_alt_japan,,279,gun_11_x2_alt,japan,,ny_gun_210_x2,1.4176,1.4667,0.82,,irresistible_gun_305_x2,0.9535,0.9865,0.82,,dreadnought_gun_305_x2,0.9655,0.999,0.82,,vdt_gun_280_x2,0.9764,1.0102,0.82,,spee_gun_280_x2_a,1.0662,1.1031,0.82,,,,,,,,,,,
gun_11_x3_alt_japan,,279,gun_11_x3_alt,japan,,ny_gun_210_x3,1.4176,1.4667,0.66,,irresistible_gun_305_x3,0.9535,0.9865,0.66,,dreadnought_gun_305_x3,0.9655,0.999,0.66,,vdt_gun_280_x3,0.9764,1.0102,0.66,,spee_gun_280_x3_a,1.0662,1.1031,0.66,,,,,,,,,,,
gun_12_x2_alt_japan,,305,gun_12_x2_alt,japan,,friedrich_gun_305_x2,1.0147,1.0469,0.82,,warrior_gun_228_x2,1.3416,1.3842,0.82,,dreadnought_gun_305_x2,1.042,1.0751,0.82,,dreadnought_gun_305_x2,1.0552,1.0887,0.82,,yamato_gun_460_x2,0.64,0.6604,0.82,,,,,,,,,,,
gun_12_x3_alt_japan,,305,gun_12_x3_alt,japan,,warrior_gun_228_x3,1.325,1.3671,0.66,,warrior_gun_228_x3,1.3416,1.3842,0.66,,dreadnought_gun_305_x3,1.042,1.0751,0.66,,dreadnought_gun_305_x3,1.0552,1.0887,0.66,,yamato_gun_460_x3,0.64,0.6604,0.66,,,,,,,,,,,
gun_13_x2_alt_japan,,330,gun_13_x2_alt,japan,,friedrich_gun_305_x2,1.0869,1.1189,0.88,,irresistible_gun_305_x2,1.1022,1.1346,0.88,,dreadnought_gun_b_305_x2,1.1161,1.1489,0.88,,dreadnought_gun_b_305_x2,1.1302,1.1634,0.88,,richelieu_gun_380_x2,0.918,0.945,0.88,,,,,,,,,,,
gun_13_x3_alt_japan,,330,gun_13_x3_alt,japan,,warrior_gun_228_x3,1.4193,1.461,0.705,,irresistible_gun_305_x3,1.1022,1.1346,0.705,,dreadnought_gun_b_305_x3,1.1161,1.1489,0.705,,dreadnought_gun_b_305_x3,1.1302,1.1634,0.705,,richelieu_gun_380_x3,0.918,0.945,0.705,,,,,,,,,,,
gun_14_x2_alt_japan,,356,gun_14_x2_alt,japan,,dreadnought_gun_305_x2,1.1645,1.1963,0.88,,dreadnought_gun_305_x2,1.179,1.2112,0.88,,dreadnought_gun_305_x2,1.1938,1.2264,0.88,,fus_gun_356_x2_a,1.0354,1.0637,0.88,,fus_gun_356_x2_a,1.0483,1.0769,0.88,,,,,,,,,,,
gun_14_x3_alt_japan,,356,gun_14_x3_alt,japan,,dreadnought_gun_305_x3,1.1645,1.1963,0.705,,dreadnought_gun_305_x3,1.179,1.2112,0.705,,dreadnought_gun_305_x3,1.1938,1.2264,0.705,,fus_gun_356_x3_a,1.0354,1.0637,0.705,,fus_gun_356_x3_a,1.0483,1.0769,0.705,,,,,,,,,,,
gun_15_x2_alt_japan,,381,gun_15_x2_alt,japan,,dreadnought_gun_b_305_x2,1.2381,1.2697,0.9,,dreadnought_gun_b_305_x2,1.2535,1.2855,0.9,,dreadnought_gun_b_305_x2,1.2693,1.3017,0.9,,yamato_gun_460_x2,0.7701,0.7898,0.9,,yamato_gun_b_460_x2,0.7796,0.7995,0.9,,,,,,,,,,,
gun_15_x3_alt_japan,,381,gun_15_x3_alt,japan,,dreadnought_gun_b_305_x3,1.2381,1.2697,0.72,,dreadnought_gun_b_305_x3,1.2535,1.2855,0.72,,dreadnought_gun_b_305_x3,1.2693,1.3017,0.72,,yamato_gun_460_x3,0.7701,0.7898,0.72,,yamato_gun_b_460_x3,0.7796,0.7995,0.72,,,,,,,,,,,
gun_16_x2_alt_japan,,406,gun_16_x2_alt,japan,,dreadnought_gun_305_x2,1.3124,1.3439,0.93,,dreadnought_gun_305_x2,1.3287,1.3606,0.93,,nelson_gun_406_x2,1.0097,1.0339,0.93,,bismarck_gun_380_short_x2,1.0928,1.119,0.93,,bismarck_gun_380_x2,1.1066,1.1332,0.93,,,,,,,,,,,
gun_16_x3_alt_japan,,406,gun_16_x3_alt,japan,,dreadnought_gun_305_x3,1.3124,1.3439,0.75,,dreadnought_gun_305_x3,1.3287,1.3606,0.75,,nelson_gun_406_x3,1.0097,1.0339,0.75,,bismarck_gun_380_short_x3,1.0928,1.119,0.75,,bismarck_gun_380_x3,1.1066,1.1332,0.75,,,,,,,,,,,
gun_17_x2_alt_japan,,432,gun_17_x2_alt,japan,,dido_gun_cal200_x2,1.3908,1.4222,0.95,,dido_gun_cal200_x2,1.4081,1.4399,0.95,,dreadnought_gun_c_305_x2,1.45,1.4827,0.95,,litt_gun_381a_x2,1.1943,1.2213,0.95,,litt_gun_381a_x2,1.2093,1.2366,0.95,,,,,,,,,,,
gun_17_x3_alt_japan,,432,gun_17_x3_alt,japan,,dido_gun_cal200_x3,1.3908,1.4222,0.775,,dido_gun_cal200_x3,1.4081,1.4399,0.775,,dreadnought_gun_c_305_x3,1.45,1.4827,0.775,,litt_gun_381a_x3,1.1943,1.2213,0.775,,litt_gun_381a_x3,1.2093,1.2366,0.775,,,,,,,,,,,
gun_18_x2_alt_japan,,457,gun_18_x2_alt,japan,,dreadnought_gun_305_x2,1.4662,1.4975,0.985,,dreadnought_gun_305_x2,1.4845,1.5162,0.985,,yamato_gun_460_x2,0.9006,0.9199,0.985,,yamato_gun_460_x2,0.912,0.9315,0.985,,yamato_gun_b_460_x2,0.9233,0.943,0.985,,,,,,,,,,,
gun_18_x3_alt_japan,,457,gun_18_x3_alt,japan,,dreadnought_gun_305_x3,1.4662,1.4975,0.81,,dreadnought_gun_305_x3,1.4845,1.5162,0.81,,yamato_gun_460_x3,0.9006,0.9199,0.81,,yamato_gun_460_x3,0.912,0.9315,0.81,,yamato_gun_b_460_x3,0.9233,0.943,0.81,,,,,,,,,,,
###,,,###,,,,,,,,,,,,,,,,,,,,,,,,,,,,,,,,,,,,,
gun_2_x1_usa,,51,gun_2_x1,usa,,,,,,,,,,,,,,,,,,,,,,,,,,,,,,,,,,,,
gun_2_x2_usa,,51,gun_2_x2,usa,,,,,,,,,,,,,,,,,,,,,,,,,,,,,,,,,,,,
gun_2_x3_usa,,51,gun_2_x3,usa,,,,,,,,,,,,,,,,,,,,,,,,,,,,,,,,,,,,
gun_2_x4_usa,,51,gun_2_x4,usa,,,,,,,,,,,,,,,,,richelieu_gun_120_x4,0.596,0.722,,,richelieu_gun_120_x4,0.596,0.722,,,,,,,,,,,,
gun_3_x1_usa_dd,,76,gun_3_x1,usa,"dd, tb",,,,,,,,,,,,,,,,akizuki_gun_b_127_x1,0.4915,0.626,,,akizuki_gun_b_127_x1,0.4915,0.626,,,,,,,,,,,,
gun_3_x2_usa_dd,,76,gun_3_x2,usa,"dd, tb",,,,,,,,,,,,,,,,iowa_gun_b_127_x2,0.6,0.78,,,iowa_gun_b_127_x2,0.6,0.78,,,,,,,,,,,,
gun_3_x3_usa_dd,,76,gun_3_x3,usa,"dd, tb",,,,,,,,,,,,,,,,iowa_gun_b_127_x3,0.6,0.78,,,iowa_gun_b_127_x3,0.6,0.78,,,,,,,,,,,,
gun_3_x4_usa_dd,,76,gun_3_x4,usa,"dd, tb",,,,,,,,,,,,,,,,,,,,,,,,,,,,,,,,,,,
gun_4_x1_usa_dd,,102,gun_4_x1,usa,"dd, tb",,,,,,,,,,,,,,,,akizuki_gun_b_127_x1,0.646,0.7805,,,akizuki_gun_b_127_x1,0.646,0.7805,,,,,,,,,,,,
gun_4_x2_usa_dd,,102,gun_4_x2,usa,"dd, tb",,,,,,,,,,,,,,,,iowa_gun_b_127_x2,0.8,0.98,,,iowa_gun_b_127_x2,0.8,0.98,,,,,,,,,,,,
gun_4_x3_usa_dd,,102,gun_4_x3,usa,"dd, tb",,,,,,,,,,,,,,,,iowa_gun_b_127_x3,0.8,0.98,,,iowa_gun_b_127_x3,0.8,0.98,,,,,,,,,,,,
gun_4_x4_usa_dd,,102,gun_4_x4,usa,"dd, tb",,,,,,,,,,,,,,,,,,,,,,,,,,,,,,,,,,,
gun_5_x1_usa_dd,,127,gun_5_x1,usa,"dd, tb",,,,,,,,,,,,,,,,akizuki_gun_b_127_x1,0.8005,0.935,,,akizuki_gun_b_127_x1,0.8005,0.935,,,,,,,,,,,,
gun_5_x2_usa_dd,,127,gun_5_x2,usa,"dd, tb",,,,,,,,,,,,,,,,iowa_gun_b_127_x2,1,1.18,,,iowa_gun_b_127_x2,1,1.18,,,,,,,,,,,,
gun_5_x3_usa_dd,,127,gun_5_x3,usa,"dd, tb",,,,,,,,,,,,,,,,iowa_gun_b_127_x3,1,1.18,,,iowa_gun_b_127_x3,1,1.18,,,,,,,,,,,,
gun_5_x4_usa_dd,,127,gun_5_x4,usa,"dd, tb",,,,,,,,,,,,,,,,,,,,,,,,,,,,,,,,,,,
gun_3_x1_usa_cl,,76,gun_3_x1,usa,cl,,,,,,,,,,,,,,,,iowa_gun_127_x1,0.7,0.88,,,iowa_gun_127_x1,0.7,0.88,,,,,,,,,,,,
gun_3_x2_usa_cl,,76,gun_3_x2,usa,cl,,,,,,maine_gun_230_x2,0.596,0.722,,,maine_gun_230_x2,0.596,0.722,,,iowa_gun_127_x2,0.7,0.88,,,iowa_gun_127_x2,0.7,0.88,,,,,,,,,,,,
gun_3_x3_usa_cl,,76,gun_3_x3,usa,cl,,,,,,maine_gun_230_x3,0.596,0.722,,,maine_gun_230_x3,0.596,0.722,,,iowa_gun_127_x3,0.7,0.88,,,iowa_gun_127_x3,0.7,0.88,,,,,,,,,,,,
gun_3_x4_usa_cl,,76,gun_3_x4,usa,cl,,,,,,,,,,,,,,,,iowa_gun_127_x4,0.7,0.88,,,iowa_gun_127_x4,0.7,0.88,,,,,,,,,,,,
gun_4_x1_usa_cl,,102,gun_4_x1,usa,cl,,,,,,,,,,,,,,,,iowa_gun_127_x1,0.9,1.08,,,iowa_gun_127_x1,0.9,1.08,,,,,,,,,,,,
gun_4_x2_usa_cl,,102,gun_4_x2,usa,cl,,,,,,maine_gun_230_x2,0.732,0.858,,,maine_gun_230_x2,0.732,0.858,,,atl_gun_125_x2,0.868,0.994,,,atl_gun_125_x2,0.868,0.994,,,,,,,,,,,,
gun_4_x3_usa_cl,,102,gun_4_x3,usa,cl,,,,,,maine_gun_230_x3,0.732,0.858,,,maine_gun_230_x3,0.732,0.858,,,atl_gun_125_x3,0.868,0.994,,,atl_gun_125_x3,0.868,0.994,,,,,,,,,,,,
gun_4_x4_usa_cl,,102,gun_4_x4,usa,cl,,,,,,,,,,,,,,,,atl_gun_125_x4,0.868,0.994,,,atl_gun_125_x4,0.868,0.994,,,,,,,,,,,,
gun_5_x1_usa_cl,,127,gun_5_x1,usa,cl,,,,,,,,,,,,,,,,,,,,,,,,,,,,,,,,,,,
gun_5_x2_usa_cl,,127,gun_5_x2,usa,cl,,,,,,maine_gun_230_x2,0.868,0.994,,,maine_gun_230_x2,0.868,0.994,,,atl_gun_125_x2,1.004,1.13,,,atl_gun_125_x2,1.004,1.13,,,,,,,,,,,,
gun_5_x3_usa_cl,,127,gun_5_x3,usa,cl,,,,,,maine_gun_230_x3,0.868,0.994,,,maine_gun_230_x3,0.868,0.994,,,atl_gun_125_x3,1.004,1.13,,,atl_gun_125_x3,1.004,1.13,,,,,,,,,,,,
gun_5_x4_usa_cl,,127,gun_5_x4,usa,cl,,,,,,,,,,,,,,,,atl_gun_125_x4,1.004,1.13,,,atl_gun_125_x4,1.004,1.13,,,,,,,,,,,,
gun_6_x1_usa_cl,,152,gun_6_x1,usa,cl,,,,,,,,,,,,,,,,,,,,,,,,,,,,,,,,,,,
gun_6_x2_usa_cl,,152,gun_6_x2,usa,cl,,,,,,maine_gun_230_x2,1.004,1.13,,,maine_gun_230_x2,1.004,1.13,,,brooklyn_gun_152_x2,0.73,0.847,,,brooklyn_gun_b_152_x2,0.73,0.847,,,,,,,,,,,,
gun_6_x3_usa_cl,,152,gun_6_x3,usa,cl,,,,,,maine_gun_230_x3,1.004,1.13,,,maine_gun_230_x3,1.004,1.13,,,brooklyn_gun_152_x3,0.73,0.847,,,brooklyn_gun_b_152_x3,0.73,0.847,,,,,,,,,,,,
gun_6_x4_usa_cl,,152,gun_6_x4,usa,cl,,,,,,,,,,,,,,,,brooklyn_gun_152_x4,0.73,0.847,,,brooklyn_gun_b_152_x4,0.73,0.847,,,,,,,,,,,,
"gun_3_x1_usa_ca,bb,bc",,76,gun_3_x1,usa,"ca, bb, bc",maine_gun_152_x1,0.718,0.912,1.45,,,,,1.45,,,,,1.45,,iowa_gun_127_x1,0.7,0.88,1.45,,iowa_gun_127_x1,0.7,0.88,1.45,,,,,,,,,,,
"gun_3_x2_usa_ca,bb,bc",,76,gun_3_x2,usa,"ca, bb, bc",maine_gun_152_x2,0.718,0.912,1.08,,pen_gun_127_x2,0.815,1.04,1.08,,maine_gun_230_x2,0.596,0.722,1.08,,iowa_gun_127_x2,0.7,0.88,1.08,,iowa_gun_127_x2,0.7,0.88,1.08,,,,,,,,,,,
"gun_3_x3_usa_ca,bb,bc",,76,gun_3_x3,usa,"ca, bb, bc",maine_gun_152_x3,0.718,0.912,0.83,,pen_gun_127_x3,0.815,1.04,0.83,,maine_gun_230_x3,0.596,0.722,0.83,,iowa_gun_127_x3,0.7,0.88,0.83,,iowa_gun_127_x3,0.7,0.88,0.83,,,,,,,,,,,
"gun_3_x4_usa_ca,bb,bc",,76,gun_3_x4,usa,"ca, bb, bc",,,,,,,,,,,,,,,,iowa_gun_127_x4,0.7,0.88,,,iowa_gun_127_x4,0.7,0.88,,,,,,,,,,,,
"gun_4_x1_usa_ca,bb,bc",,102,gun_4_x1,usa,"ca, bb, bc",maine_gun_152_x1,0.932,1.126,1.7,,pen_gun_127_x1,1.06,1.285,1.7,,,,,1.7,,iowa_gun_b_127_x1,0.8,0.98,1.7,,iowa_gun_b_127_x1,0.8,0.98,1.7,,,,,,,,,,,
"gun_4_x2_usa_ca,bb,bc",,102,gun_4_x2,usa,"ca, bb, bc",maine_gun_152_x2,0.932,1.126,1.28,,pen_gun_127_x2,1.06,1.285,1.28,,maine_gun_230_x2,0.732,0.858,1.28,,iowa_gun_b_127_x2,0.8,0.98,1.28,,iowa_gun_b_127_x2,0.8,0.98,1.28,,,,,,,,,,,
"gun_4_x3_usa_ca,bb,bc",,102,gun_4_x3,usa,"ca, bb, bc",maine_gun_152_x3,0.932,1.126,1,,pen_gun_127_x3,1.06,1.285,1,,maine_gun_230_x3,0.732,0.858,1,,iowa_gun_b_127_x3,0.8,0.98,1,,iowa_gun_b_127_x3,0.8,0.98,1,,,,,,,,,,,
"gun_4_x4_usa_ca,bb,bc",,102,gun_4_x4,usa,"ca, bb, bc",,,,,,,,,,,,,,,,iowa_gun_b_127_x4,0.8,0.98,,,iowa_gun_b_127_x4,0.8,0.98,,,,,,,,,,,,
"gun_5_x1_usa_ca,bb,bc",,127,gun_5_x1,usa,"ca, bb, bc",maine_gun_152_x1,1.146,1.34,1.25,,pen_gun_127_x1,1.305,1.53,1.25,,,,,1.25,,iowa_gun_b_127_x1,1,1.18,1.25,,iowa_gun_b_127_x1,1,1.18,1.25,,,,,,,,,,,
"gun_5_x2_usa_ca,bb,bc",,127,gun_5_x2,usa,"ca, bb, bc",maine_gun_152_x2,1.146,1.34,0.95,,pen_gun_127_x2,1.305,1.53,0.95,,maine_gun_230_x2,0.868,0.994,0.95,,iowa_gun_b_127_x2,1,1.18,0.95,,iowa_gun_b_127_x2,1,1.18,0.95,,,,,,,,,,,
"gun_5_x3_usa_ca,bb,bc",,127,gun_5_x3,usa,"ca, bb, bc",maine_gun_152_x3,1.146,1.34,0.75,,pen_gun_127_x3,1.305,1.53,0.75,,maine_gun_230_x3,0.868,0.994,0.75,,iowa_gun_b_127_x3,1,1.18,0.75,,iowa_gun_b_127_x3,1,1.18,0.75,,,,,,,,,,,
"gun_5_x4_usa_ca,bb,bc",,127,gun_5_x4,usa,"ca, bb, bc",,,,,,,,,,,,,,,,iowa_gun_b_127_x4,1,1.18,,,iowa_gun_b_127_x4,1,1.18,,,,,,,,,,,,
"gun_6_x1_usa_ca,bb,bc",,152,gun_6_x1,usa,"ca, bb, bc",maine_gun_152_x1,1.36,1.554,1.185,,pen_gun_127_x1,1.55,1.775,1.185,,,,,1.185,,brooklyn_gun_152_x1,0.73,0.847,1.185,,brooklyn_gun_b_152_x1,0.73,0.847,1.185,,,,,,,,,,,
"gun_6_x2_usa_ca,bb,bc",,152,gun_6_x2,usa,"ca, bb, bc",maine_gun_152_x2,1.36,1.554,0.86,,pen_gun_127_x2,1.55,1.775,0.86,,maine_gun_230_x2,1.004,1.13,0.86,,brooklyn_gun_152_x2,0.73,0.847,0.86,,brooklyn_gun_b_152_x2,0.73,0.847,0.86,,,,,,,,,,,
"gun_6_x3_usa_ca,bb,bc",,152,gun_6_x3,usa,"ca, bb, bc",maine_gun_152_x3,1.36,1.554,0.66,,pen_gun_127_x3,1.55,1.775,0.66,,maine_gun_230_x3,1.004,1.13,0.66,,brooklyn_gun_152_x3,0.73,0.847,0.66,,brooklyn_gun_b_152_x3,0.73,0.847,0.66,,,,,,,,,,,
"gun_6_x4_usa_ca,bb,bc",,152,gun_6_x4,usa,"ca, bb, bc",,,,,,,,,,,,,,,,brooklyn_gun_152_x4,0.73,0.847,,,brooklyn_gun_b_152_x4,0.73,0.847,,,,,,,,,,,,
"gun_7_x1_usa_cl,ca,bb,bc",,178,gun_7_x1,usa,"cl, ca, bb, bc",maine_gun_254_x1_a,0.755,0.85,1.21,,ny_gun_210_x1,1.1095,1.244,1.21,,ny_gun_210_x1,1.1095,1.244,1.21,,brooklyn_gun_152_x1,0.857,0.974,1.21,,brooklyn_gun_b_152_x1,0.857,0.974,1.21,,,,,,,,,,,
"gun_7_x2_usa_cl,ca,bb,bc",,178,gun_7_x2,usa,"cl, ca, bb, bc",maine_gun_254_x2_a,0.755,0.85,0.9,,ny_gun_210_x2,1.1095,1.244,0.9,,ny_gun_210_x2,1.1095,1.244,0.9,,brooklyn_gun_152_x2,0.857,0.974,0.9,,brooklyn_gun_b_152_x2,0.857,0.974,0.9,,,,,,,,,,,
"gun_7_x3_usa_cl,ca,bb,bc",,178,gun_7_x3,usa,"cl, ca, bb, bc",maine_gun_254_x3_a,0.755,0.85,0.705,,ny_gun_210_x3,1.1095,1.244,0.705,,ny_gun_210_x3,1.1095,1.244,0.705,,brooklyn_gun_152_x3,0.857,0.974,0.705,,brooklyn_gun_b_152_x3,0.857,0.974,0.705,,,,,,,,,,,
"gun_7_x4_usa_cl,ca,bb,bc",,178,gun_7_x4,usa,"cl, ca, bb, bc",,,,,,,,,,,,,,,,brooklyn_gun_152_x4,0.857,0.974,,,brooklyn_gun_b_152_x4,0.857,0.974,,,,,,,,,,,,
"gun_8_x1_usa_ca,bb,bc",,203,gun_8_x1,usa,"ca, bb, bc",maine_gun_254_x1_a,0.86,0.955,1.17,,ny_gun_210_x1,1.264,1.3985,1.17,,ny_gun_210_x1,1.264,1.3985,1.17,,brooklyn_gun_152_x1,0.984,1.101,1.17,,brooklyn_gun_b_152_x1,0.984,1.101,1.17,,,,,,,,,,,
"gun_8_x2_usa_ca,bb,bc",,203,gun_8_x2,usa,"ca, bb, bc",maine_gun_254_x2_a,0.86,0.955,0.88,,ny_gun_210_x2,1.264,1.3985,0.88,,ny_gun_210_x2,1.264,1.3985,0.88,,brooklyn_gun_152_x2,0.984,1.101,0.88,,brooklyn_gun_b_152_x2,0.984,1.101,0.88,,,,,,,,,,,
"gun_8_x3_usa_ca,bb,bc",,203,gun_8_x3,usa,"ca, bb, bc",maine_gun_254_x3_a,0.86,0.955,0.69,,ny_gun_210_x3,1.264,1.3985,0.69,,ny_gun_210_x3,1.264,1.3985,0.69,,brooklyn_gun_152_x3,0.984,1.101,0.69,,brooklyn_gun_b_152_x3,0.984,1.101,0.69,,,,,,,,,,,
"gun_8_x4_usa_ca,bb,bc",,203,gun_8_x4,usa,"ca, bb, bc",,,,,,,,,,,,,,,,brooklyn_gun_152_x4,0.984,1.101,,,brooklyn_gun_b_152_x4,0.984,1.101,,,,,,,,,,,,
"gun_9_x1_usa_ca,bb,bc",,229,gun_9_x1,usa,"ca, bb, bc",maine_gun_254_x1_a,0.965,1.06,1.1,,ny_gun_210_x1,1.4185,1.553,1.1,,ny_gun_210_x1,1.4185,1.553,1.1,,brooklyn_gun_152_x1,1.111,1.228,1.1,,brooklyn_gun_b_152_x1,1.111,1.228,1.1,,,,,,,,,,,
"gun_9_x2_usa_ca,bb,bc",,229,gun_9_x2,usa,"ca, bb, bc",maine_gun_254_x2_a,0.965,1.06,0.82,,ny_gun_210_x2,1.4185,1.553,0.82,,ny_gun_210_x2,1.4185,1.553,0.82,,brooklyn_gun_152_x2,1.111,1.228,0.82,,brooklyn_gun_b_152_x2,1.111,1.228,0.82,,,,,,,,,,,
"gun_9_x3_usa_ca,bb,bc",,229,gun_9_x3,usa,"ca, bb, bc",maine_gun_254_x3_a,0.965,1.06,0.64,,ny_gun_210_x3,1.4185,1.553,0.64,,ny_gun_210_x3,1.4185,1.553,0.64,,brooklyn_gun_152_x3,1.111,1.228,0.64,,brooklyn_gun_b_152_x3,1.111,1.228,0.64,,,,,,,,,,,
"gun_9_x4_usa_ca,bb,bc",,229,gun_9_x4,usa,"ca, bb, bc",,,,,,,,,,,,,,,,brooklyn_gun_152_x4,1.111,1.228,,,brooklyn_gun_b_152_x4,1.111,1.228,,,,,,,,,,,,
"gun_10_x1_usa_ca,bb,bc",,254,gun_10_x1,usa,"ca, bb, bc",maine_gun_254_x1_a,1.07,1.165,1.2,,ny_gun_356_x1,0.954,1.035,1.2,,arizona_gun_356_x1,0.954,1.035,1.2,,iowa_gun_406_x1,0.595,0.64,1.2,,iowa_gun_406_x1,0.595,0.64,1.2,,,,,,,,,,,
"gun_10_x2_usa_ca,bb,bc",,254,gun_10_x2,usa,"ca, bb, bc",maine_gun_254_x2_a,1.07,1.165,0.9,,ny_gun_356_x2,0.954,1.035,0.9,,arizona_gun_356_x2,0.954,1.035,0.9,,iowa_gun_406_x2,0.595,0.64,0.9,,iowa_gun_406_x2,0.595,0.64,0.9,,,,,,,,,,,
"gun_10_x3_usa_ca,bb,bc",,254,gun_10_x3,usa,"ca, bb, bc",maine_gun_254_x3_a,1.07,1.165,0.68,,ny_gun_356_x3,0.954,1.035,0.68,,arizona_gun_356_x3,0.954,1.035,0.68,,iowa_gun_406_x3,0.595,0.64,0.68,,iowa_gun_406_x3,0.595,0.64,0.68,,,,,,,,,,,
"gun_10_x4_usa_ca,bb,bc",,254,gun_10_x4,usa,"ca, bb, bc",,,,,,ny_gun_356_x4,0.954,1.035,,,arizona_gun_356_x4,0.954,1.035,,,iowa_gun_406_x4,0.595,0.64,,,iowa_gun_406_x4,0.595,0.64,,,,,,,,,,,,
"gun_11_x1_usa_ca,bb,bc",,279,gun_11_x1,usa,"ca, bb, bc",maine_gun_254_x1_a,1.175,1.27,1.07,,ny_gun_356_x1,1.045,1.126,1.07,,arizona_gun_356_x1,1.045,1.126,1.07,,iowa_gun_406_x1,0.645,0.69,1.07,,iowa_gun_406_x1,0.645,0.69,1.07,,,,,,,,,,,
"gun_11_x2_usa_ca,bb,bc",,279,gun_11_x2,usa,"ca, bb, bc",maine_gun_254_x2_a,1.175,1.27,0.82,,ny_gun_356_x2,1.045,1.126,0.82,,arizona_gun_356_x2,1.045,1.126,0.82,,iowa_gun_406_x2,0.645,0.69,0.82,,iowa_gun_406_x2,0.645,0.69,0.82,,,,,,,,,,,
"gun_11_x3_usa_ca,bb,bc",,279,gun_11_x3,usa,"ca, bb, bc",maine_gun_254_x3_a,1.175,1.27,0.66,,ny_gun_356_x3,1.045,1.126,0.66,,arizona_gun_356_x3,1.045,1.126,0.66,,iowa_gun_406_x3,0.645,0.69,0.66,,iowa_gun_406_x3,0.645,0.69,0.66,,,,,,,,,,,
"gun_11_x4_usa_ca,bb,bc",,279,gun_11_x4,usa,"ca, bb, bc",,,,,,ny_gun_356_x4,1.045,1.126,,,arizona_gun_356_x4,1.045,1.126,,,iowa_gun_406_x4,0.645,0.69,,,iowa_gun_406_x4,0.645,0.69,,,,,,,,,,,,
"gun_12_x1_usa_bb,bc",,305,gun_12_x1,usa,"bb, bc",maine_gun_254_x1_a,1.28,1.375,1.07,,ny_gun_356_x1,1.136,1.217,1.07,,arizona_gun_356_x1,1.136,1.217,1.07,,iowa_gun_406_x1,0.695,0.74,1.07,,iowa_gun_406_x1,0.695,0.74,1.07,,,,,,,,,,,
"gun_12_x2_usa_bb,bc",,305,gun_12_x2,usa,"bb, bc",maine_gun_254_x2_a,1.28,1.375,0.82,,ny_gun_356_x2,1.136,1.217,0.82,,arizona_gun_356_x2,1.136,1.217,0.82,,iowa_gun_406_x2,0.695,0.74,0.82,,iowa_gun_406_x2,0.695,0.74,0.82,,,,,,,,,,,
"gun_12_x3_usa_bb,bc",,305,gun_12_x3,usa,"bb, bc",maine_gun_254_x3_a,1.28,1.375,0.66,,ny_gun_356_x3,1.136,1.217,0.66,,arizona_gun_356_x3,1.136,1.217,0.66,,iowa_gun_406_x3,0.695,0.74,0.66,,iowa_gun_406_x3,0.695,0.74,0.66,,,,,,,,,,,
"gun_12_x4_usa_bb,bc",,305,gun_12_x4,usa,"bb, bc",,,,,,ny_gun_356_x4,1.136,1.217,,,arizona_gun_356_x4,1.136,1.217,,,iowa_gun_406_x4,0.695,0.74,,,iowa_gun_406_x4,0.695,0.74,,,,,,,,,,,,
"gun_13_x1_usa_bb,bc",,330,gun_13_x1,usa,"bb, bc",maine_gun_254_x1_a,1.385,1.48,1.13,,ny_gun_356_x1,1.227,1.308,1.13,,arizona_gun_356_x1,1.227,1.308,1.13,,iowa_gun_406_x1,0.745,0.79,1.13,,iowa_gun_406_x1,0.745,0.79,1.13,,,,,,,,,,,
"gun_13_x2_usa_bb,bc",,330,gun_13_x2,usa,"bb, bc",maine_gun_254_x2_a,1.385,1.48,0.88,,ny_gun_356_x2,1.227,1.308,0.88,,arizona_gun_356_x2,1.227,1.308,0.88,,iowa_gun_406_x2,0.745,0.79,0.88,,iowa_gun_406_x2,0.745,0.79,0.88,,,,,,,,,,,
"gun_13_x3_usa_bb,bc",,330,gun_13_x3,usa,"bb, bc",maine_gun_254_x3_a,1.385,1.48,0.705,,ny_gun_356_x3,1.227,1.308,0.705,,arizona_gun_356_x3,1.227,1.308,0.705,,iowa_gun_406_x3,0.745,0.79,0.705,,iowa_gun_406_x3,0.745,0.79,0.705,,,,,,,,,,,
"gun_13_x4_usa_bb,bc",,330,gun_13_x4,usa,"bb, bc",,,,,,ny_gun_356_x4,1.227,1.308,,,arizona_gun_356_x4,1.227,1.308,,,iowa_gun_406_x4,0.745,0.79,,,iowa_gun_406_x4,0.745,0.79,,,,,,,,,,,,
"gun_14_x1_usa_bb,bc",,356,gun_14_x1,usa,"bb, bc",maine_gun_254_x1_a,1.49,1.585,1.13,,ny_gun_356_x1,1.318,1.399,1.13,,arizona_gun_356_x1,1.318,1.399,1.13,,iowa_gun_406_x1,0.795,0.84,1.13,,iowa_gun_406_x1,0.795,0.84,1.13,,,,,,,,,,,
"gun_14_x2_usa_bb,bc",,356,gun_14_x2,usa,"bb, bc",maine_gun_254_x2_a,1.49,1.585,0.88,,ny_gun_356_x2,1.318,1.399,0.88,,arizona_gun_356_x2,1.318,1.399,0.88,,iowa_gun_406_x2,0.795,0.84,0.88,,iowa_gun_406_x2,0.795,0.84,0.88,,,,,,,,,,,
"gun_14_x3_usa_bb,bc",,356,gun_14_x3,usa,"bb, bc",maine_gun_254_x3_a,1.49,1.585,0.705,,ny_gun_356_x3,1.318,1.399,0.705,,arizona_gun_356_x3,1.318,1.399,0.705,,iowa_gun_406_x3,0.795,0.84,0.705,,iowa_gun_406_x3,0.795,0.84,0.705,,,,,,,,,,,
"gun_14_x4_usa_bb,bc",,356,gun_14_x4,usa,"bb, bc",,,,,,ny_gun_356_x4,1.318,1.399,,,arizona_gun_356_x4,1.318,1.399,,,iowa_gun_406_x4,0.795,0.84,,,iowa_gun_406_x4,0.795,0.84,,,,,,,,,,,,
"gun_15_x1_usa_bb,bc",,381,gun_15_x1,usa,"bb, bc",maine_gun_254_x1,1.595,1.69,1.14,,ny_gun_356_x1,1.409,1.49,1.14,,arizona_gun_356_x1,1.409,1.49,1.14,,iowa_gun_406_x1,0.845,0.89,1.14,,iowa_gun_406_x1,0.845,0.89,1.14,,,,,,,,,,,
"gun_15_x2_usa_bb,bc",,381,gun_15_x2,usa,"bb, bc",maine_gun_254_x2,1.595,1.69,0.9,,ny_gun_356_x2,1.409,1.49,0.9,,arizona_gun_356_x2,1.409,1.49,0.9,,iowa_gun_406_x2,0.845,0.89,0.9,,iowa_gun_406_x2,0.845,0.89,0.9,,,,,,,,,,,
"gun_15_x3_usa_bb,bc",,381,gun_15_x3,usa,"bb, bc",maine_gun_254_x3,1.595,1.69,0.72,,ny_gun_356_x3,1.409,1.49,0.72,,arizona_gun_356_x3,1.409,1.49,0.72,,iowa_gun_406_x3,0.845,0.89,0.72,,iowa_gun_406_x3,0.845,0.89,0.72,,,,,,,,,,,
"gun_15_x4_usa_bb,bc",,381,gun_15_x4,usa,"bb, bc",,,,,,ny_gun_356_x4,1.409,1.49,,,arizona_gun_356_x4,1.409,1.49,,,iowa_gun_406_x4,0.845,0.89,,,iowa_gun_406_x4,0.845,0.89,,,,,,,,,,,,
"gun_16_x1_usa_bb,bc",,406,gun_16_x1,usa,"bb, bc",maine_gun_254_x1,1.7,1.795,1.15,,ny_gun_356_x1,1.5,1.581,1.15,,arizona_gun_356_x1,1.5,1.581,1.15,,iowa_gun_406_x1,0.895,0.94,1.15,,iowa_gun_406_x1,0.895,0.94,1.15,,,,,,,,,,,
"gun_16_x2_usa_bb,bc",,406,gun_16_x2,usa,"bb, bc",maine_gun_254_x2,1.7,1.795,0.93,,ny_gun_356_x2,1.5,1.581,0.93,,arizona_gun_356_x2,1.5,1.581,0.93,,iowa_gun_406_x2,0.895,0.94,0.93,,iowa_gun_406_x2,0.895,0.94,0.93,,,,,,,,,,,
"gun_16_x3_usa_bb,bc",,406,gun_16_x3,usa,"bb, bc",maine_gun_254_x3,1.7,1.795,0.75,,ny_gun_356_x3,1.5,1.581,0.75,,arizona_gun_356_x3,1.5,1.581,0.75,,iowa_gun_406_x3,0.895,0.94,0.75,,iowa_gun_406_x3,0.895,0.94,0.75,,,,,,,,,,,
"gun_16_x4_usa_bb,bc",,406,gun_16_x4,usa,"bb, bc",,,,,,ny_gun_356_x4,1.5,1.581,,,arizona_gun_356_x4,1.5,1.581,,,iowa_gun_406_x4,0.895,0.94,,,iowa_gun_406_x4,0.895,0.94,,,,,,,,,,,,
"gun_17_x1_usa_bb,bc",,432,gun_17_x1,usa,"bb, bc",ny_gun_356_x1,1.591,1.672,1.2,,arizona_gun_356_x1,1.591,1.672,1.2,,iowa_gun_406_x1,0.945,0.99,1.2,,iowa_gun_406_x1,0.945,0.99,1.2,,iowa_gun_406_x1,0.945,0.99,1.2,,,,,,,,,,,
"gun_17_x2_usa_bb,bc",,432,gun_17_x2,usa,"bb, bc",ny_gun_356_x2,1.591,1.672,0.95,,arizona_gun_356_x2,1.591,1.672,0.95,,iowa_gun_406_x2,0.945,0.99,0.95,,iowa_gun_406_x2,0.945,0.99,0.95,,iowa_gun_406_x2,0.945,0.99,0.95,,,,,,,,,,,
"gun_17_x3_usa_bb,bc",,432,gun_17_x3,usa,"bb, bc",ny_gun_356_x3,1.591,1.672,0.775,,arizona_gun_356_x3,1.591,1.672,0.775,,iowa_gun_406_x3,0.945,0.99,0.775,,iowa_gun_406_x3,0.945,0.99,0.775,,iowa_gun_406_x3,0.945,0.99,0.775,,,,,,,,,,,
"gun_17_x4_usa_bb,bc",,432,gun_17_x4,usa,"bb, bc",ny_gun_356_x4,1.591,1.672,0.71,,arizona_gun_356_x4,1.591,1.672,0.71,,iowa_gun_406_x4,0.945,0.99,0.71,,iowa_gun_406_x4,0.945,0.99,0.71,,iowa_gun_406_x4,0.945,0.99,0.71,,,,,,,,,,,
"gun_18_x1_usa_bb,bc",,457,gun_18_x1,usa,"bb, bc",ny_gun_356_x1,1.682,1.763,1.23,,arizona_gun_356_x1,1.682,1.763,1.23,,iowa_gun_406_x1,0.995,1.04,1.23,,iowa_gun_406_x1,0.995,1.04,1.23,,iowa_gun_406_x1,0.995,1.04,1.23,,,,,,,,,,,
"gun_18_x2_usa_bb,bc",,457,gun_18_x2,usa,"bb, bc",ny_gun_356_x2,1.682,1.763,0.985,,arizona_gun_356_x2,1.682,1.763,0.985,,iowa_gun_406_x2,0.995,1.04,0.985,,iowa_gun_406_x2,0.995,1.04,0.985,,iowa_gun_406_x2,0.995,1.04,0.985,,,,,,,,,,,
"gun_18_x3_usa_bb,bc",,457,gun_18_x3,usa,"bb, bc",ny_gun_356_x3,1.682,1.763,0.81,,arizona_gun_356_x3,1.682,1.763,0.81,,iowa_gun_406_x3,0.995,1.04,0.81,,iowa_gun_406_x3,0.995,1.04,0.81,,iowa_gun_406_x3,0.995,1.04,0.81,,,,,,,,,,,
"gun_18_x4_usa_bb,bc",,457,gun_18_x4,usa,"bb, bc",ny_gun_356_x4,1.682,1.763,0.735,,arizona_gun_356_x4,1.682,1.763,0.735,,iowa_gun_406_x4,0.995,1.04,0.735,,iowa_gun_406_x4,0.995,1.04,0.735,,iowa_gun_406_x4,0.995,1.04,0.735,,,,,,,,,,,
"gun_19_x1_usa_bb,bc",,483,gun_19_x1,usa,"bb, bc",ny_gun_356_x1,1.773,1.854,1.16,,arizona_gun_356_x1,1.773,1.854,1.16,,iowa_gun_406_x1,1.045,1.09,1.16,,iowa_gun_406_x1,1.045,1.09,1.16,,iowa_gun_406_x1,1.045,1.09,1.16,,,,,,,,,,,
"gun_19_x2_usa_bb,bc",,483,gun_19_x2,usa,"bb, bc",ny_gun_356_x2,1.773,1.854,0.95,,arizona_gun_356_x2,1.773,1.854,0.95,,iowa_gun_406_x2,1.045,1.09,0.95,,iowa_gun_406_x2,1.045,1.09,0.95,,iowa_gun_406_x2,1.045,1.09,0.95,,,,,,,,,,,
"gun_19_x3_usa_bb,bc",,483,gun_19_x3,usa,"bb, bc",ny_gun_356_x3,1.773,1.854,0.78,,arizona_gun_356_x3,1.773,1.854,0.78,,iowa_gun_406_x3,1.045,1.09,0.78,,iowa_gun_406_x3,1.045,1.09,0.78,,iowa_gun_406_x3,1.045,1.09,0.78,,,,,,,,,,,
"gun_19_x4_usa_bb,bc",,483,gun_19_x4,usa,"bb, bc",ny_gun_356_x4,1.773,1.854,0.725,,arizona_gun_356_x4,1.773,1.854,0.725,,iowa_gun_406_x4,1.045,1.09,0.725,,iowa_gun_406_x4,1.045,1.09,0.725,,iowa_gun_406_x4,1.045,1.09,0.725,,,,,,,,,,,
"gun_20_x1_usa_bb,bc",,508,gun_20_x1,usa,"bb, bc",ny_gun_356_x1,1.864,1.945,1.05,,arizona_gun_356_x1,1.864,1.945,1.05,,iowa_gun_406_x1,1.095,1.14,1.05,,iowa_gun_406_x1,1.095,1.14,1.05,,iowa_gun_406_x1,1.095,1.14,1.05,,,,,,,,,,,
"gun_20_x2_usa_bb,bc",,508,gun_20_x2,usa,"bb, bc",ny_gun_356_x2,1.864,1.945,0.85,,arizona_gun_356_x2,1.864,1.945,0.85,,iowa_gun_406_x2,1.095,1.14,0.85,,iowa_gun_406_x2,1.095,1.14,0.85,,iowa_gun_406_x2,1.095,1.14,0.85,,,,,,,,,,,
"gun_20_x3_usa_bb,bc",,508,gun_20_x3,usa,"bb, bc",ny_gun_356_x3,1.864,1.945,0.7,,arizona_gun_356_x3,1.864,1.945,0.7,,iowa_gun_406_x3,1.095,1.14,0.7,,iowa_gun_406_x3,1.095,1.14,0.7,,iowa_gun_406_x3,1.095,1.14,0.7,,,,,,,,,,,
"gun_20_x4_usa_bb,bc",,508,gun_20_x4,usa,"bb, bc",ny_gun_356_x4,1.864,1.945,0.65,,arizona_gun_356_x4,1.864,1.945,0.65,,iowa_gun_406_x4,1.095,1.14,0.65,,iowa_gun_406_x4,1.095,1.14,0.65,,iowa_gun_406_x4,1.095,1.14,0.65,,,,,,,,,,,
###,,,###,,,,,,,,,,,,,,,,,,,,,,,,,,,,,,,,,,,,,
gun_2_x1_france,,51,gun_2_x1,france,,,,,,,,,,,,,,,,,,,,,,,,,,,,,,,,,,,,
gun_2_x2_france,,51,gun_2_x2,france,,,,,,,,,,,,richelieu_gun_100_x2,0.726,0.897,,,richelieu_gun_100_x2,0.726,0.897,,,,,,,,,,,,,,,,,
gun_2_x3_france,,51,gun_2_x3,france,,,,,,,,,,,,richelieu_gun_100_x3,0.726,0.897,,,richelieu_gun_100_x3,0.726,0.897,,,,,,,,,,,,,,,,,
gun_2_x4_france,,51,gun_2_x4,france,,,,,,,,,,,,richelieu_gun_120_x4,0.596,0.722,,,richelieu_gun_120_x4,0.596,0.722,,,richelieu_gun_120_x4,0.596,0.722,,,,,,,,,,,,
gun_3_x1_france_dd,,76,gun_3_x1,france,"dd, tb",,,,,,,,,,,,,,,,,,,,,,,,,,,,,,,,,,,
gun_3_x2_france_dd,,76,gun_3_x2,france,"dd, tb",,,,,,,,,,,richelieu_gun_100_x2,0.917,1.088,,,richelieu_gun_100_x2,0.917,1.088,,,richelieu_gun_100_x2,0.917,1.088,,,,,,,,,,,,
gun_3_x3_france_dd,,76,gun_3_x3,france,"dd, tb",,,,,,,,,,,richelieu_gun_100_x3,0.917,1.088,,,richelieu_gun_100_x3,0.917,1.088,,,richelieu_gun_100_x3,0.917,1.088,,,,,,,,,,,,
gun_3_x4_france_dd,,76,gun_3_x4,france,"dd, tb",,,,,,,,,,,richelieu_gun_100_x4,0.917,1.088,,,richelieu_gun_100_x4,0.917,1.088,,,richelieu_gun_100_x4,0.917,1.088,,,,,,,,,,,,
gun_4_x1_france_dd,,102,gun_4_x1,france,"dd, tb",,,,,,,,,,,,,,,,,,,,,,,,,,,,,,,,,,,
gun_4_x2_france_dd,,102,gun_4_x2,france,"dd, tb",,,,,,,,,,,rich_gun_cal130_x2,0.868,0.994,,,rich_gun_cal130_x2,0.868,0.994,,,rich_gun_cal130_x2,0.868,0.994,,,,,,,,,,,,
gun_4_x3_france_dd,,102,gun_4_x3,france,"dd, tb",,,,,,,,,,,rich_gun_cal130_x3,0.868,0.994,,,rich_gun_cal130_x3,0.868,0.994,,,rich_gun_cal130_x3,0.868,0.994,,,,,,,,,,,,
gun_4_x4_france_dd,,102,gun_4_x4,france,"dd, tb",,,,,,,,,,,rich_gun_cal130_x4,0.868,0.994,,,rich_gun_cal130_x4,0.868,0.994,,,rich_gun_cal130_x4,0.868,0.994,,,,,,,,,,,,
gun_5_x1_france_dd,,127,gun_5_x1,france,"dd, tb",,,,,,,,,,,,,,,,,,,,,,,,,,,,,,,,,,,
gun_5_x2_france_dd,,127,gun_5_x2,france,"dd, tb",,,,,,,,,,,richelieu_gun_152_x2,0.551,0.651,,,richelieu_gun_152_x2,0.551,0.651,,,richelieu_gun_152_x2,0.551,0.651,,,,,,,,,,,,
gun_5_x3_france_dd,,127,gun_5_x3,france,"dd, tb",,,,,,,,,,,richelieu_gun_152_x3,0.551,0.651,,,richelieu_gun_152_x3,0.551,0.651,,,richelieu_gun_152_x3,0.551,0.651,,,,,,,,,,,,
gun_5_x4_france_dd,,127,gun_5_x4,france,"dd, tb",,,,,,,,,,,richelieu_gun_152_x4,0.551,0.651,,,richelieu_gun_152_x4,0.551,0.651,,,richelieu_gun_152_x4,0.551,0.651,,,,,,,,,,,,
gun_3_x1_france_cl,,76,gun_3_x1,france,cl,,,,,,,,,,,,,,,,,,,,,,,,,,,,,,,,,,,
gun_3_x2_france_cl,,76,gun_3_x2,france,cl,,,,,,,,,,,richelieu_gun_100_x2,0.917,1.088,,,richelieu_gun_100_x2,0.917,1.088,,,richelieu_gun_100_x2,0.917,1.088,,,,,,,,,,,,
gun_3_x3_france_cl,,76,gun_3_x3,france,cl,,,,,,,,,,,richelieu_gun_100_x3,0.917,1.088,,,richelieu_gun_100_x3,0.917,1.088,,,richelieu_gun_100_x3,0.917,1.088,,,,,,,,,,,,
gun_3_x4_france_cl,,76,gun_3_x4,france,cl,,,,,,,,,,,richelieu_gun_100_x4,0.917,1.088,,,richelieu_gun_100_x4,0.917,1.088,,,richelieu_gun_100_x4,0.917,1.088,,,,,,,,,,,,
gun_4_x1_france_cl,,102,gun_4_x1,france,cl,,,,,,,,,,,,,,,,,,,,,,,,,,,,,,,,,,,
gun_4_x2_france_cl,,102,gun_4_x2,france,cl,,,,,,,,,,,richelieu_gun_100_x2,1.108,1.279,,,richelieu_gun_100_x2,1.108,1.279,,,richelieu_gun_100_x2,1.108,1.279,,,,,,,,,,,,
gun_4_x3_france_cl,,102,gun_4_x3,france,cl,,,,,,,,,,,richelieu_gun_100_x3,1.108,1.279,,,richelieu_gun_100_x3,1.108,1.279,,,richelieu_gun_100_x3,1.108,1.279,,,,,,,,,,,,
gun_4_x4_france_cl,,102,gun_4_x4,france,cl,,,,,,,,,,,richelieu_gun_100_x4,1.108,1.279,,,richelieu_gun_100_x4,1.108,1.279,,,richelieu_gun_100_x4,1.108,1.279,,,,,,,,,,,,
gun_5_x1_france_cl,,127,gun_5_x1,france,cl,,,,,,,,,,,,,,,,,,,,,,,,,,,,,,,,,,,
gun_5_x2_france_cl,,127,gun_5_x2,france,cl,,,,,,,,,,,rich_gun_cal130_x2,1.004,1.13,,,rich_gun_cal130_x2,1.004,1.13,,,rich_gun_cal130_x2,1.004,1.13,,,,,,,,,,,,
gun_5_x3_france_cl,,127,gun_5_x3,france,cl,,,,,,,,,,,rich_gun_cal130_x3,1.004,1.13,,,rich_gun_cal130_x3,1.004,1.13,,,rich_gun_cal130_x3,1.004,1.13,,,,,,,,,,,,
gun_5_x4_france_cl,,127,gun_5_x4,france,cl,,,,,,,,,,,rich_gun_cal130_x4,1.004,1.13,,,rich_gun_cal130_x4,1.004,1.13,,,rich_gun_cal130_x4,1.004,1.13,,,,,,,,,,,,
gun_6_x1_france_cl,,152,gun_6_x1,france,cl,,,,,,,,,,,,,,,,,,,,,,,,,,,,,,,,,,,
gun_6_x2_france_cl,,152,gun_6_x2,france,cl,,,,,,,,,,,rich_gun_cal130_x2,1.14,1.266,,,rich_gun_cal130_x2,1.14,1.266,,,rich_gun_cal130_x2,1.14,1.266,,,,,,,,,,,,
gun_6_x3_france_cl,,152,gun_6_x3,france,cl,,,,,,,,,,,rich_gun_cal130_x3,1.14,1.266,,,rich_gun_cal130_x3,1.14,1.266,,,rich_gun_cal130_x3,1.14,1.266,,,,,,,,,,,,
gun_6_x4_france_cl,,152,gun_6_x4,france,cl,,,,,,,,,,,rich_gun_cal130_x4,1.14,1.266,,,rich_gun_cal130_x4,1.14,1.266,,,rich_gun_cal130_x4,1.14,1.266,,,,,,,,,,,,
"gun_3_x1_france_ca,bb,bc",,76,gun_3_x1,france,"ca, bb, bc",massena_gun_138_x1,0.634,0.796,1.45,,massena_gun_138_x1,0.634,0.796,1.45,,,,,1.45,,,,,1.45,,,,,1.45,,,,,,,,,,,
"gun_3_x2_france_ca,bb,bc",,76,gun_3_x2,france,"ca, bb, bc",massena_gun_138_x2,0.634,0.796,1.08,,massena_gun_138_x2,0.634,0.796,1.08,,richelieu_gun_100_x2,0.917,1.088,1.08,,richelieu_gun_100_x2,0.917,1.088,1.08,,richelieu_gun_100_x2,0.917,1.088,1.08,,,,,,,,,,,
"gun_3_x3_france_ca,bb,bc",,76,gun_3_x3,france,"ca, bb, bc",,,,,,,,,,,richelieu_gun_100_x3,0.917,1.088,,,richelieu_gun_100_x3,0.917,1.088,,,richelieu_gun_100_x3,0.917,1.088,,,,,,,,,,,,
"gun_3_x4_france_ca,bb,bc",,76,gun_3_x4,france,"ca, bb, bc",,,,,,,,,,,richelieu_gun_100_x4,0.917,1.088,,,richelieu_gun_100_x4,0.917,1.088,,,richelieu_gun_100_x4,0.917,1.088,,,,,,,,,,,,
"gun_4_x1_france_ca,bb,bc",,102,gun_4_x1,france,"ca, bb, bc",massena_gun_138_x1,0.816,0.978,1.7,,massena_gun_138_x1,0.816,0.978,1.7,,,,,1.7,,,,,1.7,,,,,1.7,,,,,,,,,,,
"gun_4_x2_france_ca,bb,bc",,102,gun_4_x2,france,"ca, bb, bc",massena_gun_138_x2,0.816,0.978,1.28,,massena_gun_138_x2,0.816,0.978,1.28,,richelieu_gun_100_x2,1.108,1.279,1.28,,richelieu_gun_100_x2,1.108,1.279,1.28,,richelieu_gun_100_x2,1.108,1.279,1.28,,,,,,,,,,,
"gun_4_x3_france_ca,bb,bc",,102,gun_4_x3,france,"ca, bb, bc",,,,,,,,,,,richelieu_gun_100_x3,1.108,1.279,,,richelieu_gun_100_x3,1.108,1.279,,,richelieu_gun_100_x3,1.108,1.279,,,,,,,,,,,,
"gun_4_x4_france_ca,bb,bc",,102,gun_4_x4,france,"ca, bb, bc",,,,,,,,,,,richelieu_gun_100_x4,1.108,1.279,,,richelieu_gun_100_x4,1.108,1.279,,,richelieu_gun_100_x4,1.108,1.279,,,,,,,,,,,,
"gun_5_x1_france_ca,bb,bc",,127,gun_5_x1,france,"ca, bb, bc",bouvet_gun_138_x1,0.998,1.16,1.25,,bouvet_gun_138_x1,0.998,1.16,1.25,,,,,1.25,,,,,1.25,,,,,1.25,,,,,,,,,,,
"gun_5_x2_france_ca,bb,bc",,127,gun_5_x2,france,"ca, bb, bc",bouvet_gun_138_x2,0.998,1.16,0.95,,bouvet_gun_138_x2,0.998,1.16,0.95,,rich_gun_cal130_x2,1.004,1.13,0.95,,rich_gun_cal130_x2,1.004,1.13,0.95,,rich_gun_cal130_x2,1.004,1.13,0.95,,,,,,,,,,,
"gun_5_x3_france_ca,bb,bc",,127,gun_5_x3,france,"ca, bb, bc",,,,,,,,,,,rich_gun_cal130_x3,1.004,1.13,,,rich_gun_cal130_x3,1.004,1.13,,,rich_gun_cal130_x3,1.004,1.13,,,,,,,,,,,,
"gun_5_x4_france_ca,bb,bc",,127,gun_5_x4,france,"ca, bb, bc",,,,,,,,,,,rich_gun_cal130_x4,1.004,1.13,,,rich_gun_cal130_x4,1.004,1.13,,,rich_gun_cal130_x4,1.004,1.13,,,,,,,,,,,,
"gun_6_x1_france_ca,bb,bc",,152,gun_6_x1,france,"ca, bb, bc",bouvet_gun_138_x1,1.18,1.342,1.185,,bouvet_gun_138_x1,1.18,1.342,1.185,,,,,1.185,,,,,1.185,,,,,1.185,,,,,,,,,,,
"gun_6_x2_france_ca,bb,bc",,152,gun_6_x2,france,"ca, bb, bc",bouvet_gun_138_x2,1.18,1.342,0.86,,bouvet_gun_138_x2,1.18,1.342,0.86,,richelieu_gun_152_x2,0.66,0.76,0.86,,richelieu_gun_152_x2,0.66,0.76,0.86,,richelieu_gun_152_x2,0.66,0.76,0.86,,,,,,,,,,,
"gun_6_x3_france_ca,bb,bc",,152,gun_6_x3,france,"ca, bb, bc",,,,,,,,,,,richelieu_gun_152_x3,0.66,0.76,,,richelieu_gun_152_x3,0.66,0.76,,,richelieu_gun_152_x3,0.66,0.76,,,,,,,,,,,,
"gun_6_x4_france_ca,bb,bc",,152,gun_6_x4,france,"ca, bb, bc",,,,,,,,,,,richelieu_gun_152_x4,0.66,0.76,,,richelieu_gun_152_x4,0.66,0.76,,,richelieu_gun_152_x4,0.66,0.76,,,,,,,,,,,,
"gun_7_x1_france_cl,ca,bb,bc",,178,gun_7_x1,france,"cl, ca, bb, bc",dante_gun_240_x1,0.838,0.946,1.21,,dant_gun_245_x1,0.681,0.762,1.21,,,,,1.21,,,,,1.21,,,,,1.21,,,,,,,,,,,
"gun_7_x2_france_cl,ca,bb,bc",,178,gun_7_x2,france,"cl, ca, bb, bc",dante_gun_240_x2,0.838,0.946,0.9,,dant_gun_245_x2,0.681,0.762,0.9,,richelieu_gun_152_x2,0.769,0.869,0.9,,richelieu_gun_152_x2,0.769,0.869,0.9,,richelieu_gun_152_x2,0.769,0.869,0.9,,,,,,,,,,,
"gun_7_x3_france_cl,ca,bb,bc",,178,gun_7_x3,france,"cl, ca, bb, bc",,,,,,dant_gun_245_x3,0.681,0.762,,,richelieu_gun_152_x3,0.769,0.869,,,richelieu_gun_152_x3,0.769,0.869,,,richelieu_gun_152_x3,0.769,0.869,,,,,,,,,,,,
"gun_7_x4_france_cl,ca,bb,bc",,178,gun_7_x4,france,"cl, ca, bb, bc",,,,,,dant_gun_245_x4,0.681,0.762,,,richelieu_gun_152_x4,0.769,0.869,,,richelieu_gun_152_x4,0.769,0.869,,,richelieu_gun_152_x4,0.769,0.869,,,,,,,,,,,,
"gun_8_x1_france_ca,bb,bc",,203,gun_8_x1,france,"ca, bb, bc",dante_gun_240_x1,0.956,1.064,1.17,,dant_gun_245_x1,0.772,0.853,1.17,,dant_gun_245_x1,0.772,0.853,1.17,,richelieu_gun_380_x1,0.55,0.6025,1.17,,richelieu_gun_380_x1,0.55,0.6025,1.17,,,,,,,,,,,
"gun_8_x2_france_ca,bb,bc",,203,gun_8_x2,france,"ca, bb, bc",dante_gun_240_x2,0.956,1.064,0.88,,dant_gun_245_x2,0.772,0.853,0.88,,dant_gun_245_x2,0.772,0.853,0.88,,richelieu_gun_380_x2,0.55,0.6025,0.88,,richelieu_gun_380_x2,0.55,0.6025,0.88,,,,,,,,,,,
"gun_8_x3_france_ca,bb,bc",,203,gun_8_x3,france,"ca, bb, bc",,,,,,dant_gun_245_x3,0.772,0.853,,,dant_gun_245_x3,0.772,0.853,,,richelieu_gun_380_x3,0.55,0.6025,,,richelieu_gun_380_x3,0.55,0.6025,,,,,,,,,,,,
"gun_8_x4_france_ca,bb,bc",,203,gun_8_x4,france,"ca, bb, bc",,,,,,dant_gun_245_x4,0.772,0.853,,,dant_gun_245_x4,0.772,0.853,,,richelieu_gun_380_x4,0.55,0.6025,,,richelieu_gun_380_x4,0.55,0.6025,,,,,,,,,,,,
"gun_9_x1_france_ca,bb,bc",,229,gun_9_x1,france,"ca, bb, bc",dante_gun_240_x1,1.074,1.182,1.1,,dant_gun_245_x1,0.863,0.944,1.1,,dant_gun_245_x1,0.863,0.944,1.1,,richelieu_gun_380_x1,0.6125,0.665,1.1,,richelieu_gun_380_x1,0.6125,0.665,1.1,,,,,,,,,,,
"gun_9_x2_france_ca,bb,bc",,229,gun_9_x2,france,"ca, bb, bc",dante_gun_240_x2,1.074,1.182,0.82,,dant_gun_245_x2,0.863,0.944,0.82,,dant_gun_245_x2,0.863,0.944,0.82,,richelieu_gun_380_x2,0.6125,0.665,0.82,,richelieu_gun_380_x2,0.6125,0.665,0.82,,,,,,,,,,,
"gun_9_x3_france_ca,bb,bc",,229,gun_9_x3,france,"ca, bb, bc",,,,,,dant_gun_245_x3,0.863,0.944,,,dant_gun_245_x3,0.863,0.944,,,richelieu_gun_380_x3,0.6125,0.665,,,richelieu_gun_380_x3,0.6125,0.665,,,,,,,,,,,,
"gun_9_x4_france_ca,bb,bc",,229,gun_9_x4,france,"ca, bb, bc",,,,,,dant_gun_245_x4,0.863,0.944,,,dant_gun_245_x4,0.863,0.944,,,richelieu_gun_380_x4,0.6125,0.665,,,richelieu_gun_380_x4,0.6125,0.665,,,,,,,,,,,,
"gun_10_x1_france_ca,bb,bc",,254,gun_10_x1,france,"ca, bb, bc",bouvet_gun_305_x1,1.192,1.3,1.2,,dant_gun_245_x1,0.954,1.035,1.2,,dant_gun_245_x1,0.954,1.035,1.2,,richelieu_gun_380_x1,0.675,0.7275,1.2,,richelieu_gun_380_x1,0.675,0.7275,1.2,,,,,,,,,,,
"gun_10_x2_france_ca,bb,bc",,254,gun_10_x2,france,"ca, bb, bc",bouvet_gun_305_x2,1.192,1.3,0.9,,dant_gun_245_x2,0.954,1.035,0.9,,dant_gun_245_x2,0.954,1.035,0.9,,richelieu_gun_380_x2,0.675,0.7275,0.9,,richelieu_gun_380_x2,0.675,0.7275,0.9,,,,,,,,,,,
"gun_10_x3_france_ca,bb,bc",,254,gun_10_x3,france,"ca, bb, bc",,,,,,dant_gun_245_x3,0.954,1.035,,,dant_gun_245_x3,0.954,1.035,,,richelieu_gun_380_x3,0.675,0.7275,,,richelieu_gun_380_x3,0.675,0.7275,,,,,,,,,,,,
"gun_10_x4_france_ca,bb,bc",,254,gun_10_x4,france,"ca, bb, bc",,,,,,dant_gun_245_x4,0.954,1.035,,,dant_gun_245_x4,0.954,1.035,,,richelieu_gun_380_x4,0.675,0.7275,,,richelieu_gun_380_x4,0.675,0.7275,,,,,,,,,,,,
"gun_11_x1_france_ca,bb,bc",,279,gun_11_x1,france,"ca, bb, bc",bouvet_gun_305_x1,1.31,1.418,1.07,,dant_gun_245_x1,1.045,1.126,1.07,,dant_gun_245_x1,1.045,1.126,1.07,,richelieu_gun_380_x1,0.7375,0.79,1.07,,richelieu_gun_380_x1,0.7375,0.79,1.07,,,,,,,,,,,
"gun_11_x2_france_ca,bb,bc",,279,gun_11_x2,france,"ca, bb, bc",bouvet_gun_305_x2,1.31,1.418,0.82,,dant_gun_245_x2,1.045,1.126,0.82,,dant_gun_245_x2,1.045,1.126,0.82,,richelieu_gun_380_x2,0.7375,0.79,0.82,,richelieu_gun_380_x2,0.7375,0.79,0.82,,,,,,,,,,,
"gun_11_x3_france_ca,bb,bc",,279,gun_11_x3,france,"ca, bb, bc",,,,,,dant_gun_245_x3,1.045,1.126,,,dant_gun_245_x3,1.045,1.126,,,richelieu_gun_380_x3,0.7375,0.79,,,richelieu_gun_380_x3,0.7375,0.79,,,,,,,,,,,,
"gun_11_x4_france_ca,bb,bc",,279,gun_11_x4,france,"ca, bb, bc",,,,,,dant_gun_245_x4,1.045,1.126,,,dant_gun_245_x4,1.045,1.126,,,richelieu_gun_380_x4,0.7375,0.79,,,richelieu_gun_380_x4,0.7375,0.79,,,,,,,,,,,,
"gun_12_x1_france_bb,bc",,305,gun_12_x1,france,"bb, bc",dante_gun_305_x1,1.136,1.217,1.07,,dant_gun_245_x1,1.136,1.217,1.07,,dant_gun_245_x1,1.136,1.217,1.07,,richelieu_gun_380_x1,0.8,0.8525,1.07,,richelieu_gun_380_x1,0.8,0.8525,1.07,,,,,,,,,,,
"gun_12_x2_france_bb,bc",,305,gun_12_x2,france,"bb, bc",dante_gun_305_x2,1.136,1.217,0.82,,dant_gun_245_x2,1.136,1.217,0.82,,dant_gun_245_x2,1.136,1.217,0.82,,richelieu_gun_380_x2,0.8,0.8525,0.82,,richelieu_gun_380_x2,0.8,0.8525,0.82,,,,,,,,,,,
"gun_12_x3_france_bb,bc",,305,gun_12_x3,france,"bb, bc",,,,,,dant_gun_245_x3,1.136,1.217,,,dant_gun_245_x3,1.136,1.217,,,richelieu_gun_380_x3,0.8,0.8525,,,richelieu_gun_380_x3,0.8,0.8525,,,,,,,,,,,,
"gun_12_x4_france_bb,bc",,305,gun_12_x4,france,"bb, bc",,,,,,dant_gun_245_x4,1.136,1.217,,,dant_gun_245_x4,1.136,1.217,,,richelieu_gun_380_x4,0.8,0.8525,,,richelieu_gun_380_x4,0.8,0.8525,,,,,,,,,,,,
"gun_13_x1_france_bb,bc",,330,gun_13_x1,france,"bb, bc",dante_gun_305_x1,1.227,1.308,1.13,,dant_gun_245_x1,1.227,1.308,1.13,,dant_gun_245_x1,1.227,1.308,1.13,,richelieu_gun_380_x1,0.8625,0.915,1.13,,richelieu_gun_380_x1,0.8625,0.915,1.13,,,,,,,,,,,
"gun_13_x2_france_bb,bc",,330,gun_13_x2,france,"bb, bc",dante_gun_305_x2,1.227,1.308,0.88,,dant_gun_245_x2,1.227,1.308,0.88,,dant_gun_245_x2,1.227,1.308,0.88,,richelieu_gun_380_x2,0.8625,0.915,0.88,,richelieu_gun_380_x2,0.8625,0.915,0.88,,,,,,,,,,,
"gun_13_x3_france_bb,bc",,330,gun_13_x3,france,"bb, bc",,,,,,dant_gun_245_x3,1.227,1.308,,,dant_gun_245_x3,1.227,1.308,,,richelieu_gun_380_x3,0.8625,0.915,,,richelieu_gun_380_x3,0.8625,0.915,,,,,,,,,,,,
"gun_13_x4_france_bb,bc",,330,gun_13_x4,france,"bb, bc",,,,,,dant_gun_245_x4,1.227,1.308,,,dant_gun_245_x4,1.227,1.308,,,richelieu_gun_380_x4,0.8625,0.915,,,richelieu_gun_380_x4,0.8625,0.915,,,,,,,,,,,,
"gun_14_x1_france_bb,bc",,356,gun_14_x1,france,"bb, bc",dante_gun_305_x1,1.318,1.399,1.13,,dant_gun_245_x1,1.318,1.399,1.13,,dant_gun_245_x1,1.318,1.399,1.13,,richelieu_gun_380_x1,0.925,0.9775,1.13,,richelieu_gun_380_x1,0.925,0.9775,1.13,,,,,,,,,,,
"gun_14_x2_france_bb,bc",,356,gun_14_x2,france,"bb, bc",dante_gun_305_x2,1.318,1.399,0.88,,dant_gun_245_x2,1.318,1.399,0.88,,dant_gun_245_x2,1.318,1.399,0.88,,richelieu_gun_380_x2,0.925,0.9775,0.88,,richelieu_gun_380_x2,0.925,0.9775,0.88,,,,,,,,,,,
"gun_14_x3_france_bb,bc",,356,gun_14_x3,france,"bb, bc",,,,,,dant_gun_245_x3,1.318,1.399,,,dant_gun_245_x3,1.318,1.399,,,richelieu_gun_380_x3,0.925,0.9775,,,richelieu_gun_380_x3,0.925,0.9775,,,,,,,,,,,,
"gun_14_x4_france_bb,bc",,356,gun_14_x4,france,"bb, bc",,,,,,dant_gun_245_x4,1.318,1.399,,,dant_gun_245_x4,1.318,1.399,,,richelieu_gun_380_x4,0.925,0.9775,,,richelieu_gun_380_x4,0.925,0.9775,,,,,,,,,,,,
"gun_15_x1_france_bb,bc",,381,gun_15_x1,france,"bb, bc",dant_gun_245_x1,1.409,1.49,1.14,,dant_gun_245_x1,1.409,1.49,1.14,,dant_gun_245_x1,1.409,1.49,1.14,,richelieu_gun_380_x1,0.9875,1.04,1.14,,richelieu_gun_380_x1,0.9875,1.04,1.14,,,,,,,,,,,
"gun_15_x2_france_bb,bc",,381,gun_15_x2,france,"bb, bc",dant_gun_245_x2,1.409,1.49,0.9,,dant_gun_245_x2,1.409,1.49,0.9,,dant_gun_245_x2,1.409,1.49,0.9,,richelieu_gun_380_x2,0.9875,1.04,0.9,,richelieu_gun_380_x2,0.9875,1.04,0.9,,,,,,,,,,,
"gun_15_x3_france_bb,bc",,381,gun_15_x3,france,"bb, bc",dant_gun_245_x3,1.409,1.49,0.72,,dant_gun_245_x3,1.409,1.49,0.72,,dant_gun_245_x3,1.409,1.49,0.72,,richelieu_gun_380_x3,0.9875,1.04,0.72,,richelieu_gun_380_x3,0.9875,1.04,0.72,,,,,,,,,,,
"gun_15_x4_france_bb,bc",,381,gun_15_x4,france,"bb, bc",dant_gun_245_x4,1.409,1.49,0.675,,dant_gun_245_x4,1.409,1.49,0.675,,dant_gun_245_x4,1.409,1.49,0.675,,richelieu_gun_380_x4,0.9875,1.04,0.675,,richelieu_gun_380_x4,0.9875,1.04,0.675,,,,,,,,,,,
"gun_16_x1_france_bb,bc",,406,gun_16_x1,france,"bb, bc",dant_gun_245_x1,1.5,1.581,1.15,,dant_gun_245_x1,1.5,1.581,1.15,,dant_gun_245_x1,1.5,1.581,1.15,,richelieu_gun_380_x1,1.05,1.1025,1.15,,richelieu_gun_380_x1,1.05,1.1025,1.15,,,,,,,,,,,
"gun_16_x2_france_bb,bc",,406,gun_16_x2,france,"bb, bc",dant_gun_245_x2,1.5,1.581,0.93,,dant_gun_245_x2,1.5,1.581,0.93,,dant_gun_245_x2,1.5,1.581,0.93,,richelieu_gun_380_x2,1.05,1.1025,0.93,,richelieu_gun_380_x2,1.05,1.1025,0.93,,,,,,,,,,,
"gun_16_x3_france_bb,bc",,406,gun_16_x3,france,"bb, bc",dant_gun_245_x3,1.5,1.581,0.75,,dant_gun_245_x3,1.5,1.581,0.75,,dant_gun_245_x3,1.5,1.581,0.75,,richelieu_gun_380_x3,1.05,1.1025,0.75,,richelieu_gun_380_x3,1.05,1.1025,0.75,,,,,,,,,,,
"gun_16_x4_france_bb,bc",,406,gun_16_x4,france,"bb, bc",dant_gun_245_x4,1.5,1.581,0.68,,dant_gun_245_x4,1.5,1.581,0.68,,dant_gun_245_x4,1.5,1.581,0.68,,richelieu_gun_380_x4,1.05,1.1025,0.68,,richelieu_gun_380_x4,1.05,1.1025,0.68,,,,,,,,,,,
"gun_17_x1_france_bb,bc",,432,gun_17_x1,france,"bb, bc",dant_gun_245_x1,1.591,1.672,1.2,,dant_gun_245_x1,1.591,1.672,1.2,,richelieu_gun_380_x1,1.1125,1.165,1.2,,richelieu_gun_380_x1,1.1125,1.165,1.2,,richelieu_gun_380_x1,1.1125,1.165,1.2,,,,,,,,,,,
"gun_17_x2_france_bb,bc",,432,gun_17_x2,france,"bb, bc",dant_gun_245_x2,1.591,1.672,0.95,,dant_gun_245_x2,1.591,1.672,0.95,,richelieu_gun_380_x2,1.1125,1.165,0.95,,richelieu_gun_380_x2,1.1125,1.165,0.95,,richelieu_gun_380_x2,1.1125,1.165,0.95,,,,,,,,,,,
"gun_17_x3_france_bb,bc",,432,gun_17_x3,france,"bb, bc",dant_gun_245_x3,1.591,1.672,0.775,,dant_gun_245_x3,1.591,1.672,0.775,,richelieu_gun_380_x3,1.1125,1.165,0.775,,richelieu_gun_380_x3,1.1125,1.165,0.775,,richelieu_gun_380_x3,1.1125,1.165,0.775,,,,,,,,,,,
"gun_17_x4_france_bb,bc",,432,gun_17_x4,france,"bb, bc",dant_gun_245_x4,1.591,1.672,0.71,,dant_gun_245_x4,1.591,1.672,0.71,,richelieu_gun_380_x4,1.1125,1.165,0.71,,richelieu_gun_380_x4,1.1125,1.165,0.71,,richelieu_gun_380_x4,1.1125,1.165,0.71,,,,,,,,,,,
"gun_18_x1_france_bb,bc",,457,gun_18_x1,france,"bb, bc",dant_gun_245_x1,1.682,1.763,1.23,,dant_gun_245_x1,1.682,1.763,1.23,,richelieu_gun_380_x1,1.175,1.2275,1.23,,richelieu_gun_380_x1,1.175,1.2275,1.23,,richelieu_gun_380_x1,1.175,1.2275,1.23,,,,,,,,,,,
"gun_18_x2_france_bb,bc",,457,gun_18_x2,france,"bb, bc",dant_gun_245_x2,1.682,1.763,0.985,,dant_gun_245_x2,1.682,1.763,0.985,,richelieu_gun_380_x2,1.175,1.2275,0.985,,richelieu_gun_380_x2,1.175,1.2275,0.985,,richelieu_gun_380_x2,1.175,1.2275,0.985,,,,,,,,,,,
"gun_18_x3_france_bb,bc",,457,gun_18_x3,france,"bb, bc",dant_gun_245_x3,1.682,1.763,0.81,,dant_gun_245_x3,1.682,1.763,0.81,,richelieu_gun_380_x3,1.175,1.2275,0.81,,richelieu_gun_380_x3,1.175,1.2275,0.81,,richelieu_gun_380_x3,1.175,1.2275,0.81,,,,,,,,,,,
"gun_18_x4_france_bb,bc",,457,gun_18_x4,france,"bb, bc",dant_gun_245_x4,1.682,1.763,0.735,,dant_gun_245_x4,1.682,1.763,0.735,,richelieu_gun_380_x4,1.175,1.2275,0.735,,richelieu_gun_380_x4,1.175,1.2275,0.735,,richelieu_gun_380_x4,1.175,1.2275,0.735,,,,,,,,,,,
"gun_19_x1_france_bb,bc",,483,gun_19_x1,france,"bb, bc",dant_gun_245_x1,1.773,1.854,1.16,,dant_gun_245_x1,1.773,1.854,1.16,,richelieu_gun_380_x1,1.2375,1.29,1.16,,richelieu_gun_380_x1,1.2375,1.29,1.16,,richelieu_gun_380_x1,1.2375,1.29,1.16,,,,,,,,,,,
"gun_19_x2_france_bb,bc",,483,gun_19_x2,france,"bb, bc",dant_gun_245_x2,1.773,1.854,0.95,,dant_gun_245_x2,1.773,1.854,0.95,,richelieu_gun_380_x2,1.2375,1.29,0.95,,richelieu_gun_380_x2,1.2375,1.29,0.95,,richelieu_gun_380_x2,1.2375,1.29,0.95,,,,,,,,,,,
"gun_19_x3_france_bb,bc",,483,gun_19_x3,france,"bb, bc",dant_gun_245_x3,1.773,1.854,0.78,,dant_gun_245_x3,1.773,1.854,0.78,,richelieu_gun_380_x3,1.2375,1.29,0.78,,richelieu_gun_380_x3,1.2375,1.29,0.78,,richelieu_gun_380_x3,1.2375,1.29,0.78,,,,,,,,,,,
"gun_19_x4_france_bb,bc",,483,gun_19_x4,france,"bb, bc",dant_gun_245_x4,1.773,1.854,0.725,,dant_gun_245_x4,1.773,1.854,0.725,,richelieu_gun_380_x4,1.2375,1.29,0.725,,richelieu_gun_380_x4,1.2375,1.29,0.725,,richelieu_gun_380_x4,1.2375,1.29,0.725,,,,,,,,,,,
"gun_20_x1_france_bb,bc",,508,gun_20_x1,france,"bb, bc",dant_gun_245_x1,1.864,1.945,1.05,,dant_gun_245_x1,1.864,1.945,1.05,,richelieu_gun_380_x1,1.3,1.3525,1.05,,richelieu_gun_380_x1,1.3,1.3525,1.05,,richelieu_gun_380_x1,1.3,1.3525,1.05,,,,,,,,,,,
"gun_20_x2_france_bb,bc",,508,gun_20_x2,france,"bb, bc",dant_gun_245_x2,1.864,1.945,0.85,,dant_gun_245_x2,1.864,1.945,0.85,,richelieu_gun_380_x2,1.3,1.3525,0.85,,richelieu_gun_380_x2,1.3,1.3525,0.85,,richelieu_gun_380_x2,1.3,1.3525,0.85,,,,,,,,,,,
"gun_20_x3_france_bb,bc",,508,gun_20_x3,france,"bb, bc",dant_gun_245_x3,1.864,1.945,0.7,,dant_gun_245_x3,1.864,1.945,0.7,,richelieu_gun_380_x3,1.3,1.3525,0.7,,richelieu_gun_380_x3,1.3,1.3525,0.7,,richelieu_gun_380_x3,1.3,1.3525,0.7,,,,,,,,,,,
"gun_20_x4_france_bb,bc",,508,gun_20_x4,france,"bb, bc",dant_gun_245_x4,1.864,1.945,0.65,,dant_gun_245_x4,1.864,1.945,0.65,,richelieu_gun_380_x4,1.3,1.3525,0.65,,richelieu_gun_380_x4,1.3,1.3525,0.65,,richelieu_gun_380_x4,1.3,1.3525,0.65,,,,,,,,,,,
###,,,###,,,,,,,,,,,,,,,,,,,,,,,,,,,,,,,,,,,,,
gun_2_x1_russia,,51,gun_2_x1,russia,"cl, ca, bc, bb",,,,,,,,,,,,,,,,,,,,,,,,,,,,,,,,,,,
gun_2_x2_russia,,51,gun_2_x2,russia,"cl, ca, bc, bb",,,,,,,,,,,,,,,,ussr_gun_50_x2,0.337,0.4715,,,ussr_gun_50_x2,0.337,0.4715,,,,,,,,,,,,
gun_2_x3_russia,,51,gun_2_x3,russia,"cl, ca, bc, bb",,,,,,,,,,,,,,,,ussr_gun_50_x3,0.337,0.4715,,,ussr_gun_50_x3,0.337,0.4715,,,,,,,,,,,,
gun_2_x4_russia,,51,gun_2_x4,russia,"cl, ca, bc, bb",,,,,,,,,,,,,,,,ussr_gun_50_x4,0.337,0.4715,,,ussr_gun_50_x4,0.337,0.4715,,,,,,,,,,,,
gun_2_x1_russia_dd,,51,gun_2_x1,russia,"dd, tb",,,,,,,,,,,,,,,,,,,,,,,,,,,,,,,,,,,
gun_2_x2_russia_dd,,51,gun_2_x2,russia,"dd, tb",,,,,,,,,,,,,,,,ussr_gun_50_x2,0.337,0.4715,,,ussr_gun_50_x2,0.337,0.4715,,,,,,,,,,,,
gun_2_x3_russia_dd,,51,gun_2_x3,russia,"dd, tb",,,,,,,,,,,,,,,,ussr_gun_50_x3,0.337,0.4715,,,ussr_gun_50_x3,0.337,0.4715,,,,,,,,,,,,
gun_2_x4_russia_dd,,51,gun_2_x4,russia,"dd, tb",,,,,,,,,,,,,,,,ussr_gun_50_x4,0.337,0.4715,,,ussr_gun_50_x4,0.337,0.4715,,,,,,,,,,,,
gun_3_x1_russia_dd,,76,gun_3_x1,russia,"dd, tb",,,,,,,,,,,,,,,,ussr_gun_406_x1,0.245,0.29,,,ussr_gun_406_x1,0.245,0.29,,,,,,,,,,,,
gun_3_x2_russia_dd,,76,gun_3_x2,russia,"dd, tb",,,,,,,,,,,,,,,,ussr_gun_100_x2,0.4915,0.626,,,ussr_gun_100_x2,0.4915,0.626,,,,,,,,,,,,
gun_3_x3_russia_dd,,76,gun_3_x3,russia,"dd, tb",,,,,,,,,,,,,,,,ussr_gun_100_x3,0.4915,0.626,,,ussr_gun_100_x3,0.4915,0.626,,,,,,,,,,,,
gun_3_x4_russia_dd,,76,gun_3_x4,russia,"dd, tb",,,,,,,,,,,,,,,,ussr_gun_406_x4,0.245,0.29,,,ussr_gun_406_x4,0.245,0.29,,,,,,,,,,,,
gun_4_x1_russia_dd,,102,gun_4_x1,russia,"dd, tb",,,,,,,,,,,,,,,,,,,,,,,,,,,,,,,,,,,
gun_4_x2_russia_dd,,102,gun_4_x2,russia,"dd, tb",,,,,,,,,,,,,,,,akizuki_gun_b_127_x2,0.646,0.7805,,,akizuki_gun_b_127_x2,0.646,0.7805,,,,,,,,,,,,
gun_4_x3_russia_dd,,102,gun_4_x3,russia,"dd, tb",,,,,,,,,,,,,,,,akizuki_gun_b_127_x3,0.646,0.7805,,,akizuki_gun_b_127_x3,0.646,0.7805,,,,,,,,,,,,
gun_4_x4_russia_dd,,102,gun_4_x4,russia,"dd, tb",,,,,,,,,,,,,,,,,,,,,,,,,,,,,,,,,,,
gun_5_x1_russia_dd,,127,gun_5_x1,russia,"dd, tb",,,,,,,,,,,,,,,,,,,,,,,,,,,,,,,,,,,
gun_5_x2_russia_dd,,127,gun_5_x2,russia,"dd, tb",,,,,,,,,,,,,,,,akizuki_gun_b_127_x2,0.8005,0.935,,,akizuki_gun_b_127_x2,0.8005,0.935,,,,,,,,,,,,
gun_5_x3_russia_dd,,127,gun_5_x3,russia,"dd, tb",,,,,,,,,,,,,,,,akizuki_gun_b_127_x3,0.8005,0.935,,,akizuki_gun_b_127_x3,0.8005,0.935,,,,,,,,,,,,
gun_5_x4_russia_dd,,127,gun_5_x4,russia,"dd, tb",,,,,,,,,,,,,,,,,,,,,,,,,,,,,,,,,,,
gun_3_x1_russia_cl,,76,gun_3_x1,russia,cl,,,,,,,,,,,spee_gun_150_x1,0.732,0.858,,,,,,,,,,,,,,,,,,,,,,
gun_3_x2_russia_cl,,76,gun_3_x2,russia,cl,bouvet_gun_138_x2,0.634,0.796,1.08,,pen_gun_127_x2,0.815,1.04,1.08,,spee_gun_150_x2,0.732,0.858,1.08,,ussr_gun_50_x2,0.4915,0.626,1.08,,ussr_gun_50_x2,0.4915,0.626,1.08,,,,,,,,,,,
gun_3_x3_russia_cl,,76,gun_3_x3,russia,cl,,,,,,pen_gun_127_x3,0.815,1.04,,,spee_gun_150_x3,0.732,0.858,,,ussr_gun_50_x3,0.4915,0.626,,,ussr_gun_50_x3,0.4915,0.626,,,,,,,,,,,,
gun_3_x4_russia_cl,,76,gun_3_x4,russia,cl,,,,,,,,,,,,,,,,ussr_gun_50_x4,0.4915,0.626,,,ussr_gun_50_x4,0.4915,0.626,,,,,,,,,,,,
gun_4_x1_russia_cl,,102,gun_4_x1,russia,cl,,,,,,,,,,,spee_gun_150_x1,0.868,0.994,,,,,,,,,,,,,,,,,,,,,,
gun_4_x2_russia_cl,,102,gun_4_x2,russia,cl,tsesarevich_gun_152_x2,0.646,0.7805,1.28,,pen_gun_127_x2,1.06,1.285,1.28,,spee_gun_150_x2,0.868,0.994,1.28,,ussr_gun_100_x2,0.646,0.7805,1.28,,ussr_gun_100_x2,0.646,0.7805,1.28,,,,,,,,,,,
gun_4_x3_russia_cl,,102,gun_4_x3,russia,cl,tsesarevich_gun_152_x3,0.646,0.7805,1,,pen_gun_127_x3,1.06,1.285,1,,spee_gun_150_x3,0.868,0.994,1,,ussr_gun_100_x3,0.646,0.7805,1,,ussr_gun_100_x3,0.646,0.7805,1,,,,,,,,,,,
gun_4_x4_russia_cl,,102,gun_4_x4,russia,cl,,,,,,,,,,,,,,,,bismarck_gun_b_150_x4,0.646,0.7805,,,bismarck_gun_b_150_x4,0.646,0.7805,,,,,,,,,,,,
gun_5_x1_russia_cl,,127,gun_5_x1,russia,cl,,,,,,spee_gun_150_x1,1.004,1.13,,,spee_gun_150_x1,1.004,1.13,,,,,,,,,,,,,,,,,,,,,,
gun_5_x2_russia_cl,,127,gun_5_x2,russia,cl,tsesarevich_gun_152_x2,0.8005,0.935,0.95,,spee_gun_150_x2,1.004,1.13,0.95,,spee_gun_150_x2,1.004,1.13,0.95,,ussr_gun_100_x2,0.8005,0.935,0.95,,ussr_gun_100_x2,0.8005,0.935,0.95,,,,,,,,,,,
gun_5_x3_russia_cl,,127,gun_5_x3,russia,cl,tsesarevich_gun_152_x3,0.8005,0.935,0.75,,spee_gun_150_x3,1.004,1.13,0.75,,spee_gun_150_x3,1.004,1.13,0.75,,ussr_gun_100_x3,0.8005,0.935,0.75,,ussr_gun_100_x3,0.8005,0.935,0.75,,,,,,,,,,,
gun_5_x4_russia_cl,,127,gun_5_x4,russia,cl,,,,,,,,,,,,,,,,bismarck_gun_b_150_x4,0.8005,0.935,,,bismarck_gun_b_150_x4,0.8005,0.935,,,,,,,,,,,,
gun_6_x1_russia_cl,,152,gun_6_x1,russia,cl,,,,,,spee_gun_150_x1,1.14,1.266,,,spee_gun_150_x1,1.14,1.266,,,,,,,,,,,,,,,,,,,,,,
gun_6_x2_russia_cl,,152,gun_6_x2,russia,cl,tsesarevich_gun_152_x2,0.955,1.0895,0.86,,spee_gun_150_x2,1.14,1.266,0.86,,spee_gun_150_x2,1.14,1.266,0.86,,ussr_gun_152_x2,0.955,1.0895,0.86,,ussr_gun_152_x2,0.955,1.0895,0.86,,,,,,,,,,,
gun_6_x3_russia_cl,,152,gun_6_x3,russia,cl,tsesarevich_gun_152_x3,0.955,1.0895,0.66,,spee_gun_150_x3,1.14,1.266,0.66,,spee_gun_150_x3,1.14,1.266,0.66,,mont_gun_152_x3,0.93,1.04,0.66,,mont_gun_152_x3,0.93,1.04,0.66,,,,,,,,,,,
gun_6_x4_russia_cl,,152,gun_6_x4,russia,cl,,,,,,,,,,,,,,,,mont_gun_152_x4,0.93,1.04,,,mont_gun_152_x4,0.93,1.04,,,,,,,,,,,,
"gun_3_x1_russia_ca,bb,bc",,76,gun_3_x1,russia,"ca, bb, bc",bouvet_gun_138_x1,0.634,0.796,1.45,,pen_gun_127_x1,0.815,1.04,1.45,,spee_gun_150_x1,0.732,0.858,1.45,,,,,1.45,,,,,1.45,,,,,,,,,,,
"gun_3_x2_russia_ca,bb,bc",,76,gun_3_x2,russia,"ca, bb, bc",bouvet_gun_138_x2,0.634,0.796,1.08,,pen_gun_127_x2,0.815,1.04,1.08,,spee_gun_150_x2,0.732,0.858,1.08,,ussr_gun_50_x2,0.4915,0.626,1.08,,ussr_gun_50_x2,0.4915,0.626,1.08,,,,,,,,,,,
"gun_3_x3_russia_ca,bb,bc",,76,gun_3_x3,russia,"ca, bb, bc",,,,,,pen_gun_127_x3,0.815,1.04,,,spee_gun_150_x3,0.732,0.858,,,ussr_gun_50_x3,0.4915,0.626,,,ussr_gun_50_x3,0.4915,0.626,,,,,,,,,,,,
"gun_3_x4_russia_ca,bb,bc",,76,gun_3_x4,russia,"ca, bb, bc",,,,,,,,,,,,,,,,ussr_gun_50_x4,0.4915,0.626,,,ussr_gun_50_x4,0.4915,0.626,,,,,,,,,,,,
"gun_4_x1_russia_ca,bb,bc",,102,gun_4_x1,russia,"ca, bb, bc",tsesarevich_gun_152_x1,0.646,0.7805,1.7,,pen_gun_127_x1,1.06,1.285,1.7,,spee_gun_150_x1,0.868,0.994,1.7,,,,,1.7,,,,,1.7,,,,,,,,,,,
"gun_4_x2_russia_ca,bb,bc",,102,gun_4_x2,russia,"ca, bb, bc",tsesarevich_gun_152_x2,0.646,0.7805,1.28,,pen_gun_127_x2,1.06,1.285,1.28,,spee_gun_150_x2,0.868,0.994,1.28,,ussr_gun_100_x2,0.646,0.7805,1.28,,ussr_gun_100_x2,0.646,0.7805,1.28,,,,,,,,,,,
"gun_4_x3_russia_ca,bb,bc",,102,gun_4_x3,russia,"ca, bb, bc",tsesarevich_gun_152_x3,0.646,0.7805,1,,pen_gun_127_x3,1.06,1.285,1,,spee_gun_150_x3,0.868,0.994,1,,ussr_gun_100_x3,0.646,0.7805,1,,ussr_gun_100_x3,0.646,0.7805,1,,,,,,,,,,,
"gun_4_x4_russia_ca,bb,bc",,102,gun_4_x4,russia,"ca, bb, bc",,,,,,,,,,,bismarck_gun_b_150_x4,0.646,0.7805,,,bismarck_gun_b_150_x4,0.646,0.7805,,,bismarck_gun_b_150_x4,0.646,0.7805,,,,,,,,,,,,
"gun_5_x1_russia_ca,bb,bc",,127,gun_5_x1,russia,"ca, bb, bc",tsesarevich_gun_152_x1,0.8005,0.935,1.25,,spee_gun_150_x1,1.004,1.13,1.25,,spee_gun_150_x1,1.004,1.13,1.25,,,,,1.25,,,,,1.25,,,,,,,,,,,
"gun_5_x2_russia_ca,bb,bc",,127,gun_5_x2,russia,"ca, bb, bc",tsesarevich_gun_152_x2,0.8005,0.935,0.95,,spee_gun_150_x2,1.004,1.13,0.95,,spee_gun_150_x2,1.004,1.13,0.95,,ussr_gun_152_x2,0.8005,0.935,0.95,,ussr_gun_152_x2,0.8005,0.935,0.95,,,,,,,,,,,
"gun_5_x3_russia_ca,bb,bc",,127,gun_5_x3,russia,"ca, bb, bc",tsesarevich_gun_152_x3,0.8005,0.935,0.75,,spee_gun_150_x3,1.004,1.13,0.75,,spee_gun_150_x3,1.004,1.13,0.75,,ussr_gun_152_x3,0.8005,0.935,0.75,,ussr_gun_152_x3,0.8005,0.935,0.75,,,,,,,,,,,
"gun_5_x4_russia_ca,bb,bc",,127,gun_5_x4,russia,"ca, bb, bc",,,,,,,,,,,bismarck_gun_b_150_x4,0.8005,0.935,,,bismarck_gun_b_150_x4,0.8005,0.935,,,bismarck_gun_b_150_x4,0.8005,0.935,,,,,,,,,,,,
"gun_6_x1_russia_ca,bb,bc",,152,gun_6_x1,russia,"ca, bb, bc",tsesarevich_gun_152_x1,0.955,1.0895,1.185,,spee_gun_150_x1,1.14,1.266,1.185,,spee_gun_150_x1,1.14,1.266,1.185,,,,,1.185,,,,,1.185,,,,,,,,,,,
"gun_6_x2_russia_ca,bb,bc",,152,gun_6_x2,russia,"ca, bb, bc",tsesarevich_gun_152_x2,0.955,1.0895,0.86,,spee_gun_150_x2,1.14,1.266,0.86,,spee_gun_150_x2,1.14,1.266,0.86,,ussr_gun_152_x2,0.955,1.0895,0.86,,ussr_gun_152_x2,0.955,1.0895,0.86,,,,,,,,,,,
"gun_6_x3_russia_ca,bb,bc",,152,gun_6_x3,russia,"ca, bb, bc",tsesarevich_gun_152_x3,0.955,1.0895,0.66,,spee_gun_150_x3,1.14,1.266,0.66,,spee_gun_150_x3,1.14,1.266,0.66,,mont_gun_152_x3,0.93,1.04,0.66,,mont_gun_152_x3,0.93,1.04,0.66,,,,,,,,,,,
"gun_6_x4_russia_ca,bb,bc",,152,gun_6_x4,russia,"ca, bb, bc",,,,,,,,,,,,,,,,mont_gun_152_x4,0.93,1.04,,,mont_gun_152_x4,0.93,1.04,,,,,,,,,,,,
"gun_7_x1_russia_cl,ca,bb,bc",,178,gun_7_x1,russia,"cl, ca, bb, bc",tsesarevich_gun_152_x1,1.1095,1.244,1.21,,,,,1.21,,,,,1.21,,,,,1.21,,,,,1.21,,,,,,,,,,,
"gun_7_x2_russia_cl,ca,bb,bc",,178,gun_7_x2,russia,"cl, ca, bb, bc",tsesarevich_gun_152_x2,1.1095,1.244,0.9,,dreadnought_gun_178_x2,1.276,1.402,0.9,,dreadnought_gun_178_x2,1.276,1.402,0.9,,ussr_gun_152_x2,1.1095,1.244,0.9,,ussr_gun_152_x2,1.1095,1.244,0.9,,,,,,,,,,,
"gun_7_x3_russia_cl,ca,bb,bc",,178,gun_7_x3,russia,"cl, ca, bb, bc",tsesarevich_gun_152_x3,1.1095,1.244,0.705,,dreadnought_gun_178_x3,1.276,1.402,0.705,,dreadnought_gun_178_x3,1.276,1.402,0.705,,mont_gun_152_x3,1.057,1.167,0.705,,mont_gun_152_x3,1.057,1.167,0.705,,,,,,,,,,,
"gun_7_x4_russia_cl,ca,bb,bc",,178,gun_7_x4,russia,"cl, ca, bb, bc",,,,,,dreadnought_gun_178_x4,1.276,1.402,,,dreadnought_gun_178_x4,1.276,1.402,,,mont_gun_152_x4,1.057,1.167,,,mont_gun_152_x4,1.057,1.167,,,,,,,,,,,,
"gun_8_x1_russia_ca,bb,bc",,203,gun_8_x1,russia,"ca, bb, bc",tsesarevich_gun_152_x1,1.264,1.3985,1.17,,dreadnought_gun_178_x1,1.412,1.538,1.17,,ussr_gun_406_x1,0.495,0.54,1.17,,ussr_gun_406_x1,0.495,0.54,1.17,,ussr_gun_406_x1,0.495,0.54,1.17,,,,,,,,,,,
"gun_8_x2_russia_ca,bb,bc",,203,gun_8_x2,russia,"ca, bb, bc",tsesarevich_gun_152_x2,1.264,1.3985,0.88,,dreadnought_gun_178_x2,1.412,1.538,0.88,,ussr_gun_406_x2,0.495,0.54,0.88,,ussr_gun_406_x2,0.495,0.54,0.88,,ussr_gun_406_x2,0.495,0.54,0.88,,,,,,,,,,,
"gun_8_x3_russia_ca,bb,bc",,203,gun_8_x3,russia,"ca, bb, bc",tsesarevich_gun_152_x3,1.264,1.3985,0.69,,dreadnought_gun_178_x3,1.412,1.538,0.69,,ussr_gun_406_x3,0.495,0.54,0.69,,ussr_gun_406_x3,0.495,0.54,0.69,,ussr_gun_406_x3,0.495,0.54,0.69,,,,,,,,,,,
"gun_8_x4_russia_ca,bb,bc",,203,gun_8_x4,russia,"ca, bb, bc",,,,,,dreadnought_gun_178_x4,1.412,1.538,,,ussr_gun_406_x4,0.495,0.54,,,ussr_gun_406_x4,0.495,0.54,,,ussr_gun_406_x4,0.495,0.54,,,,,,,,,,,,
"gun_9_x1_russia_ca,bb,bc",,229,gun_9_x1,russia,"ca, bb, bc",tsesarevich_gun_152_x1,1.4185,1.553,1.1,,dreadnought_gun_178_x1,1.548,1.674,1.1,,ussr_gun_406_x1,0.545,0.59,1.1,,ussr_gun_406_x1,0.545,0.59,1.1,,ussr_gun_406_x1,0.545,0.59,1.1,,,,,,,,,,,
"gun_9_x2_russia_ca,bb,bc",,229,gun_9_x2,russia,"ca, bb, bc",tsesarevich_gun_152_x2,1.4185,1.553,0.82,,dreadnought_gun_178_x2,1.548,1.674,0.82,,ussr_gun_406_x2,0.545,0.59,0.82,,ussr_gun_406_x2,0.545,0.59,0.82,,ussr_gun_406_x2,0.545,0.59,0.82,,,,,,,,,,,
"gun_9_x3_russia_ca,bb,bc",,229,gun_9_x3,russia,"ca, bb, bc",tsesarevich_gun_152_x3,1.4185,1.553,0.64,,dreadnought_gun_178_x3,1.548,1.674,0.64,,ussr_gun_406_x3,0.545,0.59,0.64,,ussr_gun_406_x3,0.545,0.59,0.64,,ussr_gun_406_x3,0.545,0.59,0.64,,,,,,,,,,,
"gun_9_x4_russia_ca,bb,bc",,229,gun_9_x4,russia,"ca, bb, bc",,,,,,dreadnought_gun_178_x4,1.548,1.674,,,ussr_gun_406_x4,0.545,0.59,,,ussr_gun_406_x4,0.545,0.59,,,ussr_gun_406_x4,0.545,0.59,,,,,,,,,,,,
"gun_10_x1_russia_ca,bb,bc",,254,gun_10_x1,russia,"ca, bb, bc",tsesarevich_gun_305_x1,0.954,1.035,1.2,,dreadnought_gun_178_x1,1.684,1.81,1.2,,ussr_gun_406_x1,0.595,0.64,1.2,,ussr_gun_406_x1,0.595,0.64,1.2,,ussr_gun_406_x1,0.595,0.64,1.2,,,,,,,,,,,
"gun_10_x2_russia_ca,bb,bc",,254,gun_10_x2,russia,"ca, bb, bc",tsesarevich_gun_305_x2,0.954,1.035,0.9,,dreadnought_gun_178_x2,1.684,1.81,0.9,,ussr_gun_406_x2,0.595,0.64,0.9,,ussr_gun_406_x2,0.595,0.64,0.9,,ussr_gun_406_x2,0.595,0.64,0.9,,,,,,,,,,,
"gun_10_x3_russia_ca,bb,bc",,254,gun_10_x3,russia,"ca, bb, bc",tsesarevich_gun_305_x3,0.954,1.035,0.68,,dreadnought_gun_178_x3,1.684,1.81,0.68,,ussr_gun_406_x3,0.595,0.64,0.68,,ussr_gun_406_x3,0.595,0.64,0.68,,ussr_gun_406_x3,0.595,0.64,0.68,,,,,,,,,,,
"gun_10_x4_russia_ca,bb,bc",,254,gun_10_x4,russia,"ca, bb, bc",,,,,,dreadnought_gun_178_x4,1.684,1.81,,,ussr_gun_406_x4,0.595,0.64,,,ussr_gun_406_x4,0.595,0.64,,,ussr_gun_406_x4,0.595,0.64,,,,,,,,,,,,
"gun_11_x1_russia_ca,bb,bc",,279,gun_11_x1,russia,"ca, bb, bc",tsesarevich_gun_305_x1,1.045,1.126,1.07,,dreadnought_gun_b_305_x1,1.045,1.126,1.07,,yamato_gun_b_460_x1,0.705,0.759,1.07,,spee_gun_280_x1_a,0.9135,0.9808,1.07,,spee_gun_280_x1_a,0.9135,0.9808,1.07,,,,,,,,,,,
"gun_11_x2_russia_ca,bb,bc",,279,gun_11_x2,russia,"ca, bb, bc",tsesarevich_gun_305_x2,1.045,1.126,0.82,,dreadnought_gun_b_305_x2,1.045,1.126,0.82,,yamato_gun_b_460_x2,0.705,0.759,0.82,,spee_gun_280_x2_a,0.9135,0.9808,0.82,,spee_gun_280_x2_a,0.9135,0.9808,0.82,,,,,,,,,,,
"gun_11_x3_russia_ca,bb,bc",,279,gun_11_x3,russia,"ca, bb, bc",tsesarevich_gun_305_x3,1.045,1.126,0.66,,dreadnought_gun_b_305_x3,1.045,1.126,0.66,,yamato_gun_b_460_x3,0.705,0.759,0.66,,spee_gun_280_x3_a,0.9135,0.9808,0.66,,spee_gun_280_x3_a,0.9135,0.9808,0.66,,,,,,,,,,,
"gun_11_x4_russia_ca,bb,bc",,279,gun_11_x4,russia,"ca, bb, bc",,,,,,dreadnought_gun_b_305_x4,1.045,1.126,,,yamato_gun_b_460_x4,0.705,0.759,,,spee_gun_280_x4_a,0.9135,0.9808,,,spee_gun_280_x4_a,0.9135,0.9808,,,,,,,,,,,,
"gun_12_x1_russia_bb,bc",,305,gun_12_x1,russia,"bb, bc",tsesarevich_gun_305_x1,1.136,1.217,1.07,,dreadnought_gun_b_305_x1,1.136,1.217,1.07,,yamato_gun_b_460_x1,0.765,0.818,1.07,,spee_gun_280_x1_a,0.9908,1.0581,1.07,,spee_gun_280_x1_a,0.9908,1.0581,1.07,,,,,,,,,,,
"gun_12_x2_russia_bb,bc",,305,gun_12_x2,russia,"bb, bc",tsesarevich_gun_305_x2,1.136,1.217,0.82,,dreadnought_gun_b_305_x2,1.136,1.217,0.82,,yamato_gun_b_460_x2,0.765,0.818,0.82,,spee_gun_280_x2_a,0.9908,1.0581,0.82,,spee_gun_280_x2_a,0.9908,1.0581,0.82,,,,,,,,,,,
"gun_12_x3_russia_bb,bc",,305,gun_12_x3,russia,"bb, bc",tsesarevich_gun_305_x3,1.136,1.217,0.66,,dreadnought_gun_b_305_x3,1.136,1.217,0.66,,yamato_gun_b_460_x3,0.765,0.818,0.66,,spee_gun_280_x3_a,0.9908,1.0581,0.66,,spee_gun_280_x3_a,0.9908,1.0581,0.66,,,,,,,,,,,
"gun_12_x4_russia_bb,bc",,305,gun_12_x4,russia,"bb, bc",dreadnought_gun_b_305_x4,1.136,1.217,0.61,,dreadnought_gun_b_305_x4,1.136,1.217,0.61,,yamato_gun_b_460_x4,0.765,0.818,0.61,,spee_gun_280_x4_a,0.9908,1.0581,0.61,,spee_gun_280_x4_a,0.9908,1.0581,0.61,,,,,,,,,,,
"gun_13_x1_russia_bb,bc",,330,gun_13_x1,russia,"bb, bc",tsesarevich_gun_305_x1,1.227,1.308,1.13,,dreadnought_gun_b_305_x1,1.227,1.308,1.13,,yamato_gun_b_460_x1,0.823,0.877,1.13,,spee_gun_280_x1_a,1.0681,1.1354,1.13,,spee_gun_280_x1_a,1.0681,1.1354,1.13,,,,,,,,,,,
"gun_13_x2_russia_bb,bc",,330,gun_13_x2,russia,"bb, bc",tsesarevich_gun_305_x2,1.227,1.308,0.88,,dreadnought_gun_b_305_x2,1.227,1.308,0.88,,yamato_gun_b_460_x2,0.823,0.877,0.88,,spee_gun_280_x2_a,1.0681,1.1354,0.88,,spee_gun_280_x2_a,1.0681,1.1354,0.88,,,,,,,,,,,
"gun_13_x3_russia_bb,bc",,330,gun_13_x3,russia,"bb, bc",tsesarevich_gun_305_x3,1.227,1.308,0.705,,dreadnought_gun_b_305_x3,1.227,1.308,0.705,,yamato_gun_b_460_x3,0.823,0.877,0.705,,spee_gun_280_x3_a,1.0681,1.1354,0.705,,spee_gun_280_x3_a,1.0681,1.1354,0.705,,,,,,,,,,,
"gun_13_x4_russia_bb,bc",,330,gun_13_x4,russia,"bb, bc",dreadnought_gun_b_305_x4,1.227,1.308,0.65,,dreadnought_gun_b_305_x4,1.227,1.308,0.65,,yamato_gun_b_460_x4,0.823,0.877,0.65,,spee_gun_280_x4_a,1.0681,1.1354,0.65,,spee_gun_280_x4_a,1.0681,1.1354,0.65,,,,,,,,,,,
"gun_14_x1_russia_bb,bc",,356,gun_14_x1,russia,"bb, bc",tsesarevich_gun_305_x1,1.318,1.399,1.13,,dreadnought_gun_b_305_x1,1.318,1.399,1.13,,yamato_gun_b_460_x1,0.795,0.84,1.13,,ussr_gun_406_x1,0.795,0.84,1.13,,ussr_gun_406_x1,0.795,0.84,1.13,,,,,,,,,,,
"gun_14_x2_russia_bb,bc",,356,gun_14_x2,russia,"bb, bc",tsesarevich_gun_305_x2,1.318,1.399,0.88,,dreadnought_gun_b_305_x2,1.318,1.399,0.88,,yamato_gun_b_460_x2,0.795,0.84,0.88,,ussr_gun_406_x2,0.795,0.84,0.88,,ussr_gun_406_x2,0.795,0.84,0.88,,,,,,,,,,,
"gun_14_x3_russia_bb,bc",,356,gun_14_x3,russia,"bb, bc",tsesarevich_gun_305_x3,1.318,1.399,0.705,,dreadnought_gun_b_305_x3,1.318,1.399,0.705,,yamato_gun_b_460_x3,0.795,0.84,0.705,,ussr_gun_406_x3,0.795,0.84,0.705,,ussr_gun_406_x3,0.795,0.84,0.705,,,,,,,,,,,
"gun_14_x4_russia_bb,bc",,356,gun_14_x4,russia,"bb, bc",dreadnought_gun_b_305_x4,1.318,1.399,0.66,,dreadnought_gun_b_305_x4,1.318,1.399,0.66,,yamato_gun_b_460_x4,0.795,0.84,0.66,,ussr_gun_406_x4,0.795,0.84,0.66,,ussr_gun_406_x4,0.795,0.84,0.66,,,,,,,,,,,
"gun_15_x1_russia_bb,bc",,381,gun_15_x1,russia,"bb, bc",tsesarevich_gun_305_x1,1.409,1.49,1.14,,dreadnought_gun_b_305_x1,1.409,1.49,1.14,,yamato_gun_b_460_x1,0.845,0.89,1.14,,ussr_gun_406_x1,0.845,0.89,1.14,,ussr_gun_406_x1,0.845,0.89,1.14,,,,,,,,,,,
"gun_15_x2_russia_bb,bc",,381,gun_15_x2,russia,"bb, bc",tsesarevich_gun_305_x2,1.409,1.49,0.9,,dreadnought_gun_b_305_x2,1.409,1.49,0.9,,yamato_gun_b_460_x2,0.845,0.89,0.9,,ussr_gun_406_x2,0.845,0.89,0.9,,ussr_gun_406_x2,0.845,0.89,0.9,,,,,,,,,,,
"gun_15_x3_russia_bb,bc",,381,gun_15_x3,russia,"bb, bc",tsesarevich_gun_305_x3,1.409,1.49,0.72,,dreadnought_gun_b_305_x3,1.409,1.49,0.72,,yamato_gun_b_460_x3,0.845,0.89,0.72,,ussr_gun_406_x3,0.845,0.89,0.72,,ussr_gun_406_x3,0.845,0.89,0.72,,,,,,,,,,,
"gun_15_x4_russia_bb,bc",,381,gun_15_x4,russia,"bb, bc",,,,,,dreadnought_gun_b_305_x4,1.409,1.49,,,yamato_gun_b_460_x4,0.845,0.89,,,ussr_gun_406_x4,0.845,0.89,,,ussr_gun_406_x4,0.845,0.89,,,,,,,,,,,,
"gun_16_x1_russia_bb,bc",,406,gun_16_x1,russia,"bb, bc",tsesarevich_gun_305_x1,1.5,1.581,1.15,,dreadnought_gun_b_305_x1,1.5,1.581,1.15,,yamato_gun_b_460_x1,0.895,0.94,1.15,,ussr_gun_406_x1,0.895,0.94,1.15,,ussr_gun_406_x1,0.895,0.94,1.15,,,,,,,,,,,
"gun_16_x2_russia_bb,bc",,406,gun_16_x2,russia,"bb, bc",tsesarevich_gun_305_x2,1.5,1.581,0.93,,dreadnought_gun_b_305_x2,1.5,1.581,0.93,,yamato_gun_b_460_x2,0.895,0.94,0.93,,ussr_gun_406_x2,0.895,0.94,0.93,,ussr_gun_406_x2,0.895,0.94,0.93,,,,,,,,,,,
"gun_16_x3_russia_bb,bc",,406,gun_16_x3,russia,"bb, bc",tsesarevich_gun_305_x3,1.5,1.581,0.75,,dreadnought_gun_b_305_x3,1.5,1.581,0.75,,yamato_gun_b_460_x3,0.895,0.94,0.75,,ussr_gun_406_x3,0.895,0.94,0.75,,ussr_gun_406_x3,0.895,0.94,0.75,,,,,,,,,,,
"gun_16_x4_russia_bb,bc",,406,gun_16_x4,russia,"bb, bc",,,,,,dreadnought_gun_b_305_x4,1.5,1.581,,,yamato_gun_b_460_x4,0.895,0.94,,,ussr_gun_406_x4,0.895,0.94,,,ussr_gun_406_x4,0.895,0.94,,,,,,,,,,,,
"gun_17_x1_russia_bb,bc",,432,gun_17_x1,russia,"bb, bc",dreadnought_gun_b_305_x1,1.591,1.672,1.2,,yamato_gun_b_460_x1,0.945,0.99,1.2,,ussr_gun_406_x1,0.945,0.99,1.2,,ussr_gun_406_x1,0.945,0.99,1.2,,ussr_gun_406_x1,0.945,0.99,1.2,,,,,,,,,,,
"gun_17_x2_russia_bb,bc",,432,gun_17_x2,russia,"bb, bc",dreadnought_gun_b_305_x2,1.591,1.672,0.95,,yamato_gun_b_460_x2,0.945,0.99,0.95,,ussr_gun_406_x2,0.945,0.99,0.95,,ussr_gun_406_x2,0.945,0.99,0.95,,ussr_gun_406_x2,0.945,0.99,0.95,,,,,,,,,,,
"gun_17_x3_russia_bb,bc",,432,gun_17_x3,russia,"bb, bc",dreadnought_gun_b_305_x3,1.591,1.672,0.775,,yamato_gun_b_460_x3,0.945,0.99,0.775,,ussr_gun_406_x3,0.945,0.99,0.775,,ussr_gun_406_x3,0.945,0.99,0.775,,ussr_gun_406_x3,0.945,0.99,0.775,,,,,,,,,,,
"gun_17_x4_russia_bb,bc",,432,gun_17_x4,russia,"bb, bc",dreadnought_gun_b_305_x4,1.591,1.672,0.71,,yamato_gun_b_460_x4,0.945,0.99,0.71,,ussr_gun_406_x4,0.945,0.99,0.71,,ussr_gun_406_x4,0.945,0.99,0.71,,ussr_gun_406_x4,0.945,0.99,0.71,,,,,,,,,,,
"gun_18_x1_russia_bb,bc",,457,gun_18_x1,russia,"bb, bc",dreadnought_gun_b_305_x1,1.682,1.763,1.23,,yamato_gun_b_460_x1,0.995,1.04,1.23,,ussr_gun_406_x1,0.995,1.04,1.23,,ussr_gun_406_x1,0.995,1.04,1.23,,ussr_gun_406_x1,0.995,1.04,1.23,,,,,,,,,,,
"gun_18_x2_russia_bb,bc",,457,gun_18_x2,russia,"bb, bc",dreadnought_gun_b_305_x2,1.682,1.763,0.985,,yamato_gun_b_460_x2,0.995,1.04,0.985,,ussr_gun_406_x2,0.995,1.04,0.985,,ussr_gun_406_x2,0.995,1.04,0.985,,ussr_gun_406_x2,0.995,1.04,0.985,,,,,,,,,,,
"gun_18_x3_russia_bb,bc",,457,gun_18_x3,russia,"bb, bc",dreadnought_gun_b_305_x3,1.682,1.763,0.81,,yamato_gun_b_460_x3,0.995,1.04,0.81,,ussr_gun_406_x3,0.995,1.04,0.81,,ussr_gun_406_x3,0.995,1.04,0.81,,ussr_gun_406_x3,0.995,1.04,0.81,,,,,,,,,,,
"gun_18_x4_russia_bb,bc",,457,gun_18_x4,russia,"bb, bc",dreadnought_gun_b_305_x4,1.682,1.763,0.735,,yamato_gun_b_460_x4,0.995,1.04,0.735,,ussr_gun_406_x4,0.995,1.04,0.735,,ussr_gun_406_x4,0.995,1.04,0.735,,ussr_gun_406_x4,0.995,1.04,0.735,,,,,,,,,,,
"gun_19_x1_russia_bb,bc",,483,gun_19_x1,russia,"bb, bc",dreadnought_gun_b_305_x1,1.773,1.854,1.16,,yamato_gun_b_460_x1,1.045,1.09,1.16,,ussr_gun_406_x1,1.045,1.09,1.16,,ussr_gun_406_x1,1.045,1.09,1.16,,ussr_gun_406_x1,1.045,1.09,1.16,,,,,,,,,,,
"gun_19_x2_russia_bb,bc",,483,gun_19_x2,russia,"bb, bc",dreadnought_gun_b_305_x2,1.773,1.854,0.95,,yamato_gun_b_460_x2,1.045,1.09,0.95,,ussr_gun_406_x2,1.045,1.09,0.95,,ussr_gun_406_x2,1.045,1.09,0.95,,ussr_gun_406_x2,1.045,1.09,0.95,,,,,,,,,,,
"gun_19_x3_russia_bb,bc",,483,gun_19_x3,russia,"bb, bc",dreadnought_gun_b_305_x3,1.773,1.854,0.78,,yamato_gun_b_460_x3,1.045,1.09,0.78,,ussr_gun_406_x3,1.045,1.09,0.78,,ussr_gun_406_x3,1.045,1.09,0.78,,ussr_gun_406_x3,1.045,1.09,0.78,,,,,,,,,,,
"gun_19_x4_russia_bb,bc",,483,gun_19_x4,russia,"bb, bc",dreadnought_gun_b_305_x4,1.773,1.854,0.725,,yamato_gun_b_460_x4,1.045,1.09,0.725,,ussr_gun_406_x4,1.045,1.09,0.725,,ussr_gun_406_x4,1.045,1.09,0.725,,ussr_gun_406_x4,1.045,1.09,0.725,,,,,,,,,,,
"gun_20_x1_russia_bb,bc",,508,gun_20_x1,russia,"bb, bc",dreadnought_gun_b_305_x1,1.864,1.945,1.05,,yamato_gun_b_460_x1,1.095,1.14,1.05,,ussr_gun_406_x1,1.095,1.14,1.05,,ussr_gun_406_x1,1.095,1.14,1.05,,ussr_gun_406_x1,1.095,1.14,1.05,,,,,,,,,,,
"gun_20_x2_russia_bb,bc",,508,gun_20_x2,russia,"bb, bc",dreadnought_gun_b_305_x2,1.864,1.945,0.85,,yamato_gun_b_460_x2,1.095,1.14,0.85,,ussr_gun_406_x2,1.095,1.14,0.85,,ussr_gun_406_x2,1.095,1.14,0.85,,ussr_gun_406_x2,1.095,1.14,0.85,,,,,,,,,,,
"gun_20_x3_russia_bb,bc",,508,gun_20_x3,russia,"bb, bc",dreadnought_gun_b_305_x3,1.864,1.945,0.7,,yamato_gun_b_460_x3,1.095,1.14,0.7,,ussr_gun_406_x3,1.095,1.14,0.7,,ussr_gun_406_x3,1.095,1.14,0.7,,ussr_gun_406_x3,1.095,1.14,0.7,,,,,,,,,,,
"gun_20_x4_russia_bb,bc",,508,gun_20_x4,russia,"bb, bc",dreadnought_gun_b_305_x4,1.864,1.945,0.65,,yamato_gun_b_460_x4,1.095,1.14,0.65,,ussr_gun_406_x4,1.095,1.14,0.65,,ussr_gun_406_x4,1.095,1.14,0.65,,ussr_gun_406_x4,1.095,1.14,0.65,,,,,,,,,,,
gun_2_x1_alt_russia,,51,gun_2_x1_alt,russia,,brandenburg_gun_76_x1,0.7242,0.8485,0.92,,small_gun_e_76_x1,0.7333,0.8591,0.92,,small_gun_e_76_x1,0.7424,0.8698,0.92,,pen_gun_127_x1,0.6927,0.8116,0.92,,clev_gun_127_x1,0.6349,0.7439,0.92,,,,,,,,,,,
gun_2_x2_alt_russia,,51,gun_2_x2_alt,russia,,tsesarevich_gun_152_x2,0.6051,0.709,0.7,,tsesarevich_gun_152_x2,0.6127,0.7179,0.7,,maine_gun_152_x2,0.6206,0.7271,0.7,,pen_gun_127_x2,0.6927,0.8116,0.7,,clev_gun_127_x2,0.6349,0.7439,0.7,,,,,,,,,,,
gun_2_x3_alt_russia,,51,gun_2_x3_alt,russia,,dant_gun_305_x3,0.2783,0.3261,0.55,,dant_gun_305_x3,0.2818,0.3302,0.55,,maine_gun_152_x3,0.6206,0.7271,0.55,,pen_gun_127_x3,0.6927,0.8116,0.55,,clev_gun_127_x3,0.6349,0.7439,0.55,,,,,,,,,,,
gun_3_x1_alt_russia,,76,gun_3_x1_alt,russia,,brandenburg_gun_76_x1,0.92,1.0299,1.45,,bouvet_gun_100_x1,0.8579,0.9604,1.45,,small_gun_c_76_x1,1.5896,1.7795,1.45,,pen_gun_127_x1,0.8801,0.9853,1.45,,akizuki_gun_b_127_x1,0.8754,0.98,1.45,,,,,,,,,,,
gun_3_x2_alt_russia,,76,gun_3_x2_alt,russia,,tsesarevich_gun_152_x2,0.7688,0.8607,1.08,,tsesarevich_gun_152_x2,0.7784,0.8714,1.08,,maine_gun_152_x2,0.7884,0.8826,1.08,,pen_gun_127_x2,0.8801,0.9853,1.08,,akizuki_gun_b_127_x2,0.8754,0.98,1.08,,,,,,,,,,,
gun_3_x3_alt_russia,,76,gun_3_x3_alt,russia,,dant_gun_305_x3,0.3535,0.3958,0.83,,dant_gun_305_x3,0.358,0.4008,0.83,,maine_gun_152_x3,0.7884,0.8826,0.83,,pen_gun_127_x3,0.8801,0.9853,0.83,,akizuki_gun_b_127_x3,0.8754,0.98,0.83,,,,,,,,,,,
gun_4_x1_alt_russia,,102,gun_4_x1_alt,russia,,tsesarevich_gun_152_x1,0.9172,1.0006,1.7,,bouvet_gun_100_x1,1.0236,1.1166,1.7,,small_gun_e_76_x1,1.1253,1.2276,1.7,,bismarck_gun_b_150_x1,0.8146,0.8886,1.7,,bismarck_gun_105_x1,1.1463,1.2505,1.7,,,,,,,,,,,
gun_4_x2_alt_russia,,102,gun_4_x2_alt,russia,,tsesarevich_gun_152_x2,0.9172,1.0006,1.28,,tsesarevich_gun_152_x2,0.9287,1.0131,1.28,,maine_gun_230_x2,0.6199,0.6763,1.28,,bismarck_gun_b_150_x2,0.8146,0.8886,1.28,,bismarck_gun_105_x2,1.1463,1.2505,1.28,,,,,,,,,,,
gun_4_x3_alt_russia,,102,gun_4_x3_alt,russia,,dant_gun_305_x3,0.4218,0.4602,1,,dant_gun_305_x3,0.4271,0.4659,1,,maine_gun_230_x3,0.6199,0.6763,1,,bismarck_gun_b_150_x3,0.8146,0.8886,1,,bismarck_gun_105_x3,1.1463,1.2505,1,,,,,,,,,,,
gun_5_x1_alt_russia,,127,gun_5_x1_alt,russia,,tsesarevich_gun_152_x1,1.0461,1.1234,1.25,,tsesarevich_gun_152_x1,1.0592,1.1375,1.25,,small_gun_e_76_x1,1.2835,1.3783,1.25,,ussr_gun_100_x1,1.0294,1.1055,1.25,,ussr_gun_100_x1,1.0424,1.1194,1.25,,,,,,,,,,,
gun_5_x2_alt_russia,,127,gun_5_x2_alt,russia,,tsesarevich_gun_152_x2,1.0461,1.1234,0.95,,tsesarevich_gun_152_x2,1.0592,1.1375,0.95,,maine_gun_254_x2_b,0.5338,0.5733,0.95,,ussr_gun_100_x2,1.0298,1.1059,0.95,,ussr_gun_100_x2,1.0427,1.1198,0.95,,,,,,,,,,,
gun_5_x3_alt_russia,,127,gun_5_x3_alt,russia,,dant_gun_305_x3,0.4811,0.5167,0.75,,dant_gun_305_x3,0.4871,0.5231,0.75,,maine_gun_254_x3_b,0.5338,0.5733,0.75,,ussr_gun_100_x3,1.0294,1.1055,0.75,,ussr_gun_100_x3,1.0424,1.1194,0.75,,,,,,,,,,,
gun_6_x2_alt_russia,,152,gun_6_x2_alt,russia,,tsesarevich_gun_152_x2,1.1652,1.2378,0.86,,tsesarevich_gun_152_x2,1.1798,1.2533,0.86,,maine_gun_254_x2_b,0.5946,0.6317,0.86,,ussr_gun_152_x2,0.8366,0.8887,0.86,,ussr_gun_152_x2,0.8471,0.8999,0.86,,,,,,,,,,,
gun_6_x3_alt_russia,,152,gun_6_x3_alt,russia,,dant_gun_305_x3,0.5358,0.5692,0.66,,dant_gun_305_x3,0.5426,0.5764,0.66,,maine_gun_254_x3_b,0.5946,0.6317,0.66,,ussr_gun_152_x3,0.837,0.8891,0.66,,ussr_gun_152_x3,0.8474,0.9002,0.66,,,,,,,,,,,
gun_7_x2_alt_russia,,178,gun_7_x2_alt,russia,,tsesarevich_gun_152_x2,1.3143,1.3846,0.9,,tsesarevich_gun_152_x2,1.3308,1.402,0.9,,hood_gun_380_x2,0.5369,0.5657,0.9,,ussr_gun_152_x2,0.9437,0.9942,0.9,,ussr_gun_152_x2,0.9555,1.0067,0.9,,,,,,,,,,,
gun_7_x3_alt_russia,,178,gun_7_x3_alt,russia,,dant_gun_305_x3,0.6044,0.6368,0.705,,dant_gun_305_x3,0.612,0.6448,0.705,,hood_gun_380_x3,0.5369,0.5657,0.705,,ussr_gun_152_x3,0.9441,0.9946,0.705,,ussr_gun_152_x3,0.9558,1.007,0.705,,,,,,,,,,,
gun_8_x2_alt_russia,,203,gun_8_x2_alt,russia,,tsesarevich_gun_152_x2,1.4568,1.5255,0.88,,tsesarevich_gun_305_x2,0.7996,0.8373,0.88,,hood_gun_380_x2,0.5951,0.6232,0.88,,ussr_gun_152_x2,1.046,1.0953,0.88,,bismarck_gun_380_short_x2,0.6119,0.6408,0.88,,,,,,,,,,,
gun_8_x3_alt_russia,,203,gun_8_x3_alt,russia,,dant_gun_305_x3,0.6699,0.7015,0.69,,dant_gun_305_x3,0.6783,0.7103,0.69,,hood_gun_380_x3,0.5951,0.6232,0.69,,ussr_gun_152_x3,1.0464,1.0958,0.69,,bismarck_gun_380_short_x3,0.6119,0.6408,0.69,,,,,,,,,,,
gun_9_x2_alt_russia,,229,gun_9_x2_alt,russia,,brandenburg_gun_279_x2,0.7981,0.8316,0.82,,tsesarevich_gun_305_x2,0.8808,0.9178,0.82,,dant_gun_245_x2,0.9849,1.0262,0.82,,vdt_gun_280_x2,0.8288,0.8636,0.82,,richelieu_gun_380_x2,0.6741,0.7024,0.82,,,,,,,,,,,
gun_9_x3_alt_russia,,229,gun_9_x3_alt,russia,,dant_gun_305_x3,0.738,0.769,0.64,,dant_gun_305_x3,0.7472,0.7786,0.64,,dant_gun_245_x3,0.9849,1.0262,0.64,,vdt_gun_280_x3,0.8288,0.8636,0.64,,richelieu_gun_380_x3,0.6741,0.7024,0.64,,,,,,,,,,,
gun_10_x2_alt_russia,,254,gun_10_x2_alt,russia,,brandenburg_gun_279_x2,0.869,0.902,0.9,,tsesarevich_gun_305_x2,0.959,0.9954,0.9,,dant_gun_245_x2,1.0724,1.1131,0.9,,vdt_gun_280_x2,0.9025,0.9368,0.9,,litt_gun_152_x2,1.3957,1.4487,0.9,,,,,,,,,,,
gun_10_x3_alt_russia,,254,gun_10_x3_alt,russia,,dant_gun_305_x3,0.8035,0.834,0.68,,dant_gun_305_x3,0.8136,0.8445,0.68,,dant_gun_245_x3,1.0724,1.1131,0.68,,vdt_gun_280_x3,0.9025,0.9368,0.68,,litt_gun_152_x3,1.3957,1.4487,0.68,,,,,,,,,,,
gun_11_x2_alt_russia,,279,gun_11_x2_alt,russia,,brandenburg_gun_279_x2,0.9402,0.9728,0.82,,tsesarevich_gun_305_x2,1.0376,1.0736,0.82,,irresistible_gun_305_x2,0.9655,0.999,0.82,,vdt_gun_280_x2,0.9764,1.0102,0.82,,spee_gun_var_280_x2,1.0662,1.1031,0.82,,,,,,,,,,,
gun_11_x3_alt_russia,,279,gun_11_x3_alt,russia,,dant_gun_305_x3,0.8694,0.8995,0.66,,dant_gun_305_x3,0.8803,0.9108,0.66,,irresistible_gun_305_x3,0.9655,0.999,0.66,,vdt_gun_280_x3,0.9764,1.0102,0.66,,spee_gun_var_280_x3,1.0662,1.1031,0.66,,,,,,,,,,,
gun_12_x2_alt_russia,,305,gun_12_x2_alt,russia,,brandenburg_gun_279_x2,1.0147,1.0469,0.82,,tsesarevich_gun_305_x2,1.1198,1.1554,0.82,,irresistible_gun_305_x2,1.042,1.0751,0.82,,vdt_gun_280_x2,1.0538,1.0873,0.82,,ussr_gun_406_x2,0.7126,0.7353,0.82,,,,,,,,,,,
gun_12_x3_alt_russia,,305,gun_12_x3_alt,russia,,dant_gun_305_x3,0.9383,0.9681,0.66,,dant_gun_305_x3,0.9501,0.9803,0.66,,irresistible_gun_305_x3,1.042,1.0751,0.66,,vdt_gun_280_x3,1.0538,1.0873,0.66,,ussr_gun_406_x3,0.7126,0.7353,0.66,,,,,,,,,,,
gun_13_x2_alt_russia,,330,gun_13_x2_alt,russia,,brandenburg_gun_279_x2,1.0869,1.1189,0.88,,tsesarevich_gun_305_x2,1.1995,1.2348,0.88,,dant_gun_245_x2,1.3413,1.3807,0.88,,richelieu_gun_380_x2,0.9065,0.9332,0.88,,richelieu_gun_380_x2,0.918,0.945,0.88,,,,,,,,,,,
gun_13_x3_alt_russia,,330,gun_13_x3_alt,russia,,dant_gun_305_x3,1.005,1.0346,0.705,,dant_gun_305_x3,1.0176,1.0475,0.705,,dant_gun_245_x3,1.3413,1.3807,0.705,,richelieu_gun_380_x3,0.9065,0.9332,0.705,,richelieu_gun_380_x3,0.918,0.945,0.705,,,,,,,,,,,
gun_14_x2_alt_russia,,330,gun_14_x2_alt,russia,,irresistible_gun_305_x2,1.0887,1.1207,0.88,,irresistible_gun_305_x2,1.1022,1.1346,0.88,,irresistible_gun_305_x2,1.1161,1.1489,0.88,,bismarck_gun_380_x2,0.9065,0.9332,0.88,,bismarck_gun_380_x2,0.918,0.945,0.88,,,,,,,,,,,
gun_14_x3_alt_russia,,330,gun_14_x3_alt,russia,,irresistible_gun_305_x3,1.0887,1.1207,0.705,,irresistible_gun_305_x3,1.1022,1.1346,0.705,,irresistible_gun_305_x3,1.1161,1.1489,0.705,,bismarck_gun_380_x3,0.9065,0.9332,0.705,,bismarck_gun_380_x3,0.918,0.945,0.705,,,,,,,,,,,
gun_15_x2_alt_russia,,381,gun_15_x2_alt,russia,,irresistible_gun_305_x2,1.2381,1.2697,0.9,,irresistible_gun_305_x2,1.2535,1.2855,0.9,,bismarck_gun_380_short_x2,1.0183,1.0443,0.9,,richelieu_gun_380_x2,1.031,1.0574,0.9,,richelieu_gun_380_x2,1.044,1.0707,0.9,,,,,,,,,,,
gun_15_x3_alt_russia,,381,gun_15_x3_alt,russia,,irresistible_gun_305_x3,1.2381,1.2697,0.72,,irresistible_gun_305_x3,1.2535,1.2855,0.72,,bismarck_gun_380_short_x3,1.0183,1.0443,0.72,,richelieu_gun_380_x3,1.031,1.0574,0.72,,richelieu_gun_380_x3,1.044,1.0707,0.72,,,,,,,,,,,
gun_16_x2_alt_russia,,406,gun_16_x2_alt,russia,,irresistible_gun_305_x2,1.3124,1.3439,0.93,,irresistible_gun_305_x2,1.3287,1.3606,0.93,,nelson_gun_406_x2,1.0097,1.0339,0.93,,iowa_gun_406_x2,0.8163,0.8359,0.93,,iowa_gun_406_x2,0.8264,0.8463,0.93,,,,,,,,,,,
gun_16_x3_alt_russia,,406,gun_16_x3_alt,russia,,irresistible_gun_305_x3,1.3124,1.3439,0.75,,irresistible_gun_305_x3,1.3287,1.3606,0.75,,nelson_gun_406_x3,1.0097,1.0339,0.75,,iowa_gun_406_x3,0.8163,0.8359,0.75,,iowa_gun_406_x3,0.8264,0.8463,0.75,,,,,,,,,,,
gun_17_x2_alt_russia,,432,gun_17_x2_alt,russia,,irresistible_gun_305_x2,1.3904,1.4218,0.95,,irresistible_gun_305_x2,1.4077,1.4395,0.95,,fus_gun_356_x2_a,1.2209,1.2485,0.95,,richelieu_gun_380_x2,1.1578,1.184,0.95,,richelieu_gun_380_x2,1.1724,1.1989,0.95,,,,,,,,,,,
gun_17_x3_alt_russia,,432,gun_17_x3_alt,russia,,irresistible_gun_305_x3,1.3904,1.4218,0.775,,irresistible_gun_305_x3,1.4077,1.4395,0.775,,fus_gun_356_x3_a,1.2209,1.2485,0.775,,richelieu_gun_380_x3,1.1578,1.184,0.775,,richelieu_gun_380_x3,1.1724,1.1989,0.775,,,,,,,,,,,
gun_18_x2_alt_russia,,457,gun_18_x2_alt,russia,,irresistible_gun_305_x2,1.4662,1.4975,0.985,,irresistible_gun_305_x2,1.4845,1.5162,0.985,,bismarck_gun_380_short_x2,1.2059,1.2317,0.985,,bismarck_gun_380_x2,1.2209,1.247,0.985,,bismarck_gun_380_x2,1.2363,1.2627,0.985,,,,,,,,,,,
gun_18_x3_alt_russia,,457,gun_18_x3_alt,russia,,irresistible_gun_305_x3,1.4662,1.4975,0.81,,irresistible_gun_305_x3,1.4845,1.5162,0.81,,bismarck_gun_380_short_x3,1.2059,1.2317,0.81,,bismarck_gun_380_x3,1.2209,1.247,0.81,,bismarck_gun_380_x3,1.2363,1.2627,0.81,,,,,,,,,,,
###,,,###,,,,,,,,,,,,,,,,,,,,,,,,,,,,,,,,,,,,,
gun_2_x1_austria,,51,gun_2_x1,austria,,,,,,,,,,,,,,,,,,,,,,,,,,,,,,,,,,,,
gun_2_x2_austria,,51,gun_2_x2,austria,,,,,,,,,,,,,,,,,,,,,,,,,,,,,,,,,,,,
gun_2_x3_austria,,51,gun_2_x3,austria,,,,,,,,,,,,,,,,,,,,,,,,,,,,,,,,,,,,
gun_2_x4_austria,,51,gun_2_x4,austria,,,,,,,,,,,,,,,,,,,,,,,,,,,,,,,,,,,,
gun_3_x1_austria_dd,,76,gun_3_x1,austria,"dd, tb",,,,,,,,,,,,,,,,,,,,,,,,,,,,,,,,,,,
gun_3_x2_austria_dd,,76,gun_3_x2,austria,"dd, tb",,,,,,,,,,,,,,,,,,,,,,,,,,,,,,,,,,,
gun_3_x3_austria_dd,,76,gun_3_x3,austria,"dd, tb",,,,,,,,,,,,,,,,,,,,,,,,,,,,,,,,,,,
gun_3_x4_austria_dd,,76,gun_3_x4,austria,"dd, tb",,,,,,,,,,,,,,,,,,,,,,,,,,,,,,,,,,,
gun_4_x1_austria_dd,,102,gun_4_x1,austria,"dd, tb",,,,,,,,,,,,,,,,,,,,,,,,,,,,,,,,,,,
gun_4_x2_austria_dd,,102,gun_4_x2,austria,"dd, tb",,,,,,,,,,,,,,,,,,,,,,,,,,,,,,,,,,,
gun_4_x3_austria_dd,,102,gun_4_x3,austria,"dd, tb",,,,,,,,,,,,,,,,,,,,,,,,,,,,,,,,,,,
gun_4_x4_austria_dd,,102,gun_4_x4,austria,"dd, tb",,,,,,,,,,,,,,,,,,,,,,,,,,,,,,,,,,,
gun_5_x1_austria_dd,,127,gun_5_x1,austria,"dd, tb",,,,,,,,,,,,,,,,,,,,,,,,,,,,,,,,,,,
gun_5_x2_austria_dd,,127,gun_5_x2,austria,"dd, tb",,,,,,,,,,,,,,,,,,,,,,,,,,,,,,,,,,,
gun_5_x3_austria_dd,,127,gun_5_x3,austria,"dd, tb",,,,,,,,,,,,,,,,,,,,,,,,,,,,,,,,,,,
gun_5_x4_austria_dd,,127,gun_5_x4,austria,"dd, tb",,,,,,,,,,,,,,,,,,,,,,,,,,,,,,,,,,,
gun_3_x1_austria_cl,,76,gun_3_x1,austria,cl,,,,,,,,,,,spee_gun_150_x1,0.732,0.858,,,bismarck_gun_105_x1,0.732,0.858,,,bismarck_gun_105_x1,0.732,0.858,,,,,,,,,,,,
gun_3_x2_austria_cl,,76,gun_3_x2,austria,cl,,,,,,,,,,,spee_gun_150_x2,0.732,0.858,,,bismarck_gun_105_x2,0.732,0.858,,,bismarck_gun_105_x2,0.732,0.858,,,,,,,,,,,,
gun_3_x3_austria_cl,,76,gun_3_x3,austria,cl,,,,,,,,,,,spee_gun_150_x3,0.732,0.858,,,bismarck_gun_105_x3,0.732,0.858,,,bismarck_gun_105_x3,0.732,0.858,,,,,,,,,,,,
gun_3_x4_austria_cl,,76,gun_3_x4,austria,cl,,,,,,,,,,,,,,,,bismarck_gun_105_x4,0.732,0.858,,,bismarck_gun_105_x4,0.732,0.858,,,,,,,,,,,,
gun_4_x1_austria_cl,,102,gun_4_x1,austria,cl,,,,,,,,,,,spee_gun_150_x1,0.868,0.994,,,bismarck_gun_105_x1,0.868,0.994,,,bismarck_gun_105_x1,0.868,0.994,,,,,,,,,,,,
gun_4_x2_austria_cl,,102,gun_4_x2,austria,cl,,,,,,,,,,,spee_gun_150_x2,0.868,0.994,,,bismarck_gun_105_x2,0.868,0.994,,,bismarck_gun_105_x2,0.868,0.994,,,,,,,,,,,,
gun_4_x3_austria_cl,,102,gun_4_x3,austria,cl,,,,,,,,,,,spee_gun_150_x3,0.868,0.994,,,bismarck_gun_105_x3,0.868,0.994,,,bismarck_gun_105_x3,0.868,0.994,,,,,,,,,,,,
gun_4_x4_austria_cl,,102,gun_4_x4,austria,cl,,,,,,,,,,,,,,,,bismarck_gun_105_x4,0.868,0.994,,,bismarck_gun_105_x4,0.868,0.994,,,,,,,,,,,,
gun_5_x1_austria_cl,,127,gun_5_x1,austria,cl,,,,,,,,,,,spee_gun_150_x1,1.004,1.13,,,,,,,,,,,,,,,,,,,,,,
gun_5_x2_austria_cl,,127,gun_5_x2,austria,cl,,,,,,,,,,,spee_gun_150_x2,1.004,1.13,,,de_Ruyter_gun_150_x2,0.8005,0.935,,,de_Ruyter_gun_150_x2,0.8005,0.935,,,,,,,,,,,,
gun_5_x3_austria_cl,,127,gun_5_x3,austria,cl,,,,,,,,,,,spee_gun_150_x3,1.004,1.13,,,de_Ruyter_gun_150_x3,0.8005,0.935,,,de_Ruyter_gun_150_x3,0.8005,0.935,,,,,,,,,,,,
gun_5_x4_austria_cl,,127,gun_5_x4,austria,cl,,,,,,,,,,,,,,,,de_Ruyter_gun_150_x4,0.8005,0.935,,,de_Ruyter_gun_150_x4,0.8005,0.935,,,,,,,,,,,,
gun_6_x1_austria_cl,,152,gun_6_x1,austria,cl,,,,,,,,,,,,,,,,,,,,,,,,,,,,,,,,,,,
gun_6_x2_austria_cl,,152,gun_6_x2,austria,cl,,,,,,,,,,,bismarck_gun_b_150_x2,0.955,1.0895,,,de_Ruyter_gun_150_x2,0.955,1.0895,,,de_Ruyter_gun_150_x2,0.955,1.0895,,,,,,,,,,,,
gun_6_x3_austria_cl,,152,gun_6_x3,austria,cl,,,,,,,,,,,bismarck_gun_b_150_x3,0.955,1.0895,,,de_Ruyter_gun_150_x3,0.955,1.0895,,,de_Ruyter_gun_150_x3,0.955,1.0895,,,,,,,,,,,,
gun_6_x4_austria_cl,,152,gun_6_x4,austria,cl,,,,,,,,,,,bismarck_gun_b_150_x4,0.955,1.0895,,,de_Ruyter_gun_150_x4,0.955,1.0895,,,de_Ruyter_gun_150_x4,0.955,1.0895,,,,,,,,,,,,
"gun_3_x1_austria_ca,bb,bc",,76,gun_3_x1,austria,"ca, bb, bc",,,,,,,,,,,spee_gun_150_x1,0.732,0.858,,,bismarck_gun_105_x1,0.732,0.858,,,bismarck_gun_105_x1,0.732,0.858,,,,,,,,,,,,
"gun_3_x2_austria_ca,bb,bc",,76,gun_3_x2,austria,"ca, bb, bc",,,,,,,,,,,spee_gun_150_x2,0.732,0.858,,,bismarck_gun_105_x2,0.732,0.858,,,bismarck_gun_105_x2,0.732,0.858,,,,,,,,,,,,
"gun_3_x3_austria_ca,bb,bc",,76,gun_3_x3,austria,"ca, bb, bc",,,,,,,,,,,spee_gun_150_x3,0.732,0.858,,,bismarck_gun_105_x3,0.732,0.858,,,bismarck_gun_105_x3,0.732,0.858,,,,,,,,,,,,
"gun_3_x4_austria_ca,bb,bc",,76,gun_3_x4,austria,"ca, bb, bc",,,,,,,,,,,,,,,,bismarck_gun_105_x4,0.732,0.858,,,bismarck_gun_105_x4,0.732,0.858,,,,,,,,,,,,
"gun_4_x1_austria_ca,bb,bc",,102,gun_4_x1,austria,"ca, bb, bc",,,,,,vdt_gun_200_x1,0.7632,0.8632,,,spee_gun_150_x1,0.868,0.994,,,bismarck_gun_105_x1,0.868,0.994,,,bismarck_gun_105_x1,0.868,0.994,,,,,,,,,,,,
"gun_4_x2_austria_ca,bb,bc",,102,gun_4_x2,austria,"ca, bb, bc",,,,,,vdt_gun_200_x2,0.7632,0.8632,,,spee_gun_150_x2,0.868,0.994,,,bismarck_gun_105_x2,0.868,0.994,,,bismarck_gun_105_x2,0.868,0.994,,,,,,,,,,,,
"gun_4_x3_austria_ca,bb,bc",,102,gun_4_x3,austria,"ca, bb, bc",,,,,,,,,,,spee_gun_150_x3,0.868,0.994,,,bismarck_gun_105_x3,0.868,0.994,,,bismarck_gun_105_x3,0.868,0.994,,,,,,,,,,,,
"gun_4_x4_austria_ca,bb,bc",,102,gun_4_x4,austria,"ca, bb, bc",,,,,,,,,,,,,,,,bismarck_gun_105_x4,0.868,0.994,,,bismarck_gun_105_x4,0.868,0.994,,,,,,,,,,,,
"gun_5_x1_austria_ca,bb,bc",,127,gun_5_x1,austria,"ca, bb, bc",,,,,,vdt_gun_200_x1,0.8746,0.9746,,,spee_gun_150_x1,1.004,1.13,,,,,,,,,,,,,,,,,,,,,,
"gun_5_x2_austria_ca,bb,bc",,127,gun_5_x2,austria,"ca, bb, bc",,,,,,vdt_gun_200_x2,0.8746,0.9746,,,spee_gun_150_x2,1.004,1.13,,,de_Ruyter_gun_150_x2,0.8005,0.935,,,de_Ruyter_gun_150_x2,0.8005,0.935,,,,,,,,,,,,
"gun_5_x3_austria_ca,bb,bc",,127,gun_5_x3,austria,"ca, bb, bc",,,,,,,,,,,spee_gun_150_x3,1.004,1.13,,,de_Ruyter_gun_150_x3,0.8005,0.935,,,de_Ruyter_gun_150_x3,0.8005,0.935,,,,,,,,,,,,
"gun_5_x4_austria_ca,bb,bc",,127,gun_5_x4,austria,"ca, bb, bc",,,,,,,,,,,,,,,,de_Ruyter_gun_150_x4,0.8005,0.935,,,de_Ruyter_gun_150_x4,0.8005,0.935,,,,,,,,,,,,
"gun_6_x1_austria_ca,bb,bc",,152,gun_6_x1,austria,"ca, bb, bc",friedrich_gun_228_x1,0.643,0.7212,1.185,,vdt_gun_200_x1,0.986,1.086,1.185,,,,,1.185,,,,,1.185,,,,,1.185,,,,,,,,,,,
"gun_6_x2_austria_ca,bb,bc",,152,gun_6_x2,austria,"ca, bb, bc",friedrich_gun_228_x2,0.643,0.7212,0.86,,vdt_gun_200_x2,0.986,1.086,0.86,,bismarck_gun_b_150_x2,0.955,1.0895,0.86,,de_Ruyter_gun_150_x2,0.955,1.0895,0.86,,de_Ruyter_gun_150_x2,0.955,1.0895,0.86,,,,,,,,,,,
"gun_6_x3_austria_ca,bb,bc",,152,gun_6_x3,austria,"ca, bb, bc",friedrich_gun_228_x3,0.643,0.7212,0.66,,,,,0.66,,bismarck_gun_b_150_x3,0.955,1.0895,0.66,,de_Ruyter_gun_150_x3,0.955,1.0895,0.66,,de_Ruyter_gun_150_x3,0.955,1.0895,0.66,,,,,,,,,,,
"gun_6_x4_austria_ca,bb,bc",,152,gun_6_x4,austria,"ca, bb, bc",,,,,,,,,,,bismarck_gun_b_150_x4,0.955,1.0895,,,de_Ruyter_gun_150_x4,0.955,1.0895,,,de_Ruyter_gun_150_x4,0.955,1.0895,,,,,,,,,,,,
"gun_7_x1_austria_cl,ca,bb,bc",,178,gun_7_x1,austria,"cl, ca, bb, bc",friedrich_gun_228_x1,0.7312,0.8094,1.21,,vdt_gun_200_x1,1.0974,1.1974,1.21,,,,,1.21,,,,,1.21,,,,,1.21,,,,,,,,,,,
"gun_7_x2_austria_cl,ca,bb,bc",,178,gun_7_x2,austria,"cl, ca, bb, bc",friedrich_gun_228_x2,0.7312,0.8094,0.9,,vdt_gun_200_x2,1.0974,1.1974,0.9,,bismarck_gun_b_150_x2,1.1095,1.244,0.9,,de_Ruyter_gun_150_x2,1.1095,1.244,0.9,,de_Ruyter_gun_150_x2,1.1095,1.244,0.9,,,,,,,,,,,
"gun_7_x3_austria_cl,ca,bb,bc",,178,gun_7_x3,austria,"cl, ca, bb, bc",friedrich_gun_228_x3,0.7312,0.8094,0.705,,,,,0.705,,bismarck_gun_b_150_x3,1.1095,1.244,0.705,,de_Ruyter_gun_150_x3,1.1095,1.244,0.705,,de_Ruyter_gun_150_x3,1.1095,1.244,0.705,,,,,,,,,,,
"gun_7_x4_austria_cl,ca,bb,bc",,178,gun_7_x4,austria,"cl, ca, bb, bc",,,,,,,,,,,bismarck_gun_b_150_x4,1.1095,1.244,,,de_Ruyter_gun_150_x4,1.1095,1.244,,,de_Ruyter_gun_150_x4,1.1095,1.244,,,,,,,,,,,,
"gun_8_x1_austria_ca,bb,bc",,203,gun_8_x1,austria,"ca, bb, bc",friedrich_gun_228_x1,0.8194,0.8976,1.17,,vdt_gun_200_x1,1.2088,1.3088,1.17,,bismarck_gun_b_150_x1,1.264,1.3985,1.17,,de_Ruyter_gun_150_x1,1.264,1.3985,1.17,,de_Ruyter_gun_150_x1,1.264,1.3985,1.17,,,,,,,,,,,
"gun_8_x2_austria_ca,bb,bc",,203,gun_8_x2,austria,"ca, bb, bc",friedrich_gun_228_x2,0.8194,0.8976,0.88,,vdt_gun_200_x2,1.2088,1.3088,0.88,,bismarck_gun_b_150_x2,1.264,1.3985,0.88,,de_Ruyter_gun_150_x2,1.264,1.3985,0.88,,de_Ruyter_gun_150_x2,1.264,1.3985,0.88,,,,,,,,,,,
"gun_8_x3_austria_ca,bb,bc",,203,gun_8_x3,austria,"ca, bb, bc",friedrich_gun_228_x3,0.8194,0.8976,0.69,,,,,0.69,,bismarck_gun_b_150_x3,1.264,1.3985,0.69,,de_Ruyter_gun_150_x3,1.264,1.3985,0.69,,de_Ruyter_gun_150_x3,1.264,1.3985,0.69,,,,,,,,,,,
"gun_8_x4_austria_ca,bb,bc",,203,gun_8_x4,austria,"ca, bb, bc",,,,,,,,,,,bismarck_gun_b_150_x4,1.264,1.3985,,,de_Ruyter_gun_150_x4,1.264,1.3985,,,de_Ruyter_gun_150_x4,1.264,1.3985,,,,,,,,,,,,
"gun_9_x1_austria_ca,bb,bc",,229,gun_9_x1,austria,"ca, bb, bc",friedrich_gun_228_x1,0.9076,0.9858,1.1,,dido_gun_cal200_x1,0.987,1.086,1.1,,vdt_gun_280_x1,0.8513,0.9304,1.1,,spee_gun_var_280_x1,0.7589,0.8262,1.1,,spee_gun_var_280_x1,0.7589,0.8262,1.1,,,,,,,,,,,
"gun_9_x2_austria_ca,bb,bc",,229,gun_9_x2,austria,"ca, bb, bc",friedrich_gun_228_x2,0.9076,0.9858,0.82,,dido_gun_cal200_x2,0.987,1.086,0.82,,vdt_gun_280_x2,0.8513,0.9304,0.82,,spee_gun_var_280_x2,0.7589,0.8262,0.82,,spee_gun_var_280_x2,0.7589,0.8262,0.82,,,,,,,,,,,
"gun_9_x3_austria_ca,bb,bc",,229,gun_9_x3,austria,"ca, bb, bc",friedrich_gun_228_x3,0.9076,0.9858,0.64,,dido_gun_cal200_x3,0.987,1.086,0.64,,vdt_gun_280_x3,0.8513,0.9304,0.64,,spee_gun_var_280_x3,0.7589,0.8262,0.64,,spee_gun_var_280_x3,0.7589,0.8262,0.64,,,,,,,,,,,
"gun_9_x4_austria_ca,bb,bc",,229,gun_9_x4,austria,"ca, bb, bc",,,,,,dido_gun_cal200_x4,0.987,1.086,,,vdt_gun_280_x4,0.8513,0.9304,,,spee_gun_280_x4_a,0.7589,0.8262,,,spee_gun_280_x4_a,0.7589,0.8262,,,,,,,,,,,,
"gun_10_x1_austria_ca,bb,bc",,254,gun_10_x1,austria,"ca, bb, bc",brandenburg_gun_279_x1,0.979,1.06,1.2,,dido_gun_cal200_x1,1.096,1.195,1.2,,vdt_gun_280_x1,0.9404,1.0195,1.2,,spee_gun_var_280_x1,0.8362,0.9035,1.2,,spee_gun_var_280_x1,0.8362,0.9035,1.2,,,,,,,,,,,
"gun_10_x2_austria_ca,bb,bc",,254,gun_10_x2,austria,"ca, bb, bc",brandenburg_gun_279_x2,0.979,1.06,0.9,,dido_gun_cal200_x2,1.096,1.195,0.9,,vdt_gun_280_x2,0.9404,1.0195,0.9,,spee_gun_var_280_x2,0.8362,0.9035,0.9,,spee_gun_var_280_x2,0.8362,0.9035,0.9,,,,,,,,,,,
"gun_10_x3_austria_ca,bb,bc",,254,gun_10_x3,austria,"ca, bb, bc",brandenburg_gun_279_x3,0.979,1.06,0.68,,dido_gun_cal200_x3,1.096,1.195,0.68,,vdt_gun_280_x3,0.9404,1.0195,0.68,,spee_gun_var_280_x3,0.8362,0.9035,0.68,,spee_gun_var_280_x3,0.8362,0.9035,0.68,,,,,,,,,,,
"gun_10_x4_austria_ca,bb,bc",,254,gun_10_x4,austria,"ca, bb, bc",,,,,,dido_gun_cal200_x4,1.096,1.195,,,vdt_gun_280_x4,0.9404,1.0195,,,spee_gun_280_x4_a,0.8362,0.9035,,,spee_gun_280_x4_a,0.8362,0.9035,,,,,,,,,,,,
"gun_11_x1_austria_ca,bb,bc",,279,gun_11_x1,austria,"ca, bb, bc",brandenburg_gun_279_x1,1.07,1.151,1.07,,dido_gun_cal200_x1,1.205,1.304,1.07,,vdt_gun_280_x1,1.0295,1.1086,1.07,,spee_gun_var_280_x1,0.9135,0.9808,1.07,,spee_gun_var_280_x1,0.9135,0.9808,1.07,,,,,,,,,,,
"gun_11_x2_austria_ca,bb,bc",,279,gun_11_x2,austria,"ca, bb, bc",brandenburg_gun_279_x2,1.07,1.151,0.82,,dido_gun_cal200_x2,1.205,1.304,0.82,,vdt_gun_280_x2,1.0295,1.1086,0.82,,spee_gun_var_280_x2,0.9135,0.9808,0.82,,spee_gun_var_280_x2,0.9135,0.9808,0.82,,,,,,,,,,,
"gun_11_x3_austria_ca,bb,bc",,279,gun_11_x3,austria,"ca, bb, bc",brandenburg_gun_279_x3,1.07,1.151,0.66,,dido_gun_cal200_x3,1.205,1.304,0.66,,vdt_gun_280_x3,1.0295,1.1086,0.66,,spee_gun_var_280_x3,0.9135,0.9808,0.66,,spee_gun_var_280_x3,0.9135,0.9808,0.66,,,,,,,,,,,
"gun_11_x4_austria_ca,bb,bc",,279,gun_11_x4,austria,"ca, bb, bc",,,,,,dido_gun_cal200_x4,1.205,1.304,,,vdt_gun_280_x4,1.0295,1.1086,,,spee_gun_280_x4_a,0.9135,0.9808,,,spee_gun_280_x4_a,0.9135,0.9808,,,,,,,,,,,,
"gun_12_x1_austria_bb,bc",,305,gun_12_x1,austria,"bb, bc",brandenburg_gun_279_x1,1.161,1.242,1.07,,vdt_gun_280_x1,1.1186,1.1977,1.07,,vdt_gun_280_x1,1.1186,1.1977,1.07,,spee_gun_var_280_x1,0.9908,1.0581,1.07,,spee_gun_var_280_x1,0.9908,1.0581,1.07,,,,,,,,,,,
"gun_12_x2_austria_bb,bc",,305,gun_12_x2,austria,"bb, bc",brandenburg_gun_279_x2,1.161,1.242,0.82,,vdt_gun_280_x2,1.1186,1.1977,0.82,,vdt_gun_280_x2,1.1186,1.1977,0.82,,spee_gun_var_280_x2,0.9908,1.0581,0.82,,spee_gun_var_280_x2,0.9908,1.0581,0.82,,,,,,,,,,,
"gun_12_x3_austria_bb,bc",,305,gun_12_x3,austria,"bb, bc",brandenburg_gun_279_x3,1.161,1.242,0.66,,vdt_gun_280_x3,1.1186,1.1977,0.66,,vdt_gun_280_x3,1.1186,1.1977,0.66,,spee_gun_var_280_x3,0.9908,1.0581,0.66,,spee_gun_var_280_x3,0.9908,1.0581,0.66,,,,,,,,,,,
"gun_12_x4_austria_bb,bc",,305,gun_12_x4,austria,"bb, bc",,,,,,vdt_gun_280_x4,1.1186,1.1977,,,vdt_gun_280_x4,1.1186,1.1977,,,spee_gun_280_x4_a,0.9908,1.0581,,,spee_gun_280_x4_a,0.9908,1.0581,,,,,,,,,,,,
"gun_13_x1_austria_bb,bc",,330,gun_13_x1,austria,"bb, bc",friedrich_gun_305_x1,1.2161,1.2924,1.13,,vdt_gun_280_x1,1.2077,1.2868,1.13,,vdt_gun_280_x1,1.2077,1.2868,1.13,,spee_gun_var_280_x1,1.0681,1.1354,1.13,,spee_gun_var_280_x1,1.0681,1.1354,1.13,,,,,,,,,,,
"gun_13_x2_austria_bb,bc",,330,gun_13_x2,austria,"bb, bc",friedrich_gun_305_x2,1.2161,1.2924,0.88,,vdt_gun_280_x2,1.2077,1.2868,0.88,,vdt_gun_280_x2,1.2077,1.2868,0.88,,spee_gun_var_280_x2,1.0681,1.1354,0.88,,spee_gun_var_280_x2,1.0681,1.1354,0.88,,,,,,,,,,,
"gun_13_x3_austria_bb,bc",,330,gun_13_x3,austria,"bb, bc",friedrich_gun_305_x3,1.2161,1.2924,0.705,,vdt_gun_280_x3,1.2077,1.2868,0.705,,vdt_gun_280_x3,1.2077,1.2868,0.705,,spee_gun_var_280_x3,1.0681,1.1354,0.705,,spee_gun_var_280_x3,1.0681,1.1354,0.705,,,,,,,,,,,
"gun_13_x4_austria_bb,bc",,330,gun_13_x4,austria,"bb, bc",,,,,,vdt_gun_280_x4,1.2077,1.2868,,,vdt_gun_280_x4,1.2077,1.2868,,,spee_gun_280_x4_a,1.0681,1.1354,,,spee_gun_280_x4_a,1.0681,1.1354,,,,,,,,,,,,
"gun_14_x1_austria_bb,bc",,356,gun_14_x1,austria,"bb, bc",friedrich_gun_305_x1,1.3024,1.3787,1.13,,vdt_gun_280_x1,1.2968,1.3759,1.13,,vdt_gun_280_x1,1.2968,1.3759,1.13,,spee_gun_var_280_x1,1.1454,1.2127,1.13,,spee_gun_var_280_x1,1.1454,1.2127,1.13,,,,,,,,,,,
"gun_14_x2_austria_bb,bc",,356,gun_14_x2,austria,"bb, bc",friedrich_gun_305_x2,1.3024,1.3787,0.88,,vdt_gun_280_x2,1.2968,1.3759,0.88,,vdt_gun_280_x2,1.2968,1.3759,0.88,,spee_gun_var_280_x2,1.1454,1.2127,0.88,,spee_gun_var_280_x2,1.1454,1.2127,0.88,,,,,,,,,,,
"gun_14_x3_austria_bb,bc",,356,gun_14_x3,austria,"bb, bc",friedrich_gun_305_x3,1.3024,1.3787,0.705,,vdt_gun_280_x3,1.2968,1.3759,0.705,,vdt_gun_280_x3,1.2968,1.3759,0.705,,spee_gun_var_280_x3,1.1454,1.2127,0.705,,spee_gun_var_280_x3,1.1454,1.2127,0.705,,,,,,,,,,,
"gun_14_x4_austria_bb,bc",,356,gun_14_x4,austria,"bb, bc",,,,,,vdt_gun_280_x4,1.2968,1.3759,,,vdt_gun_280_x4,1.2968,1.3759,,,spee_gun_280_x4_a,1.1454,1.2127,,,spee_gun_280_x4_a,1.1454,1.2127,,,,,,,,,,,,
"gun_15_x1_austria_bb,bc",,381,gun_15_x1,austria,"bb, bc",friedrich_gun_305_x1,1.3887,1.465,1.14,,vdt_gun_280_x1,1.3859,1.465,1.14,,vdt_gun_280_x1,1.3859,1.465,1.14,,spee_gun_var_280_x1,1.2227,1.29,1.14,,spee_gun_var_280_x1,1.2227,1.29,1.14,,,,,,,,,,,
"gun_15_x2_austria_bb,bc",,381,gun_15_x2,austria,"bb, bc",friedrich_gun_305_x2,1.3887,1.465,0.9,,vdt_gun_280_x2,1.3859,1.465,0.9,,vdt_gun_280_x2,1.3859,1.465,0.9,,spee_gun_var_280_x2,1.2227,1.29,0.9,,spee_gun_var_280_x2,1.2227,1.29,0.9,,,,,,,,,,,
"gun_15_x3_austria_bb,bc",,381,gun_15_x3,austria,"bb, bc",friedrich_gun_305_x3,1.3887,1.465,0.72,,vdt_gun_280_x3,1.3859,1.465,0.72,,vdt_gun_280_x3,1.3859,1.465,0.72,,spee_gun_var_280_x3,1.2227,1.29,0.72,,spee_gun_var_280_x3,1.2227,1.29,0.72,,,,,,,,,,,
"gun_15_x4_austria_bb,bc",,381,gun_15_x4,austria,"bb, bc",,,,,,vdt_gun_280_x4,1.3859,1.465,,,vdt_gun_280_x4,1.3859,1.465,,,spee_gun_280_x4_a,1.2227,1.29,,,spee_gun_280_x4_a,1.2227,1.29,,,,,,,,,,,,
"gun_16_x1_austria_bb,bc",,406,gun_16_x1,austria,"bb, bc",friedrich_gun_305_x1,1.475,1.5513,1.15,,vdt_gun_280_x1,1.475,1.5541,1.15,,vdt_gun_280_x1,1.475,1.5541,1.15,,spee_gun_var_280_x1,1.3,1.3673,1.15,,spee_gun_var_280_x1,1.3,1.3673,1.15,,,,,,,,,,,
"gun_16_x2_austria_bb,bc",,406,gun_16_x2,austria,"bb, bc",friedrich_gun_305_x2,1.475,1.5513,0.93,,vdt_gun_280_x2,1.475,1.5541,0.93,,vdt_gun_280_x2,1.475,1.5541,0.93,,spee_gun_var_280_x2,1.3,1.3673,0.93,,spee_gun_var_280_x2,1.3,1.3673,0.93,,,,,,,,,,,
"gun_16_x3_austria_bb,bc",,406,gun_16_x3,austria,"bb, bc",friedrich_gun_305_x3,1.475,1.5513,0.75,,vdt_gun_280_x3,1.475,1.5541,0.75,,vdt_gun_280_x3,1.475,1.5541,0.75,,spee_gun_var_280_x3,1.3,1.3673,0.75,,spee_gun_var_280_x3,1.3,1.3673,0.75,,,,,,,,,,,
"gun_16_x4_austria_bb,bc",,406,gun_16_x4,austria,"bb, bc",,,,,,vdt_gun_280_x4,1.475,1.5541,,,vdt_gun_280_x4,1.475,1.5541,,,spee_gun_280_x4_a,1.3,1.3673,,,spee_gun_280_x4_a,1.3,1.3673,,,,,,,,,,,,
"gun_17_x1_austria_bb,bc",,432,gun_17_x1,austria,"bb, bc",vdt_gun_280_x1,1.5641,1.6432,1.2,,spee_gun_var_280_x1,1.3773,1.4446,1.2,,spee_gun_var_280_x1,1.3773,1.4446,1.2,,spee_gun_var_280_x1,1.3773,1.4446,1.2,,spee_gun_var_280_x1,1.3773,1.4446,1.2,,,,,,,,,,,
"gun_17_x2_austria_bb,bc",,432,gun_17_x2,austria,"bb, bc",vdt_gun_280_x2,1.5641,1.6432,0.95,,spee_gun_var_280_x2,1.3773,1.4446,0.95,,spee_gun_var_280_x2,1.3773,1.4446,0.95,,spee_gun_var_280_x2,1.3773,1.4446,0.95,,spee_gun_var_280_x2,1.3773,1.4446,0.95,,,,,,,,,,,
"gun_17_x3_austria_bb,bc",,432,gun_17_x3,austria,"bb, bc",vdt_gun_280_x3,1.5641,1.6432,0.775,,spee_gun_var_280_x3,1.3773,1.4446,0.775,,spee_gun_var_280_x3,1.3773,1.4446,0.775,,spee_gun_var_280_x3,1.3773,1.4446,0.775,,spee_gun_var_280_x3,1.3773,1.4446,0.775,,,,,,,,,,,
"gun_17_x4_austria_bb,bc",,432,gun_17_x4,austria,"bb, bc",vdt_gun_280_x4,1.5641,1.6432,0.71,,spee_gun_280_x4_a,1.3773,1.4446,0.71,,spee_gun_280_x4_a,1.3773,1.4446,0.71,,spee_gun_280_x4_a,1.3773,1.4446,0.71,,spee_gun_280_x4_a,1.3773,1.4446,0.71,,,,,,,,,,,
"gun_18_x1_austria_bb,bc",,457,gun_18_x1,austria,"bb, bc",vdt_gun_280_x1,1.6532,1.7323,1.23,,spee_gun_var_280_x1,1.4546,1.5219,1.23,,spee_gun_var_280_x1,1.4546,1.5219,1.23,,spee_gun_var_280_x1,1.4546,1.5219,1.23,,spee_gun_var_280_x1,1.4546,1.5219,1.23,,,,,,,,,,,
"gun_18_x2_austria_bb,bc",,457,gun_18_x2,austria,"bb, bc",vdt_gun_280_x2,1.6532,1.7323,0.985,,spee_gun_var_280_x2,1.4546,1.5219,0.985,,spee_gun_var_280_x2,1.4546,1.5219,0.985,,spee_gun_var_280_x2,1.4546,1.5219,0.985,,spee_gun_var_280_x2,1.4546,1.5219,0.985,,,,,,,,,,,
"gun_18_x3_austria_bb,bc",,457,gun_18_x3,austria,"bb, bc",vdt_gun_280_x3,1.6532,1.7323,0.81,,spee_gun_var_280_x3,1.4546,1.5219,0.81,,spee_gun_var_280_x3,1.4546,1.5219,0.81,,spee_gun_var_280_x3,1.4546,1.5219,0.81,,spee_gun_var_280_x3,1.4546,1.5219,0.81,,,,,,,,,,,
"gun_18_x4_austria_bb,bc",,457,gun_18_x4,austria,"bb, bc",vdt_gun_280_x4,1.6532,1.7323,0.735,,spee_gun_280_x4_a,1.4546,1.5219,0.735,,spee_gun_280_x4_a,1.4546,1.5219,0.735,,spee_gun_280_x4_a,1.4546,1.5219,0.735,,spee_gun_280_x4_a,1.4546,1.5219,0.735,,,,,,,,,,,
"gun_19_x1_austria_bb,bc",,483,gun_19_x1,austria,"bb, bc",vdt_gun_280_x1,1.7423,1.8214,1.16,,spee_gun_var_280_x1,1.5319,1.5992,1.16,,spee_gun_var_280_x1,1.5319,1.5992,1.16,,spee_gun_var_280_x1,1.5319,1.5992,1.16,,spee_gun_var_280_x1,1.5319,1.5992,1.16,,,,,,,,,,,
"gun_19_x2_austria_bb,bc",,483,gun_19_x2,austria,"bb, bc",vdt_gun_280_x2,1.7423,1.8214,0.95,,spee_gun_var_280_x2,1.5319,1.5992,0.95,,spee_gun_var_280_x2,1.5319,1.5992,0.95,,spee_gun_var_280_x2,1.5319,1.5992,0.95,,spee_gun_var_280_x2,1.5319,1.5992,0.95,,,,,,,,,,,
"gun_19_x3_austria_bb,bc",,483,gun_19_x3,austria,"bb, bc",vdt_gun_280_x3,1.7423,1.8214,0.78,,spee_gun_var_280_x3,1.5319,1.5992,0.78,,spee_gun_var_280_x3,1.5319,1.5992,0.78,,spee_gun_var_280_x3,1.5319,1.5992,0.78,,spee_gun_var_280_x3,1.5319,1.5992,0.78,,,,,,,,,,,
"gun_19_x4_austria_bb,bc",,483,gun_19_x4,austria,"bb, bc",vdt_gun_280_x4,1.7423,1.8214,0.725,,spee_gun_280_x4_a,1.5319,1.5992,0.725,,spee_gun_280_x4_a,1.5319,1.5992,0.725,,spee_gun_280_x4_a,1.5319,1.5992,0.725,,spee_gun_280_x4_a,1.5319,1.5992,0.725,,,,,,,,,,,
"gun_20_x1_austria_bb,bc",,508,gun_20_x1,austria,"bb, bc",vdt_gun_280_x1,1.8314,1.9105,1.05,,spee_gun_var_280_x1,1.6092,1.6765,1.05,,spee_gun_var_280_x1,1.6092,1.6765,1.05,,spee_gun_var_280_x1,1.6092,1.6765,1.05,,spee_gun_var_280_x1,1.6092,1.6765,1.05,,,,,,,,,,,
"gun_20_x2_austria_bb,bc",,508,gun_20_x2,austria,"bb, bc",vdt_gun_280_x2,1.8314,1.9105,0.85,,spee_gun_var_280_x2,1.6092,1.6765,0.85,,spee_gun_var_280_x2,1.6092,1.6765,0.85,,spee_gun_var_280_x2,1.6092,1.6765,0.85,,spee_gun_var_280_x2,1.6092,1.6765,0.85,,,,,,,,,,,
"gun_20_x3_austria_bb,bc",,508,gun_20_x3,austria,"bb, bc",vdt_gun_280_x3,1.8314,1.9105,0.7,,spee_gun_var_280_x3,1.6092,1.6765,0.7,,spee_gun_var_280_x3,1.6092,1.6765,0.7,,spee_gun_var_280_x3,1.6092,1.6765,0.7,,spee_gun_var_280_x3,1.6092,1.6765,0.7,,,,,,,,,,,
"gun_20_x4_austria_bb,bc",,508,gun_20_x4,austria,"bb, bc",vdt_gun_280_x4,1.8314,1.9105,0.65,,spee_gun_280_x4_a,1.6092,1.6765,0.65,,spee_gun_280_x4_a,1.6092,1.6765,0.65,,spee_gun_280_x4_a,1.6092,1.6765,0.65,,spee_gun_280_x4_a,1.6092,1.6765,0.65,,,,,,,,,,,
gun_2_x1_alt_austria,,51,gun_2_x1_alt,austria,,cressy_gun_76_x1,1.2206,1.43,0.92,,cressy_gun_76_x1,1.2358,1.4478,0.92,,atlanta_gun_28_x1,1.1653,1.3653,0.92,,atlanta_gun_28_x1,1.1798,1.3822,0.92,,atlanta_gun_28_x1,1.1946,1.3996,0.92,,,,,,,,,,,
gun_2_x2_alt_austria,,51,gun_2_x2_alt,austria,,tsesarevich_gun_152_x2,0.6051,0.709,0.7,,tsesarevich_gun_152_x2,0.6127,0.7179,0.7,,atlanta_gun_28_x2,1.1653,1.3653,0.7,,atlanta_gun_28_x2,1.1798,1.3822,0.7,,atlanta_gun_28_x2,1.1946,1.3996,0.7,,,,,,,,,,,
gun_2_x3_alt_austria,,51,gun_2_x3_alt,austria,,dreadnought_gun_178_x3,0.4813,0.5639,0.55,,dreadnought_gun_178_x3,0.4873,0.5709,0.55,,atlanta_gun_28_x3,1.1653,1.3653,0.55,,atlanta_gun_28_x3,1.1798,1.3822,0.55,,atlanta_gun_28_x3,1.1946,1.3996,0.55,,,,,,,,,,,
gun_3_x1_alt_austria,,76,gun_3_x1_alt,austria,,brandenburg_gun_76_x1,0.92,1.0299,1.45,,ny_gun_150_x1,0.7786,0.8716,1.45,,spee_gun_150_x1,0.7999,0.8955,1.45,,spee_gun_150_x1,0.8099,0.9067,1.45,,kgeorge_gun_133_x1,0.6884,0.7707,1.45,,,,,,,,,,,
gun_3_x2_alt_austria,,76,gun_3_x2_alt,austria,,tsesarevich_gun_152_x2,0.7688,0.8607,1.08,,tsesarevich_gun_152_x2,0.7784,0.8714,1.08,,spee_gun_150_x2,0.7999,0.8955,1.08,,spee_gun_150_x2,0.8099,0.9067,1.08,,kgeorge_gun_133_x2,0.6884,0.7707,1.08,,,,,,,,,,,
gun_3_x3_alt_austria,,76,gun_3_x3_alt,austria,,dreadnought_gun_178_x3,0.6114,0.6845,0.83,,dreadnought_gun_178_x3,0.619,0.693,0.83,,spee_gun_150_x3,0.7999,0.8955,0.83,,spee_gun_150_x3,0.8099,0.9067,0.83,,kgeorge_gun_133_x3,0.6884,0.7707,0.83,,,,,,,,,,,
gun_4_x1_alt_austria,,102,gun_4_x1_alt,austria,,brandenburg_gun_76_x1,1.0976,1.1974,1.7,,dd_s_gun_c_102_x1,0.9313,1.0159,1.7,,spee_gun_150_x1,0.9543,1.041,1.7,,spee_gun_150_x1,0.9662,1.054,1.7,,spee_gun_150_x1,0.9783,1.0672,1.7,,,,,,,,,,,
gun_4_x2_alt_austria,,102,gun_4_x2_alt,austria,,tsesarevich_gun_152_x2,0.9172,1.0006,1.28,,tsesarevich_gun_152_x2,0.9287,1.0131,1.28,,spee_gun_150_x2,0.9543,1.041,1.28,,spee_gun_150_x2,0.9662,1.054,1.28,,spee_gun_150_x2,0.9783,1.0672,1.28,,,,,,,,,,,
gun_4_x3_alt_austria,,102,gun_4_x3_alt,austria,,dreadnought_gun_178_x3,0.7294,0.7957,1,,dreadnought_gun_178_x3,0.7385,0.8056,1,,spee_gun_150_x3,0.9543,1.041,1,,spee_gun_150_x3,0.9662,1.054,1,,spee_gun_150_x3,0.9783,1.0672,1,,,,,,,,,,,
gun_5_x1_alt_austria,,127,gun_5_x1_alt,austria,,tsesarevich_gun_152_x1,1.0461,1.1234,1.25,,tsesarevich_gun_152_x1,1.0592,1.1375,1.25,,vdt_gun_200_x1,0.8155,0.8758,1.25,,vdt_gun_200_x1,0.8256,0.8866,1.25,,ussr_gun_100_x1,1.0424,1.1194,1.25,,,,,,,,,,,
gun_5_x2_alt_austria,,127,gun_5_x2_alt,austria,,tsesarevich_gun_152_x2,1.0461,1.1234,0.95,,tsesarevich_gun_152_x2,1.0592,1.1375,0.95,,vdt_gun_200_x2,0.8155,0.8758,0.95,,vdt_gun_200_x2,0.8256,0.8866,0.95,,ussr_gun_100_x2,1.0427,1.1198,0.95,,,,,,,,,,,
gun_5_x3_alt_austria,,127,gun_5_x3_alt,austria,,didox_gun_cal133_x3,0.834,0.8956,0.75,,didox_gun_cal133_x3,0.8444,0.9068,0.75,,dant_gun_240_x3,0.534,0.5735,0.75,,dant_gun_240_x3,0.5406,0.5806,0.75,,ussr_gun_100_x3,1.0424,1.1194,0.75,,,,,,,,,,,
gun_6_x2_alt_austria,,152,gun_6_x2_alt,austria,,tsesarevich_gun_152_x2,1.1652,1.2378,0.86,,vdt_gun_200_x2,0.8972,0.9531,0.86,,dido_gun_cal200_x2,0.5952,0.6323,0.86,,dido_gun_cal200_x2,0.6026,0.6402,0.86,,richelieu_gun_152_x2,0.966,1.0262,0.86,,,,,,,,,,,
gun_6_x3_alt_austria,,152,gun_6_x3_alt,austria,,didox_gun_cal133_x3,0.9289,0.9868,0.66,,didox_gun_cal133_x3,0.9405,0.9991,0.66,,dido_gun_cal200_x3,0.5952,0.6323,0.66,,dido_gun_cal200_x3,0.6026,0.6402,0.66,,richelieu_gun_152_x3,0.966,1.0262,0.66,,,,,,,,,,,
gun_7_x2_alt_austria,,178,gun_7_x2_alt,austria,,tsesarevich_gun_152_x2,1.3143,1.3846,0.9,,vdt_gun_200_x2,1.0119,1.0661,0.9,,dido_gun_cal200_x2,0.6714,0.7074,0.9,,mont_gun_152_x2,1.1626,1.2248,0.9,,mont_gun_152_x2,1.1771,1.2401,0.9,,,,,,,,,,,
gun_7_x3_alt_austria,,178,gun_7_x3_alt,austria,,didox_gun_cal133_x3,1.0478,1.1039,0.705,,didox_gun_cal133_x3,1.0608,1.1176,0.705,,dido_gun_cal200_x3,0.6714,0.7074,0.705,,mont_gun_152_x3,1.1626,1.2248,0.705,,mont_gun_152_x3,1.1771,1.2401,0.705,,,,,,,,,,,
gun_8_x2_alt_austria,,203,gun_8_x2_alt,austria,,brandenburg_gun_279_x2,0.7245,0.7587,0.88,,friedrich_gun_228_x2,0.8034,0.8413,0.88,,vdt_gun_280_x2,0.7432,0.7783,0.88,,vdt_gun_280_x2,0.7524,0.7879,0.88,,vdt_gun_280_x2,0.7618,0.7977,0.88,,,,,,,,,,,
gun_8_x3_alt_austria,,203,gun_8_x3_alt,austria,,dido_gun_cal200_x3,0.7259,0.7602,0.69,,dido_gun_cal200_x3,0.7349,0.7696,0.69,,vdt_gun_280_x3,0.7432,0.7783,0.69,,vdt_gun_280_x3,0.7524,0.7879,0.69,,vdt_gun_280_x3,0.7618,0.7977,0.69,,,,,,,,,,,
gun_9_x2_alt_austria,,229,gun_9_x2_alt,austria,,brandenburg_gun_279_x2,0.7981,0.8316,0.82,,friedrich_gun_228_x2,0.885,0.9222,0.82,,warrior_gun_228_x2,1.0685,1.1134,0.82,,warrior_gun_228_x2,1.0817,1.1271,0.82,,british_adv_cruiser_152_gun_x2,1.1164,1.1633,0.82,,,,,,,,,,,
gun_9_x3_alt_austria,,229,gun_9_x3_alt,austria,,dido_gun_cal200_x3,0.7996,0.8332,0.64,,dido_gun_cal200_x3,0.8096,0.8436,0.64,,warrior_gun_228_x3,1.0685,1.1134,0.64,,warrior_gun_228_x3,1.0817,1.1271,0.64,,british_adv_cruiser_152_gun_x3,1.1164,1.1633,0.64,,,,,,,,,,,
gun_10_x2_alt_austria,,254,gun_10_x2_alt,austria,,brandenburg_gun_279_x2,0.869,0.902,0.9,,dante_gun_240_x2,0.8808,0.9142,0.9,,irresistible_gun_305_x2,0.8923,0.9262,0.9,,irresistible_gun_305_x2,0.9037,0.938,0.9,,nelson_gun_406_x2,0.6865,0.7126,0.9,,,,,,,,,,,
gun_10_x3_alt_austria,,254,gun_10_x3_alt,austria,,dido_gun_cal200_x3,0.8707,0.9038,0.68,,dant_gun_240_x3,0.8808,0.9142,0.68,,irresistible_gun_305_x3,0.8923,0.9262,0.68,,irresistible_gun_305_x3,0.9037,0.938,0.68,,nelson_gun_406_x3,0.6865,0.7126,0.68,,,,,,,,,,,
gun_11_x2_alt_austria,,279,gun_11_x2_alt,austria,,brandenburg_gun_279_x2,0.9402,0.9728,0.82,,friedrich_gun_228_x2,1.0425,1.0786,0.82,,vdt_gun_280_x2,0.9644,0.9978,0.82,,vdt_gun_280_x2,0.9764,1.0102,0.82,,vdt_gun_280_x2,0.9886,1.0229,0.82,,,,,,,,,,,
gun_11_x3_alt_austria,,279,gun_11_x3_alt,austria,,dido_gun_cal200_x3,0.942,0.9746,0.66,,dido_gun_cal200_x3,0.9537,0.9868,0.66,,vdt_gun_280_x3,0.9644,0.9978,0.66,,vdt_gun_280_x3,0.9764,1.0102,0.66,,vdt_gun_280_x3,0.9886,1.0229,0.66,,,,,,,,,,,
gun_12_x2_alt_austria,,305,gun_12_x2_alt,austria,,friedrich_gun_305_x2,1.0147,1.0469,0.82,,friedrich_gun_228_x2,1.1252,1.1609,0.82,,dreadnought_gun_c_305_x2,1.06,1.0937,0.82,,dreadnought_gun_c_305_x2,1.0734,1.1075,0.82,,kgeorge_gun_380_x2,0.9138,0.9428,0.82,,,,,,,,,,,
gun_12_x3_alt_austria,,305,gun_12_x3_alt,austria,,dido_gun_cal200_x3,1.0167,1.049,0.66,,dido_gun_cal200_x3,1.0293,1.062,0.66,,dreadnought_gun_c_305_x3,1.06,1.0937,0.66,,dreadnought_gun_c_305_x3,1.0734,1.1075,0.66,,kgeorge_gun_380_x3,0.9138,0.9428,0.66,,,,,,,,,,,
gun_13_x2_alt_austria,,330,gun_13_x2_alt,austria,,friedrich_gun_305_x2,1.0869,1.1189,0.88,,friedrich_gun_228_x2,1.2052,1.2406,0.88,,vdt_gun_280_x2,1.1149,1.1477,0.88,,vdt_gun_280_x2,1.1287,1.1619,0.88,,richelieu_gun_380_x2,0.918,0.945,0.88,,,,,,,,,,,
gun_13_x3_alt_austria,,330,gun_13_x3_alt,austria,,dido_gun_cal200_x3,1.089,1.121,0.705,,dido_gun_cal200_x3,1.1025,1.1349,0.705,,vdt_gun_280_x3,1.1149,1.1477,0.705,,vdt_gun_280_x3,1.1287,1.1619,0.705,,richelieu_gun_380_x3,0.918,0.945,0.705,,,,,,,,,,,
gun_14_x2_alt_austria,,356,gun_14_x2_alt,austria,,vdt_gun_280_x2,1.1632,1.195,0.88,,vdt_gun_280_x2,1.1777,1.2099,0.88,,vdt_gun_280_x2,1.1925,1.2251,0.88,,spee_gun_280_x2_a,1.302,1.3376,0.88,,spee_gun_var_280_x2,1.3184,1.3544,0.88,,,,,,,,,,,
gun_14_x3_alt_austria,,356,gun_14_x3_alt,austria,,vdt_gun_280_x3,1.1632,1.195,0.705,,vdt_gun_280_x3,1.1777,1.2099,0.705,,vdt_gun_280_x3,1.1925,1.2251,0.705,,spee_gun_280_x3_a,1.302,1.3376,0.705,,spee_gun_var_280_x3,1.3184,1.3544,0.705,,,,,,,,,,,
gun_15_x2_alt_austria,,381,gun_15_x2_alt,austria,,vdt_gun_280_x2,1.2367,1.2683,0.9,,vdt_gun_280_x2,1.2521,1.2841,0.9,,vdt_gun_280_x2,1.2679,1.3003,0.9,,kgeorge_gun_380_x2,1.0994,1.1275,0.9,,kgeorge_gun_380_x2_c,1.1131,1.1415,0.9,,,,,,,,,,,
gun_15_x3_alt_austria,,381,gun_15_x3_alt,austria,,vdt_gun_280_x3,1.2367,1.2683,0.72,,vdt_gun_280_x3,1.2521,1.2841,0.72,,vdt_gun_280_x3,1.2679,1.3003,0.72,,kgeorge_gun_380_x3,1.0994,1.1275,0.72,,kgeorge_gun_380_x3_c,1.1131,1.1415,0.72,,,,,,,,,,,
gun_16_x2_alt_austria,,406,gun_16_x2_alt,austria,,vdt_gun_280_x2,1.3109,1.3424,0.93,,vdt_gun_280_x2,1.3273,1.3592,0.93,,dreadnought_gun_b_305_x2,1.3454,1.3777,0.93,,ussr_gun_406_x2,0.9088,0.9306,0.93,,ussr_gun_406_x2,0.9201,0.9422,0.93,,,,,,,,,,,
gun_16_x3_alt_austria,,406,gun_16_x3_alt,austria,,vdt_gun_280_x3,1.3109,1.3424,0.75,,vdt_gun_280_x3,1.3273,1.3592,0.75,,dreadnought_gun_b_305_x3,1.3454,1.3777,0.75,,ussr_gun_406_x3,0.9088,0.9306,0.75,,ussr_gun_406_x3,0.9201,0.9422,0.75,,,,,,,,,,,
gun_17_x2_alt_austria,,432,gun_17_x2_alt,austria,,vdt_gun_280_x2,1.3889,1.4203,0.95,,vdt_gun_280_x2,1.4062,1.438,0.95,,spee_gun_280_x2_a,1.5354,1.5701,0.95,,richelieu_gun_380_x2,1.1578,1.184,0.95,,richelieu_gun_380_x2,1.1724,1.1989,0.95,,,,,,,,,,,
gun_17_x3_alt_austria,,432,gun_17_x3_alt,austria,,vdt_gun_280_x3,1.3889,1.4203,0.775,,vdt_gun_280_x3,1.4062,1.438,0.775,,spee_gun_280_x3_a,1.5354,1.5701,0.775,,richelieu_gun_380_x3,1.1578,1.184,0.775,,richelieu_gun_380_x3,1.1724,1.1989,0.775,,,,,,,,,,,
gun_18_x2_alt_austria,,457,gun_18_x2_alt,austria,,vdt_gun_280_x2,1.4646,1.4959,0.985,,spee_gun_280_x2_a,1.5992,1.6334,0.985,,spee_gun_280_x2_a,1.6191,1.6537,0.985,,spee_gun_var_280_x2,1.6394,1.6744,0.985,,spee_gun_var_280_x2,1.6601,1.6956,0.985,,,,,,,,,,,
gun_18_x3_alt_austria,,457,gun_18_x3_alt,austria,,vdt_gun_280_x3,1.4646,1.4959,0.81,,spee_gun_280_x3_a,1.5992,1.6334,0.81,,spee_gun_280_x3_a,1.6191,1.6537,0.81,,spee_gun_var_280_x3,1.6394,1.6744,0.81,,spee_gun_var_280_x3,1.6601,1.6956,0.81,,,,,,,,,,,
###,,,###,,,,,,,,,,,,,,,,,,,,,,,,,,,,,,,,,,,,,
gun_2_x1_spain,,51,gun_2_x1,spain,,,,,,,,,,,,,,,,,,,,,,,,,,,,,,,,,,,,
gun_2_x2_spain,,51,gun_2_x2,spain,,,,,,,,,,,,,,,,,,,,,,,,,,,,,,,,,,,,
gun_2_x3_spain,,51,gun_2_x3,spain,,,,,,,,,,,,,,,,,,,,,,,,,,,,,,,,,,,,
gun_2_x4_spain,,51,gun_2_x4,spain,,,,,,,,,,,,,,,,,,,,,,,,,,,,,,,,,,,,
gun_3_x1_spain_dd,,76,gun_3_x1,spain,"dd, tb",,,,,,,,,,,,,,,,,,,,,,,,,,,,,,,,,,,
gun_3_x2_spain_dd,,76,gun_3_x2,spain,"dd, tb",,,,,,,,,,,,,,,,,,,,,,,,,,,,,,,,,,,
gun_3_x3_spain_dd,,76,gun_3_x3,spain,"dd, tb",,,,,,,,,,,,,,,,,,,,,,,,,,,,,,,,,,,
gun_3_x4_spain_dd,,76,gun_3_x4,spain,"dd, tb",,,,,,,,,,,,,,,,,,,,,,,,,,,,,,,,,,,
gun_4_x1_spain_dd,,102,gun_4_x1,spain,"dd, tb",,,,,,,,,,,,,,,,,,,,,,,,,,,,,,,,,,,
gun_4_x2_spain_dd,,102,gun_4_x2,spain,"dd, tb",,,,,,,,,,,,,,,,,,,,,,,,,,,,,,,,,,,
gun_4_x3_spain_dd,,102,gun_4_x3,spain,"dd, tb",,,,,,,,,,,,,,,,,,,,,,,,,,,,,,,,,,,
gun_4_x4_spain_dd,,102,gun_4_x4,spain,"dd, tb",,,,,,,,,,,,,,,,,,,,,,,,,,,,,,,,,,,
gun_5_x1_spain_dd,,127,gun_5_x1,spain,"dd, tb",,,,,,,,,,,,,,,,,,,,,,,,,,,,,,,,,,,
gun_5_x2_spain_dd,,127,gun_5_x2,spain,"dd, tb",,,,,,,,,,,,,,,,,,,,,,,,,,,,,,,,,,,
gun_5_x3_spain_dd,,127,gun_5_x3,spain,"dd, tb",,,,,,,,,,,,,,,,,,,,,,,,,,,,,,,,,,,
gun_5_x4_spain_dd,,127,gun_5_x4,spain,"dd, tb",,,,,,,,,,,,,,,,,,,,,,,,,,,,,,,,,,,
gun_3_x1_spain_cl,,76,gun_3_x1,spain,cl,,,,,,,,,,,,,,,,,,,,,,,,,,,,,,,,,,,
gun_3_x2_spain_cl,,76,gun_3_x2,spain,cl,,,,,,,,,,,,,,,,,,,,,,,,,,,,,,,,,,,
gun_3_x3_spain_cl,,76,gun_3_x3,spain,cl,,,,,,,,,,,,,,,,,,,,,,,,,,,,,,,,,,,
gun_3_x4_spain_cl,,76,gun_3_x4,spain,cl,,,,,,,,,,,,,,,,,,,,,,,,,,,,,,,,,,,
gun_4_x1_spain_cl,,102,gun_4_x1,spain,cl,,,,,,,,,,,,,,,,,,,,,,,,,,,,,,,,,,,
gun_4_x2_spain_cl,,102,gun_4_x2,spain,cl,,,,,,,,,,,,,,,,,,,,,,,,,,,,,,,,,,,
gun_4_x3_spain_cl,,102,gun_4_x3,spain,cl,,,,,,,,,,,,,,,,,,,,,,,,,,,,,,,,,,,
gun_4_x4_spain_cl,,102,gun_4_x4,spain,cl,,,,,,,,,,,,,,,,,,,,,,,,,,,,,,,,,,,
gun_5_x1_spain_cl,,127,gun_5_x1,spain,cl,,,,,,,,,,,,,,,,,,,,,,,,,,,,,,,,,,,
gun_5_x2_spain_cl,,127,gun_5_x2,spain,cl,,,,,,,,,,,,,,,,,,,,,,,,,,,,,,,,,,,
gun_5_x3_spain_cl,,127,gun_5_x3,spain,cl,,,,,,,,,,,,,,,,,,,,,,,,,,,,,,,,,,,
gun_5_x4_spain_cl,,127,gun_5_x4,spain,cl,,,,,,,,,,,,,,,,,,,,,,,,,,,,,,,,,,,
gun_6_x1_spain_cl,,152,gun_6_x1,spain,cl,,,,,,,,,,,,,,,,,,,,,,,,,,,,,,,,,,,
gun_6_x2_spain_cl,,152,gun_6_x2,spain,cl,,,,,,,,,,,,,,,,,,,,,,,,,,,,,,,,,,,
gun_6_x3_spain_cl,,152,gun_6_x3,spain,cl,,,,,,,,,,,,,,,,,,,,,,,,,,,,,,,,,,,
gun_6_x4_spain_cl,,152,gun_6_x4,spain,cl,,,,,,,,,,,,,,,,,,,,,,,,,,,,,,,,,,,
"gun_3_x1_spain_ca,bb,bc",,76,gun_3_x1,spain,"ca, bb, bc",tsesarevich_gun_152_x1,0.4915,0.626,1.45,,,,,1.45,,,,,1.45,,,,,1.45,,,,,1.45,,,,,,,,,,,
"gun_3_x2_spain_ca,bb,bc",,76,gun_3_x2,spain,"ca, bb, bc",tsesarevich_gun_152_x2,0.4915,0.626,1.08,,,,,1.08,,,,,1.08,,,,,1.08,,,,,1.08,,,,,,,,,,,
"gun_3_x3_spain_ca,bb,bc",,76,gun_3_x3,spain,"ca, bb, bc",tsesarevich_gun_152_x3,0.4915,0.626,0.83,,,,,0.83,,,,,0.83,,,,,0.83,,,,,0.83,,,,,,,,,,,
"gun_3_x4_spain_ca,bb,bc",,76,gun_3_x4,spain,"ca, bb, bc",,,,,,,,,,,,,,,,,,,,,,,,,,,,,,,,,,,
"gun_4_x1_spain_ca,bb,bc",,102,gun_4_x1,spain,"ca, bb, bc",tsesarevich_gun_152_x1,0.646,0.7805,1.7,,,,,1.7,,,,,1.7,,,,,1.7,,,,,1.7,,,,,,,,,,,
"gun_4_x2_spain_ca,bb,bc",,102,gun_4_x2,spain,"ca, bb, bc",tsesarevich_gun_152_x2,0.646,0.7805,1.28,,,,,1.28,,,,,1.28,,,,,1.28,,,,,1.28,,,,,,,,,,,
"gun_4_x3_spain_ca,bb,bc",,102,gun_4_x3,spain,"ca, bb, bc",tsesarevich_gun_152_x3,0.646,0.7805,1,,,,,1,,,,,1,,,,,1,,,,,1,,,,,,,,,,,
"gun_4_x4_spain_ca,bb,bc",,102,gun_4_x4,spain,"ca, bb, bc",,,,,,,,,,,,,,,,,,,,,,,,,,,,,,,,,,,
"gun_5_x1_spain_ca,bb,bc",,127,gun_5_x1,spain,"ca, bb, bc",tsesarevich_gun_152_x1,0.8005,0.935,1.25,,,,,1.25,,,,,1.25,,,,,1.25,,,,,1.25,,,,,,,,,,,
"gun_5_x2_spain_ca,bb,bc",,127,gun_5_x2,spain,"ca, bb, bc",tsesarevich_gun_152_x2,0.8005,0.935,0.95,,,,,0.95,,,,,0.95,,,,,0.95,,,,,0.95,,,,,,,,,,,
"gun_5_x3_spain_ca,bb,bc",,127,gun_5_x3,spain,"ca, bb, bc",tsesarevich_gun_152_x3,0.8005,0.935,0.75,,,,,0.75,,,,,0.75,,,,,0.75,,,,,0.75,,,,,,,,,,,
"gun_5_x4_spain_ca,bb,bc",,127,gun_5_x4,spain,"ca, bb, bc",,,,,,,,,,,,,,,,,,,,,,,,,,,,,,,,,,,
"gun_6_x1_spain_ca,bb,bc",,152,gun_6_x1,spain,"ca, bb, bc",tsesarevich_gun_152_x1,0.955,1.0895,1.185,,,,,1.185,,,,,1.185,,,,,1.185,,,,,1.185,,,,,,,,,,,
"gun_6_x2_spain_ca,bb,bc",,152,gun_6_x2,spain,"ca, bb, bc",tsesarevich_gun_152_x2,0.955,1.0895,0.86,,,,,0.86,,,,,0.86,,,,,0.86,,,,,0.86,,,,,,,,,,,
"gun_6_x3_spain_ca,bb,bc",,152,gun_6_x3,spain,"ca, bb, bc",tsesarevich_gun_152_x3,0.955,1.0895,0.66,,,,,0.66,,,,,0.66,,,,,0.66,,,,,0.66,,,,,,,,,,,
"gun_6_x4_spain_ca,bb,bc",,152,gun_6_x4,spain,"ca, bb, bc",,,,,,,,,,,,,,,,,,,,,,,,,,,,,,,,,,,
"gun_7_x1_spain_cl,ca,bb,bc",,178,gun_7_x1,spain,"cl, ca, bb, bc",tsesarevich_gun_152_x1,1.1095,1.244,1.21,,,,,1.21,,,,,1.21,,,,,1.21,,,,,1.21,,,,,,,,,,,
"gun_7_x2_spain_cl,ca,bb,bc",,178,gun_7_x2,spain,"cl, ca, bb, bc",tsesarevich_gun_152_x2,1.1095,1.244,0.9,,,,,0.9,,,,,0.9,,,,,0.9,,,,,0.9,,,,,,,,,,,
"gun_7_x3_spain_cl,ca,bb,bc",,178,gun_7_x3,spain,"cl, ca, bb, bc",tsesarevich_gun_152_x3,1.1095,1.244,0.705,,,,,0.705,,,,,0.705,,,,,0.705,,,,,0.705,,,,,,,,,,,
"gun_7_x4_spain_cl,ca,bb,bc",,178,gun_7_x4,spain,"cl, ca, bb, bc",,,,,,,,,,,,,,,,,,,,,,,,,,,,,,,,,,,
"gun_8_x1_spain_ca,bb,bc",,203,gun_8_x1,spain,"ca, bb, bc",tsesarevich_gun_152_x1,1.264,1.3985,1.17,,,,,1.17,,,,,1.17,,,,,1.17,,,,,1.17,,,,,,,,,,,
"gun_8_x2_spain_ca,bb,bc",,203,gun_8_x2,spain,"ca, bb, bc",tsesarevich_gun_152_x2,1.264,1.3985,0.88,,,,,0.88,,,,,0.88,,,,,0.88,,,,,0.88,,,,,,,,,,,
"gun_8_x3_spain_ca,bb,bc",,203,gun_8_x3,spain,"ca, bb, bc",tsesarevich_gun_152_x3,1.264,1.3985,0.69,,,,,0.69,,,,,0.69,,,,,0.69,,,,,0.69,,,,,,,,,,,
"gun_8_x4_spain_ca,bb,bc",,203,gun_8_x4,spain,"ca, bb, bc",,,,,,,,,,,,,,,,,,,,,,,,,,,,,,,,,,,
"gun_9_x1_spain_ca,bb,bc",,229,gun_9_x1,spain,"ca, bb, bc",,,,,,,,,,,,,,,,,,,,,kgeorge_gun_380_x1,0.6125,0.665,,,,,,,,,,,,
"gun_9_x2_spain_ca,bb,bc",,229,gun_9_x2,spain,"ca, bb, bc",,,,,,,,,,,,,,,,,,,,,kgeorge_gun_380_x2,0.6125,0.665,,,,,,,,,,,,
"gun_9_x3_spain_ca,bb,bc",,229,gun_9_x3,spain,"ca, bb, bc",,,,,,,,,,,,,,,,,,,,,kgeorge_gun_380_x3,0.6125,0.665,,,,,,,,,,,,
"gun_9_x4_spain_ca,bb,bc",,229,gun_9_x4,spain,"ca, bb, bc",,,,,,,,,,,,,,,,,,,,,kgeorge_gun_380_x4,0.6125,0.665,,,,,,,,,,,,
"gun_10_x1_spain_ca,bb,bc",,254,gun_10_x1,spain,"ca, bb, bc",,,,,,,,,,,,,,,,,,,,,kgeorge_gun_380_x1,0.675,0.7275,,,,,,,,,,,,
"gun_10_x2_spain_ca,bb,bc",,254,gun_10_x2,spain,"ca, bb, bc",,,,,,,,,,,,,,,,,,,,,kgeorge_gun_380_x2,0.675,0.7275,,,,,,,,,,,,
"gun_10_x3_spain_ca,bb,bc",,254,gun_10_x3,spain,"ca, bb, bc",,,,,,,,,,,,,,,,,,,,,kgeorge_gun_380_x3,0.675,0.7275,,,,,,,,,,,,
"gun_10_x4_spain_ca,bb,bc",,254,gun_10_x4,spain,"ca, bb, bc",,,,,,,,,,,,,,,,,,,,,kgeorge_gun_380_x4,0.675,0.7275,,,,,,,,,,,,
"gun_11_x1_spain_ca,bb,bc",,279,gun_11_x1,spain,"ca, bb, bc",,,,,,,,,,,,,,,,,,,,,kgeorge_gun_380_x1,0.7375,0.79,,,,,,,,,,,,
"gun_11_x2_spain_ca,bb,bc",,279,gun_11_x2,spain,"ca, bb, bc",,,,,,,,,,,,,,,,,,,,,kgeorge_gun_380_x2,0.7375,0.79,,,,,,,,,,,,
"gun_11_x3_spain_ca,bb,bc",,279,gun_11_x3,spain,"ca, bb, bc",,,,,,,,,,,,,,,,,,,,,kgeorge_gun_380_x3,0.7375,0.79,,,,,,,,,,,,
"gun_11_x4_spain_ca,bb,bc",,279,gun_11_x4,spain,"ca, bb, bc",,,,,,,,,,,,,,,,,,,,,kgeorge_gun_380_x4,0.7375,0.79,,,,,,,,,,,,
"gun_12_x1_spain_bb,bc",,305,gun_12_x1,spain,"bb, bc",brandenburg_gun_279_x1,1.161,1.242,1.07,,,,,1.07,,,,,1.07,,,,,1.07,,kgeorge_gun_380_x1,0.8,0.8525,1.07,,,,,,,,,,,
"gun_12_x2_spain_bb,bc",,305,gun_12_x2,spain,"bb, bc",brandenburg_gun_279_x2,1.161,1.242,0.82,,,,,0.82,,,,,0.82,,,,,0.82,,kgeorge_gun_380_x2,0.8,0.8525,0.82,,,,,,,,,,,
"gun_12_x3_spain_bb,bc",,305,gun_12_x3,spain,"bb, bc",brandenburg_gun_279_x3,1.161,1.242,0.66,,,,,0.66,,,,,0.66,,,,,0.66,,kgeorge_gun_380_x3,0.8,0.8525,0.66,,,,,,,,,,,
"gun_12_x4_spain_bb,bc",,305,gun_12_x4,spain,"bb, bc",,,,,,,,,,,,,,,,,,,,,kgeorge_gun_380_x4,0.8,0.8525,,,,,,,,,,,,
"gun_13_x1_spain_bb,bc",,330,gun_13_x1,spain,"bb, bc",brandenburg_gun_279_x1,1.252,1.333,1.13,,,,,1.13,,,,,1.13,,,,,1.13,,kgeorge_gun_380_x1,0.8625,0.915,1.13,,,,,,,,,,,
"gun_13_x2_spain_bb,bc",,330,gun_13_x2,spain,"bb, bc",brandenburg_gun_279_x2,1.252,1.333,0.88,,,,,0.88,,,,,0.88,,,,,0.88,,kgeorge_gun_380_x2,0.8625,0.915,0.88,,,,,,,,,,,
"gun_13_x3_spain_bb,bc",,330,gun_13_x3,spain,"bb, bc",brandenburg_gun_279_x3,1.252,1.333,0.705,,,,,0.705,,,,,0.705,,,,,0.705,,kgeorge_gun_380_x3,0.8625,0.915,0.705,,,,,,,,,,,
"gun_13_x4_spain_bb,bc",,330,gun_13_x4,spain,"bb, bc",,,,,,,,,,,,,,,,,,,,,kgeorge_gun_380_x4,0.8625,0.915,,,,,,,,,,,,
"gun_14_x1_spain_bb,bc",,356,gun_14_x1,spain,"bb, bc",brandenburg_gun_279_x1,1.343,1.424,1.13,,,,,1.13,,,,,1.13,,,,,1.13,,kgeorge_gun_380_x1,0.925,0.9775,1.13,,,,,,,,,,,
"gun_14_x2_spain_bb,bc",,356,gun_14_x2,spain,"bb, bc",brandenburg_gun_279_x2,1.343,1.424,0.88,,,,,0.88,,,,,0.88,,,,,0.88,,kgeorge_gun_380_x2,0.925,0.9775,0.88,,,,,,,,,,,
"gun_14_x3_spain_bb,bc",,356,gun_14_x3,spain,"bb, bc",brandenburg_gun_279_x3,1.343,1.424,0.705,,,,,0.705,,,,,0.705,,,,,0.705,,kgeorge_gun_380_x3,0.925,0.9775,0.705,,,,,,,,,,,
"gun_14_x4_spain_bb,bc",,356,gun_14_x4,spain,"bb, bc",,,,,,,,,,,,,,,,,,,,,kgeorge_gun_380_x4,0.925,0.9775,,,,,,,,,,,,
"gun_15_x1_spain_bb,bc",,381,gun_15_x1,spain,"bb, bc",brandenburg_gun_279_x1,1.434,1.515,1.14,,kgeorge_gun_380_x1,0.9875,1.04,1.14,,kgeorge_gun_380_x1,0.9875,1.04,1.14,,kgeorge_gun_380_x1,0.9875,1.04,1.14,,kgeorge_gun_380_x1,0.9875,1.04,1.14,,,,,,,,,,,
"gun_15_x2_spain_bb,bc",,381,gun_15_x2,spain,"bb, bc",brandenburg_gun_279_x2,1.434,1.515,0.9,,kgeorge_gun_380_x2,0.9875,1.04,0.9,,kgeorge_gun_380_x2,0.9875,1.04,0.9,,kgeorge_gun_380_x2,0.9875,1.04,0.9,,kgeorge_gun_380_x2,0.9875,1.04,0.9,,,,,,,,,,,
"gun_15_x3_spain_bb,bc",,381,gun_15_x3,spain,"bb, bc",brandenburg_gun_279_x3,1.434,1.515,0.72,,kgeorge_gun_380_x3,0.9875,1.04,0.72,,kgeorge_gun_380_x3,0.9875,1.04,0.72,,kgeorge_gun_380_x3,0.9875,1.04,0.72,,kgeorge_gun_380_x3,0.9875,1.04,0.72,,,,,,,,,,,
"gun_15_x4_spain_bb,bc",,381,gun_15_x4,spain,"bb, bc",,,,,,kgeorge_gun_380_x4,0.9875,1.04,,,kgeorge_gun_380_x4,0.9875,1.04,,,kgeorge_gun_380_x4,0.9875,1.04,,,kgeorge_gun_380_x4,0.9875,1.04,,,,,,,,,,,,
"gun_16_x1_spain_bb,bc",,406,gun_16_x1,spain,"bb, bc",brandenburg_gun_279_x1,1.525,1.606,1.15,,kgeorge_gun_380_x1,1.05,1.1025,1.15,,kgeorge_gun_380_x1,1.05,1.1025,1.15,,kgeorge_gun_380_x1,1.05,1.1025,1.15,,kgeorge_gun_380_x1,1.05,1.1025,1.15,,,,,,,,,,,
"gun_16_x2_spain_bb,bc",,406,gun_16_x2,spain,"bb, bc",brandenburg_gun_279_x2,1.525,1.606,0.93,,kgeorge_gun_380_x2,1.05,1.1025,0.93,,kgeorge_gun_380_x2,1.05,1.1025,0.93,,kgeorge_gun_380_x2,1.05,1.1025,0.93,,kgeorge_gun_380_x2,1.05,1.1025,0.93,,,,,,,,,,,
"gun_16_x3_spain_bb,bc",,406,gun_16_x3,spain,"bb, bc",brandenburg_gun_279_x3,1.525,1.606,0.75,,kgeorge_gun_380_x3,1.05,1.1025,0.75,,kgeorge_gun_380_x3,1.05,1.1025,0.75,,kgeorge_gun_380_x3,1.05,1.1025,0.75,,kgeorge_gun_380_x3,1.05,1.1025,0.75,,,,,,,,,,,
"gun_16_x4_spain_bb,bc",,406,gun_16_x4,spain,"bb, bc",,,,,,kgeorge_gun_380_x4,1.05,1.1025,,,kgeorge_gun_380_x4,1.05,1.1025,,,kgeorge_gun_380_x4,1.05,1.1025,,,kgeorge_gun_380_x4,1.05,1.1025,,,,,,,,,,,,
"gun_17_x1_spain_bb,bc",,432,gun_17_x1,spain,"bb, bc",kgeorge_gun_380_x1,1.1125,1.165,1.2,,kgeorge_gun_380_x1,1.1125,1.165,1.2,,kgeorge_gun_380_x1,1.1125,1.165,1.2,,kgeorge_gun_380_x1,1.1125,1.165,1.2,,kgeorge_gun_380_x1,1.1125,1.165,1.2,,,,,,,,,,,
"gun_17_x2_spain_bb,bc",,432,gun_17_x2,spain,"bb, bc",kgeorge_gun_380_x2,1.1125,1.165,0.95,,kgeorge_gun_380_x2,1.1125,1.165,0.95,,kgeorge_gun_380_x2,1.1125,1.165,0.95,,kgeorge_gun_380_x2,1.1125,1.165,0.95,,kgeorge_gun_380_x2,1.1125,1.165,0.95,,,,,,,,,,,
"gun_17_x3_spain_bb,bc",,432,gun_17_x3,spain,"bb, bc",kgeorge_gun_380_x3,1.1125,1.165,0.775,,kgeorge_gun_380_x3,1.1125,1.165,0.775,,kgeorge_gun_380_x3,1.1125,1.165,0.775,,kgeorge_gun_380_x3,1.1125,1.165,0.775,,kgeorge_gun_380_x3,1.1125,1.165,0.775,,,,,,,,,,,
"gun_17_x4_spain_bb,bc",,432,gun_17_x4,spain,"bb, bc",kgeorge_gun_380_x4,1.1125,1.165,0.71,,kgeorge_gun_380_x4,1.1125,1.165,0.71,,kgeorge_gun_380_x4,1.1125,1.165,0.71,,kgeorge_gun_380_x4,1.1125,1.165,0.71,,kgeorge_gun_380_x4,1.1125,1.165,0.71,,,,,,,,,,,
"gun_18_x1_spain_bb,bc",,457,gun_18_x1,spain,"bb, bc",kgeorge_gun_380_x1,1.175,1.2275,1.23,,kgeorge_gun_380_x1,1.175,1.2275,1.23,,kgeorge_gun_380_x1,1.175,1.2275,1.23,,kgeorge_gun_380_x1,1.175,1.2275,1.23,,kgeorge_gun_380_x1,1.175,1.2275,1.23,,,,,,,,,,,
"gun_18_x2_spain_bb,bc",,457,gun_18_x2,spain,"bb, bc",kgeorge_gun_380_x2,1.175,1.2275,0.985,,kgeorge_gun_380_x2,1.175,1.2275,0.985,,kgeorge_gun_380_x2,1.175,1.2275,0.985,,kgeorge_gun_380_x2,1.175,1.2275,0.985,,kgeorge_gun_380_x2,1.175,1.2275,0.985,,,,,,,,,,,
"gun_18_x3_spain_bb,bc",,457,gun_18_x3,spain,"bb, bc",kgeorge_gun_380_x3,1.175,1.2275,0.81,,kgeorge_gun_380_x3,1.175,1.2275,0.81,,kgeorge_gun_380_x3,1.175,1.2275,0.81,,kgeorge_gun_380_x3,1.175,1.2275,0.81,,kgeorge_gun_380_x3,1.175,1.2275,0.81,,,,,,,,,,,
"gun_18_x4_spain_bb,bc",,457,gun_18_x4,spain,"bb, bc",kgeorge_gun_380_x4,1.175,1.2275,0.735,,kgeorge_gun_380_x4,1.175,1.2275,0.735,,kgeorge_gun_380_x4,1.175,1.2275,0.735,,kgeorge_gun_380_x4,1.175,1.2275,0.735,,kgeorge_gun_380_x4,1.175,1.2275,0.735,,,,,,,,,,,
"gun_19_x1_spain_bb,bc",,483,gun_19_x1,spain,"bb, bc",kgeorge_gun_380_x1,1.2375,1.29,1.16,,kgeorge_gun_380_x1,1.2375,1.29,1.16,,kgeorge_gun_380_x1,1.2375,1.29,1.16,,kgeorge_gun_380_x1,1.2375,1.29,1.16,,kgeorge_gun_380_x1,1.2375,1.29,1.16,,,,,,,,,,,
"gun_19_x2_spain_bb,bc",,483,gun_19_x2,spain,"bb, bc",kgeorge_gun_380_x2,1.2375,1.29,0.95,,kgeorge_gun_380_x2,1.2375,1.29,0.95,,kgeorge_gun_380_x2,1.2375,1.29,0.95,,kgeorge_gun_380_x2,1.2375,1.29,0.95,,kgeorge_gun_380_x2,1.2375,1.29,0.95,,,,,,,,,,,
"gun_19_x3_spain_bb,bc",,483,gun_19_x3,spain,"bb, bc",kgeorge_gun_380_x3,1.2375,1.29,0.78,,kgeorge_gun_380_x3,1.2375,1.29,0.78,,kgeorge_gun_380_x3,1.2375,1.29,0.78,,kgeorge_gun_380_x3,1.2375,1.29,0.78,,kgeorge_gun_380_x3,1.2375,1.29,0.78,,,,,,,,,,,
"gun_19_x4_spain_bb,bc",,483,gun_19_x4,spain,"bb, bc",kgeorge_gun_380_x4,1.2375,1.29,0.725,,kgeorge_gun_380_x4,1.2375,1.29,0.725,,kgeorge_gun_380_x4,1.2375,1.29,0.725,,kgeorge_gun_380_x4,1.2375,1.29,0.725,,kgeorge_gun_380_x4,1.2375,1.29,0.725,,,,,,,,,,,
"gun_20_x1_spain_bb,bc",,508,gun_20_x1,spain,"bb, bc",kgeorge_gun_380_x1,1.3,1.3525,1.05,,kgeorge_gun_380_x1,1.3,1.3525,1.05,,kgeorge_gun_380_x1,1.3,1.3525,1.05,,kgeorge_gun_380_x1,1.3,1.3525,1.05,,kgeorge_gun_380_x1,1.3,1.3525,1.05,,,,,,,,,,,
"gun_20_x2_spain_bb,bc",,508,gun_20_x2,spain,"bb, bc",kgeorge_gun_380_x2,1.3,1.3525,0.85,,kgeorge_gun_380_x2,1.3,1.3525,0.85,,kgeorge_gun_380_x2,1.3,1.3525,0.85,,kgeorge_gun_380_x2,1.3,1.3525,0.85,,kgeorge_gun_380_x2,1.3,1.3525,0.85,,,,,,,,,,,
"gun_20_x3_spain_bb,bc",,508,gun_20_x3,spain,"bb, bc",kgeorge_gun_380_x3,1.3,1.3525,0.7,,kgeorge_gun_380_x3,1.3,1.3525,0.7,,kgeorge_gun_380_x3,1.3,1.3525,0.7,,kgeorge_gun_380_x3,1.3,1.3525,0.7,,kgeorge_gun_380_x3,1.3,1.3525,0.7,,,,,,,,,,,
"gun_20_x4_spain_bb,bc",,508,gun_20_x4,spain,"bb, bc",kgeorge_gun_380_x4,1.3,1.3525,0.65,,kgeorge_gun_380_x4,1.3,1.3525,0.65,,kgeorge_gun_380_x4,1.3,1.3525,0.65,,kgeorge_gun_380_x4,1.3,1.3525,0.65,,kgeorge_gun_380_x4,1.3,1.3525,0.65,,,,,,,,,,,
###,,,###,,,,,,,,,,,,,,,,,,,,,,,,,,,,,,,,,,,,,
gun_2_x1_china,,51,gun_2_x1,china,,,,,,,,,,,,,,,,,,,,,,,,,,,,,,,,,,,,
gun_2_x2_china,,51,gun_2_x2,china,,,,,,,,,,,,,,,,,,,,,,,,,,,,,,,,,,,,
gun_2_x3_china,,51,gun_2_x3,china,,,,,,,,,,,,,,,,,,,,,,,,,,,,,,,,,,,,
gun_2_x4_china,,51,gun_2_x4,china,,,,,,,,,,,,,,,,,,,,,,,,,,,,,,,,,,,,
gun_3_x1_china_dd,,76,gun_3_x1,china,"dd, tb",,,,,,,,,,,,,,,,,,,,,,,,,,,,,,,,,,,
gun_3_x2_china_dd,,76,gun_3_x2,china,"dd, tb",maine_gun_152_x2,0.718,0.912,1.08,,pen_gun_127_x2,0.815,1.04,1.08,,dreadnought_gun_178_x2,0.732,0.858,1.08,,ussr_gun_100_x2,0.4915,0.626,1.08,,ussr_gun_152_x2,0.4915,0.626,1.08,,,,,,,,,,,
gun_3_x3_china_dd,,76,gun_3_x3,china,"dd, tb",maine_gun_152_x3,0.718,0.912,0.83,,pen_gun_127_x3,0.815,1.04,0.83,,dreadnought_gun_178_x3,0.732,0.858,0.83,,ussr_gun_100_x3,0.4915,0.626,0.83,,ussr_gun_152_x3,0.4915,0.626,0.83,,,,,,,,,,,
gun_3_x4_china_dd,,76,gun_3_x4,china,"dd, tb",,,,,,,,,,,dreadnought_gun_178_x4,0.732,0.858,,,,,,,,,,,,,,,,,,,,,,
gun_4_x1_china_dd,,102,gun_4_x1,china,"dd, tb",,,,,,,,,,,,,,,,,,,,,,,,,,,,,,,,,,,
gun_4_x2_china_dd,,102,gun_4_x2,china,"dd, tb",maine_gun_152_x2,0.932,1.126,1.28,,pen_gun_127_x2,1.06,1.285,1.28,,dreadnought_gun_178_x2,0.868,0.994,1.28,,ussr_gun_100_x2,0.646,0.7805,1.28,,ussr_gun_152_x2,0.646,0.7805,1.28,,,,,,,,,,,
gun_4_x3_china_dd,,102,gun_4_x3,china,"dd, tb",maine_gun_152_x3,0.932,1.126,1,,pen_gun_127_x3,1.06,1.285,1,,dreadnought_gun_178_x3,0.868,0.994,1,,ussr_gun_100_x3,0.646,0.7805,1,,ussr_gun_152_x3,0.646,0.7805,1,,,,,,,,,,,
gun_4_x4_china_dd,,102,gun_4_x4,china,"dd, tb",,,,,,,,,,,dreadnought_gun_178_x4,0.868,0.994,,,,,,,,,,,,,,,,,,,,,,
gun_5_x1_china_dd,,127,gun_5_x1,china,"dd, tb",,,,,,,,,,,,,,,,ussr_gun_100_x1,0.8005,0.935,,,ussr_gun_152_x1,0.8005,0.935,,,,,,,,,,,,
gun_5_x2_china_dd,,127,gun_5_x2,china,"dd, tb",maine_gun_152_x2,1.146,1.34,0.95,,maine_gun_230_x2,0.868,0.994,0.95,,dreadnought_gun_178_x2,1.004,1.13,0.95,,ussr_gun_100_x2,0.8005,0.935,0.95,,ussr_gun_152_x2,0.8005,0.935,0.95,,,,,,,,,,,
gun_5_x3_china_dd,,127,gun_5_x3,china,"dd, tb",maine_gun_152_x3,1.146,1.34,0.75,,maine_gun_230_x3,0.868,0.994,0.75,,dreadnought_gun_178_x3,1.004,1.13,0.75,,ussr_gun_100_x3,0.8005,0.935,0.75,,ussr_gun_152_x3,0.8005,0.935,0.75,,,,,,,,,,,
gun_5_x4_china_dd,,127,gun_5_x4,china,"dd, tb",,,,,,,,,,,dreadnought_gun_178_x4,1.004,1.13,,,,,,,,,,,,,,,,,,,,,,
gun_3_x1_china_cl,,76,gun_3_x1,china,cl,maine_gun_152_x1,0.718,0.912,1.45,,pen_gun_127_x1,0.815,1.04,1.45,,,,,1.45,,,,,1.45,,,,,1.45,,,,,,,,,,,
gun_3_x2_china_cl,,76,gun_3_x2,china,cl,maine_gun_152_x2,0.718,0.912,1.08,,pen_gun_127_x2,0.815,1.04,1.08,,dreadnought_gun_178_x2,0.732,0.858,1.08,,dreadnought_gun_178_x2,0.732,0.858,1.08,,ussr_gun_152_x2,0.4915,0.626,1.08,,,,,,,,,,,
gun_3_x3_china_cl,,76,gun_3_x3,china,cl,maine_gun_152_x3,0.718,0.912,0.83,,pen_gun_127_x3,0.815,1.04,0.83,,dreadnought_gun_178_x3,0.732,0.858,0.83,,dreadnought_gun_178_x3,0.732,0.858,0.83,,ussr_gun_152_x3,0.4915,0.626,0.83,,,,,,,,,,,
gun_3_x4_china_cl,,76,gun_3_x4,china,cl,,,,,,,,,,,dreadnought_gun_178_x4,0.732,0.858,,,dreadnought_gun_178_x4,0.732,0.858,,,bismarck_gun_150_x4,0.337,0.4715,,,,,,,,,,,,
gun_4_x1_china_cl,,102,gun_4_x1,china,cl,maine_gun_152_x1,0.932,1.126,1.7,,pen_gun_127_x1,1.06,1.285,1.7,,,,,1.7,,,,,1.7,,,,,1.7,,,,,,,,,,,
gun_4_x2_china_cl,,102,gun_4_x2,china,cl,maine_gun_152_x2,0.932,1.126,1.28,,pen_gun_127_x2,1.06,1.285,1.28,,dreadnought_gun_178_x2,0.868,0.994,1.28,,dreadnought_gun_178_x2,0.868,0.994,1.28,,ussr_gun_152_x2,0.646,0.7805,1.28,,,,,,,,,,,
gun_4_x3_china_cl,,102,gun_4_x3,china,cl,maine_gun_152_x3,0.932,1.126,1,,pen_gun_127_x3,1.06,1.285,1,,dreadnought_gun_178_x3,0.868,0.994,1,,dreadnought_gun_178_x3,0.868,0.994,1,,ussr_gun_152_x3,0.646,0.7805,1,,,,,,,,,,,
gun_4_x4_china_cl,,102,gun_4_x4,china,cl,,,,,,,,,,,dreadnought_gun_178_x4,0.868,0.994,,,dreadnought_gun_178_x4,0.868,0.994,,,bismarck_gun_150_x4,0.4915,0.626,,,,,,,,,,,,
gun_5_x1_china_cl,,127,gun_5_x1,china,cl,maine_gun_152_x1,1.146,1.34,1.25,,,,,1.25,,,,,1.25,,,,,1.25,,,,,1.25,,,,,,,,,,,
gun_5_x2_china_cl,,127,gun_5_x2,china,cl,maine_gun_152_x2,1.146,1.34,0.95,,maine_gun_230_x2,0.868,0.994,0.95,,dreadnought_gun_178_x2,1.004,1.13,0.95,,dreadnought_gun_178_x2,1.004,1.13,0.95,,ussr_gun_152_x2,0.8005,0.935,0.95,,,,,,,,,,,
gun_5_x3_china_cl,,127,gun_5_x3,china,cl,maine_gun_152_x3,1.146,1.34,0.75,,maine_gun_230_x3,0.868,0.994,0.75,,dreadnought_gun_178_x3,1.004,1.13,0.75,,dreadnought_gun_178_x3,1.004,1.13,0.75,,ussr_gun_152_x3,0.8005,0.935,0.75,,,,,,,,,,,
gun_5_x4_china_cl,,127,gun_5_x4,china,cl,,,,,,,,,,,dreadnought_gun_178_x4,1.004,1.13,,,dreadnought_gun_178_x4,1.004,1.13,,,bismarck_gun_150_x4,0.646,0.7805,,,,,,,,,,,,
gun_6_x1_china_cl,,152,gun_6_x1,china,cl,,,,,,,,,,,,,,,,,,,,,,,,,,,,,,,,,,,
gun_6_x2_china_cl,,152,gun_6_x2,china,cl,maine_gun_254_x2_a,0.65,0.745,0.86,,maine_gun_230_x2,1.004,1.13,0.86,,dreadnought_gun_178_x2,1.14,1.266,0.86,,dreadnought_gun_178_x2,1.14,1.266,0.86,,ussr_gun_152_x2,0.955,1.0895,0.86,,,,,,,,,,,
gun_6_x3_china_cl,,152,gun_6_x3,china,cl,maine_gun_254_x3_a,0.65,0.745,0.66,,maine_gun_230_x3,1.004,1.13,0.66,,dreadnought_gun_178_x3,1.14,1.266,0.66,,dreadnought_gun_178_x3,1.14,1.266,0.66,,ussr_gun_152_x3,0.955,1.0895,0.66,,,,,,,,,,,
gun_6_x4_china_cl,,152,gun_6_x4,china,cl,,,,,,,,,,,dreadnought_gun_178_x4,1.14,1.266,,,dreadnought_gun_178_x4,1.14,1.266,,,bismarck_gun_150_x4,0.8005,0.935,,,,,,,,,,,,
"gun_3_x1_china_ca,bb,bc",,76,gun_3_x1,china,"ca, bb, bc",maine_gun_152_x1,0.718,0.912,1.45,,pen_gun_127_x1,0.815,1.04,1.45,,,,,1.45,,,,,1.45,,,,,1.45,,,,,,,,,,,
"gun_3_x2_china_ca,bb,bc",,76,gun_3_x2,china,"ca, bb, bc",maine_gun_152_x2,0.718,0.912,1.08,,pen_gun_127_x2,0.815,1.04,1.08,,dreadnought_gun_178_x2,0.732,0.858,1.08,,dreadnought_gun_178_x2,0.732,0.858,1.08,,ussr_gun_152_x2,0.4915,0.626,1.08,,,,,,,,,,,
"gun_3_x3_china_ca,bb,bc",,76,gun_3_x3,china,"ca, bb, bc",maine_gun_152_x3,0.718,0.912,0.83,,pen_gun_127_x3,0.815,1.04,0.83,,dreadnought_gun_178_x3,0.732,0.858,0.83,,dreadnought_gun_178_x3,0.732,0.858,0.83,,ussr_gun_152_x3,0.4915,0.626,0.83,,,,,,,,,,,
"gun_3_x4_china_ca,bb,bc",,76,gun_3_x4,china,"ca, bb, bc",,,,,,,,,,,dreadnought_gun_178_x4,0.732,0.858,,,dreadnought_gun_178_x4,0.732,0.858,,,bismarck_gun_150_x4,0.337,0.4715,,,,,,,,,,,,
"gun_4_x1_china_ca,bb,bc",,102,gun_4_x1,china,"ca, bb, bc",maine_gun_152_x1,0.932,1.126,1.7,,pen_gun_127_x1,1.06,1.285,1.7,,,,,1.7,,,,,1.7,,,,,1.7,,,,,,,,,,,
"gun_4_x2_china_ca,bb,bc",,102,gun_4_x2,china,"ca, bb, bc",maine_gun_152_x2,0.932,1.126,1.28,,pen_gun_127_x2,1.06,1.285,1.28,,dreadnought_gun_178_x2,0.868,0.994,1.28,,dreadnought_gun_178_x2,0.868,0.994,1.28,,ussr_gun_152_x2,0.646,0.7805,1.28,,,,,,,,,,,
"gun_4_x3_china_ca,bb,bc",,102,gun_4_x3,china,"ca, bb, bc",maine_gun_152_x3,0.932,1.126,1,,pen_gun_127_x3,1.06,1.285,1,,dreadnought_gun_178_x3,0.868,0.994,1,,dreadnought_gun_178_x3,0.868,0.994,1,,ussr_gun_152_x3,0.646,0.7805,1,,,,,,,,,,,
"gun_4_x4_china_ca,bb,bc",,102,gun_4_x4,china,"ca, bb, bc",,,,,,,,,,,dreadnought_gun_178_x4,0.868,0.994,,,dreadnought_gun_178_x4,0.868,0.994,,,bismarck_gun_150_x4,0.4915,0.626,,,,,,,,,,,,
"gun_5_x1_china_ca,bb,bc",,127,gun_5_x1,china,"ca, bb, bc",maine_gun_152_x1,1.146,1.34,1.25,,,,,1.25,,,,,1.25,,,,,1.25,,,,,1.25,,,,,,,,,,,
"gun_5_x2_china_ca,bb,bc",,127,gun_5_x2,china,"ca, bb, bc",maine_gun_152_x2,1.146,1.34,0.95,,maine_gun_230_x2,0.868,0.994,0.95,,dreadnought_gun_178_x2,1.004,1.13,0.95,,dreadnought_gun_178_x2,1.004,1.13,0.95,,ussr_gun_152_x2,0.8005,0.935,0.95,,,,,,,,,,,
"gun_5_x3_china_ca,bb,bc",,127,gun_5_x3,china,"ca, bb, bc",maine_gun_152_x3,1.146,1.34,0.75,,maine_gun_230_x3,0.868,0.994,0.75,,dreadnought_gun_178_x3,1.004,1.13,0.75,,dreadnought_gun_178_x3,1.004,1.13,0.75,,ussr_gun_152_x3,0.8005,0.935,0.75,,,,,,,,,,,
"gun_5_x4_china_ca,bb,bc",,127,gun_5_x4,china,"ca, bb, bc",,,,,,,,,,,dreadnought_gun_178_x4,1.004,1.13,,,dreadnought_gun_178_x4,1.004,1.13,,,bismarck_gun_150_x4,0.646,0.7805,,,,,,,,,,,,
"gun_6_x1_china_ca,bb,bc",,152,gun_6_x1,china,"ca, bb, bc",maine_gun_254_x1_a,0.65,0.745,1.185,,,,,1.185,,,,,1.185,,,,,1.185,,,,,1.185,,,,,,,,,,,
"gun_6_x2_china_ca,bb,bc",,152,gun_6_x2,china,"ca, bb, bc",maine_gun_254_x2_a,0.65,0.745,0.86,,maine_gun_230_x2,1.004,1.13,0.86,,dreadnought_gun_178_x2,1.14,1.266,0.86,,dreadnought_gun_178_x2,1.14,1.266,0.86,,ussr_gun_152_x2,0.955,1.0895,0.86,,,,,,,,,,,
"gun_6_x3_china_ca,bb,bc",,152,gun_6_x3,china,"ca, bb, bc",maine_gun_254_x3_a,0.65,0.745,0.66,,maine_gun_230_x3,1.004,1.13,0.66,,dreadnought_gun_178_x3,1.14,1.266,0.66,,dreadnought_gun_178_x3,1.14,1.266,0.66,,ussr_gun_152_x3,0.955,1.0895,0.66,,,,,,,,,,,
"gun_6_x4_china_ca,bb,bc",,152,gun_6_x4,china,"ca, bb, bc",,,,,,,,,,,dreadnought_gun_178_x4,1.14,1.266,,,dreadnought_gun_178_x4,1.14,1.266,,,bismarck_gun_150_x4,0.8005,0.935,,,,,,,,,,,,
"gun_7_x1_china_cl,ca,bb,bc",,178,gun_7_x1,china,"cl, ca, bb, bc",maine_gun_254_x1_a,0.755,0.85,1.21,,maine_gun_254_x1_b,0.793,0.906,1.21,,brooklyn_gun_152_x1,0.857,0.974,1.21,,brooklyn_gun_152_x1,0.857,0.974,1.21,,brooklyn_gun_b_152_x1,0.857,0.974,1.21,,,,,,,,,,,
"gun_7_x2_china_cl,ca,bb,bc",,178,gun_7_x2,china,"cl, ca, bb, bc",maine_gun_254_x2_a,0.755,0.85,0.9,,maine_gun_254_x2_b,0.793,0.906,0.9,,brooklyn_gun_152_x2,0.857,0.974,0.9,,brooklyn_gun_152_x2,0.857,0.974,0.9,,brooklyn_gun_b_152_x2,0.857,0.974,0.9,,,,,,,,,,,
"gun_7_x3_china_cl,ca,bb,bc",,178,gun_7_x3,china,"cl, ca, bb, bc",maine_gun_254_x3_a,0.755,0.85,0.705,,maine_gun_254_x3_b,0.793,0.906,0.705,,brooklyn_gun_152_x3,0.857,0.974,0.705,,brooklyn_gun_152_x3,0.857,0.974,0.705,,brooklyn_gun_b_152_x3,0.857,0.974,0.705,,,,,,,,,,,
"gun_7_x4_china_cl,ca,bb,bc",,178,gun_7_x4,china,"cl, ca, bb, bc",,,,,,,,,,,brooklyn_gun_152_x4,0.857,0.974,,,brooklyn_gun_152_x4,0.857,0.974,,,brooklyn_gun_b_152_x4,0.857,0.974,,,,,,,,,,,,
"gun_8_x1_china_ca,bb,bc",,203,gun_8_x1,china,"ca, bb, bc",maine_gun_254_x1_a,0.86,0.955,1.17,,maine_gun_254_x1_b,0.916,1.029,1.17,,brooklyn_gun_152_x1,0.984,1.101,1.17,,brooklyn_gun_152_x1,0.984,1.101,1.17,,brooklyn_gun_b_152_x1,0.984,1.101,1.17,,,,,,,,,,,
"gun_8_x2_china_ca,bb,bc",,203,gun_8_x2,china,"ca, bb, bc",maine_gun_254_x2_a,0.86,0.955,0.88,,maine_gun_254_x2_b,0.916,1.029,0.88,,brooklyn_gun_152_x2,0.984,1.101,0.88,,brooklyn_gun_152_x2,0.984,1.101,0.88,,brooklyn_gun_b_152_x2,0.984,1.101,0.88,,,,,,,,,,,
"gun_8_x3_china_ca,bb,bc",,203,gun_8_x3,china,"ca, bb, bc",maine_gun_254_x3_a,0.86,0.955,0.69,,maine_gun_254_x3_b,0.916,1.029,0.69,,brooklyn_gun_152_x3,0.984,1.101,0.69,,brooklyn_gun_152_x3,0.984,1.101,0.69,,brooklyn_gun_b_152_x3,0.984,1.101,0.69,,,,,,,,,,,
"gun_8_x4_china_ca,bb,bc",,203,gun_8_x4,china,"ca, bb, bc",,,,,,,,,,,brooklyn_gun_152_x4,0.984,1.101,,,brooklyn_gun_152_x4,0.984,1.101,,,brooklyn_gun_b_152_x4,0.984,1.101,,,,,,,,,,,,
"gun_9_x1_china_ca,bb,bc",,229,gun_9_x1,china,"ca, bb, bc",maine_gun_254_x1_a,0.965,1.06,1.1,,maine_gun_254_x1_b,1.039,1.152,1.1,,dreadnought_gun_b_305_x1,0.863,0.944,1.1,,brooklyn_gun_152_x1,1.111,1.228,1.1,,brooklyn_gun_b_152_x1,1.111,1.228,1.1,,,,,,,,,,,
"gun_9_x2_china_ca,bb,bc",,229,gun_9_x2,china,"ca, bb, bc",maine_gun_254_x2_a,0.965,1.06,0.82,,maine_gun_254_x2_b,1.039,1.152,0.82,,dreadnought_gun_b_305_x2,0.863,0.944,0.82,,brooklyn_gun_152_x2,1.111,1.228,0.82,,brooklyn_gun_b_152_x2,1.111,1.228,0.82,,,,,,,,,,,
"gun_9_x3_china_ca,bb,bc",,229,gun_9_x3,china,"ca, bb, bc",maine_gun_254_x3_a,0.965,1.06,0.64,,maine_gun_254_x3_b,1.039,1.152,0.64,,dreadnought_gun_b_305_x3,0.863,0.944,0.64,,brooklyn_gun_152_x3,1.111,1.228,0.64,,brooklyn_gun_b_152_x3,1.111,1.228,0.64,,,,,,,,,,,
"gun_9_x4_china_ca,bb,bc",,229,gun_9_x4,china,"ca, bb, bc",,,,,,,,,,,dreadnought_gun_b_305_x4,0.863,0.944,,,brooklyn_gun_152_x4,1.111,1.228,,,brooklyn_gun_b_152_x4,1.111,1.228,,,,,,,,,,,,
"gun_10_x1_china_ca,bb,bc",,254,gun_10_x1,china,"ca, bb, bc",maine_gun_254_x1_a,1.07,1.165,1.2,,maine_gun_254_x1_b,1.162,1.275,1.2,,dreadnought_gun_b_305_x1,0.954,1.035,1.2,,brooklyn_gun_152_x1,1.238,1.355,1.2,,brooklyn_gun_b_152_x1,1.238,1.355,1.2,,,,,,,,,,,
"gun_10_x2_china_ca,bb,bc",,254,gun_10_x2,china,"ca, bb, bc",maine_gun_254_x2_a,1.07,1.165,0.9,,maine_gun_254_x2_b,1.162,1.275,0.9,,dreadnought_gun_b_305_x2,0.954,1.035,0.9,,brooklyn_gun_152_x2,1.238,1.355,0.9,,brooklyn_gun_b_152_x2,1.238,1.355,0.9,,,,,,,,,,,
"gun_10_x3_china_ca,bb,bc",,254,gun_10_x3,china,"ca, bb, bc",maine_gun_254_x3_a,1.07,1.165,0.68,,maine_gun_254_x3_b,1.162,1.275,0.68,,dreadnought_gun_b_305_x3,0.954,1.035,0.68,,brooklyn_gun_152_x3,1.238,1.355,0.68,,brooklyn_gun_b_152_x3,1.238,1.355,0.68,,,,,,,,,,,
"gun_10_x4_china_ca,bb,bc",,254,gun_10_x4,china,"ca, bb, bc",,,,,,,,,,,dreadnought_gun_b_305_x4,0.954,1.035,,,brooklyn_gun_152_x4,1.238,1.355,,,brooklyn_gun_b_152_x4,1.238,1.355,,,,,,,,,,,,
"gun_11_x1_china_ca,bb,bc",,279,gun_11_x1,china,"ca, bb, bc",maine_gun_254_x1_a,1.175,1.27,1.07,,maine_gun_254_x1_b,1.285,1.398,1.07,,dreadnought_gun_b_305_x1,1.045,1.126,1.07,,ussr_gun_406_x1,0.645,0.69,1.07,,ussr_gun_406_x1,0.645,0.69,1.07,,,,,,,,,,,
"gun_11_x2_china_ca,bb,bc",,279,gun_11_x2,china,"ca, bb, bc",maine_gun_254_x2_a,1.175,1.27,0.82,,maine_gun_254_x2_b,1.285,1.398,0.82,,dreadnought_gun_b_305_x2,1.045,1.126,0.82,,ussr_gun_406_x2,0.645,0.69,0.82,,ussr_gun_406_x2,0.645,0.69,0.82,,,,,,,,,,,
"gun_11_x3_china_ca,bb,bc",,279,gun_11_x3,china,"ca, bb, bc",maine_gun_254_x3_a,1.175,1.27,0.66,,maine_gun_254_x3_b,1.285,1.398,0.66,,dreadnought_gun_b_305_x3,1.045,1.126,0.66,,ussr_gun_406_x3,0.645,0.69,0.66,,ussr_gun_406_x3,0.645,0.69,0.66,,,,,,,,,,,
"gun_11_x4_china_ca,bb,bc",,279,gun_11_x4,china,"ca, bb, bc",,,,,,,,,,,dreadnought_gun_b_305_x4,1.045,1.126,,,ussr_gun_406_x4,0.645,0.69,,,ussr_gun_406_x4,0.645,0.69,,,,,,,,,,,,
"gun_12_x1_china_bb,bc",,305,gun_12_x1,china,"bb, bc",maine_gun_254_x1_a,1.28,1.375,1.07,,maine_gun_254_x1_b,1.408,1.521,1.07,,dreadnought_gun_b_305_x1,1.136,1.217,1.07,,ussr_gun_406_x1,0.695,0.74,1.07,,ussr_gun_406_x1,0.695,0.74,1.07,,,,,,,,,,,
"gun_12_x2_china_bb,bc",,305,gun_12_x2,china,"bb, bc",maine_gun_254_x2_a,1.28,1.375,0.82,,maine_gun_254_x2_b,1.408,1.521,0.82,,dreadnought_gun_b_305_x2,1.136,1.217,0.82,,ussr_gun_406_x2,0.695,0.74,0.82,,ussr_gun_406_x2,0.695,0.74,0.82,,,,,,,,,,,
"gun_12_x3_china_bb,bc",,305,gun_12_x3,china,"bb, bc",maine_gun_254_x3_a,1.28,1.375,0.66,,maine_gun_254_x3_b,1.408,1.521,0.66,,dreadnought_gun_b_305_x3,1.136,1.217,0.66,,ussr_gun_406_x3,0.695,0.74,0.66,,ussr_gun_406_x3,0.695,0.74,0.66,,,,,,,,,,,
"gun_12_x4_china_bb,bc",,305,gun_12_x4,china,"bb, bc",,,,,,,,,,,dreadnought_gun_b_305_x4,1.136,1.217,,,ussr_gun_406_x4,0.695,0.74,,,ussr_gun_406_x4,0.695,0.74,,,,,,,,,,,,
"gun_13_x1_china_bb,bc",,330,gun_13_x1,china,"bb, bc",maine_gun_254_x1_a,1.385,1.48,1.13,,ny_gun_210_x1,2.0365,2.171,1.13,,dreadnought_gun_b_305_x1,1.227,1.308,1.13,,ussr_gun_406_x1,0.745,0.79,1.13,,ussr_gun_406_x1,0.745,0.79,1.13,,,,,,,,,,,
"gun_13_x2_china_bb,bc",,330,gun_13_x2,china,"bb, bc",maine_gun_254_x2_a,1.385,1.48,0.88,,ny_gun_210_x2,2.0365,2.171,0.88,,dreadnought_gun_b_305_x2,1.227,1.308,0.88,,ussr_gun_406_x2,0.745,0.79,0.88,,ussr_gun_406_x2,0.745,0.79,0.88,,,,,,,,,,,
"gun_13_x3_china_bb,bc",,330,gun_13_x3,china,"bb, bc",maine_gun_254_x3_a,1.385,1.48,0.705,,ny_gun_210_x3,2.0365,2.171,0.705,,dreadnought_gun_b_305_x3,1.227,1.308,0.705,,ussr_gun_406_x3,0.745,0.79,0.705,,ussr_gun_406_x3,0.745,0.79,0.705,,,,,,,,,,,
"gun_13_x4_china_bb,bc",,330,gun_13_x4,china,"bb, bc",,,,,,,,,,,dreadnought_gun_b_305_x4,1.227,1.308,,,ussr_gun_406_x4,0.745,0.79,,,ussr_gun_406_x4,0.745,0.79,,,,,,,,,,,,
"gun_14_x1_china_bb,bc",,356,gun_14_x1,china,"bb, bc",maine_gun_254_x1_a,1.49,1.585,1.13,,ny_gun_210_x1,2.191,2.3255,1.13,,dreadnought_gun_b_305_x1,1.318,1.399,1.13,,ussr_gun_406_x1,0.795,0.84,1.13,,ussr_gun_406_x1,0.795,0.84,1.13,,,,,,,,,,,
"gun_14_x2_china_bb,bc",,356,gun_14_x2,china,"bb, bc",maine_gun_254_x2_a,1.49,1.585,0.88,,ny_gun_210_x2,2.191,2.3255,0.88,,dreadnought_gun_b_305_x2,1.318,1.399,0.88,,ussr_gun_406_x2,0.795,0.84,0.88,,ussr_gun_406_x2,0.795,0.84,0.88,,,,,,,,,,,
"gun_14_x3_china_bb,bc",,356,gun_14_x3,china,"bb, bc",maine_gun_254_x3_a,1.49,1.585,0.705,,ny_gun_210_x3,2.191,2.3255,0.705,,dreadnought_gun_b_305_x3,1.318,1.399,0.705,,ussr_gun_406_x3,0.795,0.84,0.705,,ussr_gun_406_x3,0.795,0.84,0.705,,,,,,,,,,,
"gun_14_x4_china_bb,bc",,356,gun_14_x4,china,"bb, bc",,,,,,,,,,,dreadnought_gun_b_305_x4,1.318,1.399,,,ussr_gun_406_x4,0.795,0.84,,,ussr_gun_406_x4,0.795,0.84,,,,,,,,,,,,
"gun_15_x1_china_bb,bc",,381,gun_15_x1,china,"bb, bc",maine_gun_254_x1_a,1.595,1.69,1.14,,ny_gun_210_x1,2.3455,2.48,1.14,,ny_gun_356_x1,1.409,1.49,1.14,,ussr_gun_406_x1,0.845,0.89,1.14,,ussr_gun_406_x1,0.845,0.89,1.14,,,,,,,,,,,
"gun_15_x2_china_bb,bc",,381,gun_15_x2,china,"bb, bc",maine_gun_254_x2_a,1.595,1.69,0.9,,ny_gun_210_x2,2.3455,2.48,0.9,,ny_gun_356_x2,1.409,1.49,0.9,,ussr_gun_406_x2,0.845,0.89,0.9,,ussr_gun_406_x2,0.845,0.89,0.9,,,,,,,,,,,
"gun_15_x3_china_bb,bc",,381,gun_15_x3,china,"bb, bc",maine_gun_254_x3_a,1.595,1.69,0.72,,ny_gun_210_x3,2.3455,2.48,0.72,,ny_gun_356_x3,1.409,1.49,0.72,,ussr_gun_406_x3,0.845,0.89,0.72,,ussr_gun_406_x3,0.845,0.89,0.72,,,,,,,,,,,
"gun_15_x4_china_bb,bc",,381,gun_15_x4,china,"bb, bc",,,,,,,,,,,ny_gun_356_x4,1.409,1.49,,,ussr_gun_406_x4,0.845,0.89,,,ussr_gun_406_x4,0.845,0.89,,,,,,,,,,,,
"gun_16_x1_china_bb,bc",,406,gun_16_x1,china,"bb, bc",maine_gun_254_x1_a,1.7,1.795,1.15,,ny_gun_210_x1,2.5,2.6345,1.15,,ny_gun_356_x1,1.5,1.581,1.15,,ussr_gun_406_x1,0.895,0.94,1.15,,ussr_gun_406_x1,0.895,0.94,1.15,,,,,,,,,,,
"gun_16_x2_china_bb,bc",,406,gun_16_x2,china,"bb, bc",maine_gun_254_x2_a,1.7,1.795,0.93,,ny_gun_210_x2,2.5,2.6345,0.93,,ny_gun_356_x2,1.5,1.581,0.93,,ussr_gun_406_x2,0.895,0.94,0.93,,ussr_gun_406_x2,0.895,0.94,0.93,,,,,,,,,,,
"gun_16_x3_china_bb,bc",,406,gun_16_x3,china,"bb, bc",maine_gun_254_x3_a,1.7,1.795,0.75,,ny_gun_210_x3,2.5,2.6345,0.75,,ny_gun_356_x3,1.5,1.581,0.75,,ussr_gun_406_x3,0.895,0.94,0.75,,ussr_gun_406_x3,0.895,0.94,0.75,,,,,,,,,,,
"gun_16_x4_china_bb,bc",,406,gun_16_x4,china,"bb, bc",,,,,,,,,,,ny_gun_356_x4,1.5,1.581,,,ussr_gun_406_x4,0.895,0.94,,,ussr_gun_406_x4,0.895,0.94,,,,,,,,,,,,
"gun_17_x1_china_bb,bc",,432,gun_17_x1,china,"bb, bc",ny_gun_210_x1,2.6545,2.789,1.2,,ny_gun_356_x1,1.591,1.672,1.2,,yamato_gun_460_x1,0.945,0.99,1.2,,yamato_gun_b_460_x1,0.945,0.99,1.2,,yamato_gun_b_460_x1,0.945,0.99,1.2,,,,,,,,,,,
"gun_17_x2_china_bb,bc",,432,gun_17_x2,china,"bb, bc",ny_gun_210_x2,2.6545,2.789,0.95,,ny_gun_356_x2,1.591,1.672,0.95,,yamato_gun_460_x2,0.945,0.99,0.95,,yamato_gun_b_460_x2,0.945,0.99,0.95,,yamato_gun_b_460_x2,0.945,0.99,0.95,,,,,,,,,,,
"gun_17_x3_china_bb,bc",,432,gun_17_x3,china,"bb, bc",ny_gun_210_x3,2.6545,2.789,0.775,,ny_gun_356_x3,1.591,1.672,0.775,,yamato_gun_460_x3,0.945,0.99,0.775,,yamato_gun_b_460_x3,0.945,0.99,0.775,,yamato_gun_b_460_x3,0.945,0.99,0.775,,,,,,,,,,,
"gun_17_x4_china_bb,bc",,432,gun_17_x4,china,"bb, bc",,,,,,ny_gun_356_x4,1.591,1.672,,,yamato_gun_460_x4,0.945,0.99,,,yamato_gun_b_460_x4,0.945,0.99,,,yamato_gun_b_460_x4,0.945,0.99,,,,,,,,,,,,
"gun_18_x1_china_bb,bc",,457,gun_18_x1,china,"bb, bc",ny_gun_210_x1,2.809,2.9435,1.23,,ny_gun_356_x1,1.682,1.763,1.23,,yamato_gun_460_x1,0.995,1.04,1.23,,yamato_gun_b_460_x1,0.995,1.04,1.23,,yamato_gun_b_460_x1,0.995,1.04,1.23,,,,,,,,,,,
"gun_18_x2_china_bb,bc",,457,gun_18_x2,china,"bb, bc",ny_gun_210_x2,2.809,2.9435,0.985,,ny_gun_356_x2,1.682,1.763,0.985,,yamato_gun_460_x2,0.995,1.04,0.985,,yamato_gun_b_460_x2,0.995,1.04,0.985,,yamato_gun_b_460_x2,0.995,1.04,0.985,,,,,,,,,,,
"gun_18_x3_china_bb,bc",,457,gun_18_x3,china,"bb, bc",ny_gun_210_x3,2.809,2.9435,0.81,,ny_gun_356_x3,1.682,1.763,0.81,,yamato_gun_460_x3,0.995,1.04,0.81,,yamato_gun_b_460_x3,0.995,1.04,0.81,,yamato_gun_b_460_x3,0.995,1.04,0.81,,,,,,,,,,,
"gun_18_x4_china_bb,bc",,457,gun_18_x4,china,"bb, bc",,,,,,ny_gun_356_x4,1.682,1.763,,,yamato_gun_460_x4,0.995,1.04,,,yamato_gun_b_460_x4,0.995,1.04,,,yamato_gun_b_460_x4,0.995,1.04,,,,,,,,,,,,
"gun_19_x1_china_bb,bc",,483,gun_19_x1,china,"bb, bc",ny_gun_210_x1,2.9635,3.098,1.16,,ny_gun_356_x1,1.773,1.854,1.16,,yamato_gun_460_x1,1.045,1.09,1.16,,yamato_gun_b_460_x1,1.045,1.09,1.16,,yamato_gun_b_460_x1,1.045,1.09,1.16,,,,,,,,,,,
"gun_19_x2_china_bb,bc",,483,gun_19_x2,china,"bb, bc",ny_gun_210_x2,2.9635,3.098,0.95,,ny_gun_356_x2,1.773,1.854,0.95,,yamato_gun_460_x2,1.045,1.09,0.95,,yamato_gun_b_460_x2,1.045,1.09,0.95,,yamato_gun_b_460_x2,1.045,1.09,0.95,,,,,,,,,,,
"gun_19_x3_china_bb,bc",,483,gun_19_x3,china,"bb, bc",ny_gun_210_x3,2.9635,3.098,0.78,,ny_gun_356_x3,1.773,1.854,0.78,,yamato_gun_460_x3,1.045,1.09,0.78,,yamato_gun_b_460_x3,1.045,1.09,0.78,,yamato_gun_b_460_x3,1.045,1.09,0.78,,,,,,,,,,,
"gun_19_x4_china_bb,bc",,483,gun_19_x4,china,"bb, bc",,,,,,ny_gun_356_x4,1.773,1.854,,,yamato_gun_460_x4,1.045,1.09,,,yamato_gun_b_460_x4,1.045,1.09,,,yamato_gun_b_460_x4,1.045,1.09,,,,,,,,,,,,
"gun_20_x1_china_bb,bc",,508,gun_20_x1,china,"bb, bc",ny_gun_210_x1,3.118,3.2525,1.05,,ny_gun_356_x1,1.864,1.945,1.05,,yamato_gun_460_x1,1.095,1.14,1.05,,yamato_gun_b_460_x1,1.095,1.14,1.05,,yamato_gun_b_460_x1,1.095,1.14,1.05,,,,,,,,,,,
"gun_20_x2_china_bb,bc",,508,gun_20_x2,china,"bb, bc",ny_gun_210_x2,3.118,3.2525,0.85,,ny_gun_356_x2,1.864,1.945,0.85,,yamato_gun_460_x2,1.095,1.14,0.85,,yamato_gun_b_460_x2,1.095,1.14,0.85,,yamato_gun_b_460_x2,1.095,1.14,0.85,,,,,,,,,,,
"gun_20_x3_china_bb,bc",,508,gun_20_x3,china,"bb, bc",ny_gun_210_x3,3.118,3.2525,0.7,,ny_gun_356_x3,1.864,1.945,0.7,,yamato_gun_460_x3,1.095,1.14,0.7,,yamato_gun_b_460_x3,1.095,1.14,0.7,,yamato_gun_b_460_x3,1.095,1.14,0.7,,,,,,,,,,,
"gun_20_x4_china_bb,bc",,508,gun_20_x4,china,"bb, bc",,,,,,ny_gun_356_x4,1.864,1.945,,,yamato_gun_460_x4,1.095,1.14,,,yamato_gun_b_460_x4,1.095,1.14,,,yamato_gun_b_460_x4,1.095,1.14,,,,,,,,,,,,
gun_2_x1_alt_china,,51,gun_2_x1_alt,china,,brandenburg_gun_76_x1,0.7242,0.8485,0.92,,small_gun_e_76_x1,0.7333,0.8591,0.92,,pen_gun_127_x1,0.6842,0.8016,0.92,,pen_gun_127_x1,0.6927,0.8116,0.92,,bismarck_gun_105_x1,0.7563,0.8861,0.92,,,,,,,,,,,
gun_2_x2_alt_china,,51,gun_2_x2_alt,china,,maine_gun_152_x2,0.6054,0.7093,0.7,,maine_gun_152_x2,0.6129,0.7181,0.7,,pen_gun_127_x2,0.6842,0.8016,0.7,,pen_gun_127_x2,0.6927,0.8116,0.7,,bismarck_gun_105_x2,0.7563,0.8861,0.7,,,,,,,,,,,
gun_2_x3_alt_china,,51,gun_2_x3_alt,china,,maine_gun_152_x3,0.6054,0.7093,0.55,,maine_gun_152_x3,0.6129,0.7181,0.55,,richelieu_gun_120_x3,0.7849,0.9196,0.55,,richelieu_gun_120_x3,0.7947,0.9311,0.55,,bismarck_gun_105_x3,0.7563,0.8861,0.55,,,,,,,,,,,
gun_3_x1_alt_china,,76,gun_3_x1_alt,china,,brandenburg_gun_76_x1,0.92,1.0299,1.45,,jap_tb_gun_76_x1,1.57,1.7576,1.45,,bouvet_gun_100_x1,0.8687,0.9725,1.45,,maine_gun_230_x1,0.526,0.5889,1.45,,pola_gun_100_x1,1.0248,1.1472,1.45,,,,,,,,,,,
gun_3_x2_alt_china,,76,gun_3_x2_alt,china,,maine_gun_152_x2,0.7691,0.861,1.08,,maine_gun_152_x2,0.7786,0.8716,1.08,,richelieu_gun_120_x2,0.9971,1.1162,1.08,,maine_gun_230_x2,0.526,0.5889,1.08,,pola_gun_100_x2,1.0248,1.1472,1.08,,,,,,,,,,,
gun_3_x3_alt_china,,76,gun_3_x3_alt,china,,maine_gun_152_x3,0.7691,0.861,0.83,,maine_gun_152_x3,0.7786,0.8716,0.83,,richelieu_gun_120_x3,0.9971,1.1162,0.83,,richelieu_gun_120_x3,1.0096,1.1302,0.83,,richelieu_gun_120_x3,1.0222,1.1443,0.83,,,,,,,,,,,
gun_4_x1_alt_china,,102,gun_4_x1_alt,china,,dd_s_gun_102_x1,1.0976,1.1974,1.7,,dd_s_gun_102_x1,1.1114,1.2124,1.7,,dd_s_gun_d_102_x1,0.943,1.0287,1.7,,hood_gun_140_x1,1.0327,1.1266,1.7,,bismarck_gun_105_x1,1.1463,1.2505,1.7,,,,,,,,,,,
gun_4_x2_alt_china,,102,gun_4_x2_alt,china,,dreadnought_gun_178_x2,0.7294,0.7957,1.28,,dreadnought_gun_178_x2,0.7385,0.8056,1.28,,maine_gun_230_x2,0.6199,0.6763,1.28,,moga_gun_127_x2,1.2037,1.3131,1.28,,kgeorge_gun_133_x2,0.8213,0.896,1.28,,,,,,,,,,,
gun_4_x3_alt_china,,102,gun_4_x3_alt,china,,dreadnought_gun_178_x3,0.7294,0.7957,1,,dreadnought_gun_178_x3,0.7385,0.8056,1,,maine_gun_230_x3,0.6199,0.6763,1,,moga_gun_127_x3,1.2024,1.3117,1,,kgeorge_gun_133_x3,0.8213,0.896,1,,,,,,,,,,,
gun_5_x1_alt_china,,127,gun_5_x1_alt,china,,dd_s_gun_102_x1,1.2519,1.3444,1.25,,dd_s_gun_102_x1,1.2676,1.3613,1.25,,dd_s_gun_d_102_x1,1.0755,1.155,1.25,,spee_gun_150_x1,1.102,1.1834,1.25,,hood_gun_140_x1,1.1925,1.2806,1.25,,,,,,,,,,,
gun_5_x2_alt_china,,127,gun_5_x2_alt,china,,friedrich_gun_228_x2,0.5697,0.6118,0.95,,dreadnought_gun_178_x2,0.8424,0.9047,0.95,,maine_gun_254_x2_b,0.5338,0.5733,0.95,,vdt_gun_200_x2,0.8256,0.8866,0.95,,akizuki_gun_100_x2,1.195,1.2833,0.95,,,,,,,,,,,
gun_5_x3_alt_china,,127,gun_5_x3_alt,china,,dreadnought_gun_178_x3,0.832,0.8935,0.75,,dreadnought_gun_178_x3,0.8424,0.9047,0.75,,maine_gun_254_x3_b,0.5338,0.5733,0.75,,bismarck_gun_b_150_x3,0.9291,0.9978,0.75,,bismarck_gun_b_150_x3,0.9408,1.0103,0.75,,,,,,,,,,,
gun_6_x2_alt_china,,152,gun_6_x2_alt,china,,friedrich_gun_228_x2,0.6346,0.6741,0.86,,dreadnought_gun_178_x2,0.9382,0.9966,0.86,,warrior_gun_228_x2,0.7758,0.8241,0.86,,ussr_gun_100_x2,1.1471,1.2185,0.86,,yamato_gun_155_x2,0.9612,1.0211,0.86,,,,,,,,,,,
gun_6_x3_alt_china,,152,gun_6_x3_alt,china,,dreadnought_gun_178_x3,0.9267,0.9844,0.66,,dreadnought_gun_178_x3,0.9382,0.9966,0.66,,warrior_gun_228_x3,0.7758,0.8241,0.66,,ussr_gun_100_x3,1.1466,1.218,0.66,,yamato_gun_155_x3,0.9612,1.0211,0.66,,,,,,,,,,,
gun_7_x2_alt_china,,178,gun_7_x2_alt,china,,friedrich_gun_228_x2,0.7157,0.754,0.9,,dreadnought_gun_178_x2,1.0583,1.115,0.9,,agamemnon_gun_228_x2,0.9752,1.0274,0.9,,ussr_gun_100_x2,1.2938,1.3631,0.9,,mont_gun_152_x2,1.1771,1.2401,0.9,,,,,,,,,,,
gun_7_x3_alt_china,,178,gun_7_x3_alt,china,,dreadnought_gun_178_x3,1.0453,1.1013,0.705,,dreadnought_gun_178_x3,1.0583,1.115,0.705,,agamemnon_gun_228_x3,0.9752,1.0274,0.705,,ussr_gun_100_x3,1.2933,1.3625,0.705,,mont_gun_152_x3,1.1771,1.2401,0.705,,,,,,,,,,,
gun_8_x2_alt_china,,203,gun_8_x2_alt,china,,friedrich_gun_228_x2,0.7933,0.8307,0.88,,dreadnought_gun_178_x2,1.173,1.2283,0.88,,ny_gun_210_x2,1.1198,1.1726,0.88,,brooklyn_gun_152_x2,0.9561,1.0012,0.88,,brooklyn_gun_b_152_x2,0.9679,1.0136,0.88,,,,,,,,,,,
gun_8_x3_alt_china,,203,gun_8_x3_alt,china,,dreadnought_gun_178_x3,1.1586,1.2132,0.69,,dreadnought_gun_178_x3,1.173,1.2283,0.69,,ny_gun_210_x3,1.1198,1.1726,0.69,,brooklyn_gun_152_x3,0.9561,1.0012,0.69,,brooklyn_gun_b_152_x3,0.9679,1.0136,0.69,,,,,,,,,,,
gun_9_x2_alt_china,,229,gun_9_x2_alt,china,,friedrich_gun_228_x2,0.8739,0.9106,0.82,,friedrich_gun_228_x2,0.885,0.9222,0.82,,vdt_gun_280_x2,0.8187,0.8531,0.82,,vdt_gun_280_x2,0.8288,0.8636,0.82,,vdt_gun_280_x2,0.8392,0.8744,0.82,,,,,,,,,,,
gun_9_x3_alt_china,,229,gun_9_x3_alt,china,,warrior_gun_228_x3,1.0421,1.0858,0.64,,warrior_gun_228_x3,1.0552,1.0995,0.64,,vdt_gun_280_x3,0.8187,0.8531,0.64,,vdt_gun_280_x3,0.8288,0.8636,0.64,,vdt_gun_280_x3,0.8392,0.8744,0.64,,,,,,,,,,,
gun_10_x2_alt_china,,254,gun_10_x2_alt,china,,brandenburg_gun_279_x2,0.869,0.902,0.9,,ny_gun_210_x2,1.3266,1.3769,0.9,,irresistible_gun_305_x2,0.8923,0.9262,0.9,,dreadnought_gun_305_x2,0.9037,0.938,0.9,,nelson_gun_406_x2,0.6865,0.7126,0.9,,,,,,,,,,,
gun_10_x3_alt_china,,254,gun_10_x3_alt,china,,maine_gun_254_x3_a,1.0454,1.0851,0.68,,ny_gun_210_x3,1.3266,1.3769,0.68,,irresistible_gun_305_x3,0.8923,0.9262,0.68,,dreadnought_gun_305_x3,0.9037,0.938,0.68,,nelson_gun_406_x3,0.6865,0.7126,0.68,,,,,,,,,,,
gun_11_x2_alt_china,,279,gun_11_x2_alt,china,,brandenburg_gun_279_x2,0.9402,0.9728,0.82,,friedrich_gun_228_x2,1.0425,1.0786,0.82,,vdt_gun_280_x2,0.9644,0.9978,0.82,,vdt_gun_280_x2,0.9764,1.0102,0.82,,vdt_gun_280_x2,0.9886,1.0229,0.82,,,,,,,,,,,
gun_11_x3_alt_china,,279,gun_11_x3_alt,china,,maine_gun_254_x3_a,1.1311,1.1703,0.66,,warrior_gun_228_x3,1.2431,1.2862,0.66,,vdt_gun_280_x3,0.9644,0.9978,0.66,,vdt_gun_280_x3,0.9764,1.0102,0.66,,vdt_gun_280_x3,0.9886,1.0229,0.66,,,,,,,,,,,
gun_12_x2_alt_china,,305,gun_12_x2_alt,china,,friedrich_gun_305_x2,1.0147,1.0469,0.82,,irresistible_gun_305_x2,1.029,1.0617,0.82,,ny_gun_210_x2,1.5684,1.6182,0.82,,ny_gun_356_x2,1.0526,1.086,0.82,,iowa_gun_406_x2,0.64,0.6604,0.82,,,,,,,,,,,
gun_12_x3_alt_china,,305,gun_12_x3_alt,china,,maine_gun_254_x3_a,1.2207,1.2595,0.66,,irresistible_gun_305_x3,1.029,1.0617,0.66,,ny_gun_210_x3,1.5684,1.6182,0.66,,ny_gun_356_x3,1.0526,1.086,0.66,,iowa_gun_406_x3,0.64,0.6604,0.66,,,,,,,,,,,
gun_13_x2_alt_china,,330,gun_13_x2_alt,china,,friedrich_gun_305_x2,1.0869,1.1189,0.88,,maine_gun_254_x2_a,1.3238,1.3627,0.88,,agamemnon_gun_305_x2,1.1161,1.1489,0.88,,fus_gun_356_x2_a,0.968,0.9965,0.88,,fus_gun_356_x2_a,0.98,1.0088,0.88,,,,,,,,,,,
gun_13_x3_alt_china,,330,gun_13_x3_alt,china,,maine_gun_254_x3_a,1.3076,1.3461,0.705,,maine_gun_254_x3_a,1.3238,1.3627,0.705,,agamemnon_gun_305_x3,1.1161,1.1489,0.705,,fus_gun_356_x3_a,0.968,0.9965,0.705,,fus_gun_356_x3_a,0.98,1.0088,0.705,,,,,,,,,,,
gun_14_x2_alt_china,,356,gun_14_x2_alt,china,,ny_gun_210_x2,1.7529,1.8007,0.88,,ny_gun_210_x2,1.7748,1.8232,0.88,,ny_gun_356_x2,1.1912,1.2237,0.88,,arizona_gun_356_x2,1.2061,1.239,0.88,,arizona_gun_356_x2,1.2212,1.2545,0.88,,,,,,,,,,,
gun_14_x3_alt_china,,356,gun_14_x3_alt,china,,ny_gun_210_x3,1.7529,1.8007,0.705,,ny_gun_210_x3,1.7748,1.8232,0.705,,ny_gun_356_x3,1.1912,1.2237,0.705,,arizona_gun_356_x3,1.2061,1.239,0.705,,arizona_gun_356_x3,1.2212,1.2545,0.705,,,,,,,,,,,
gun_15_x2_alt_china,,381,gun_15_x2_alt,china,,irresistible_gun_305_x2,1.2381,1.2697,0.9,,irresistible_gun_305_x2,1.2535,1.2855,0.9,,hood_gun_380_x2,1.0152,1.0411,0.9,,yamato_gun_460_x2,0.7701,0.7898,0.9,,yamato_gun_460_x2,0.7796,0.7995,0.9,,,,,,,,,,,
gun_15_x3_alt_china,,381,gun_15_x3_alt,china,,irresistible_gun_305_x3,1.2381,1.2697,0.72,,irresistible_gun_305_x3,1.2535,1.2855,0.72,,hood_gun_380_x3,1.0152,1.0411,0.72,,yamato_gun_460_x3,0.7701,0.7898,0.72,,yamato_gun_460_x3,0.7796,0.7995,0.72,,,,,,,,,,,
gun_16_x2_alt_china,,406,gun_16_x2_alt,china,,ny_gun_356_x2,1.3095,1.3409,0.93,,ny_gun_356_x2,1.3258,1.3576,0.93,,arizona_gun_356_x2,1.3425,1.3747,0.93,,brooklyn_gun_b_152_x2,1.729,1.7705,0.93,,iowa_gun_406_x2,0.8264,0.8463,0.93,,,,,,,,,,,
gun_16_x3_alt_china,,406,gun_16_x3_alt,china,,ny_gun_356_x3,1.3095,1.3409,0.75,,ny_gun_356_x3,1.3258,1.3576,0.75,,arizona_gun_356_x3,1.3425,1.3747,0.75,,brooklyn_gun_b_152_x3,1.729,1.7705,0.75,,iowa_gun_406_x3,0.8264,0.8463,0.75,,,,,,,,,,,
gun_17_x2_alt_china,,432,gun_17_x2_alt,china,,vdt_gun_280_x2,1.3889,1.4203,0.95,,vdt_gun_280_x2,1.4062,1.438,0.95,,vdt_gun_280_x2,1.4239,1.4561,0.95,,bismarck_gun_380_short_x2,1.1578,1.184,0.95,,bismarck_gun_380_short_x2,1.1724,1.1989,0.95,,,,,,,,,,,
gun_17_x3_alt_china,,432,gun_17_x3_alt,china,,vdt_gun_280_x3,1.3889,1.4203,0.775,,vdt_gun_280_x3,1.4062,1.438,0.775,,vdt_gun_280_x3,1.4239,1.4561,0.775,,bismarck_gun_380_short_x3,1.1578,1.184,0.775,,bismarck_gun_380_short_x3,1.1724,1.1989,0.775,,,,,,,,,,,
gun_18_x2_alt_china,,457,gun_18_x2_alt,china,,vdt_gun_280_x2,1.4646,1.4959,0.985,,vdt_gun_280_x2,1.4829,1.5146,0.985,,vdt_gun_280_x2,1.5015,1.5336,0.985,,spee_gun_var_280_x2,1.6394,1.6744,0.985,,spee_gun_var_280_x2,1.6601,1.6956,0.985,,,,,,,,,,,
gun_18_x3_alt_china,,457,gun_18_x3_alt,china,,vdt_gun_280_x3,1.4646,1.4959,0.81,,vdt_gun_280_x3,1.4829,1.5146,0.81,,vdt_gun_280_x3,1.5015,1.5336,0.81,,spee_gun_var_280_x3,1.6394,1.6744,0.81,,spee_gun_var_280_x3,1.6601,1.6956,0.81,,,,,,,,,,,
###,,,###,,,,,,,,,,,,,,,,,,,,,,,,,,,,,,,,,,,,,
,,,,,,,,,,,,,,,,,,,,,,,,,,,,,,,,,,,,,,,,
,,,,,,,,,,,,,,,,,,,,,,,,,,,,,,,,,,,,,,,,
,,,,,,,,,,,,,,,,,,,,,,,,,,,,,,,,,,,,,,,,
,,,,,,,,,,,,,,,,,,,,,,,,,,,,,,,,,,,,,,,,
,,,,,,,,,,,,,,,,,,,,,,,,,,,,,,,,,,,,,,,,
,,,,,,,,,,,,,,,,,,,,,,,,,,,,,,,,,,,,,,,,
,,,,,,,,,,,,,,,,,,,,,,,,,,,,,,,,,,,,,,,,
,,,,,,,,,,,,,,,,,,,,,,,,,,,,,,,,,,,,,,,,
,,,,,,,,,,,,,,,,,,,,,,,,,,,,,,,,,,,,,,,,
,,,,,,,,,,,,,,,,,,,,,,,,,,,,,,,,,,,,,,,,
,,,,,,,,,,,,,,,,,,,,,,,,,,,,,,,,,,,,,,,,
,,,,,,,,,,,,,,,,,,,,,,,,,,,,,,,,,,,,,,,,
,,,,,,,,,,,,,,,,,,,,,,,,,,,,,,,,,,,,,,,,
,,,,,,,,,,,,,,,,,,,,,,,,,,,,,,,,,,,,,,,,
,,,,,,,,,,,,,,,,,,,,,,,,,,,,,,,,,,,,,,,,
,,,,,,,,,,,,,,,,,,,,,,,,,,,,,,,,,,,,,,,,
,,,,,,,,,,,,,,,,,,,,,,,,,,,,,,,,,,,,,,,,
,,,,,,,,,1.08,,,,,1.08,,,,,1.08,,,,,1.08,,,,,1.08,,,,,,,,,,,
,,,,,,,,,0.83,,,,,0.83,,,,,0.83,,,,,0.83,,,,,0.83,,,,,,,,,,,
,,,,,,,,,,,,,,,,,,,,,,,,,,,,,,,,,,,,,,,,
,,,,,,,,,,,,,,,,,,,,,,,,,,,,,,,,,,,,,,,,
,,,,,,,,,1.28,,,,,1.28,,,,,1.28,,,,,1.28,,,,,1.28,,,,,,,,,,,
,,,,,,,,,1,,,,,1,,,,,1,,,,,1,,,,,1,,,,,,,,,,,
,,,,,,,,,,,,,,,,,,,,,,,,,,,,,,,,,,,,,,,,
,,,,,,,,,,,,,,,,,,,,,,,,,,,,,,,,,,,,,,,,
,,,,,,,,,0.95,,,,,0.95,,,,,0.95,,,,,0.95,,,,,0.95,,,,,,,,,,,
,,,,,,,,,0.75,,,,,0.75,,,,,0.75,,,,,0.75,,,,,0.75,,,,,,,,,,,
,,,,,,,,,,,,,,,,,,,,,,,,,,,,,,,,,,,,,,,,
,,,,,,,,,,,,,,,,,,,,,,,,,,,,,,,,,,,,,,,,
,,,,,,,,,0.86,,,,,0.86,,,,,0.86,,,,,0.86,,,,,0.86,,,,,,,,,,,
,,,,,,,,,0.66,,,,,0.66,,,,,0.66,,,,,0.66,,,,,0.66,,,,,,,,,,,
,,,,,,,,,,,,,,,,,,,,,,,,,,,,,,,,,,,,,,,,
,,,,,,,,,1.45,,,,,1.45,,,,,1.45,,,,,1.45,,,,,1.45,,,,,,,,,,,
,,,,,,,,,1.08,,,,,1.08,,,,,1.08,,,,,1.08,,,,,1.08,,,,,,,,,,,
,,,,,,,,,0.83,,,,,0.83,,,,,0.83,,,,,0.83,,,,,0.83,,,,,,,,,,,
,,,,,,,,,,,,,,,,,,,,,,,,,,,,,,,,,,,,,,,,
,,,,,,,,,1.7,,,,,1.7,,,,,1.7,,,,,1.7,,,,,1.7,,,,,,,,,,,
,,,,,,,,,1.28,,,,,1.28,,,,,1.28,,,,,1.28,,,,,1.28,,,,,,,,,,,
,,,,,,,,,1,,,,,1,,,,,1,,,,,1,,,,,1,,,,,,,,,,,
,,,,,,,,,,,,,,,,,,,,,,,,,,,,,,,,,,,,,,,,
,,,,,,,,,1.25,,,,,1.25,,,,,1.25,,,,,1.25,,,,,1.25,,,,,,,,,,,
,,,,,,,,,0.95,,,,,0.95,,,,,0.95,,,,,0.95,,,,,0.95,,,,,,,,,,,
,,,,,,,,,0.75,,,,,0.75,,,,,0.75,,,,,0.75,,,,,0.75,,,,,,,,,,,
,,,,,,,,,,,,,,,,,,,,,,,,,,,,,,,,,,,,,,,,
,,,,,,,,,1.185,,,,,1.185,,,,,1.185,,,,,1.185,,,,,1.185,,,,,,,,,,,
,,,,,,,,,0.86,,,,,0.86,,,,,0.86,,,,,0.86,,,,,0.86,,,,,,,,,,,
,,,,,,,,,0.66,,,,,0.66,,,,,0.66,,,,,0.66,,,,,0.66,,,,,,,,,,,
,,,,,,,,,,,,,,,,,,,,,,,,,,,,,,,,,,,,,,,,
,,,,,,,,,1.21,,,,,1.21,,,,,1.21,,,,,1.21,,,,,1.21,,,,,,,,,,,
,,,,,,,,,0.9,,,,,0.9,,,,,0.9,,,,,0.9,,,,,0.9,,,,,,,,,,,
,,,,,,,,,0.705,,,,,0.705,,,,,0.705,,,,,0.705,,,,,0.705,,,,,,,,,,,
,,,,,,,,,,,,,,,,,,,,,,,,,,,,,,,,,,,,,,,,
,,,,,,,,,1.17,,,,,1.17,,,,,1.17,,,,,1.17,,,,,1.17,,,,,,,,,,,
,,,,,,,,,0.88,,,,,0.88,,,,,0.88,,,,,0.88,,,,,0.88,,,,,,,,,,,
,,,,,,,,,0.69,,,,,0.69,,,,,0.69,,,,,0.69,,,,,0.69,,,,,,,,,,,
,,,,,,,,,,,,,,,,,,,,,,,,,,,,,,,,,,,,,,,,
,,,,,,,,,1.1,,,,,1.1,,,,,1.1,,,,,1.1,,,,,1.1,,,,,,,,,,,
,,,,,,,,,0.82,,,,,0.82,,,,,0.82,,,,,0.82,,,,,0.82,,,,,,,,,,,
,,,,,,,,,0.64,,,,,0.64,,,,,0.64,,,,,0.64,,,,,0.64,,,,,,,,,,,
,,,,,,,,,,,,,,,,,,,,,,,,,,,,,,,,,,,,,,,,
,,,,,,,,,1.2,,,,,1.2,,,,,1.2,,,,,1.2,,,,,1.2,,,,,,,,,,,
,,,,,,,,,0.9,,,,,0.9,,,,,0.9,,,,,0.9,,,,,0.9,,,,,,,,,,,
,,,,,,,,,0.68,,,,,0.68,,,,,0.68,,,,,0.68,,,,,0.68,,,,,,,,,,,
,,,,,,,,,,,,,,,,,,,,,,,,,,,,,,,,,,,,,,,,
,,,,,,,,,1.07,,,,,1.07,,,,,1.07,,,,,1.07,,,,,1.07,,,,,,,,,,,
,,,,,,,,,0.82,,,,,0.82,,,,,0.82,,,,,0.82,,,,,0.82,,,,,,,,,,,
,,,,,,,,,0.66,,,,,0.66,,,,,0.66,,,,,0.66,,,,,0.66,,,,,,,,,,,
,,,,,,,,,,,,,,,,,,,,,,,,,,,,,,,,,,,,,,,,
,,,,,,,,,1.07,,,,,1.07,,,,,1.07,,,,,1.07,,,,,1.07,,,,,,,,,,,
,,,,,,,,,0.82,,,,,0.82,,,,,0.82,,,,,0.82,,,,,0.82,,,,,,,,,,,
,,,,,,,,,0.66,,,,,0.66,,,,,0.66,,,,,0.66,,,,,0.66,,,,,,,,,,,
,,,,,,,,,,,,,,,,,,,,,,,,,,,,,,,,,,,,,,,,
,,,,,,,,,1.13,,,,,1.13,,,,,1.13,,,,,1.13,,,,,1.13,,,,,,,,,,,
,,,,,,,,,0.88,,,,,0.88,,,,,0.88,,,,,0.88,,,,,0.88,,,,,,,,,,,
,,,,,,,,,0.705,,,,,0.705,,,,,0.705,,,,,0.705,,,,,0.705,,,,,,,,,,,
,,,,,,,,,,,,,,,,,,,,,,,,,,,,,,,,,,,,,,,,
,,,,,,,,,1.13,,,,,1.13,,,,,1.13,,,,,1.13,,,,,1.13,,,,,,,,,,,
,,,,,,,,,0.88,,,,,0.88,,,,,0.88,,,,,0.88,,,,,0.88,,,,,,,,,,,
,,,,,,,,,0.705,,,,,0.705,,,,,0.705,,,,,0.705,,,,,0.705,,,,,,,,,,,
,,,,,,,,,,,,,,,,,,,,,,,,,,,,,,,,,,,,,,,,
,,,,,,,,,1.14,,,,,1.14,,,,,1.14,,,,,1.14,,,,,1.14,,,,,,,,,,,
,,,,,,,,,0.9,,,,,0.9,,,,,0.9,,,,,0.9,,,,,0.9,,,,,,,,,,,
,,,,,,,,,0.72,,,,,0.72,,,,,0.72,,,,,0.72,,,,,0.72,,,,,,,,,,,
,,,,,,,,,,,,,,,,,,,,,,,,,,,,,,,,,,,,,,,,
,,,,,,,,,1.15,,,,,1.15,,,,,1.15,,,,,1.15,,,,,1.15,,,,,,,,,,,
,,,,,,,,,0.93,,,,,0.93,,,,,0.93,,,,,0.93,,,,,0.93,,,,,,,,,,,
,,,,,,,,,0.75,,,,,0.75,,,,,0.75,,,,,0.75,,,,,0.75,,,,,,,,,,,
,,,,,,,,,,,,,,,,,,,,,,,,,,,,,,,,,,,,,,,,
,,,,,,,,,1.2,,,,,1.2,,,,,1.2,,,,,1.2,,,,,1.2,,,,,,,,,,,
,,,,,,,,,0.95,,,,,0.95,,,,,0.95,,,,,0.95,,,,,0.95,,,,,,,,,,,
,,,,,,,,,0.775,,,,,0.775,,,,,0.775,,,,,0.775,,,,,0.775,,,,,,,,,,,
,,,,,,,,,0.71,,,,,0.71,,,,,0.71,,,,,0.71,,,,,0.71,,,,,,,,,,,
,,,,,,,,,1.23,,,,,1.23,,,,,1.23,,,,,1.23,,,,,1.23,,,,,,,,,,,
,,,,,,,,,0.985,,,,,0.985,,,,,0.985,,,,,0.985,,,,,0.985,,,,,,,,,,,
,,,,,,,,,0.81,,,,,0.81,,,,,0.81,,,,,0.81,,,,,0.81,,,,,,,,,,,
,,,,,,,,,0.735,,,,,0.735,,,,,0.735,,,,,0.735,,,,,0.735,,,,,,,,,,,
,,,,,,,,,1.16,,,,,1.16,,,,,1.16,,,,,1.16,,,,,1.16,,,,,,,,,,,
,,,,,,,,,0.95,,,,,0.95,,,,,0.95,,,,,0.95,,,,,0.95,,,,,,,,,,,
,,,,,,,,,0.78,,,,,0.78,,,,,0.78,,,,,0.78,,,,,0.78,,,,,,,,,,,
,,,,,,,,,0.725,,,,,0.725,,,,,0.725,,,,,0.725,,,,,0.725,,,,,,,,,,,
,,,,,,,,,1.05,,,,,1.05,,,,,1.05,,,,,1.05,,,,,1.05,,,,,,,,,,,
,,,,,,,,,0.85,,,,,0.85,,,,,0.85,,,,,0.85,,,,,0.85,,,,,,,,,,,
,,,,,,,,,0.7,,,,,0.7,,,,,0.7,,,,,0.7,,,,,0.7,,,,,,,,,,,
,,,,,,,,,0.65,,,,,0.65,,,,,0.65,,,,,0.65,,,,,0.65,,,,,,,,,,,
,,,,,,,,,,,,,,,,,,,,,,,,,,,,,,,,,,,,,,,,
,,,,,,,,,,,,,,,,,,,,,,,,,,,,,,,,,,,,,,,,
,,,,,,,,,,,,,,,,,,,,,,,,,,,,,,,,,,,,,,,,
,,,,,,,,,,,,,,,,,,,,,,,,,,,,,,,,,,,,,,,,
,,,,,,,,,,,,,,,,,,,,,,,,,,,,,,,,,,,,,,,,
,,,,,,,,,,,,,,,,,,,,,,,,,,,,,,,,,,,,,,,,
,,,,,,,,,,,,,,,,,,,,,,,,,,,,,,,,,,,,,,,,
,,,,,,,,,,,,,,,,,,,,,,,,,,,,,,,,,,,,,,,,
,,,,,,,,,,,,,,,,,,,,,,,,,,,,,,,,,,,,,,,,
,,,,,,,,,,,,,,,,,,,,,,,,,,,,,,,,,,,,,,,,
,,,,,,,,,,,,,,,,,,,,,,,,,,,,,,,,,,,,,,,,
,,,,,,,,,,,,,,,,,,,,,,,,,,,,,,,,,,,,,,,,
,,,,,,,,,,,,,,,,,,,,,,,,,,,,,,,,,,,,,,,,
,,,,,,,,,,,,,,,,,,,,,,,,,,,,,,,,,,,,,,,,
,,,,,,,,,,,,,,,,,,,,,,,,,,,,,,,,,,,,,,,,
,,,,,,,,,,,,,,,,,,,,,,,,,,,,,,,,,,,,,,,,
,,,,,,,,,,,,,,,,,,,,,,,,,,,,,,,,,,,,,,,,
,,,,,,,,,,,,,,,,,,,,,,,,,,,,,,,,,,,,,,,,
,,,,,,,,,1.08,,,,,1.08,,,,,1.08,,,,,1.08,,,,,1.08,,,,,,,,,,,
,,,,,,,,,0.83,,,,,0.83,,,,,0.83,,,,,0.83,,,,,0.83,,,,,,,,,,,
,,,,,,,,,,,,,,,,,,,,,,,,,,,,,,,,,,,,,,,,
,,,,,,,,,,,,,,,,,,,,,,,,,,,,,,,,,,,,,,,,
,,,,,,,,,1.28,,,,,1.28,,,,,1.28,,,,,1.28,,,,,1.28,,,,,,,,,,,
,,,,,,,,,1,,,,,1,,,,,1,,,,,1,,,,,1,,,,,,,,,,,
,,,,,,,,,,,,,,,,,,,,,,,,,,,,,,,,,,,,,,,,
,,,,,,,,,,,,,,,,,,,,,,,,,,,,,,,,,,,,,,,,
,,,,,,,,,0.95,,,,,0.95,,,,,0.95,,,,,0.95,,,,,0.95,,,,,,,,,,,
,,,,,,,,,0.75,,,,,0.75,,,,,0.75,,,,,0.75,,,,,0.75,,,,,,,,,,,
,,,,,,,,,,,,,,,,,,,,,,,,,,,,,,,,,,,,,,,,
,,,,,,,,,,,,,,,,,,,,,,,,,,,,,,,,,,,,,,,,
,,,,,,,,,0.86,,,,,0.86,,,,,0.86,,,,,0.86,,,,,0.86,,,,,,,,,,,
,,,,,,,,,0.66,,,,,0.66,,,,,0.66,,,,,0.66,,,,,0.66,,,,,,,,,,,
,,,,,,,,,,,,,,,,,,,,,,,,,,,,,,,,,,,,,,,,
,,,,,,,,,1.45,,,,,1.45,,,,,1.45,,,,,1.45,,,,,1.45,,,,,,,,,,,
,,,,,,,,,1.08,,,,,1.08,,,,,1.08,,,,,1.08,,,,,1.08,,,,,,,,,,,
,,,,,,,,,0.83,,,,,0.83,,,,,0.83,,,,,0.83,,,,,0.83,,,,,,,,,,,
,,,,,,,,,,,,,,,,,,,,,,,,,,,,,,,,,,,,,,,,
,,,,,,,,,1.7,,,,,1.7,,,,,1.7,,,,,1.7,,,,,1.7,,,,,,,,,,,
,,,,,,,,,1.28,,,,,1.28,,,,,1.28,,,,,1.28,,,,,1.28,,,,,,,,,,,
,,,,,,,,,1,,,,,1,,,,,1,,,,,1,,,,,1,,,,,,,,,,,
,,,,,,,,,,,,,,,,,,,,,,,,,,,,,,,,,,,,,,,,
,,,,,,,,,1.25,,,,,1.25,,,,,1.25,,,,,1.25,,,,,1.25,,,,,,,,,,,
,,,,,,,,,0.95,,,,,0.95,,,,,0.95,,,,,0.95,,,,,0.95,,,,,,,,,,,
,,,,,,,,,0.75,,,,,0.75,,,,,0.75,,,,,0.75,,,,,0.75,,,,,,,,,,,
,,,,,,,,,,,,,,,,,,,,,,,,,,,,,,,,,,,,,,,,
,,,,,,,,,1.185,,,,,1.185,,,,,1.185,,,,,1.185,,,,,1.185,,,,,,,,,,,
,,,,,,,,,0.86,,,,,0.86,,,,,0.86,,,,,0.86,,,,,0.86,,,,,,,,,,,
,,,,,,,,,0.66,,,,,0.66,,,,,0.66,,,,,0.66,,,,,0.66,,,,,,,,,,,
,,,,,,,,,,,,,,,,,,,,,,,,,,,,,,,,,,,,,,,,
,,,,,,,,,1.21,,,,,1.21,,,,,1.21,,,,,1.21,,,,,1.21,,,,,,,,,,,
,,,,,,,,,0.9,,,,,0.9,,,,,0.9,,,,,0.9,,,,,0.9,,,,,,,,,,,
,,,,,,,,,0.705,,,,,0.705,,,,,0.705,,,,,0.705,,,,,0.705,,,,,,,,,,,
,,,,,,,,,,,,,,,,,,,,,,,,,,,,,,,,,,,,,,,,
,,,,,,,,,1.17,,,,,1.17,,,,,1.17,,,,,1.17,,,,,1.17,,,,,,,,,,,
,,,,,,,,,0.88,,,,,0.88,,,,,0.88,,,,,0.88,,,,,0.88,,,,,,,,,,,
,,,,,,,,,0.69,,,,,0.69,,,,,0.69,,,,,0.69,,,,,0.69,,,,,,,,,,,
,,,,,,,,,,,,,,,,,,,,,,,,,,,,,,,,,,,,,,,,
,,,,,,,,,1.1,,,,,1.1,,,,,1.1,,,,,1.1,,,,,1.1,,,,,,,,,,,
,,,,,,,,,0.82,,,,,0.82,,,,,0.82,,,,,0.82,,,,,0.82,,,,,,,,,,,
,,,,,,,,,0.64,,,,,0.64,,,,,0.64,,,,,0.64,,,,,0.64,,,,,,,,,,,
,,,,,,,,,,,,,,,,,,,,,,,,,,,,,,,,,,,,,,,,
,,,,,,,,,1.2,,,,,1.2,,,,,1.2,,,,,1.2,,,,,1.2,,,,,,,,,,,
,,,,,,,,,0.9,,,,,0.9,,,,,0.9,,,,,0.9,,,,,0.9,,,,,,,,,,,
,,,,,,,,,0.68,,,,,0.68,,,,,0.68,,,,,0.68,,,,,0.68,,,,,,,,,,,
,,,,,,,,,,,,,,,,,,,,,,,,,,,,,,,,,,,,,,,,
,,,,,,,,,1.07,,,,,1.07,,,,,1.07,,,,,1.07,,,,,1.07,,,,,,,,,,,
,,,,,,,,,0.82,,,,,0.82,,,,,0.82,,,,,0.82,,,,,0.82,,,,,,,,,,,
,,,,,,,,,0.66,,,,,0.66,,,,,0.66,,,,,0.66,,,,,0.66,,,,,,,,,,,
,,,,,,,,,,,,,,,,,,,,,,,,,,,,,,,,,,,,,,,,
,,,,,,,,,1.07,,,,,1.07,,,,,1.07,,,,,1.07,,,,,1.07,,,,,,,,,,,
,,,,,,,,,0.82,,,,,0.82,,,,,0.82,,,,,0.82,,,,,0.82,,,,,,,,,,,
,,,,,,,,,0.66,,,,,0.66,,,,,0.66,,,,,0.66,,,,,0.66,,,,,,,,,,,
,,,,,,,,,,,,,,,,,,,,,,,,,,,,,,,,,,,,,,,,
,,,,,,,,,1.13,,,,,1.13,,,,,1.13,,,,,1.13,,,,,1.13,,,,,,,,,,,
,,,,,,,,,0.88,,,,,0.88,,,,,0.88,,,,,0.88,,,,,0.88,,,,,,,,,,,
,,,,,,,,,0.705,,,,,0.705,,,,,0.705,,,,,0.705,,,,,0.705,,,,,,,,,,,
,,,,,,,,,,,,,,,,,,,,,,,,,,,,,,,,,,,,,,,,
,,,,,,,,,1.13,,,,,1.13,,,,,1.13,,,,,1.13,,,,,1.13,,,,,,,,,,,
,,,,,,,,,0.88,,,,,0.88,,,,,0.88,,,,,0.88,,,,,0.88,,,,,,,,,,,
,,,,,,,,,0.705,,,,,0.705,,,,,0.705,,,,,0.705,,,,,0.705,,,,,,,,,,,
,,,,,,,,,,,,,,,,,,,,,,,,,,,,,,,,,,,,,,,,
,,,,,,,,,1.14,,,,,1.14,,,,,1.14,,,,,1.14,,,,,1.14,,,,,,,,,,,
,,,,,,,,,0.9,,,,,0.9,,,,,0.9,,,,,0.9,,,,,0.9,,,,,,,,,,,
,,,,,,,,,0.72,,,,,0.72,,,,,0.72,,,,,0.72,,,,,0.72,,,,,,,,,,,
,,,,,,,,,,,,,,,,,,,,,,,,,,,,,,,,,,,,,,,,
,,,,,,,,,1.15,,,,,1.15,,,,,1.15,,,,,1.15,,,,,1.15,,,,,,,,,,,
,,,,,,,,,0.93,,,,,0.93,,,,,0.93,,,,,0.93,,,,,0.93,,,,,,,,,,,
,,,,,,,,,0.75,,,,,0.75,,,,,0.75,,,,,0.75,,,,,0.75,,,,,,,,,,,
,,,,,,,,,,,,,,,,,,,,,,,,,,,,,,,,,,,,,,,,
,,,,,,,,,1.2,,,,,1.2,,,,,1.2,,,,,1.2,,,,,1.2,,,,,,,,,,,
,,,,,,,,,0.95,,,,,0.95,,,,,0.95,,,,,0.95,,,,,0.95,,,,,,,,,,,
,,,,,,,,,0.775,,,,,0.775,,,,,0.775,,,,,0.775,,,,,0.775,,,,,,,,,,,
,,,,,,,,,0.71,,,,,0.71,,,,,0.71,,,,,0.71,,,,,0.71,,,,,,,,,,,
,,,,,,,,,1.23,,,,,1.23,,,,,1.23,,,,,1.23,,,,,1.23,,,,,,,,,,,
,,,,,,,,,0.985,,,,,0.985,,,,,0.985,,,,,0.985,,,,,0.985,,,,,,,,,,,
,,,,,,,,,0.81,,,,,0.81,,,,,0.81,,,,,0.81,,,,,0.81,,,,,,,,,,,
,,,,,,,,,0.735,,,,,0.735,,,,,0.735,,,,,0.735,,,,,0.735,,,,,,,,,,,
,,,,,,,,,1.16,,,,,1.16,,,,,1.16,,,,,1.16,,,,,1.16,,,,,,,,,,,
,,,,,,,,,0.95,,,,,0.95,,,,,0.95,,,,,0.95,,,,,0.95,,,,,,,,,,,
,,,,,,,,,0.78,,,,,0.78,,,,,0.78,,,,,0.78,,,,,0.78,,,,,,,,,,,
,,,,,,,,,0.725,,,,,0.725,,,,,0.725,,,,,0.725,,,,,0.725,,,,,,,,,,,
,,,,,,,,,1.05,,,,,1.05,,,,,1.05,,,,,1.05,,,,,1.05,,,,,,,,,,,
,,,,,,,,,0.85,,,,,0.85,,,,,0.85,,,,,0.85,,,,,0.85,,,,,,,,,,,
,,,,,,,,,0.7,,,,,0.7,,,,,0.7,,,,,0.7,,,,,0.7,,,,,,,,,,,
,,,,,,,,,0.65,,,,,0.65,,,,,0.65,,,,,0.65,,,,,0.65,,,,,,,,,,,
