#id (do not edit),enabled / disabled,caliber in mm,sub-name,country override (several),ship type override (several),,,"model, grade N","scaling, grade N","scaling, grade N",,,,,,,,,,,,,,,,,,,,,,,,,,,,,,,,,,,,,,,,,
@name,enabled,#mm,subName,countries,shipTypes,#comment,#BASE,model_1,weight_modifier_1,scale_1,max_scale_1,caliber_length_modifier_1,#model_STD_1,#caliber_EST_1,#weight_EST_1,model_2,weight_modifier_2,scale_2,max_scale_2,caliber_length_modifier_2,#model_STD_2,#caliber_EST_2,#weight_EST_2,model_3,weight_modifier_3,scale_3,max_scale_3,caliber_length_modifier_3,#model_STD_3,#caliber_EST_3,#weight_EST_3,model_4,weight_modifier_4,scale_4,max_scale_4,caliber_length_modifier_4,#model_STD_4,#caliber_EST_4,#weight_EST_4,model_5,weight_modifier_5,scale_5,max_scale_5,caliber_length_modifier_5,#model_STD_5,#caliber_EST_5,#weight_EST_5,#,#,#,#
default,1,,,,,,,,1,-1,-1,1,,,,,1,-1,-1,1,,,,,1,-1,-1,1,,,,,1,-1,-1,1,,,,,1,-1,-1,1,,,,,,,
###,,,###,,,默认模型部分,,,,,,,,,,,,,,,,,,,,,,,,,,,,,,,,,,,,,,,,,,,,,
gun_2_x1,,51,gun_2_x1,,,,0.1197,brandenburg_gun_76_x1,0.7,0.8,0.975,,0.8687,36.4259,1.0746,brandenburg_gun_76_x1,0.7,0.825,0.99,,0.8796,37.7008,1.088,jap_tb_gun_76_x1,0.6,1.2,1.33575,,1.501,52.2026,1.249,hood_gun_140_x1,1,0.875,0.901875,,0.8173,61.5624,1.5706,iowa_gun_127_x1,1.1,0.8,0.975,,0.9641,58.1928,1.4523,,,,
gun_2_x2,,51,gun_2_x2,,,,0.1197,dreadnought_gun_178_x2,4,0.7,0.73125,,0.5773,49.9376,1.3608,dreadnought_gun_178_x2,4.05,0.725,0.755625,,0.5845,51.6854,1.3779,dreadnought_gun_178_x2,4.1,0.75,0.78,,0.5918,53.4944,1.3951,hood_gun_140_x2,1,0.875,0.901875,,0.8173,61.5624,1.5706,iowa_gun_127_x2,1.1,0.8,0.975,,0.9641,58.1928,1.4523,,,,
gun_2_x3,,51,gun_2_x3,,,,0.1197,dreadnought_gun_178_x3,4,0.7,0.73125,,0.5773,49.9376,1.3608,dreadnought_gun_178_x3,4.05,0.725,0.755625,,0.5845,51.6854,1.3779,dreadnought_gun_178_x3,4.1,0.75,0.78,,0.5918,53.4944,1.3951,hood_gun_140_x3,1,0.875,0.901875,,0.8173,61.5624,1.5706,iowa_gun_127_x3,1.1,0.8,0.975,,0.9641,58.1928,1.4523,,,,
gun_2_x4,,51,gun_2_x4,,,,0.1197,dreadnought_gun_178_x4,4,0.7,0.73125,,0.5773,49.9376,1.3608,dreadnought_gun_178_x4,4.05,0.725,0.755625,,0.5845,51.6854,1.3779,dreadnought_gun_178_x4,4.1,0.75,0.78,,0.5918,53.4944,1.3951,richelieu_gun_120_x4,1.14,1.05,1.12125,,0.9533,43.9543,1.0288,richelieu_gun_120_x4,1.16,1.063125,1.135265625,,0.9652,45.4927,1.0416,,,,
gun_3_x1,,76,gun_3_x1,,,,0.1519,brandenburg_gun_76_x1,0.7,1,1.17,,0.8687,35.0014,1.0326,jap_tb_gun_76_x1,0.575,1.35,1.44,,1.4825,48.4649,1.1853,jap_tb_gun_76_x1,0.6,1.37,1.46,,1.501,50.1612,1.2001,hood_gun_140_x1,1,0.925,0.975,,0.8173,59.155,1.5092,iowa_gun_127_x1,1.1,1,1.185,,0.9641,55.9171,1.3956,,,,
gun_3_x2,,76,gun_3_x2,,,,0.1519,dreadnought_gun_178_x2,3,0.75,0.853125,,0.5773,47.9848,1.3076,dreadnought_gun_178_x2,3.05,0.775,0.8775,,0.5845,49.6643,1.324,dreadnought_gun_178_x2,3.1,0.8,0.901875,,0.5918,51.4025,1.3405,hood_gun_140_x2,1,0.925,0.975,,0.8173,59.155,1.5092,iowa_gun_127_x2,1.1,1,1.185,,0.9641,55.9172,1.3956,,,,
gun_3_x3,,76,gun_3_x3,,,,0.1519,dreadnought_gun_178_x3,3,0.75,0.853125,,0.5773,47.9848,1.3076,dreadnought_gun_178_x3,3.05,0.775,0.8775,,0.5845,49.6643,1.324,dreadnought_gun_178_x3,3.1,0.8,0.901875,,0.5918,51.4025,1.3405,hood_gun_140_x3,1,0.925,0.975,,0.8173,59.155,1.5092,iowa_gun_127_x3,1.1,1,1.185,,0.9641,55.9172,1.3956,,,,
gun_3_x4,,76,gun_3_x4,,,,0.1519,dreadnought_gun_178_x4,4,0.75,0.853125,,0.5773,47.9848,1.3076,dreadnought_gun_178_x4,4.05,0.775,0.8775,,0.5845,49.6643,1.324,dreadnought_gun_178_x4,4.1,0.8,0.901875,,0.5918,51.4025,1.3405,richelieu_gun_120_x4,1.14,1.15,1.21875,,0.9533,42.2355,0.9886,richelieu_gun_120_x4,1.16,1.164375,1.233984375,,0.9652,43.7137,1.0009,,,,
gun_4_x1,,102,gun_4_x1,,,,0.1669,brandenburg_gun_76_x1,0.7,1.2,1.33,,0.8687,33.9865,1.0027,brandenburg_gun_76_x1,0.725,1.225,1.355,,0.8796,35.1761,1.0152,dd_s_gun_c_102_x1,1.1,1.1,1.291875,,0.7463,44.183,1.1523,iowa_gun_b_127_x1,2.48,1.05,1.12125,,0.9016,51.677,1.391,iowa_gun_b_127_x1,2.5,1.063125,1.135265625,,0.9128,53.4857,1.4083,,,,
gun_4_x2,,102,gun_4_x2,,,,0.1669,dreadnought_gun_178_x2,2.42,0.875,0.8775,,0.5773,46.5935,1.2697,dreadnought_gun_178_x2,2.44,0.9,0.999375,,0.5845,48.2242,1.2856,dreadnought_gun_178_x2,2.46,0.925,1.02375,,0.5918,49.9121,1.3017,iowa_gun_b_127_x2,2.48,1.05,1.12125,,0.9016,51.6782,1.391,iowa_gun_b_127_x2,2.5,1.063125,1.135265625,,0.9128,53.4869,1.4084,,,,
gun_4_x3,,102,gun_4_x3,,,,0.1669,dreadnought_gun_178_x3,2.42,0.875,0.8775,,0.5773,46.5935,1.2697,dreadnought_gun_178_x3,2.44,0.9,0.999375,,0.5845,48.2242,1.2856,dreadnought_gun_178_x3,2.46,0.925,1.02375,,0.5918,49.9121,1.3017,iowa_gun_b_127_x3,2.48,1.05,1.12125,,0.9016,51.6782,1.391,iowa_gun_b_127_x3,2.5,1.063125,1.135265625,,0.9128,53.4869,1.4084,,,,
gun_4_x4,,102,gun_4_x4,,,,0.1669,dreadnought_gun_178_x4,2.42,0.875,0.8775,,0.5773,46.5935,1.2697,dreadnought_gun_178_x4,2.44,0.9,0.999375,,0.5845,48.2242,1.2856,dreadnought_gun_178_x4,2.46,0.925,1.02375,,0.5918,49.9121,1.3017,iowa_gun_b_127_x4,2.52,1.05,1.12125,,0.9016,51.6779,1.391,iowa_gun_b_127_x4,2.54,1.063125,1.135265625,,0.9128,53.4866,1.4084,,,,
gun_5_x1,,127,gun_5_x1,,,,0.1636,friedrich_gun_152_x1,1.25,1,1.095,,0.8674,42.2196,1.2455,dd_s_gun_d_102_x1,1.1,1.3,1.51125,,0.7371,41.7633,1.0214,dd_s_gun_c_102_x1,1.1,1.325,1.535625,,0.7463,43.225,1.1273,iowa_gun_b_127_x1,1.18,1.15,1.31625,,0.9016,50.5565,1.3608,iowa_gun_b_127_x1,1.2,1.164375,1.332703125,,0.9128,52.326,1.3778,,,,
gun_5_x2,,127,gun_5_x2,,,,0.1636,tsesarevich_gun_152_x2,1.25,0.9,0.975,,0.7259,47.2468,1.3938,dreadnought_gun_178_x2,1.2,1.025,1.096875,,0.5845,47.1786,1.2577,dreadnought_gun_178_x2,1.22,1.05,1.12125,,0.5918,48.8298,1.2734,iowa_gun_b_127_x2,1.18,1.15,1.31625,,0.9016,50.5577,1.3608,iowa_gun_b_127_x2,1.2,1.164375,1.332703125,,0.9128,52.3272,1.3778,,,,
gun_5_x3,,127,gun_5_x3,,,,0.1636,tsesarevich_gun_152_x3,1.25,0.9,0.975,,0.7259,47.2468,1.3938,dreadnought_gun_178_x3,1.2,1.025,1.096875,,0.5845,47.1786,1.2577,dreadnought_gun_178_x3,1.22,1.05,1.12125,,0.5918,48.8298,1.2734,iowa_gun_b_127_x3,1.18,1.15,1.31625,,0.9016,50.5577,1.3608,iowa_gun_b_127_x3,1.2,1.164375,1.332703125,,0.9128,52.3272,1.3778,,,,
gun_5_x4,,127,gun_5_x4,,,,0.1636,dreadnought_gun_178_x4,1.18,0.999375,1.069453125,,0.5773,45.5832,1.2422,dreadnought_gun_178_x4,1.2,1.025,1.096875,,0.5845,47.1786,1.2577,dreadnought_gun_178_x4,1.22,1.05,1.12125,,0.5918,48.8298,1.2734,iowa_gun_b_127_x4,1.24,1.15,1.31625,,0.9016,50.5574,1.3608,iowa_gun_b_127_x4,1.26,1.164375,1.332703125,,0.9128,52.3269,1.3778,,,,
gun_6_x1,,152,gun_6_x1,,,,0.1859,friedrich_gun_152_x1,1.25,1.1,1.175,,0.8674,41.4678,1.2233,dd_s_gun_c_102_x1,1.1,1.55,1.715,,0.7371,41.0196,1.0935,dd_s_gun_b_102_x1,1.1,1.575,1.725,,0.7463,42.4552,1.1072,iowa_gun_b_127_x1,1.18,1.35,1.51125,,0.9016,49.6562,1.3366,iowa_gun_b_127_x1,1.2,1.366875,1.530140625,,0.9128,51.3941,1.3533,,,,
gun_6_x2,,152,gun_6_x2,,,,0.1859,tsesarevich_gun_152_x2,1.25,1,1.0725,,0.7259,46.4054,1.369,dreadnought_gun_178_x2,1.18,1.125,1.225,,0.5845,46.3384,1.2353,dreadnought_gun_178_x2,1.2,1.15,1.25,,0.5918,47.9602,1.2508,iowa_gun_b_127_x2,1.18,1.35,1.51125,,0.9016,49.6573,1.3366,iowa_gun_b_127_x2,1.2,1.366875,1.530140625,,0.9128,51.3953,1.3533,,,,
gun_6_x3,,152,gun_6_x3,,,,0.1859,tsesarevich_gun_152_x3,1.25,1,1.0725,,0.7259,46.4054,1.369,dreadnought_gun_178_x3,1.18,1.125,1.225,,0.5845,46.3384,1.2353,dreadnought_gun_178_x3,1.2,1.15,1.25,,0.5918,47.9602,1.2508,iowa_gun_b_127_x3,1.18,1.35,1.51125,,0.9016,49.6573,1.3366,iowa_gun_b_127_x3,1.2,1.366875,1.530140625,,0.9128,51.3953,1.3533,,,,
gun_6_x4,,152,gun_6_x4,,,,0.1859,dreadnought_gun_178_x4,1.18,1.096875,1.194375,,0.5773,44.7714,1.2201,dreadnought_gun_178_x4,1.18,1.125,1.225,,0.5845,46.3384,1.2353,dreadnought_gun_178_x4,1.2,1.15,1.25,,0.5918,47.9602,1.2508,iowa_gun_b_127_x4,1.24,1.35,1.51125,,0.9016,49.657,1.3366,iowa_gun_b_127_x4,1.26,1.366875,1.530140625,,0.9128,51.395,1.3533,,,,
gun_7_x1,,178,gun_7_x1,,,,0.2118,tsesarevich_gun_152_x1,1.25,1.1,1.17,,0.7259,45.6784,1.3476,agamemnon_gun_b_228_x1,1.15,1,1.085,,0.5319,42.6955,1.1382,warrior_gun_228_x1,1.15,0.975,0.999375,,0.4833,48.6961,1.27,iowa_gun_b_127_x1,1.18,1.55,1.70625,,0.9016,48.8782,1.3156,pola_gun_203_x1,1.25,1,1.048125,,0.4565,53.053,1.3605,,,,
gun_7_x2,,178,gun_7_x2,,,,0.2118,tsesarevich_gun_152_x2,1.25,1.1,1.17,,0.7259,45.6784,1.3476,agamemnon_gun_b_228_x2,1.15,1,1.085,,0.5319,42.6955,1.1382,warrior_gun_228_x2,1.15,0.975,0.999375,,0.4833,48.6961,1.27,iowa_gun_b_127_x2,1.18,1.55,1.70625,,0.9016,48.8794,1.3157,pola_gun_203_x2,1.25,1,1.048125,,0.4565,53.053,1.3605,,,,
gun_7_x3,,178,gun_7_x3,,,,0.2118,tsesarevich_gun_152_x3,1.25,1.1,1.17,,0.7259,45.6784,1.3476,agamemnon_gun_b_228_x3,1.15,1,1.085,,0.5319,42.6955,1.1382,warrior_gun_228_x3,1.15,0.975,0.999375,,0.4833,48.6961,1.27,iowa_gun_b_127_x3,1.18,1.55,1.70625,,0.9016,48.8794,1.3157,pola_gun_203_x3,1.25,1,1.048125,,0.4565,53.053,1.3605,,,,
gun_7_x4,,178,gun_7_x4,,,,0.2118,agamemnon_gun_b_228_x4,1.13,0.975,1.057875,,0.5254,41.2517,1.1242,agamemnon_gun_b_228_x4,1.15,1,1.085,,0.5319,42.6955,1.1382,warrior_gun_228_x4,1.15,0.975,0.999375,,0.4833,48.6961,1.27,iowa_gun_b_127_x4,1.24,1.55,1.70625,,0.9016,48.8791,1.3157,iowa_gun_b_127_x4,1.26,1.569375,1.727578125,,0.9128,50.5898,1.3321,,,,
gun_8_x1,,203,gun_8_x1,,,,0.235,tsesarevich_gun_152_x1,1.25,1.2,1.275,,0.7259,45.082,1.33,agamemnon_gun_228_x1,1.15,1.05,1.085,,0.4892,44.102,1.1757,warrior_gun_228_x1,1.15,1.025,1.095,,0.4833,48.0603,1.2534,iowa_gun_b_127_x1,1.18,1.75,1.95,,0.9016,48.2401,1.2985,pola_gun_203_x1,1.25,1.075,1.175,,0.4565,52.3603,1.3427,,,,
gun_8_x2,,203,gun_8_x2,,,,0.235,tsesarevich_gun_152_x2,1.25,1.2,1.275,,0.7259,45.082,1.33,agamemnon_gun_228_x2,1.15,1.05,1.085,,0.5319,45.6118,1.216,warrior_gun_228_x2,1.15,1.025,1.095,,0.4833,48.0603,1.2534,iowa_gun_b_127_x2,1.18,1.75,1.95,,0.9016,48.2412,1.2985,pola_gun_203_x2,1.25,1.075,1.175,,0.4565,52.3603,1.3427,,,,
gun_8_x3,,203,gun_8_x3,,,,0.235,tsesarevich_gun_152_x3,1.25,1.2,1.275,,0.7259,45.082,1.33,agamemnon_gun_228_x3,1.15,1.05,1.085,,0.5319,45.6118,1.216,warrior_gun_228_x3,1.15,1.025,1.095,,0.4833,48.0603,1.2534,iowa_gun_b_127_x3,1.18,1.75,1.95,,0.9016,48.2412,1.2985,pola_gun_203_x3,1.25,1.075,1.175,,0.4565,52.3603,1.3427,,,,
gun_8_x4,,203,gun_8_x4,,,,0.235,agamemnon_gun_228_x4,1.13,1.02375,1.057875,,0.5254,44.0693,1.2009,agamemnon_gun_228_x4,1.15,1.05,1.085,,0.5319,45.6118,1.216,warrior_gun_228_x4,1.15,1.025,1.095,,0.4833,48.0603,1.2534,iowa_gun_b_127_x4,1.26,1.75,1.95,,0.9016,48.2409,1.2985,iowa_gun_b_127_x4,1.18,1.771875,1.975,,0.9128,49.9293,1.3147,,,,
gun_9_x1,,229,gun_9_x1,,,,0.2574,friedrich_gun_228_x1,1.25,1,1.095,,0.3953,37.3799,1.1028,agamemnon_gun_228_x1,1.05,1.1,1.195,,0.4892,43.5737,1.1616,warrior_gun_228_x1,1,1.1,1.194375,,0.4833,47.4846,1.2384,dreadnought_gun_c_305_x1,1.14,0.9,0.931125,,0.3819,49.1893,1.2895,pola_gun_203_x1,1.25,1.2,1.2675,,0.4565,51.7331,1.3267,,,,
gun_9_x2,,229,gun_9_x2,,,,0.2574,friedrich_gun_228_x2,1.25,1,1.095,,0.3953,37.3799,1.1028,agamemnon_gun_228_x2,1.05,1.1,1.195,,0.5319,45.0654,1.2014,warrior_gun_228_x2,1,1.1,1.194375,,0.4833,47.4846,1.2384,dreadnought_gun_c_305_x2,1.14,0.9,0.931125,,0.3819,49.1893,1.2895,pola_gun_203_x2,1.25,1.2,1.2675,,0.4565,51.7331,1.3267,,,,
gun_9_x3,,229,gun_9_x3,,,,0.2574,friedrich_gun_228_x3,1.25,1,1.095,,0.3953,37.3799,1.1028,agamemnon_gun_228_x3,1.05,1.1,1.195,,0.5319,45.0654,1.2014,warrior_gun_228_x3,1,1.1,1.194375,,0.4833,47.4846,1.2384,dreadnought_gun_c_305_x3,1.14,0.9,0.931125,,0.3819,49.1893,1.2895,pola_gun_203_x3,1.25,1.2,1.2675,,0.4565,51.7331,1.3267,,,,
gun_9_x4,,229,gun_9_x4,,,,0.2574,agamemnon_gun_228_x4,1.03,1.0725,1.165125,,0.5254,43.5414,1.1866,agamemnon_gun_228_x4,1.05,1.1,1.195,,0.5319,45.0654,1.2014,warrior_gun_228_x4,1,1.1,1.194375,,0.4833,47.4846,1.2384,dreadnought_gun_c_305_x4,1.14,0.9,0.931125,,0.3819,49.1893,1.2895,kgeorge_gun_380_x4_c,1.18,0.8424,0.87267375,,0.3251,55.5543,1.3865,,,,
gun_10_x1,,254,gun_10_x1,,,,0.2773,brandenburg_gun_279_x1,1.75,0.909,0.99,,0.361,34.8969,1.0295,agamemnon_gun_305_x1,1.2,0.9,0.975,,0.3661,41.5488,1.1076,warrior_gun_228_x1,1,1.225,1.33,,0.4833,46.9951,1.2256,dreadnought_gun_b_305_x1,1.14,0.955,1.02375,,0.3754,44.5081,1.2293,pola_gun_203_x1,1.25,1.3,1.41375,,0.4565,51.1998,1.313,,,,
gun_10_x2,,254,gun_10_x2,,,,0.2773,brandenburg_gun_279_x2,1.75,0.909,0.99,,0.361,34.8969,1.0295,agamemnon_gun_305_x2,1.2,0.9,0.975,,0.3661,41.5488,1.1076,warrior_gun_228_x2,1,1.225,1.33,,0.4833,46.9951,1.2256,dreadnought_gun_b_305_x2,1.14,0.955,1.02375,,0.3754,44.5081,1.2293,pola_gun_203_x2,1.25,1.3,1.41375,,0.4565,51.1998,1.313,,,,
gun_10_x3,,254,gun_10_x3,,,,0.2773,brandenburg_gun_279_x3,1.75,0.909,0.99,,0.361,34.8969,1.0295,agamemnon_gun_305_x3,1.2,0.9,0.975,,0.3661,41.5488,1.1076,warrior_gun_228_x3,1,1.225,1.33,,0.4833,46.9951,1.2256,dreadnought_gun_b_305_x3,1.14,0.955,1.02375,,0.3754,44.5081,1.2293,pola_gun_203_x3,1.25,1.3,1.41375,,0.4565,51.1998,1.313,,,,
gun_10_x4,,254,gun_10_x4,,,,0.2773,agamemnon_gun_305_x4,1.18,0.8775,0.950625,,0.3616,40.1437,1.094,agamemnon_gun_305_x4,1.2,0.9,0.975,,0.3661,41.5488,1.1076,warrior_gun_228_x4,1,1.225,1.33,,0.4833,46.9951,1.2256,dreadnought_gun_b_305_x4,1.14,0.955,1.02375,,0.3754,44.5081,1.2293,kgeorge_gun_380_x4_c,1.18,0.89505,0.9240075,,0.3251,54.9817,1.3722,,,,
gun_11_x1,,279,gun_11_x1,,,,0.2431,brandenburg_gun_279_x1,1.75,1,1.095,,0.361,34.5708,1.0199,agamemnon_gun_305_x1,1.2,1,1.0725,,0.3661,41.1605,1.0973,dreadnought_gun_305_x1,1.14,1.025,1.096875,,0.3707,42.6011,1.111,dreadnought_gun_b_305_x1,1.14,1.05,1.12125,,0.3754,44.0922,1.2178,pola_gun_203_x1,1.25,1.45,1.56,,0.4565,50.7214,1.3007,,,,
gun_11_x2,,279,gun_11_x2,,,,0.2431,brandenburg_gun_279_x2,1.75,1,1.095,,0.361,34.5708,1.0199,agamemnon_gun_305_x2,1.2,1,1.0725,,0.3661,41.1605,1.0973,dreadnought_gun_305_x2,1.14,1.025,1.096875,,0.3707,42.6011,1.111,dreadnought_gun_b_305_x2,1.14,1.05,1.12125,,0.3754,44.0922,1.2178,pola_gun_203_x2,1.25,1.45,1.56,,0.4565,50.7214,1.3007,,,,
gun_11_x3,,279,gun_11_x3,,,,0.2431,brandenburg_gun_279_x3,1.75,1,1.095,,0.361,34.5708,1.0199,agamemnon_gun_305_x3,1.2,1,1.0725,,0.3661,41.1605,1.0973,dreadnought_gun_305_x3,1.14,1.025,1.096875,,0.3707,42.6011,1.111,dreadnought_gun_b_305_x3,1.14,1.05,1.12125,,0.3754,44.0922,1.2178,pola_gun_203_x3,1.25,1.45,1.56,,0.4565,50.7214,1.3007,,,,
gun_11_x4,,279,gun_11_x4,,,,0.2431,agamemnon_gun_305_x4,1.18,0.975,1.0456875,,0.3616,39.7686,1.0837,agamemnon_gun_305_x4,1.2,1,1.0725,,0.3661,41.1605,1.0973,dreadnought_gun_305_x4,1.14,1.025,1.096875,,0.3707,42.6011,1.111,dreadnought_gun_b_305_x4,1.14,1.05,1.12125,,0.3754,44.0922,1.2178,kgeorge_gun_380_x4_c,1.18,0.9477,0.97534125,,0.3251,54.4679,1.3594,,,,
gun_12_x1,,305,gun_12_x1,,,,0.2645,tsesarevich_gun_305_x1,1.5,1,1.095,,0.3935,42.6077,1.257,irresistible_gun_305_x1,1.1,1.1,1.17,,0.3661,40.3082,1.0746,dreadnought_gun_305_x1,1.14,1.125,1.194375,,0.3707,42.2233,1.1012,dreadnought_gun_b_305_x1,1.14,1.15,1.21875,,0.3754,43.7011,1.207,pola_gun_203_x1,1.25,1.6,1.74,,0.4565,50.2715,1.2892,,,,
gun_12_x2,,305,gun_12_x2,,,,0.2645,tsesarevich_gun_305_x2,1.5,1,1.095,,0.3935,42.6077,1.257,irresistible_gun_305_x2,1.1,1.1,1.17,,0.3661,40.3082,1.0746,dreadnought_gun_305_x2,1.14,1.125,1.194375,,0.3707,42.2233,1.1012,dreadnought_gun_b_305_x2,1.14,1.15,1.21875,,0.3754,43.7011,1.207,pola_gun_203_x2,1.25,1.6,1.74,,0.4565,50.2715,1.2892,,,,
gun_12_x3,,305,gun_12_x3,,,,0.2645,tsesarevich_gun_305_x3,1.5,1,1.095,,0.3935,42.6077,1.257,irresistible_gun_305_x3,1.1,1.1,1.17,,0.3661,40.3082,1.0746,dreadnought_gun_305_x3,1.14,1.125,1.194375,,0.3707,42.2233,1.1012,dreadnought_gun_b_305_x3,1.14,1.15,1.21875,,0.3754,43.7011,1.207,pola_gun_203_x3,1.25,1.6,1.74,,0.4565,50.2715,1.2892,,,,
gun_12_x4,,305,gun_12_x4,,,,0.2645,irresistible_gun_305_x4,1.08,1.0725,1.14075,,0.3616,38.9451,1.0613,irresistible_gun_305_x4,1.1,1.1,1.17,,0.3661,40.3082,1.0746,dreadnought_gun_305_x4,1.14,1.125,1.194375,,0.3707,42.2233,1.1012,dreadnought_gun_b_305_x4,1.14,1.15,1.21875,,0.3754,43.7011,1.207,kgeorge_gun_380_x4_c,1.18,1.00035,1.026675,,0.3251,53.9848,1.3473,,,,
gun_13_x1,,330,gun_13_x1,,,,0.2848,friedrich_gun_305_x1,1.5,1.1,1.195,,0.361,37.4915,1.106,irresistible_gun_305_x1,1.1,1.2,1.2675,,0.3661,39.9919,1.0661,dreadnought_gun_305_x1,1.14,1.225,1.291875,,0.3707,41.8919,1.0925,dreadnought_gun_b_305_x1,1.14,1.25,1.33,,0.3754,43.3581,1.1975,iowa_gun_406_x1,1.33,0.7563375,0.791724375,,0.2277,51.8469,1.3652,,,,
gun_13_x2,,330,gun_13_x2,,,,0.2848,friedrich_gun_305_x2,1.5,1.1,1.195,,0.361,37.4915,1.106,irresistible_gun_305_x2,1.1,1.2,1.2675,,0.3661,39.9919,1.0661,dreadnought_gun_305_x2,1.14,1.225,1.291875,,0.3707,41.8919,1.0925,dreadnought_gun_b_305_x2,1.14,1.25,1.33,,0.3754,43.3581,1.1975,iowa_gun_406_x2,1.33,0.7563375,0.791724375,,0.2277,51.8469,1.3652,,,,
gun_13_x3,,330,gun_13_x3,,,,0.2848,friedrich_gun_305_x3,1.5,1.1,1.195,,0.361,37.4915,1.106,irresistible_gun_305_x3,1.1,1.2,1.2675,,0.3661,39.9919,1.0661,dreadnought_gun_305_x3,1.14,1.225,1.291875,,0.3707,41.8919,1.0925,dreadnought_gun_b_305_x3,1.14,1.25,1.33,,0.3754,43.3581,1.1975,iowa_gun_406_x3,1.33,0.7563375,0.791724375,,0.2277,51.8469,1.3652,,,,
gun_13_x4,,330,gun_13_x4,,,,0.2848,irresistible_gun_305_x4,1.08,1.17,1.2358125,,0.3616,38.6395,1.053,irresistible_gun_305_x4,1.1,1.2,1.2675,,0.3661,39.9919,1.0661,dreadnought_gun_305_x4,1.14,1.225,1.291875,,0.3707,41.8919,1.0925,dreadnought_gun_b_305_x4,1.14,1.25,1.33,,0.3754,43.3581,1.1975,kgeorge_gun_380_x4_c,1.18,1.053,1.07800875,,0.3251,53.5612,1.3368,,,,
gun_14_x1,,356,gun_14_x1,,,,0.3057,irresistible_gun_305_x1,1.1,1.275,1.340625,,0.3616,38.3476,1.045,dreadnought_gun_305_x1,1.12,1.3,1.365,,0.3661,40.1695,1.0709,dreadnought_gun_b_305_x1,1.14,1.325,1.389375,,0.3707,41.5754,1.1738,iowa_gun_406_x1,1.31,0.802,0.83655,,0.2249,49.7152,1.3382,iowa_gun_406_x1,1.33,0.812025,0.847006875,,0.2277,51.4552,1.3549,,,,
gun_14_x2,,356,gun_14_x2,,,,0.3057,irresistible_gun_305_x2,1.1,1.275,1.340625,,0.3616,38.3476,1.045,dreadnought_gun_305_x2,1.12,1.3,1.365,,0.3661,40.1695,1.0709,dreadnought_gun_b_305_x2,1.14,1.325,1.389375,,0.3707,41.5754,1.1738,iowa_gun_406_x2,1.31,0.802,0.83655,,0.2249,49.7152,1.3382,iowa_gun_406_x2,1.33,0.812025,0.847006875,,0.2277,51.4552,1.3549,,,,
gun_14_x3,,356,gun_14_x3,,,,0.3057,irresistible_gun_305_x3,1.1,1.275,1.340625,,0.3616,38.3476,1.045,dreadnought_gun_305_x3,1.12,1.3,1.365,,0.3661,40.1695,1.0709,dreadnought_gun_b_305_x3,1.14,1.325,1.389375,,0.3707,41.5754,1.1738,iowa_gun_406_x3,1.31,0.802,0.83655,,0.2249,49.7152,1.3382,iowa_gun_406_x3,1.33,0.812025,0.847006875,,0.2277,51.4552,1.3549,,,,
gun_14_x4,,356,gun_14_x4,,,,0.3057,irresistible_gun_305_x4,1.1,1.275,1.340625,,0.3616,38.3476,1.045,dreadnought_gun_305_x4,1.12,1.3,1.365,,0.3661,40.1695,1.0709,dreadnought_gun_b_305_x4,1.14,1.325,1.389375,,0.3707,41.5754,1.1738,iowa_gun_406_x4,1.31,0.802,0.83655,,0.2249,49.7152,1.3382,kgeorge_gun_380_x4_c,1.18,1.10565,1.1293425,,0.3251,53.1565,1.3267,,,,
gun_15_x1,,381,gun_15_x1,,,,0.3256,irresistible_gun_305_x1,1.1,1.375,1.438125,,0.3616,38.0882,1.038,dreadnought_gun_305_x1,1.12,1.4,1.4625,,0.3661,39.8978,1.0636,dreadnought_gun_b_305_x1,1.14,1.425,1.5,,0.3707,41.2942,1.1658,iowa_gun_406_x1,1.31,0.858,0.890175,,0.2249,49.3789,1.3291,iowa_gun_406_x1,1.33,0.868725,0.901302188,,0.2277,51.1072,1.3457,,,,
gun_15_x2,,381,gun_15_x2,,,,0.3256,irresistible_gun_305_x2,1.1,1.375,1.438125,,0.3616,38.0882,1.038,dreadnought_gun_305_x2,1.12,1.4,1.4625,,0.3661,39.8978,1.0636,dreadnought_gun_b_305_x2,1.14,1.425,1.5,,0.3707,41.2942,1.1658,iowa_gun_406_x2,1.31,0.858,0.890175,,0.2249,49.3789,1.3291,iowa_gun_406_x2,1.33,0.868725,0.901302188,,0.2277,51.1072,1.3457,,,,
gun_15_x3,,381,gun_15_x3,,,,0.3256,irresistible_gun_305_x3,1.1,1.375,1.438125,,0.3616,38.0882,1.038,dreadnought_gun_305_x3,1.12,1.4,1.4625,,0.3661,39.8978,1.0636,dreadnought_gun_b_305_x3,1.14,1.425,1.5,,0.3707,41.2942,1.1658,iowa_gun_406_x3,1.31,0.858,0.890175,,0.2249,49.3789,1.3291,iowa_gun_406_x3,1.33,0.868725,0.901302188,,0.2277,51.1072,1.3457,,,,
gun_15_x4,,381,gun_15_x4,,,,0.3256,irresistible_gun_305_x4,1.1,1.375,1.438125,,0.3616,38.0882,1.038,dreadnought_gun_305_x4,1.12,1.4,1.4625,,0.3661,39.8978,1.0636,dreadnought_gun_b_305_x4,1.14,1.425,1.5,,0.3707,41.2942,1.1658,iowa_gun_406_x4,1.31,0.858,0.890175,,0.2249,49.3789,1.3291,kgeorge_gun_380_x4_c,1.18,1.1583,1.18067625,,0.3251,52.797,1.3177,,,,
gun_16_x1,,406,gun_16_x1,,,,0.3453,dreadnought_gun_305_x1,1.1,1.475,1.555,,0.3616,38.3044,1.0438,dreadnought_gun_305_x1,1.12,1.5,1.5744375,,0.3661,39.645,1.0569,yamato_gun_460_x1,1.24,0.888,0.949550977,,0.2221,47.3794,1.2356,iowa_gun_406_x1,1.31,0.913,0.944775,,0.2249,49.0661,1.3207,iowa_gun_406_x1,1.33,0.9244125,0.956584688,,0.2277,50.7834,1.3372,,,,
gun_16_x2,,406,gun_16_x2,,,,0.3453,dreadnought_gun_305_x2,1.1,1.475,1.555,,0.3616,38.3044,1.0438,dreadnought_gun_305_x2,1.12,1.5,1.5744375,,0.3661,39.645,1.0569,yamato_gun_460_x2,1.24,0.888,0.949550977,,0.2221,47.3794,1.2356,iowa_gun_406_x2,1.31,0.913,0.944775,,0.2249,49.0661,1.3207,iowa_gun_406_x2,1.33,0.9244125,0.956584688,,0.2277,50.7834,1.3372,,,,
gun_16_x3,,406,gun_16_x3,,,,0.3453,dreadnought_gun_305_x3,1.1,1.475,1.555,,0.3616,38.3044,1.0438,dreadnought_gun_305_x3,1.12,1.5,1.5744375,,0.3661,39.645,1.0569,yamato_gun_460_x3,1.24,0.888,0.949550977,,0.2221,47.3794,1.2356,iowa_gun_406_x3,1.31,0.913,0.944775,,0.2249,49.0661,1.3207,iowa_gun_406_x3,1.33,0.9244125,0.956584688,,0.2277,50.7834,1.3372,,,,
gun_16_x4,,406,gun_16_x4,,,,0.3453,dreadnought_gun_305_x4,1.1,1.475,1.555,,0.3616,38.3044,1.0438,dreadnought_gun_305_x4,1.12,1.5,1.5744375,,0.3661,39.645,1.0569,yamato_gun_460_x4,1.24,0.888,0.949550977,,0.2221,47.3794,1.2356,iowa_gun_406_x4,1.31,0.913,0.944775,,0.2249,49.0661,1.3207,kgeorge_gun_380_x4_c,1.18,1.21095,1.23201,,0.3251,52.4625,1.3093,,,,
gun_17_x1,,432,gun_17_x1,,,,0.3656,yamato_gun_460_x1,1.2,0.95,0.975,,0.2167,43.9555,1.1978,yamato_gun_460_x1,1.22,0.961875,0.9871875,,0.2194,45.494,1.2128,yamato_gun_b_460_x1,1.24,0.973898438,0.999527344,,0.2221,47.0862,1.228,iowa_gun_406_x1,1.31,0.969,1.01,,0.2249,48.7625,1.3125,iowa_gun_406_x1,1.33,0.9811125,1.024671703,,0.2277,50.4692,1.3289,,,,
gun_17_x2,,432,gun_17_x2,,,,0.3656,yamato_gun_460_x2,1.2,0.95,0.975,,0.2167,43.9555,1.1978,yamato_gun_460_x2,1.22,0.961875,0.9871875,,0.2194,45.494,1.2128,yamato_gun_b_460_x2,1.24,0.973898438,0.999527344,,0.2221,47.0862,1.228,iowa_gun_406_x2,1.31,0.969,1.01,,0.2249,48.7625,1.3125,iowa_gun_406_x2,1.33,0.9811125,1.024671703,,0.2277,50.4691,1.3289,,,,
gun_17_x3,,432,gun_17_x3,,,,0.3656,yamato_gun_460_x3,1.2,0.95,0.975,,0.2167,43.9555,1.1978,yamato_gun_460_x3,1.22,0.961875,0.9871875,,0.2194,45.494,1.2128,yamato_gun_b_460_x3,1.24,0.973898438,0.999527344,,0.2221,47.0862,1.228,iowa_gun_406_x3,1.31,0.969,1.01,,0.2249,48.7625,1.3125,iowa_gun_406_x3,1.33,0.9811125,1.024671703,,0.2277,50.4691,1.3289,,,,
gun_17_x4,,432,gun_17_x4,,,,0.3656,yamato_gun_460_x4,1.2,0.95,0.975,,0.2167,43.9555,1.1978,yamato_gun_460_x4,1.22,0.961875,0.9871875,,0.2194,45.494,1.2128,yamato_gun_b_460_x4,1.24,0.973898438,0.999527344,,0.2221,47.0862,1.228,iowa_gun_406_x4,1.31,0.969,1.01,,0.2249,48.7625,1.3125,kgeorge_gun_380_x4_c,1.18,1.2636,1.2936105,,0.3251,52.1378,1.3012,,,,
gun_18_x1,,457,gun_18_x1,,,,0.3849,yamato_gun_460_x1,1.2,1,1.04,,0.2167,43.7089,1.1911,yamato_gun_460_x1,1.22,1.0125,1.053,,0.2194,45.2387,1.206,yamato_gun_b_460_x1,1.24,1.02515625,1.049503711,,0.2221,46.8221,1.2211,yamato_gun_b_460_x1,1.26,1.037970703,1.062622507,,0.2249,48.4609,1.2363,yamato_gun_b_460_x1,1.28,1.050945337,1.075905289,,0.2277,50.157,1.2518,,,,
gun_18_x2,,457,gun_18_x2,,,,0.3849,yamato_gun_460_x2,1.2,1,1.04,,0.2167,43.7089,1.1911,yamato_gun_460_x2,1.22,1.0125,1.053,,0.2194,45.2387,1.206,yamato_gun_b_460_x2,1.24,1.02515625,1.049503711,,0.2221,46.8221,1.2211,yamato_gun_b_460_x2,1.26,1.037970703,1.062622507,,0.2249,48.4609,1.2363,yamato_gun_b_460_x2,1.28,1.050945337,1.075905289,,0.2277,50.157,1.2518,,,,
gun_18_x3,,457,gun_18_x3,,,,0.3849,yamato_gun_460_x3,1.2,1,1.04,,0.2167,43.7089,1.1911,yamato_gun_460_x3,1.22,1.0125,1.053,,0.2194,45.2387,1.206,yamato_gun_b_460_x3,1.24,1.02515625,1.049503711,,0.2221,46.8221,1.2211,yamato_gun_b_460_x3,1.26,1.037970703,1.062622507,,0.2249,48.4609,1.2363,yamato_gun_b_460_x3,1.28,1.050945337,1.075905289,,0.2277,50.157,1.2518,,,,
gun_18_x4,,457,gun_18_x4,,,,0.3849,yamato_gun_460_x4,1.2,1,1.04,,0.2167,43.7089,1.1911,yamato_gun_460_x4,1.22,1.0125,1.053,,0.2194,45.2387,1.206,yamato_gun_b_460_x4,1.24,1.02515625,1.049503711,,0.2221,46.8221,1.2211,yamato_gun_b_460_x4,1.26,1.037970703,1.062622507,,0.2249,48.4609,1.2363,kgeorge_gun_380_x4_c,1.18,1.32678,1.355211,,0.3251,51.8453,1.2939,,,,
gun_19_x1,,483,gun_19_x1,,,,0.4047,yamato_gun_460_x1,1.2,1.05,1.085,,0.2167,43.4677,1.1845,yamato_gun_460_x1,1.22,1.063125,1.0985625,,0.2194,44.9891,1.1994,yamato_gun_b_460_x1,1.24,1.076414063,1.099480078,,0.2221,46.5637,1.2143,yamato_gun_b_460_x1,1.26,1.089869238,1.113223579,,0.2249,48.1935,1.2295,yamato_gun_b_460_x1,1.28,1.103492604,1.127138874,,0.2277,49.8802,1.2449,,,,
gun_19_x2,,483,gun_19_x2,,,,0.4047,yamato_gun_460_x2,1.2,1.05,1.085,,0.2167,43.4677,1.1845,yamato_gun_460_x2,1.22,1.063125,1.0985625,,0.2194,44.9891,1.1994,yamato_gun_b_460_x2,1.24,1.076414063,1.099480078,,0.2221,46.5637,1.2143,yamato_gun_b_460_x2,1.26,1.089869238,1.113223579,,0.2249,48.1935,1.2295,yamato_gun_b_460_x2,1.28,1.103492604,1.127138874,,0.2277,49.8802,1.2449,,,,
gun_19_x3,,483,gun_19_x3,,,,0.4047,yamato_gun_460_x3,1.2,1.05,1.085,,0.2167,43.4677,1.1845,yamato_gun_460_x3,1.22,1.063125,1.0985625,,0.2194,44.9891,1.1994,yamato_gun_b_460_x3,1.24,1.076414063,1.099480078,,0.2221,46.5637,1.2143,yamato_gun_b_460_x3,1.26,1.089869238,1.113223579,,0.2249,48.1935,1.2295,yamato_gun_b_460_x3,1.28,1.103492604,1.127138874,,0.2277,49.8802,1.2449,,,,
gun_19_x4,,483,gun_19_x4,,,,0.4047,yamato_gun_460_x4,1.2,1.05,1.085,,0.2167,43.4677,1.1845,yamato_gun_460_x4,1.22,1.063125,1.0985625,,0.2194,44.9891,1.1994,yamato_gun_b_460_x4,1.24,1.076414063,1.099480078,,0.2221,46.5637,1.2143,yamato_gun_b_460_x4,1.26,1.089869238,1.113223579,,0.2249,48.1935,1.2295,kgeorge_gun_380_x4_c,1.18,1.38996,1.437345,,0.3251,51.5593,1.2868,,,,
gun_20_x1,,508,gun_20_x1,,,,0.4236,yamato_gun_460_x1,1.2,1.1,1.14,,0.2167,43.2489,1.1786,yamato_gun_460_x1,1.22,1.11375,1.15425,,0.2194,44.7626,1.1933,yamato_gun_b_460_x1,1.24,1.127671875,1.16,,0.2221,46.3293,1.2082,yamato_gun_b_460_x1,1.26,1.141767773,1.1745,,0.2249,47.9509,1.2233,yamato_gun_b_460_x1,1.28,1.156039871,1.18918125,,0.2277,49.6291,1.2386,,,,
gun_20_x2,,508,gun_20_x2,,,,0.4236,yamato_gun_460_x2,1.2,1.1,1.14,,0.2167,43.2489,1.1786,yamato_gun_460_x2,1.22,1.11375,1.15425,,0.2194,44.7626,1.1933,yamato_gun_b_460_x2,1.24,1.127671875,1.16,,0.2221,46.3293,1.2082,yamato_gun_b_460_x2,1.26,1.141767773,1.1745,,0.2249,47.9509,1.2233,yamato_gun_b_460_x2,1.28,1.156039871,1.18918125,,0.2277,49.6291,1.2386,,,,
gun_20_x3,,508,gun_20_x3,,,,0.4236,yamato_gun_460_x3,1.2,1.1,1.14,,0.2167,43.2489,1.1786,yamato_gun_460_x3,1.22,1.11375,1.15425,,0.2194,44.7626,1.1933,yamato_gun_b_460_x3,1.24,1.127671875,1.16,,0.2221,46.3293,1.2082,yamato_gun_b_460_x3,1.26,1.141767773,1.1745,,0.2249,47.9509,1.2233,yamato_gun_b_460_x3,1.28,1.156039871,1.18918125,,0.2277,49.6291,1.2386,,,,
gun_20_x4,,508,gun_20_x4,,,,0.4236,yamato_gun_460_x4,1.2,1.1,1.14,,0.2167,43.2489,1.1786,yamato_gun_460_x4,1.22,1.11375,1.15425,,0.2194,44.7626,1.1933,yamato_gun_b_460_x4,1.24,1.127671875,1.16,,0.2221,46.3293,1.2082,yamato_gun_b_460_x4,1.26,1.141767773,1.1745,,0.2249,47.9509,1.2233,kgeorge_gun_380_x4_c,1.18,1.4742,1.5400125,,0.3251,51.2997,1.2803,,,,
gun_2_x1_alt,,51,gun_2_x1_alt,,,New line - alternate guns,0.1197,maine_gun_152_x1,1.9622,0.6054,0.7093,1.6494,0.7262,47.9833,1.3796,maine_gun_152_x1,1.9867,0.6129,0.7181,1.6863,0.7352,49.6628,1.3968,small_gun_e_76_x1,1.8739,0.7424,0.8698,1.5522,0.8906,55.0661,1.3175,richelieu_gun_120_x1,1.4633,0.7947,0.9311,1.6329,0.9533,43.9543,1.0288,richelieu_gun_120_x1,1.4815,0.8046,0.9427,1.6692,0.9652,45.4927,1.0416,,,,
gun_2_x2_alt,,51,gun_2_x2_alt,,,New line - alternate guns,0.1197,maine_gun_152_x2,1.938,0.6054,0.7093,1.6494,0.7262,47.9833,1.3796,maine_gun_152_x2,1.9622,0.6129,0.7181,1.6863,0.7352,49.6628,1.3968,maine_gun_152_x2,1.9868,0.6206,0.7271,1.7236,0.7444,51.401,1.4143,richelieu_gun_120_x2,1.4452,0.7947,0.9311,1.6329,0.9533,43.9543,1.0288,richelieu_gun_120_x2,1.4632,0.8046,0.9427,1.6692,0.9652,45.4927,1.0416,,,,
gun_2_x3_alt,,51,gun_2_x3_alt,,,New line - alternate guns,0.1197,maine_gun_152_x3,1.9141,0.6054,0.7093,1.6494,0.7262,47.9833,1.3796,maine_gun_152_x3,1.938,0.6129,0.7181,1.6862,0.7352,49.6627,1.3968,maine_gun_152_x3,1.9622,0.6206,0.7271,1.7236,0.7444,51.4009,1.4143,richelieu_gun_120_x3,1.4274,0.7947,0.9311,1.6329,0.9533,43.9543,1.0288,richelieu_gun_120_x3,1.4452,0.8046,0.9427,1.6692,0.9652,45.4927,1.0416,,,,
gun_3_x1_alt,,76,gun_3_x1_alt,,,New line - alternate guns,0.1519,maine_gun_152_x1,1.7601,0.7691,0.861,1.5833,0.7262,46.1069,1.3256,maine_gun_152_x1,1.7822,0.7786,0.8716,1.6187,0.7352,47.7207,1.3422,small_gun_c_76_x1,1.8326,1.5896,1.7795,1.4184,1.501,50.1612,1.3802,small_gun_e_76_x1,1.702,0.9549,1.069,1.5232,0.9017,54.7646,1.2818,akizuki_gun_b_127_x1,1.7766,0.8754,0.98,1.7709,0.8266,50.8144,1.338,,,,
gun_3_x2_alt,,76,gun_3_x2_alt,,,New line - alternate guns,0.1519,maine_gun_152_x2,1.7384,0.7691,0.861,1.5833,0.7262,46.1069,1.3256,maine_gun_152_x2,1.7602,0.7786,0.8716,1.6187,0.7352,47.7207,1.3422,maine_gun_152_x2,1.7822,0.7884,0.8826,1.6545,0.7444,49.3909,1.359,iowa_gun_127_x2,1.8075,1.0084,1.1289,1.5265,0.9522,54.0263,1.3783,moga_gun_127_x2,1.8306,1.0215,1.1436,1.5601,0.9646,55.933,1.3959,,,,
gun_3_x3_alt,,76,gun_3_x3_alt,,,New line - alternate guns,0.1519,maine_gun_152_x3,1.7169,0.7691,0.861,1.5833,0.7262,46.1069,1.3256,maine_gun_152_x3,1.7384,0.7786,0.8716,1.6187,0.7352,47.7207,1.3422,maine_gun_152_x3,1.7602,0.7884,0.8826,1.6545,0.7444,49.3909,1.359,iowa_gun_127_x3,1.7852,1.0084,1.1289,1.5265,0.9522,54.0263,1.3783,moga_gun_127_x3,1.8071,1.0204,1.1423,1.5609,0.9635,55.9021,1.3952,,,,
gun_4_x1_alt,,102,gun_4_x1_alt,,,New line - alternate guns,0.1669,maine_gun_152_x1,1.5467,0.9176,1.001,1.4161,0.7262,44.77,1.2872,maine_gun_152_x1,1.566,0.9289,1.0133,1.4478,0.7352,46.337,1.3033,dd_s_gun_d_102_x1,1.2702,0.943,1.0287,1.6062,0.7463,44.183,1.0571,hood_gun_140_x1,1.7608,1.0327,1.1266,1.286,0.8173,57.4398,1.4654,akizuki_gun_b_127_x1,1.5611,1.0444,1.1393,1.5839,0.8266,49.341,1.2992,,,,
gun_4_x2_alt,,102,gun_4_x2_alt,,,New line - alternate guns,0.1669,maine_gun_152_x2,1.5276,0.9176,1.001,1.4161,0.7262,44.77,1.2872,maine_gun_152_x2,1.5467,0.9289,1.0133,1.4478,0.7352,46.337,1.3033,maine_gun_254_x2_b,1.4504,0.468,0.5106,1.8364,0.3704,44.4195,1.2222,ussr_gun_100_x2,1.5952,0.9029,0.985,1.5587,0.7146,48.6713,1.3442,moga_gun_127_x2,1.6086,1.2188,1.3296,1.3952,0.9646,54.3112,1.3555,,,,
gun_4_x3_alt,,102,gun_4_x3_alt,,,New line - alternate guns,0.1669,maine_gun_152_x3,1.5087,0.9176,1.001,1.4161,0.7262,44.77,1.2872,maine_gun_152_x3,1.5276,0.9289,1.0133,1.4478,0.7352,46.337,1.3033,maine_gun_254_x3_b,1.4325,0.468,0.5106,1.8364,0.3704,44.4195,1.2222,ussr_gun_100_x3,1.5753,0.9025,0.9845,1.5591,0.7143,48.6623,1.344,moga_gun_127_x3,1.5878,1.2174,1.328,1.3961,0.9635,54.2812,1.3547,,,,
gun_5_x1_alt,,127,gun_5_x1_alt,,,New line - alternate guns,0.1636,maine_gun_152_x1,1.2897,1.0466,1.124,1.1906,0.7262,43.7993,1.2593,maine_gun_152_x1,1.3058,1.0595,1.1378,1.2173,0.7352,45.3323,1.275,dd_s_gun_d_102_x1,1.0592,1.0755,1.155,1.3505,0.7463,43.225,1.0342,hood_gun_140_x1,1.4682,1.1778,1.2648,1.0813,0.8173,56.1943,1.4336,akizuki_gun_b_127_x1,1.3017,1.1912,1.2792,1.3317,0.8266,48.2712,1.271,,,,
gun_5_x2_alt,,127,gun_5_x2_alt,,,New line - alternate guns,0.1636,maine_gun_152_x2,1.2738,1.0466,1.124,1.1906,0.7262,43.7993,1.2593,maine_gun_152_x2,1.2897,1.0595,1.1378,1.2173,0.7352,45.3323,1.275,maine_gun_254_x2_b,1.2095,0.5338,0.5733,1.5439,0.3704,43.4564,1.1957,ussr_gun_100_x2,1.3302,1.0298,1.1059,1.3106,0.7146,47.616,1.3151,ussr_gun_100_x2,1.3468,1.0427,1.1198,1.3396,0.7235,49.2826,1.3315,,,,
gun_5_x3_alt,,127,gun_5_x3_alt,,,New line - alternate guns,0.1636,maine_gun_152_x3,1.2581,1.0466,1.124,1.1906,0.7262,43.7993,1.2593,maine_gun_152_x3,1.2738,1.0595,1.1378,1.2173,0.7352,45.3323,1.275,maine_gun_254_x3_b,1.1945,0.5338,0.5733,1.5439,0.3704,43.4564,1.1957,ussr_gun_100_x3,1.3135,1.0294,1.1055,1.3108,0.7143,47.6071,1.3148,ussr_gun_100_x3,1.33,1.0424,1.1194,1.3398,0.7233,49.2734,1.3313,,,,
gun_6_x2_alt,,152,gun_6_x2_alt,,,New line - alternate guns,0.1859,ny_gun_210_x2,1.135,0.8737,0.9281,1.3609,0.5443,39.9668,1.1491,ny_gun_210_x2,1.1492,0.8846,0.9397,1.3912,0.5511,41.3656,1.1635,maine_gun_254_x2_b,1.16,0.5946,0.6317,1.5472,0.3704,42.6825,1.1744,ussr_gun_100_x2,1.2758,1.1471,1.2185,1.3133,0.7146,46.768,1.2917,ussr_gun_100_x2,1.2917,1.1614,1.2337,1.3425,0.7235,48.4049,1.3078,,,,
gun_6_x3_alt,,152,gun_6_x3_alt,,,New line - alternate guns,0.1859,ny_gun_210_x3,1.121,0.8737,0.9281,1.3609,0.5443,39.9668,1.1491,ny_gun_210_x3,1.135,0.8846,0.9397,1.3912,0.5511,41.3656,1.1635,maine_gun_254_x3_b,1.1456,0.5946,0.6317,1.5472,0.3704,42.6825,1.1744,ussr_gun_100_x3,1.2598,1.1466,1.218,1.3136,0.7143,46.7593,1.2914,ussr_gun_100_x3,1.2756,1.161,1.2333,1.3427,0.7233,48.3959,1.3076,,,,
gun_7_x2_alt,,178,gun_7_x2_alt,,,New line - alternate guns,0.2118,ny_gun_210_x2,1.1172,0.9855,1.0383,1.3526,0.5443,39.3406,1.1311,ny_gun_210_x2,1.1311,0.9978,1.0512,1.3827,0.5511,40.7176,1.1452,hood_gun_380_x2,1.225,0.5369,0.5657,1.4204,0.2965,47.5583,1.2403,ussr_gun_152_x2,1.3016,0.9437,0.9942,1.3421,0.5212,47.715,1.3178,ussr_gun_152_x2,1.3179,0.9555,1.0067,1.3719,0.5277,49.385,1.3343,,,,
gun_7_x3_alt,,178,gun_7_x3_alt,,,New line - alternate guns,0.2118,ny_gun_210_x3,1.1034,0.9855,1.0383,1.3526,0.5443,39.3406,1.1311,ny_gun_210_x3,1.1171,0.9978,1.0512,1.3827,0.5511,40.7176,1.1452,hood_gun_380_x3,1.2099,0.5369,0.5657,1.4204,0.2965,47.5583,1.2403,ussr_gun_152_x3,1.2857,0.9441,0.9946,1.3418,0.5214,47.7225,1.318,ussr_gun_152_x3,1.3018,0.9558,1.007,1.3717,0.5279,49.3928,1.3345,,,,
gun_8_x2_alt,,203,gun_8_x2_alt,,,New line - alternate guns,0.235,ny_gun_210_x2,1.1026,1.0923,1.1438,1.3364,0.5443,38.827,1.1163,ny_gun_210_x2,1.1164,1.106,1.1582,1.366,0.5511,40.1859,1.1303,hood_gun_380_x2,1.209,0.5951,0.6232,1.4033,0.2965,46.9374,1.2241,ussr_gun_152_x2,1.2846,1.046,1.0953,1.326,0.5212,47.092,1.3006,ussr_gun_152_x2,1.3007,1.059,1.1089,1.3555,0.5277,48.7402,1.3169,,,,
gun_8_x3_alt,,203,gun_8_x3_alt,,,New line - alternate guns,0.235,ny_gun_210_x3,1.089,1.0923,1.1438,1.3364,0.5443,38.827,1.1163,ny_gun_210_x3,1.1026,1.106,1.1582,1.366,0.5511,40.1859,1.1303,hood_gun_380_x3,1.1941,0.5951,0.6232,1.4033,0.2965,46.9374,1.2241,ussr_gun_152_x3,1.2689,1.0464,1.0958,1.3257,0.5214,47.0994,1.3008,ussr_gun_152_x3,1.2848,1.0594,1.1094,1.3552,0.5279,48.7479,1.3171,,,,
gun_9_x2_alt,,229,gun_9_x2_alt,,,New line - alternate guns,0.2574,ny_gun_210_x2,1.0894,1.2033,1.2538,1.3129,0.5443,38.3619,1.103,ny_gun_210_x2,1.103,1.2183,1.2694,1.3422,0.5511,39.7045,1.1167,irresistible_gun_305_x2,1.1058,0.8195,0.8539,1.4247,0.3707,42.9319,1.1196,dreadnought_gun_305_x2,1.1332,0.8299,0.8647,1.4387,0.3754,44.9716,1.1473,ussr_gun_152_x2,1.2851,1.1666,1.2156,1.3317,0.5277,48.1564,1.3011,,,,
gun_9_x3_alt,,229,gun_9_x3_alt,,,New line - alternate guns,0.2574,ny_gun_210_x3,1.076,1.2033,1.2538,1.3129,0.5443,38.3619,1.103,ny_gun_210_x3,1.0893,1.2183,1.2694,1.3422,0.5511,39.7045,1.1167,irresistible_gun_305_x3,1.0922,0.8195,0.8539,1.4247,0.3707,42.9319,1.1196,dreadnought_gun_305_x3,1.1192,0.8299,0.8647,1.4387,0.3754,44.9716,1.1473,ussr_gun_152_x3,1.2694,1.167,1.216,1.3315,0.5279,48.1639,1.3013,,,,
gun_10_x2_alt,,254,gun_10_x2_alt,,,New line - alternate guns,0.2773,ny_gun_210_x2,1.0782,1.3102,1.3599,1.2857,0.5443,37.9665,1.0916,ny_gun_210_x2,1.0916,1.3266,1.3769,1.3143,0.5511,39.2953,1.1052,irresistible_gun_305_x2,1.0945,0.8923,0.9262,1.3951,0.3707,42.4894,1.1081,dreadnought_gun_305_x2,1.1215,0.9037,0.938,1.4087,0.3754,44.5081,1.1355,ussr_gun_152_x2,1.2719,1.2702,1.3184,1.3042,0.5277,47.66,1.2877,,,,
gun_10_x3_alt,,254,gun_10_x3_alt,,,New line - alternate guns,0.2773,ny_gun_210_x3,1.0649,1.3102,1.3599,1.2857,0.5443,37.9665,1.0916,ny_gun_210_x3,1.0781,1.3266,1.3769,1.3143,0.5511,39.2953,1.1052,irresistible_gun_305_x3,1.081,0.8923,0.9262,1.3951,0.3707,42.4894,1.1081,dreadnought_gun_305_x3,1.1077,0.9037,0.938,1.4087,0.3754,44.5081,1.1355,ussr_gun_152_x3,1.2563,1.2707,1.3189,1.3039,0.5279,47.6675,1.2879,,,,
gun_11_x2_alt,,279,gun_11_x2_alt,,,New line - alternate guns,0.2431,ny_gun_210_x2,1.0681,1.4176,1.4667,1.0321,0.5443,37.6117,1.0814,ny_gun_210_x2,1.0814,1.4353,1.485,1.055,0.5511,38.9281,1.0949,irresistible_gun_305_x2,1.0842,0.9655,0.999,1.1198,0.3707,42.0924,1.0977,dreadnought_gun_305_x2,1.1111,0.9777,1.0116,1.1309,0.3754,44.0922,1.1249,ussr_gun_152_x2,1.26,1.3743,1.4219,1.0469,0.5277,47.2147,1.2757,,,,
gun_11_x3_alt,,279,gun_11_x3_alt,,,New line - alternate guns,0.2431,ny_gun_210_x3,1.0549,1.4176,1.4667,1.0321,0.5443,37.6117,1.0814,ny_gun_210_x3,1.0681,1.4353,1.485,1.055,0.5511,38.9281,1.0949,irresistible_gun_305_x3,1.0708,0.9655,0.999,1.1198,0.3707,42.0924,1.0977,dreadnought_gun_305_x3,1.0973,0.9777,1.0116,1.1309,0.3754,44.0922,1.1249,ussr_gun_152_x3,1.2446,1.3749,1.4225,1.0466,0.5279,47.2221,1.2759,,,,
gun_12_x2_alt,,305,gun_12_x2_alt,,,New line - alternate guns,0.2645,ny_gun_210_x2,1.0586,1.5299,1.5785,1.0311,0.5443,37.2781,1.0718,ny_gun_210_x2,1.0719,1.549,1.5982,1.054,0.5511,38.5828,1.0852,agamemnon_gun_305_x2,1.0877,1.042,1.0751,1.1054,0.3707,42.2233,1.1012,agamemnon_gun_305_x2,1.1012,1.0552,1.0887,1.1298,0.3754,43.7011,1.1149,agamemnon_gun_305_x2,1.115,1.0681,1.102,1.1552,0.38,45.2306,1.1289,,,,
gun_12_x3_alt,,305,gun_12_x3_alt,,,New line - alternate guns,0.2645,ny_gun_210_x3,1.0455,1.5299,1.5785,1.0311,0.5443,37.2781,1.0718,ny_gun_210_x3,1.0586,1.549,1.5982,1.054,0.5511,38.5828,1.0852,agamemnon_gun_305_x3,1.0742,1.042,1.0751,1.1054,0.3707,42.2233,1.1012,agamemnon_gun_305_x3,1.0876,1.0552,1.0887,1.1298,0.3754,43.7011,1.1149,agamemnon_gun_305_x3,1.1012,1.0681,1.102,1.1552,0.38,45.2306,1.1289,,,,
gun_13_x2_alt,,330,gun_13_x2_alt,,,New line - alternate guns,0.2848,ny_gun_210_x2,1.0503,1.6387,1.6869,1.0285,0.5443,36.9856,1.0634,ny_gun_210_x2,1.0635,1.6592,1.708,1.0513,0.5511,38.28,1.0767,agamemnon_gun_305_x2,1.0791,1.1161,1.1489,1.1026,0.3707,41.8919,1.0925,agamemnon_gun_305_x2,1.0926,1.1302,1.1634,1.127,0.3754,43.3581,1.1062,agamemnon_gun_305_x2,1.1062,1.1441,1.1778,1.1522,0.38,44.8757,1.12,,,,
gun_13_x3_alt,,330,gun_13_x3_alt,,,New line - alternate guns,0.2848,ny_gun_210_x3,1.0374,1.6387,1.6869,1.0285,0.5443,36.9855,1.0634,ny_gun_210_x3,1.0503,1.6592,1.708,1.0513,0.5511,38.28,1.0767,agamemnon_gun_305_x3,1.0657,1.1161,1.1489,1.1026,0.3707,41.8919,1.0925,agamemnon_gun_305_x3,1.0791,1.1302,1.1634,1.127,0.3754,43.3581,1.1062,agamemnon_gun_305_x3,1.0926,1.1441,1.1778,1.1522,0.38,44.8757,1.12,,,,
gun_14_x2_alt,,356,gun_14_x2_alt,,,New line - alternate guns,0.3057,maine_gun_254_x2_b,1.0392,1.1635,1.1953,1.1146,0.3613,36.5939,1.0521,dreadnought_gun_c_305_x2,1.1887,1.1996,1.2324,0.9789,0.3725,43.9369,1.2035,dreadnought_gun_c_305_x2,1.2036,1.2144,1.2476,1.0008,0.3771,45.4746,1.2186,agamemnon_gun_305_x2,1.0843,1.209,1.242,1.1224,0.3754,43.0306,1.0978,agamemnon_gun_305_x2,1.0978,1.2238,1.2572,1.1476,0.38,44.5366,1.1115,,,,
gun_14_x3_alt,,356,gun_14_x3_alt,,,New line - alternate guns,0.3057,maine_gun_254_x3_b,1.0263,1.1635,1.1953,1.1146,0.3613,36.5939,1.0521,dreadnought_gun_c_305_x3,1.174,1.1996,1.2324,0.9789,0.3725,43.9369,1.2035,dreadnought_gun_c_305_x3,1.1887,1.2144,1.2476,1.0008,0.3771,45.4746,1.2186,agamemnon_gun_305_x3,1.0709,1.209,1.242,1.1224,0.3754,43.0306,1.0978,agamemnon_gun_305_x3,1.0843,1.2238,1.2572,1.1476,0.38,44.5366,1.1115,,,,
gun_15_x2_alt,,381,gun_15_x2_alt,,,New line - alternate guns,0.3256,warrior_gun_228_x2,1.1339,1.614,1.6552,0.9076,0.4714,42.1273,1.148,irresistible_gun_305_x2,1.038,1.2535,1.2855,1.082,0.3661,39.4213,1.0509,dreadnought_gun_b_305_x2,1.1515,1.2693,1.3017,1.0927,0.3707,41.2942,1.1658,dreadnought_gun_b_305_x2,1.1659,1.2853,1.3181,1.1169,0.3754,42.7395,1.1804,ussr_gun_406_x2,1.3716,0.868,0.8902,1.0652,0.2535,51.4005,1.3887,,,,
gun_15_x3_alt,,381,gun_15_x3_alt,,,New line - alternate guns,0.3256,warrior_gun_228_x3,1.1199,1.614,1.6552,0.9076,0.4714,42.1273,1.148,irresistible_gun_305_x3,1.0252,1.2535,1.2855,1.082,0.3661,39.4213,1.0509,dreadnought_gun_b_305_x3,1.1372,1.2693,1.3017,1.0927,0.3707,41.2942,1.1658,dreadnought_gun_b_305_x3,1.1515,1.2853,1.3181,1.1169,0.3754,42.7395,1.1804,ussr_gun_406_x3,1.3547,0.868,0.8902,1.0652,0.2535,51.4005,1.3887,,,,
gun_16_x2_alt,,406,gun_16_x2_alt,,,New line - alternate guns,0.3453,warrior_gun_228_x2,1.1267,1.7109,1.752,0.9022,0.4714,41.8604,1.1407,irresistible_gun_305_x2,1.0315,1.3287,1.3606,1.0757,0.3661,39.1716,1.0443,dreadnought_gun_b_305_x2,1.1442,1.3454,1.3777,1.0864,0.3707,41.0326,1.1585,dreadnought_gun_b_305_x2,1.1585,1.3625,1.3952,1.1103,0.3754,42.4687,1.1729,ussr_gun_406_x2,1.3629,0.9201,0.9422,1.059,0.2535,51.0748,1.3799,,,,
gun_16_x3_alt,,406,gun_16_x3_alt,,,New line - alternate guns,0.3453,warrior_gun_228_x3,1.1128,1.7109,1.752,0.9022,0.4714,41.8604,1.1407,irresistible_gun_305_x3,1.0187,1.3287,1.3606,1.0757,0.3661,39.1716,1.0443,dreadnought_gun_b_305_x3,1.1301,1.3454,1.3777,1.0864,0.3707,41.0326,1.1585,dreadnought_gun_b_305_x3,1.1442,1.3625,1.3952,1.1103,0.3754,42.4687,1.1729,ussr_gun_406_x3,1.3461,0.9201,0.9422,1.059,0.2535,51.0749,1.3799,,,,
gun_17_x2_alt,,432,gun_17_x2_alt,,,New line - alternate guns,0.3656,warrior_gun_228_x2,1.1198,1.8126,1.8535,0.896,0.4714,41.6013,1.1337,irresistible_gun_305_x2,1.025,1.4077,1.4395,1.0683,0.3661,38.9292,1.0378,dreadnought_gun_b_305_x2,1.1371,1.4254,1.4576,1.0789,0.3707,40.7787,1.1513,dreadnought_gun_b_305_x2,1.1514,1.4435,1.4761,1.1026,0.3754,42.2059,1.1657,ussr_gun_406_x2,1.3545,0.9748,0.9968,1.0517,0.2535,50.7588,1.3714,,,,
gun_17_x3_alt,,432,gun_17_x3_alt,,,New line - alternate guns,0.3656,warrior_gun_228_x3,1.1059,1.8126,1.8535,0.896,0.4714,41.6013,1.1337,irresistible_gun_305_x3,1.0124,1.4077,1.4395,1.0683,0.3661,38.9292,1.0378,dreadnought_gun_b_305_x3,1.1231,1.4254,1.4576,1.0789,0.3707,40.7787,1.1513,dreadnought_gun_b_305_x3,1.1371,1.4435,1.4761,1.1026,0.3754,42.2059,1.1657,ussr_gun_406_x3,1.3378,0.9748,0.9968,1.0517,0.2535,50.7588,1.3714,,,,
gun_18_x2_alt,,457,gun_18_x2_alt,,,New line - alternate guns,0.3849,warrior_gun_228_x2,1.1134,1.9115,1.9523,0.8895,0.4714,41.368,1.1273,irresistible_gun_305_x2,1.0193,1.4845,1.5162,1.0605,0.3661,38.7108,1.032,dreadnought_gun_b_305_x2,1.1307,1.5031,1.5352,1.071,0.3707,40.5499,1.1448,dreadnought_gun_b_305_x2,1.1448,1.5222,1.5547,1.0946,0.3754,41.9692,1.1591,ussr_gun_406_x2,1.3469,1.0279,1.0499,1.0441,0.2535,50.474,1.3637,,,,
gun_18_x3_alt,,457,gun_18_x3_alt,,,New line - alternate guns,0.3849,warrior_gun_228_x3,1.0997,1.9115,1.9523,0.8895,0.4714,41.368,1.1273,irresistible_gun_305_x3,1.0067,1.4845,1.5162,1.0605,0.3661,38.7108,1.032,dreadnought_gun_b_305_x3,1.1168,1.5031,1.5352,1.071,0.3707,40.5499,1.1448,dreadnought_gun_b_305_x3,1.1307,1.5222,1.5547,1.0946,0.3754,41.9692,1.1591,ussr_gun_406_x3,1.3303,1.0279,1.0499,1.0441,0.2535,50.474,1.3637,,,,
###,,,###,,,,,,,,,,,,,,,,,,,,,,,,,,,,,,,,,,,,,,,,,,,,,,,,
casemate_1,,25,casemate_1,,,,0.0677,casemate_gun_152_x1,2.7607,0.4722,0.6219,1.3843,0.8687,55.2035,1.8356,casemate_gun_152_x1,2.7951,0.4781,0.6297,1.4151,0.8796,57.1356,1.8585,casemate_gun_150_x1,2.7113,0.4104,0.5406,1.561,0.7551,56.6555,1.8028,casemate_gun_150_x1,2.7453,0.4155,0.5473,1.5958,0.7645,58.6384,1.8254,casemate_gun_150_x1,2.7796,0.4207,0.5541,1.6312,0.774,60.6908,1.8482,,,,
casemate_2,,51,casemate_2,,,,0.1197,casemate_gun_152_x1,2.4312,0.7242,0.8485,1.4854,0.8687,51.4048,1.7093,casemate_gun_152_x1,2.4615,0.7333,0.8591,1.5183,0.8796,53.204,1.7306,casemate_gun_150_x1,2.3878,0.6295,0.7375,1.6748,0.7551,52.7569,1.6788,casemate_gun_150_x1,2.4177,0.6373,0.7467,1.7122,0.7645,54.6034,1.6998,casemate_gun_150_x1,2.4478,0.6452,0.7559,1.7504,0.774,56.5145,1.721,,,,
casemate_3,,76,casemate_3,,,,0.1519,casemate_gun_152_x1,2.1807,0.92,1.0299,1.4259,0.8687,49.3946,1.6424,casemate_gun_152_x1,2.208,0.9315,1.0428,1.4576,0.8796,51.1234,1.6629,casemate_gun_150_x1,2.1418,0.7997,0.8953,1.6077,0.7551,50.6938,1.6131,casemate_gun_150_x1,2.1687,0.8096,0.9063,1.6436,0.7645,52.4681,1.6333,casemate_gun_150_x1,2.1957,0.8197,0.9176,1.6802,0.774,54.3045,1.6537,,,,
casemate_4,,102,casemate_4,,,,0.1669,casemate_gun_152_x1,1.9163,1.0976,1.1974,1.2754,0.8687,47.9624,1.5948,casemate_gun_152_x1,1.9402,1.1114,1.2124,1.3036,0.8796,49.641,1.6147,casemate_gun_150_x1,1.8821,0.9541,1.0408,1.4379,0.7551,49.2239,1.5664,casemate_gun_150_x1,1.9056,0.966,1.0538,1.4699,0.7645,50.9468,1.5859,casemate_gun_150_x1,1.9295,0.978,1.0669,1.5027,0.774,52.7299,1.6058,,,,
casemate_5,,127,casemate_5,,,,0.1636,casemate_gun_152_x1,1.5979,1.2519,1.3444,1.0723,0.8687,46.9224,1.5602,casemate_gun_152_x1,1.6178,1.2676,1.3613,1.0961,0.8796,48.5647,1.5797,casemate_gun_150_x1,1.5694,1.0882,1.1686,1.209,0.7551,48.1566,1.5324,casemate_gun_150_x1,1.589,1.1017,1.1831,1.2359,0.7645,49.8421,1.5515,casemate_gun_150_x1,1.6088,1.1154,1.1978,1.2635,0.774,51.5865,1.5709,,,,
casemate_6,,152,casemate_6,,,,0.1859,casemate_gun_152_x1,1.5324,1.3944,1.4812,1.0746,0.8687,46.0868,1.5324,casemate_gun_152_x1,1.5516,1.4119,1.4998,1.0984,0.8796,47.6998,1.5516,casemate_gun_150_x1,1.5051,1.2121,1.2876,1.2115,0.7551,47.299,1.5051,casemate_gun_150_x1,1.5239,1.2272,1.3036,1.2385,0.7645,48.9544,1.5239,casemate_gun_150_x1,1.543,1.2424,1.3198,1.2662,0.774,50.6679,1.543,,,,
casemate_7,,178,casemate_7,,,,0.2118,casemate_gun_150_x1,1.4452,1.3335,1.4049,1.1525,0.7365,43.4624,1.4452,casemate_gun_150_x1,1.4632,1.3501,1.4224,1.1782,0.7457,44.9836,1.4632,casemate_gun_150_x1,1.4815,1.3672,1.4404,1.2042,0.7551,46.558,1.4815,casemate_gun_150_x1,1.5,1.3842,1.4583,1.231,0.7645,48.1875,1.5,casemate_gun_150_x1,1.5188,1.4014,1.4764,1.2585,0.774,49.8741,1.5188,,,,
casemate_8,,203,casemate_8,,,,0.235,casemate_gun_150_x1,1.4263,1.4781,1.5478,1.1386,0.7365,42.8949,1.4263,casemate_gun_150_x1,1.4441,1.4965,1.5671,1.164,0.7457,44.3962,1.4441,casemate_gun_150_x1,1.4622,1.5154,1.5869,1.1897,0.7551,45.9501,1.4622,casemate_gun_150_x1,1.4805,1.5342,1.6065,1.2163,0.7645,47.5584,1.4805,casemate_gun_150_x1,1.499,1.5533,1.6265,1.2433,0.774,49.2229,1.499,,,,
###,,,###,,,,,,,,,,,,,,,,,,,,,,,,,,,,,,,,,,,,,,,,,,,,,,,,
monitor_gun_9_x1,,229,monitor_gun_9_x1,,,,0.2574,monitor_gun_b_279_x1,1.4,0.8,0.8775,,0.394,27.5845,0.9172,monitor_gun_b_279_x1,1.4,0.8,0.8775,,0.3989,28.55,0.9287,monitor_gun_b_279_x1,1.4,0.8,0.8775,,0.4039,29.5492,0.9403,monitor_gun_b_279_x1,1.4,0.8,0.8775,,0.4089,30.5835,0.9521,monitor_gun_b_279_x1,1.4,0.8,0.8775,,0.414,31.6539,0.964,,,,
monitor_gun_9_x2,,229,monitor_gun_9_x2,,,,0.2574,monitor_gun_b_279_x2,1.4,0.8,0.8775,,0.394,27.5845,0.9172,monitor_gun_b_279_x2,1.4,0.8,0.8775,,0.3989,28.55,0.9287,monitor_gun_b_279_x2,1.4,0.8,0.8775,,0.4039,29.5493,0.9403,monitor_gun_b_279_x2,1.4,0.8,0.8775,,0.4089,30.5835,0.9521,monitor_gun_b_279_x2,1.4,0.8,0.8775,,0.414,31.6539,0.964,,,,
monitor_gun_10_x1,,254,monitor_gun_10_x1,,,,0.2773,monitor_gun_279_x1,1.4,0.9,0.975,,0.394,27.3002,0.9078,monitor_gun_279_x1,1.4,0.9,0.975,,0.3989,28.2557,0.9191,monitor_gun_279_x1,1.4,0.9,0.975,,0.4039,29.2447,0.9306,monitor_gun_279_x1,1.4,0.9,0.975,,0.4089,30.2682,0.9422,monitor_gun_279_x1,1.4,0.9,0.975,,0.414,31.3276,0.954,,,,
monitor_gun_10_x2,,254,monitor_gun_10_x2,,,,0.2773,monitor_gun_279_x2,1.4,0.9,0.975,,0.394,27.3002,0.9078,monitor_gun_279_x2,1.4,0.9,0.975,,0.3989,28.2557,0.9191,monitor_gun_279_x2,1.4,0.9,0.975,,0.4039,29.2447,0.9306,monitor_gun_279_x2,1.4,0.9,0.975,,0.4089,30.2682,0.9422,monitor_gun_279_x2,1.4,0.9,0.975,,0.414,31.3276,0.954,,,,
monitor_gun_11_x1,,279,monitor_gun_11_x1,,,,0.2431,monitor_gun_279_x1,1.4,1,1.08,,0.394,27.0451,0.8993,monitor_gun_279_x1,1.4,1,1.08,,0.3989,27.9917,0.9105,monitor_gun_279_x1,1.4,1,1.08,,0.4039,28.9714,0.9219,monitor_gun_279_x1,1.4,1,1.08,,0.4089,29.9854,0.9334,monitor_gun_279_x1,1.4,1,1.08,,0.414,31.0349,0.9451,,,,
monitor_gun_11_x2,,279,monitor_gun_11_x2,,,,0.2431,monitor_gun_279_x2,1.4,1,1.08,,0.394,27.0451,0.8993,monitor_gun_279_x2,1.4,1,1.08,,0.3989,27.9917,0.9105,monitor_gun_279_x2,1.4,1,1.08,,0.4039,28.9714,0.9219,monitor_gun_279_x2,1.4,1,1.08,,0.4089,29.9854,0.9334,monitor_gun_279_x2,1.4,1,1.08,,0.414,31.0349,0.9451,,,,
monitor_gun_12_x1,,305,monitor_gun_12_x1,,,,0.2645,monitor_gun_279_x1,1.4,1.1,1.18,,0.394,26.8052,0.8913,monitor_gun_279_x1,1.4,1.1,1.18,,0.3989,27.7434,0.9025,monitor_gun_279_x1,1.4,1.1,1.18,,0.4039,28.7144,0.9137,monitor_gun_279_x1,1.4,1.1,1.18,,0.4089,29.7194,0.9252,monitor_gun_279_x1,1.4,1.1,1.18,,0.414,30.7596,0.9367,,,,
monitor_gun_12_x2,,305,monitor_gun_12_x2,,,,0.2645,monitor_gun_279_x2,1.4,1.1,1.18,,0.394,26.8052,0.8913,monitor_gun_279_x2,1.4,1.1,1.18,,0.3989,27.7434,0.9025,monitor_gun_279_x2,1.4,1.1,1.18,,0.4039,28.7144,0.9137,monitor_gun_279_x2,1.4,1.1,1.18,,0.4089,29.7194,0.9252,monitor_gun_279_x2,1.4,1.1,1.18,,0.414,30.7596,0.9367,,,,
virginia_casemate_5,,127,virginia_casemate_5,,,,0.1636,virginia_gun_b_229_x1,,0.83,0.86,,0.4824,32.2459,1.0722,virginia_gun_b_229_x1,,0.83,0.86,,0.4884,33.3745,1.0856,virginia_gun_b_229_x1,,0.83,0.86,,0.4945,34.5426,1.0992,virginia_gun_b_229_x1,,0.83,0.86,,0.5007,35.7516,1.1129,virginia_gun_b_229_x1,,0.83,0.86,,0.507,37.0029,1.1268,,,,
virginia_casemate_6,,152,virginia_casemate_6,,,,0.1859,virginia_gun_b_229_x1,,0.87,0.86,,0.4824,31.6716,1.0531,virginia_gun_b_229_x1,,0.87,0.86,,0.4884,32.7802,1.0663,virginia_gun_b_229_x1,,0.87,0.86,,0.4945,33.9275,1.0796,virginia_gun_b_229_x1,,0.87,0.86,,0.5007,35.1149,1.0931,virginia_gun_b_229_x1,,0.87,0.86,,0.507,36.3439,1.1068,,,,
virginia_casemate_7,,178,virginia_casemate_7,,,,0.2118,virginia_gun_b_229_x1,,0.9,0.925,,0.4824,31.1755,1.0366,virginia_gun_b_229_x1,,0.9,0.925,,0.4884,32.2666,1.0496,virginia_gun_b_229_x1,,0.9,0.925,,0.4945,33.3959,1.0627,virginia_gun_b_229_x1,,0.9,0.925,,0.5007,34.5648,1.076,virginia_gun_b_229_x1,,0.9,0.925,,0.507,35.7746,1.0894,,,,
virginia_casemate_8,,203,virginia_casemate_8,,,,0.235,virginia_gun_b_229_x1,,0.94,0.98,,0.4824,30.7684,1.0231,virginia_gun_b_229_x1,,0.94,0.98,,0.4884,31.8453,1.0359,virginia_gun_b_229_x1,,0.94,0.98,,0.4945,32.9599,1.0488,virginia_gun_b_229_x1,,0.94,0.98,,0.5007,34.1135,1.0619,virginia_gun_b_229_x1,,0.94,0.98,,0.507,35.3075,1.0752,,,,
virginia_gun_9_x1,,229,virginia_gun_9_x1,,,,0.2574,virginia_gun_b_229_x1,,1,1.08,,0.4824,30.3999,1.0108,virginia_gun_b_229_x1,,1,1.08,,0.4884,31.4638,1.0235,virginia_gun_b_229_x1,,1,1.08,,0.4945,32.5651,1.0363,virginia_gun_b_229_x1,,1,1.08,,0.5007,33.7049,1.0492,virginia_gun_b_229_x1,,1,1.08,,0.507,34.8845,1.0623,,,,
virginia_gun_10_x1,,254,virginia_gun_10_x1,,,,0.2773,virginia_gun_b_229_x1,,1,1.08,,0.4824,30.0865,1.0004,virginia_gun_b_229_x1,,1,1.08,,0.4884,31.1395,1.0129,virginia_gun_b_229_x1,,1,1.08,,0.4945,32.2294,1.0256,virginia_gun_b_229_x1,,1,1.08,,0.5007,33.3574,1.0384,virginia_gun_b_229_x1,,1,1.08,,0.507,34.5249,1.0514,,,,
###,,,###,britain,,,,,,,,,,,,,,,,,,,,,,,,,,,,,,,,,,,,,,,,,,,,,,,
"gun_2_x1_britain_dd,tb",,51,gun_2_x1,britain,"dd, tb",New line - vanilla fix/supplement,0.1197,small_gun_e_76_x1,1.828,0.7242,0.8485,1.4854,0.8687,51.4048,1.2852,small_gun_e_76_x1,1.8507,0.7333,0.8591,1.5183,0.8796,53.204,1.3012,small_gun_c_76_x1,2.0429,1.2512,1.4659,1.4777,1.501,52.2026,1.4363,small_gun_c_76_x1,2.0685,1.2669,1.4843,1.5104,1.5198,54.0297,1.4543,iowa_gun_127_x1,2.0656,0.8037,0.9416,1.6255,0.9641,58.1928,1.4523,,,,
"gun_2_x2_britain_dd,tb",,51,gun_2_x2,britain,"dd, tb",New line - vanilla fix/supplement,0.1197,dreadnought_gun_178_x2,1.9116,0.4813,0.5639,1.6589,0.5773,49.9376,1.3608,dreadnought_gun_178_x2,1.9356,0.4873,0.5709,1.6958,0.5845,51.6854,1.3779,atlanta_gun_28_x2,1.6672,1.1653,1.3653,1.3882,1.3979,45.5059,1.1868,atlanta_gun_28_x2,1.688,1.1798,1.3822,1.4191,1.4153,47.0986,1.2016,iowa_gun_127_x2,2.0401,0.8037,0.9416,1.6255,0.9641,58.1928,1.4523,,,,
"gun_2_x3_britain_dd,tb",,51,gun_2_x3,britain,"dd, tb",New line - vanilla fix/supplement,0.1197,dreadnought_gun_178_x3,1.888,0.4813,0.5639,1.6589,0.5773,49.9376,1.3608,dreadnought_gun_178_x3,1.9117,0.4873,0.5709,1.6958,0.5845,51.6854,1.3779,atlanta_gun_28_x3,1.6466,1.1653,1.3653,1.3882,1.3979,45.5059,1.1868,atlanta_gun_28_x3,1.6671,1.1798,1.3822,1.4191,1.4153,47.0986,1.2016,iowa_gun_127_x3,2.015,0.8037,0.9416,1.6255,0.9641,58.1928,1.4523,,,,
gun_2_x1_britain,,51,gun_2_x1,britain,,,0.1197,small_gun_e_76_x1,1.828,0.7242,0.8485,1.4854,0.8687,51.4048,1.2852,small_gun_e_76_x1,1.8507,0.7333,0.8591,1.5183,0.8796,53.204,1.3012,small_gun_c_76_x1,2.0429,1.2512,1.4659,1.4777,1.501,52.2026,1.4363,small_gun_c_76_x1,2.0685,1.2669,1.4843,1.5104,1.5198,54.0297,1.4543,moga_gun_127_x1,2.0663,0.8041,0.9421,1.6252,0.9646,58.2093,1.4528,,,,
gun_2_x2_britain,,51,gun_2_x2,britain,,,0.1197,dreadnought_gun_178_x2,1.9116,0.4813,0.5639,1.6589,0.5773,49.9376,1.3608,dreadnought_gun_178_x2,1.9356,0.4873,0.5709,1.6958,0.5845,51.6854,1.3779,atlanta_gun_28_x2,1.6672,1.1653,1.3653,1.3882,1.3979,45.5059,1.1868,atlanta_gun_28_x2,1.688,1.1798,1.3822,1.4191,1.4153,47.0986,1.2016,moga_gun_127_x2,2.0408,0.8041,0.9421,1.6252,0.9646,58.2093,1.4528,,,,
gun_2_x3_britain,,51,gun_2_x3,britain,,,0.1197,dreadnought_gun_178_x3,1.888,0.4813,0.5639,1.6589,0.5773,49.9376,1.3608,dreadnought_gun_178_x3,1.9117,0.4873,0.5709,1.6958,0.5845,51.6854,1.3779,atlanta_gun_28_x3,1.6466,1.1653,1.3653,1.3882,1.3979,45.5059,1.1868,atlanta_gun_28_x3,1.6671,1.1798,1.3822,1.4191,1.4153,47.0986,1.2016,moga_gun_127_x3,2.0145,0.8032,0.941,1.6261,0.9635,58.1772,1.452,,,,
gun_2_x4_britain,,51,gun_2_x4,britain,,New line - vanilla fix/supplement,0.1197,dreadnought_gun_178_x4,1.8647,0.4813,0.5639,1.6589,0.5773,49.9376,1.3608,dreadnought_gun_178_x4,1.8881,0.4873,0.5709,1.6958,0.5845,51.6854,1.3779,richelieu_gun_120_x4,1.3924,0.7849,0.9196,1.5974,0.9415,42.468,1.0161,richelieu_gun_120_x4,1.4098,0.7947,0.9311,1.6329,0.9533,43.9543,1.0288,richelieu_gun_120_x4,1.4273,0.8046,0.9427,1.6692,0.9652,45.4927,1.0416,,,,
gun_2_x1_alt_britain,,51,gun_2_x1_alt,britain,,New line - alternate guns,0.1197,small_gun_e_76_x1,1.828,0.7242,0.8485,1.4854,0.8687,51.4048,1.2852,small_gun_e_76_x1,1.8507,0.7333,0.8591,1.5183,0.8796,53.204,1.3012,hood_gun_140_x1,2.2063,0.6729,0.7884,1.4653,0.8072,59.4806,1.5512,hood_gun_140_x1,2.2339,0.6813,0.7982,1.4979,0.8173,61.5624,1.5706,hood_gun_140_x1,2.2618,0.6898,0.8082,1.5312,0.8275,63.7171,1.5902,,,,
gun_2_x2_alt_britain,,51,gun_2_x2_alt,britain,,New line - alternate guns,0.1197,dreadnought_gun_178_x2,1.9116,0.4813,0.5639,1.6589,0.5773,49.9376,1.3608,dreadnought_gun_178_x2,1.9356,0.4873,0.5709,1.6958,0.5845,51.6854,1.3779,richelieu_gun_120_x2,1.4274,0.7849,0.9196,1.5974,0.9415,42.468,1.0161,hood_gun_140_x2,2.2063,0.6813,0.7982,1.4979,0.8173,61.5624,1.5706,hood_gun_140_x2,2.2338,0.6898,0.8082,1.5312,0.8275,63.7171,1.5902,,,,
gun_2_x3_alt_britain,,51,gun_2_x3_alt,britain,,New line - alternate guns,0.1197,dreadnought_gun_178_x3,1.888,0.4813,0.5639,1.6589,0.5773,49.9376,1.3608,dreadnought_gun_178_x3,1.9117,0.4873,0.5709,1.6958,0.5845,51.6854,1.3779,richelieu_gun_120_x3,1.4098,0.7849,0.9196,1.5974,0.9415,42.468,1.0161,richelieu_gun_120_x3,1.4274,0.7947,0.9311,1.6329,0.9533,43.9543,1.0288,hood_gun_140_x3,2.2063,0.6898,0.8082,1.5312,0.8275,63.7171,1.5902,,,,
"gun_3_x1_britain_dd,tb",,76,gun_3_x1,britain,"dd, tb",,0.1519,jap_tb_gun_76_x1,1.5544,1.5506,1.7358,1.3574,1.4642,46.826,1.1707,jap_tb_gun_76_x1,1.5738,1.57,1.7576,1.3875,1.4825,48.4649,1.1853,jap_tb_gun_76_x1,1.5935,1.5896,1.7795,1.4184,1.501,50.1612,1.2001,pen_gun_127_x1,1.4756,0.8801,0.9853,1.7862,0.831,47.4778,1.1113,akizuki_gun_b_127_x1,1.7766,0.8754,0.98,1.7709,0.8266,50.8144,1.338,,,,
gun_3_x1_britain,,76,gun_3_x1,britain,,,0.1519,jap_tb_gun_76_x1,1.5544,1.5506,1.7358,1.3574,1.4642,46.826,1.1707,jap_tb_gun_76_x1,1.5738,1.57,1.7576,1.3875,1.4825,48.4649,1.1853,jap_tb_gun_76_x1,1.5935,1.5896,1.7795,1.4184,1.501,50.1612,1.2001,pen_gun_127_x1,1.4756,0.8801,0.9853,1.7862,0.831,47.4778,1.1113,kgeorge_gun_133_x1,1.7138,0.6884,0.7707,1.8256,0.65,51.7148,1.2907,,,,
gun_3_x2_britain,,76,gun_3_x2,britain,,,0.1519,dreadnought_gun_178_x2,1.7148,0.6114,0.6845,1.5925,0.5773,47.9848,1.3076,dreadnought_gun_178_x2,1.7363,0.619,0.693,1.628,0.5845,49.6643,1.324,dreadnought_gun_178_x2,1.7579,0.6268,0.7017,1.664,0.5918,51.4025,1.3405,pen_gun_127_x2,1.4574,0.8801,0.9853,1.7862,0.831,47.4778,1.1113,kgeorge_gun_133_x2,1.6926,0.6884,0.7707,1.8256,0.65,51.7148,1.2907,,,,
gun_3_x3_britain,,76,gun_3_x3,britain,,,0.1519,dreadnought_gun_178_x3,1.6936,0.6114,0.6845,1.5925,0.5773,47.9848,1.3076,dreadnought_gun_178_x3,1.7149,0.619,0.693,1.628,0.5845,49.6643,1.324,dreadnought_gun_178_x3,1.7362,0.6268,0.7017,1.664,0.5918,51.4025,1.3405,pen_gun_127_x3,1.4394,0.8801,0.9853,1.6807,0.831,47.4777,1.1113,kgeorge_gun_133_x3,1.6717,0.6884,0.7707,1.8256,0.65,51.7148,1.2907,,,,
gun_3_x4_britain,,76,gun_3_x4,britain,,New line - vanilla fix/supplement,0.1519,dreadnought_gun_178_x4,1.6727,0.6114,0.6845,1.5925,0.5773,47.9848,1.3076,dreadnought_gun_178_x4,1.6937,0.619,0.693,1.628,0.5845,49.6643,1.324,richelieu_gun_120_x4,1.249,0.9971,1.1162,1.5334,0.9415,40.8072,0.9764,richelieu_gun_120_x4,1.2646,1.0096,1.1302,1.5674,0.9533,42.2355,0.9886,richelieu_gun_120_x4,1.2804,1.0222,1.1443,1.6023,0.9652,43.7137,1.0009,,,,
gun_3_x1_alt_britain,,76,gun_3_x1_alt,britain,,New line - alternate guns,0.1519,jap_tb_gun_76_x1,1.5544,1.5506,1.7358,1.3574,1.4642,46.826,1.1707,jap_tb_gun_76_x1,1.5738,1.57,1.7576,1.3875,1.4825,48.4649,1.1853,hood_gun_140_x1,1.9791,0.8549,0.9571,1.4065,0.8072,57.1546,1.4905,hood_gun_140_x1,2.0039,0.8656,0.969,1.4378,0.8173,59.155,1.5092,hood_gun_140_x1,2.0288,0.8764,0.9811,1.4697,0.8275,61.2254,1.528,,,,
gun_3_x2_alt_britain,,76,gun_3_x2_alt,britain,,New line - alternate guns,0.1519,dreadnought_gun_178_x2,1.7148,0.6114,0.6845,1.5925,0.5773,47.9848,1.3076,dreadnought_gun_178_x2,1.7363,0.619,0.693,1.628,0.5845,49.6643,1.324,richelieu_gun_120_x2,1.2805,0.9971,1.1162,1.5334,0.9415,40.8072,0.9764,hood_gun_140_x2,1.9791,0.8656,0.969,1.4378,0.8173,59.155,1.5092,hood_gun_140_x2,2.0038,0.8764,0.9811,1.4697,0.8275,61.2254,1.528,,,,
gun_3_x3_alt_britain,,76,gun_3_x3_alt,britain,,New line - alternate guns,0.1519,dreadnought_gun_178_x3,1.6936,0.6114,0.6845,1.5925,0.5773,47.9848,1.3076,dreadnought_gun_178_x3,1.7149,0.619,0.693,1.628,0.5845,49.6643,1.324,richelieu_gun_120_x3,1.2647,0.9971,1.1162,1.5334,0.9415,40.8072,0.9764,richelieu_gun_120_x3,1.2805,1.0096,1.1302,1.5674,0.9533,42.2355,0.9886,richelieu_gun_120_x3,1.2964,1.0222,1.1443,1.6023,0.9652,43.7137,1.0009,,,,
"gun_4_x1_britain_dd,tb",,102,gun_4_x1,britain,"dd, tb",,0.1669,dd_s_gun_d_102_x1,1.2391,0.9199,1.0035,1.5371,0.728,41.2453,1.0312,dd_s_gun_d_102_x1,1.2546,0.9313,1.0159,1.5714,0.7371,42.6889,1.0441,dd_s_gun_c_102_x1,1.3846,0.943,1.0287,1.6062,0.7463,44.183,1.1523,pen_gun_127_x1,1.2965,1.05,1.1454,1.5977,0.831,46.1012,1.079,akizuki_gun_b_127_x1,1.5611,1.0444,1.1393,1.5839,0.8266,49.341,1.2992,,,,
"gun_4_x2_britain_dd,tb",,102,gun_4_x2,britain,"dd, tb",,0.1669,dreadnought_gun_178_x2,1.5068,0.7294,0.7957,1.4244,0.5773,46.5935,1.2697,dreadnought_gun_178_x2,1.5257,0.7385,0.8056,1.4561,0.5845,48.2242,1.2856,pen_gun_127_x2,1.2647,1.0371,1.1314,1.5628,0.8208,44.5422,1.0657,pen_gun_127_x2,1.2805,1.05,1.1454,1.5977,0.831,46.1012,1.079,kgeorge_gun_133_x2,1.4873,0.8213,0.896,1.6329,0.65,50.2153,1.2533,,,,
"gun_4_x3_britain_dd,tb",,102,gun_4_x3,britain,"dd, tb",,0.1669,dreadnought_gun_178_x3,1.4882,0.7294,0.7957,1.4244,0.5773,46.5935,1.2697,dreadnought_gun_178_x3,1.5068,0.7385,0.8056,1.4561,0.5845,48.2242,1.2856,pen_gun_127_x3,1.2491,1.0371,1.1314,1.4705,0.8208,44.5421,1.0657,pen_gun_127_x3,1.2647,1.05,1.1454,1.5032,0.831,46.1011,1.079,kgeorge_gun_133_x3,1.469,0.8213,0.896,1.6329,0.65,50.2153,1.2533,,,,
gun_4_x1_britain,,102,gun_4_x1,britain,,,0.1669,dd_s_gun_d_102_x1,1.2391,0.9199,1.0035,1.5371,0.728,41.2453,1.0312,dd_s_gun_d_102_x1,1.2546,0.9313,1.0159,1.5714,0.7371,42.6889,1.0441,dd_s_gun_c_102_x1,1.3846,0.943,1.0287,1.6062,0.7463,44.183,1.1523,nelson_gun_152_x1,1.6298,0.8133,0.8872,1.4577,0.6437,53.1666,1.3564,kgeorge_gun_133_x1,1.5059,0.8213,0.896,1.6329,0.65,50.2153,1.2533,,,,
gun_4_x2_britain,,102,gun_4_x2,britain,,,0.1669,dreadnought_gun_178_x2,1.5068,0.7294,0.7957,1.4244,0.5773,46.5935,1.2697,dreadnought_gun_178_x2,1.5257,0.7385,0.8056,1.4561,0.5845,48.2242,1.2856,dreadnought_gun_178_x2,1.5448,0.7478,0.8158,1.4883,0.5918,49.9121,1.3017,nelson_gun_152_x2,1.6097,0.8133,0.8872,1.4577,0.6437,53.1666,1.3564,kgeorge_gun_133_x2,1.4873,0.8213,0.896,1.6329,0.65,50.2153,1.2533,,,,
gun_4_x3_britain,,102,gun_4_x3,britain,,,0.1669,dreadnought_gun_178_x3,1.4882,0.7294,0.7957,1.4244,0.5773,46.5935,1.2697,dreadnought_gun_178_x3,1.5068,0.7385,0.8056,1.4561,0.5845,48.2242,1.2856,dreadnought_gun_178_x3,1.5257,0.7478,0.8158,1.4883,0.5918,49.9121,1.3017,nelson_gun_152_x3,1.5898,0.8133,0.8872,1.4577,0.6437,53.1666,1.3564,kgeorge_gun_133_x3,1.469,0.8213,0.896,1.6329,0.65,50.2153,1.2533,,,,
gun_4_x4_britain,,102,gun_4_x4,britain,,,0.1669,dreadnought_gun_178_x4,1.4698,0.7294,0.7957,1.4244,0.5773,46.5935,1.2697,dreadnought_gun_178_x4,1.4882,0.7385,0.8056,1.4561,0.5845,48.2242,1.2856,dreadnought_gun_178_x4,1.5069,0.7478,0.8158,1.4883,0.5918,49.9121,1.3017,yamato_gun_155_x4,1.4972,0.7473,0.8152,1.5139,0.5914,50.6934,1.2933,yamato_gun_155_x4,1.5159,0.7566,0.8254,1.5476,0.5988,52.4677,1.3095,,,,
gun_4_x1_alt_britain,,102,gun_4_x1_alt,britain,,New line - alternate guns,0.1669,dd_s_gun_d_102_x1,1.2391,0.9199,1.0035,1.5371,0.728,41.2453,1.0312,dd_s_gun_d_102_x1,1.2546,0.9313,1.0159,1.5714,0.7371,42.6889,1.0441,hood_gun_140_x1,1.739,1.0199,1.1126,1.2581,0.8072,55.4974,1.4473,hood_gun_140_x1,1.7608,1.0327,1.1266,1.286,0.8173,57.4398,1.4654,hood_gun_140_x1,1.7828,1.0456,1.1406,1.3145,0.8275,59.4502,1.4837,,,,
gun_4_x2_alt_britain,,102,gun_4_x2_alt,britain,,New line - alternate guns,0.1669,dreadnought_gun_178_x2,1.5068,0.7294,0.7957,1.4244,0.5773,46.5935,1.2697,dreadnought_gun_178_x2,1.5257,0.7385,0.8056,1.4561,0.5845,48.2242,1.2856,maine_gun_152_x2,1.566,0.9406,1.0261,1.4799,0.7444,47.9588,1.3196,hood_gun_140_x2,1.739,1.0327,1.1266,1.286,0.8173,57.4398,1.4654,hood_gun_140_x2,1.7608,1.0456,1.1406,1.3145,0.8275,59.4502,1.4837,,,,
gun_4_x3_alt_britain,,102,gun_4_x3_alt,britain,,New line - alternate guns,0.1669,dreadnought_gun_178_x3,1.4882,0.7294,0.7957,1.4244,0.5773,46.5935,1.2697,dreadnought_gun_178_x3,1.5068,0.7385,0.8056,1.4561,0.5845,48.2242,1.2856,maine_gun_152_x3,1.5467,0.9406,1.0261,1.4799,0.7444,47.9588,1.3196,yamato_gun_155_x3,1.5159,0.7473,0.8152,1.5552,0.5914,50.6935,1.2933,yamato_gun_155_x3,1.5349,0.7566,0.8254,1.5898,0.5988,52.4678,1.3095,,,,
"gun_5_x1_britain_dd,tb",,127,gun_5_x1,britain,"dd, tb",,0.1636,dd_s_gun_d_102_x1,1.0332,1.0491,1.1266,1.2925,0.728,40.351,1.0088,dd_s_gun_d_102_x1,1.0461,1.0623,1.1408,1.3211,0.7371,41.7633,1.0214,dd_s_gun_c_102_x1,1.1545,1.0755,1.155,1.3505,0.7463,43.225,1.1273,pen_gun_127_x1,1.0811,1.1976,1.2861,1.3433,0.831,45.1016,1.0556,akizuki_gun_b_127_x1,1.3017,1.1912,1.2792,1.3317,0.8266,48.2712,1.271,,,,
"gun_5_x2_britain_dd,tb",,127,gun_5_x2,britain,"dd, tb",,0.1636,friedrich_gun_228_x2,1.1832,0.5697,0.6118,1.4852,0.3953,39.6498,1.1697,dreadnought_gun_178_x2,1.2722,0.8424,0.9047,1.2241,0.5845,47.1786,1.2577,pen_gun_127_x2,1.0546,1.1829,1.2703,1.314,0.8208,43.5764,1.0426,pen_gun_127_x2,1.0678,1.1976,1.2861,1.3433,0.831,45.1016,1.0556,atl_gun_125_x2,1.406,1.1026,1.1841,1.2379,0.7651,52.7877,1.39,,,,
"gun_5_x3_britain_dd,tb",,127,gun_5_x3,britain,"dd, tb",,0.1636,warrior_gun_228_x3,1.28,0.6794,0.7296,1.209,0.4714,47.0192,1.2813,dreadnought_gun_178_x3,1.2565,0.8424,0.9047,1.2241,0.5845,47.1786,1.2577,pen_gun_127_x3,1.0416,1.1829,1.2703,1.2363,0.8208,43.5763,1.0426,pen_gun_127_x3,1.0546,1.1976,1.2861,1.2639,0.831,45.1015,1.0556,atl_gun_125_x3,1.3886,1.1026,1.1841,1.2379,0.7651,52.7877,1.39,,,,
gun_5_x1_britain,,127,gun_5_x1,britain,,,0.1636,dd_s_gun_d_102_x1,1.0332,1.0491,1.1266,1.2925,0.728,40.351,1.0088,dd_s_gun_d_102_x1,1.0461,1.0623,1.1408,1.3211,0.7371,41.7633,1.0214,dd_s_gun_c_102_x1,1.1545,1.0755,1.155,1.3505,0.7463,43.225,1.1273,nelson_gun_152_x1,1.359,0.9277,0.9963,1.2255,0.6437,52.0138,1.327,nelson_gun_152_x1,1.376,0.9392,1.0086,1.2528,0.6517,53.8343,1.3436,,,,
gun_5_x2_britain,,127,gun_5_x2,britain,,,0.1636,friedrich_gun_228_x2,1.1832,0.5697,0.6118,1.4852,0.3953,39.6498,1.1697,dreadnought_gun_178_x2,1.2722,0.8424,0.9047,1.2241,0.5845,47.1786,1.2577,dreadnought_gun_178_x2,1.2881,0.8529,0.9159,1.2513,0.5918,48.8298,1.2734,nelson_gun_152_x2,1.3423,0.9277,0.9963,1.2255,0.6437,52.0138,1.327,nelson_gun_152_x2,1.3591,0.9392,1.0086,1.2528,0.6517,53.8343,1.3436,,,,
gun_5_x3_britain,,127,gun_5_x3,britain,,,0.1636,warrior_gun_228_x3,1.28,0.6794,0.7296,1.209,0.4714,47.0192,1.2813,dreadnought_gun_178_x3,1.2565,0.8424,0.9047,1.2241,0.5845,47.1786,1.2577,dreadnought_gun_178_x3,1.2722,0.8529,0.9159,1.2513,0.5918,48.8298,1.2734,nelson_gun_152_x3,1.3257,0.9277,0.9963,1.2255,0.6437,52.0138,1.327,nelson_gun_152_x3,1.3423,0.9392,1.0086,1.2528,0.6517,53.8343,1.3436,,,,
gun_5_x4_britain,,127,gun_5_x4,britain,,,0.1636,warrior_gun_228_x4,1.2642,0.6794,0.7296,1.209,0.4714,47.0192,1.2813,dreadnought_gun_178_x4,1.241,0.8424,0.9047,1.2241,0.5845,47.1786,1.2577,dreadnought_gun_178_x4,1.2564,0.8529,0.9159,1.2513,0.5918,48.8298,1.2734,nelson_gun_152_x4,1.3092,0.9277,0.9963,1.1328,0.6437,52.0117,1.3269,nelson_gun_152_x4,1.3256,0.9392,1.0086,1.1581,0.6517,53.8321,1.3435,,,,
gun_5_x1_alt_britain,,127,gun_5_x1_alt,britain,,New line - alternate guns,0.1636,dd_s_gun_d_102_x1,1.0332,1.0491,1.1266,1.2925,0.728,40.351,1.0088,dd_s_gun_d_102_x1,1.0461,1.0623,1.1408,1.3211,0.7371,41.7633,1.0214,hood_gun_140_x1,1.4501,1.1633,1.2493,1.0577,0.8072,54.294,1.4159,hood_gun_140_x1,1.4682,1.1778,1.2648,1.0813,0.8173,56.1943,1.4336,hood_gun_140_x1,1.4867,1.1925,1.2806,1.1053,0.8275,58.1611,1.4516,,,,
gun_5_x2_alt_britain,,127,gun_5_x2_alt,britain,,New line - alternate guns,0.1636,friedrich_gun_228_x2,1.1832,0.5697,0.6118,1.4852,0.3953,39.6498,1.1697,dreadnought_gun_178_x2,1.2722,0.8424,0.9047,1.2241,0.5845,47.1786,1.2577,maine_gun_254_x2_b,1.2095,0.5338,0.5733,1.5439,0.3704,43.4564,1.1957,didox_gun_cal133_x2,1.1155,0.8656,0.9296,1.4956,0.6006,43.2262,1.1028,dido_gun_cal133_x2,1.1921,0.8764,0.9412,1.4485,0.6081,47.2207,1.1785,,,,
gun_5_x3_alt_britain,,127,gun_5_x3_alt,britain,,New line - alternate guns,0.1636,warrior_gun_228_x3,1.28,0.6794,0.7296,1.209,0.4714,47.0192,1.2813,dreadnought_gun_178_x3,1.2565,0.8424,0.9047,1.2241,0.5845,47.1786,1.2577,maine_gun_254_x3_b,1.1945,0.5338,0.5733,1.5439,0.3704,43.4564,1.1957,didox_gun_cal133_x3,1.1017,0.8656,0.9296,1.4956,0.6006,43.2262,1.1028,dido_gun_cal133_x3,1.1774,0.8764,0.9412,1.4485,0.6081,47.2207,1.1785,,,,
gun_6_x1_britain,,152,gun_6_x1,britain,,,0.1859,dd_s_gun_102_x1,1.298,1.3944,1.4812,1.0397,0.8687,47.6321,1.298,dd_s_gun_102_x1,1.3142,1.4119,1.4998,1.0628,0.8796,49.2993,1.3142,hood_gun_140_x1,1.3907,1.2957,1.3764,1.06,0.8072,53.3271,1.3907,nelson_gun_152_x1,1.3034,1.0333,1.0977,1.2281,0.6437,51.0875,1.3034,nelson_gun_152_x1,1.3196,1.0461,1.1113,1.2555,0.6517,52.8755,1.3196,,,,
gun_6_x2_britain,,152,gun_6_x2,britain,,,0.1859,friedrich_gun_228_x2,1.1348,0.6346,0.6741,1.4883,0.3953,38.9437,1.1489,dreadnought_gun_178_x2,1.2201,0.9382,0.9966,1.2269,0.5845,46.3384,1.2353,dreadnought_gun_178_x2,1.2354,0.95,1.0092,1.254,0.5918,47.9602,1.2508,nelson_gun_152_x2,1.2874,1.0333,1.0977,1.2281,0.6437,51.0875,1.3034,nelson_gun_152_x2,1.3034,1.0461,1.1113,1.2555,0.6517,52.8755,1.3196,,,,
gun_6_x3_britain,,152,gun_6_x3,britain,,,0.1859,warrior_gun_228_x3,1.2277,0.7567,0.8038,1.2117,0.4714,46.1818,1.2585,dreadnought_gun_178_x3,1.205,0.9382,0.9966,1.2269,0.5845,46.3384,1.2353,dreadnought_gun_178_x3,1.2202,0.95,1.0092,1.254,0.5918,47.9602,1.2508,nelson_gun_152_x3,1.2715,1.0333,1.0977,1.2281,0.6437,51.0875,1.3034,nelson_gun_152_x3,1.2873,1.0461,1.1113,1.2555,0.6517,52.8755,1.3196,,,,
gun_6_x4_britain,,152,gun_6_x4,britain,,,0.1859,warrior_gun_228_x4,1.2125,0.7567,0.8038,1.2117,0.4714,46.1818,1.2585,dreadnought_gun_178_x4,1.1902,0.9382,0.9966,1.2269,0.5845,46.3384,1.2353,dreadnought_gun_178_x4,1.2051,0.95,1.0092,1.254,0.5918,47.9602,1.2508,nelson_gun_152_x4,1.2557,1.0333,1.0977,1.1353,0.6437,51.0854,1.3033,nelson_gun_152_x4,1.2714,1.0461,1.1113,1.1606,0.6517,52.8734,1.3196,,,,
gun_6_x2_alt_britain,,152,gun_6_x2_alt,britain,,New line - alternate guns,0.1859,friedrich_gun_228_x2,1.1348,0.6346,0.6741,1.4883,0.3953,38.9437,1.1489,dreadnought_gun_178_x2,1.2201,0.9382,0.9966,1.2269,0.5845,46.3384,1.2353,agamemnon_gun_228_x2,1.2517,0.8646,0.9185,1.2613,0.5386,48.594,1.2673,british_adv_cruiser_152_gun_x2,1.2213,0.8007,0.8506,1.3614,0.4988,48.4665,1.2365,british_adv_cruiser_152_gun_x2,1.2365,0.8106,0.8611,1.3918,0.505,50.1628,1.2519,,,,
gun_6_x3_alt_britain,,152,gun_6_x3_alt,britain,,New line - alternate guns,0.1859,warrior_gun_228_x3,1.2277,0.7567,0.8038,1.2117,0.4714,46.1818,1.2585,dreadnought_gun_178_x3,1.205,0.9382,0.9966,1.2269,0.5845,46.3384,1.2353,agamemnon_gun_228_x3,1.2363,0.8646,0.9185,1.2613,0.5386,48.594,1.2673,british_adv_cruiser_152_gun_x3,1.2062,0.8007,0.8506,1.3614,0.4988,48.4665,1.2365,british_adv_cruiser_152_gun_x3,1.2212,0.8106,0.8611,1.3918,0.505,50.1628,1.2519,,,,
gun_7_x1_britain,,178,gun_7_x1,britain,,,0.2118,dd_s_gun_102_x1,1.2777,1.5728,1.657,1.0334,0.8687,46.8859,1.2777,dd_s_gun_102_x1,1.2937,1.5926,1.6778,1.0563,0.8796,48.5269,1.2937,hood_gun_140_x1,1.3689,1.4615,1.5397,1.0536,0.8072,52.4917,1.3689,yamato_gun_155_x1,1.2233,1.0708,1.1281,1.3025,0.5914,47.948,1.2233,yamato_gun_155_x1,1.2386,1.0842,1.1422,1.3314,0.5988,49.6262,1.2386,,,,
gun_7_x2_britain,,178,gun_7_x2,britain,,,0.2118,friedrich_gun_228_x2,1.117,0.7157,0.754,1.4794,0.3953,38.3336,1.1309,dreadnought_gun_178_x2,1.201,1.0583,1.115,1.2194,0.5845,45.6124,1.216,dreadnought_gun_178_x2,1.216,1.0715,1.1289,1.2465,0.5918,47.2089,1.2312,yamato_gun_155_x2,1.2082,1.0708,1.1281,1.3025,0.5914,47.948,1.2233,yamato_gun_155_x2,1.2234,1.0842,1.1422,1.3314,0.5988,49.6262,1.2386,,,,
gun_7_x3_britain,,178,gun_7_x3,britain,,,0.2118,warrior_gun_228_x3,1.2085,0.8535,0.8992,1.2044,0.4714,45.4583,1.2388,dreadnought_gun_178_x3,1.1862,1.0583,1.115,1.2194,0.5845,45.6124,1.216,dreadnought_gun_178_x3,1.201,1.0715,1.1289,1.2465,0.5918,47.2089,1.2312,yamato_gun_155_x3,1.1933,1.0708,1.1281,1.3025,0.5914,47.948,1.2233,yamato_gun_155_x3,1.2083,1.0842,1.1422,1.3314,0.5988,49.6262,1.2386,,,,
gun_7_x4_britain,,178,gun_7_x4,britain,,,0.2118,warrior_gun_228_x4,1.1935,0.8535,0.8992,1.2044,0.4714,45.4583,1.2388,dreadnought_gun_178_x4,1.1716,1.0583,1.115,1.2194,0.5845,45.6124,1.216,dreadnought_gun_178_x4,1.1862,1.0715,1.1289,1.2465,0.5918,47.2089,1.2312,yamato_gun_155_x4,1.1786,1.0708,1.1281,1.2679,0.5914,47.9479,1.2233,yamato_gun_155_x4,1.1932,1.0842,1.1422,1.2961,0.5988,49.6261,1.2385,,,,
gun_7_x2_alt_britain,,178,gun_7_x2_alt,britain,,New line - alternate guns,0.2118,friedrich_gun_228_x2,1.117,0.7157,0.754,1.4794,0.3953,38.3336,1.1309,dreadnought_gun_178_x2,1.201,1.0583,1.115,1.2194,0.5845,45.6124,1.216,warrior_gun_228_x2,1.2544,0.8751,0.922,1.2583,0.4833,48.6961,1.27,hood_gun_380_x2,1.2403,0.5436,0.5727,1.452,0.3002,49.2229,1.2558,hood_gun_380_x2,1.2559,0.5504,0.5799,1.4842,0.304,50.9457,1.2715,,,,
gun_7_x3_alt_britain,,178,gun_7_x3_alt,britain,,New line - alternate guns,0.2118,warrior_gun_228_x3,1.2085,0.8535,0.8992,1.2044,0.4714,45.4583,1.2388,dreadnought_gun_178_x3,1.1862,1.0583,1.115,1.2194,0.5845,45.6124,1.216,warrior_gun_228_x3,1.2389,0.8751,0.922,1.2583,0.4833,48.6961,1.27,hood_gun_380_x3,1.225,0.5436,0.5727,1.452,0.3002,49.2229,1.2558,hood_gun_380_x3,1.2403,0.5504,0.5799,1.4842,0.304,50.9457,1.2715,,,,
"gun_8_x1_britain_bb,bc",,203,gun_8_x1,britain,"bb, bc",,0.235,dd_s_gun_102_x1,1.261,1.7433,1.8255,1.021,0.8687,46.2738,1.261,agamemnon_gun_228_x1,1.1757,0.9818,1.0281,1.2739,0.4892,44.102,1.1757,agamemnon_gun_228_x1,1.1904,0.994,1.0409,1.3023,0.4953,45.6456,1.1904,moga_gun_200_x1,1.1828,0.9194,0.9628,1.3818,0.4581,46.3602,1.1828,moga_gun_200_x1,1.1975,0.9308,0.9747,1.4126,0.4638,47.9828,1.1975,,,,
"gun_8_x2_britain_bb,bc",,203,gun_8_x2,britain,"bb, bc",,0.235,friedrich_gun_228_x2,1.1024,0.7933,0.8307,1.4616,0.3953,37.8331,1.1161,agamemnon_gun_228_x2,1.201,1.0675,1.1179,1.2117,0.5319,45.6118,1.216,agamemnon_gun_228_x2,1.216,1.0809,1.1319,1.2386,0.5386,47.2082,1.2311,moga_gun_200_x2,1.1682,0.9194,0.9628,1.3818,0.4581,46.3602,1.1828,moga_gun_200_x2,1.1828,0.9308,0.9747,1.4126,0.4638,47.9828,1.1975,,,,
"gun_8_x3_britain_bb,bc",,203,gun_8_x3,britain,"bb, bc",,0.235,warrior_gun_228_x3,1.1926,0.9461,0.9907,1.1898,0.4714,44.8648,1.2226,agamemnon_gun_228_x3,1.1862,1.0675,1.1179,1.2117,0.5319,45.6118,1.216,agamemnon_gun_228_x3,1.2009,1.0809,1.1319,1.2386,0.5386,47.2082,1.2311,moga_gun_200_x3,1.1538,0.9194,0.9628,1.3818,0.4581,46.3602,1.1828,moga_gun_200_x3,1.1682,0.9308,0.9747,1.4126,0.4638,47.9828,1.1975,,,,
"gun_8_x4_britain_bb,bc",,203,gun_8_x4,britain,"bb, bc",,0.235,warrior_gun_228_x4,1.1779,0.9461,0.9907,1.1898,0.4714,44.8648,1.2226,agamemnon_gun_228_x4,1.1716,1.0675,1.1179,1.2117,0.5319,45.6118,1.216,agamemnon_gun_228_x4,1.1861,1.0809,1.1319,1.2386,0.5386,47.2082,1.2311,kgeorge_gun_380_x4,1.3353,0.6444,0.6748,1.2654,0.3211,54.3265,1.386,kgeorge_gun_380_x4_c,1.352,0.6525,0.6833,1.2934,0.3251,56.2279,1.4033,,,,
gun_8_x1_britain,,203,gun_8_x1,britain,,,0.235,dd_s_gun_102_x1,1.261,1.7433,1.8255,1.021,0.8687,46.2738,1.261,warrior_gun_228_x1,1.2379,0.9579,1.0031,1.2163,0.4773,46.4351,1.2379,warrior_gun_228_x1,1.2534,0.9699,1.0157,1.2433,0.4833,48.0603,1.2534,moga_gun_200_x1,1.1828,0.9194,0.9628,1.3818,0.4581,46.3602,1.1828,moga_gun_200_x1,1.1975,0.9308,0.9747,1.4126,0.4638,47.9828,1.1975,,,,
gun_8_x2_britain,,203,gun_8_x2,britain,,,0.235,friedrich_gun_228_x2,1.1024,0.7933,0.8307,1.4616,0.3953,37.8331,1.1161,warrior_gun_228_x2,1.2227,0.9579,1.0031,1.2163,0.4773,46.4351,1.2379,warrior_gun_228_x2,1.238,0.9699,1.0157,1.2433,0.4833,48.0603,1.2534,moga_gun_200_x2,1.1682,0.9194,0.9628,1.3818,0.4581,46.3602,1.1828,moga_gun_200_x2,1.1828,0.9308,0.9747,1.4126,0.4638,47.9828,1.1975,,,,
gun_8_x3_britain,,203,gun_8_x3,britain,,,0.235,warrior_gun_228_x3,1.1926,0.9461,0.9907,1.1898,0.4714,44.8648,1.2226,warrior_gun_228_x3,1.2076,0.9579,1.0031,1.2163,0.4773,46.4351,1.2379,warrior_gun_228_x3,1.2227,0.9699,1.0157,1.2433,0.4833,48.0603,1.2534,moga_gun_200_x3,1.1538,0.9194,0.9628,1.3818,0.4581,46.3602,1.1828,moga_gun_200_x3,1.1682,0.9308,0.9747,1.4126,0.4638,47.9828,1.1975,,,,
gun_8_x4_britain,,203,gun_8_x4,britain,,,0.235,warrior_gun_228_x4,1.1779,0.9461,0.9907,1.1898,0.4714,44.8648,1.2226,warrior_gun_228_x4,1.1927,0.9579,1.0031,1.2163,0.4773,46.4351,1.2379,warrior_gun_228_x4,1.2076,0.9699,1.0157,1.2433,0.4833,48.0603,1.2534,kgeorge_gun_380_x4,1.3353,0.6444,0.6748,1.2654,0.3211,54.3265,1.386,kgeorge_gun_380_x4_c,1.352,0.6525,0.6833,1.2934,0.3251,56.2279,1.4033,,,,
gun_8_x2_alt_britain,,203,gun_8_x2_alt,britain,,New line - alternate guns,0.235,friedrich_gun_228_x2,1.1024,0.7933,0.8307,1.4616,0.3953,37.8331,1.1161,warrior_gun_228_x2,1.2227,0.9579,1.0031,1.2163,0.4773,46.4351,1.2379,nelson_gun_152_x2,1.2352,1.2758,1.336,1.1799,0.6357,47.9522,1.2506,kgeorge_gun_a_380_x2,1.3689,0.6444,0.6748,1.2654,0.3211,54.3264,1.386,kgeorge_gun_380_x2_b,1.386,0.6525,0.6833,1.2934,0.3251,56.2278,1.4033,,,,
gun_8_x3_alt_britain,,203,gun_8_x3_alt,britain,,New line - alternate guns,0.235,warrior_gun_228_x3,1.1926,0.9461,0.9907,1.1898,0.4714,44.8648,1.2226,warrior_gun_228_x3,1.2076,0.9579,1.0031,1.2163,0.4773,46.4351,1.2379,nelson_gun_152_x3,1.22,1.2758,1.336,1.1799,0.6357,47.9522,1.2506,kgeorge_gun_a_380_x3,1.352,0.6444,0.6748,1.2654,0.3211,54.3264,1.386,kgeorge_gun_380_x3_b,1.3689,0.6525,0.6833,1.2934,0.3251,56.2278,1.4033,,,,
gun_9_x1_britain,,229,gun_9_x1,britain,,,0.2574,dd_s_gun_102_x1,1.2459,1.9204,2.001,1.0031,0.8687,45.7194,1.2459,warrior_gun_228_x1,1.2231,1.0552,1.0995,1.195,0.4773,45.8788,1.2231,warrior_gun_228_x1,1.2384,1.0685,1.1134,1.2214,0.4833,47.4846,1.2384,hood_gun_380_x1,1.2245,0.6637,0.6916,1.4095,0.3002,47.9982,1.2245,british_adv_cruiser_152_gun_x1,1.2017,1.1164,1.1633,1.3428,0.505,48.1485,1.2017,,,,
gun_9_x2_britain,,229,gun_9_x2,britain,,,0.2574,ny_gun_210_x2,1.0894,1.2033,1.2538,1.3129,0.5443,38.3619,1.103,warrior_gun_228_x2,1.208,1.0552,1.0995,1.195,0.4773,45.8788,1.2231,warrior_gun_228_x2,1.2232,1.0685,1.1134,1.2214,0.4833,47.4846,1.2384,hood_gun_380_x2,1.2094,0.6637,0.6916,1.4095,0.3002,47.9982,1.2245,british_adv_cruiser_152_gun_x2,1.1869,1.1164,1.1633,1.3428,0.505,48.1485,1.2017,,,,
gun_9_x3_britain,,229,gun_9_x3,britain,,,0.2574,ny_gun_210_x3,1.076,1.2033,1.2538,1.3129,0.5443,38.3619,1.103,warrior_gun_228_x3,1.1931,1.0552,1.0995,1.195,0.4773,45.8788,1.2231,warrior_gun_228_x3,1.2081,1.0685,1.1134,1.2214,0.4833,47.4846,1.2384,hood_gun_380_x3,1.1945,0.6637,0.6916,1.4095,0.3002,47.9982,1.2245,british_adv_cruiser_152_gun_x3,1.1723,1.1164,1.1633,1.3428,0.505,48.1485,1.2017,,,,
gun_9_x4_britain,,229,gun_9_x4,britain,,,0.2574,ny_gun_210_x4,1.0627,1.2033,1.2538,1.3129,0.5443,38.3619,1.103,warrior_gun_228_x4,1.1784,1.0552,1.0995,1.195,0.4773,45.8788,1.2231,agamemnon_gun_228_x4,1.172,1.1907,1.2407,1.2169,0.5386,46.6427,1.2164,agamemnon_gun_228_x4,1.1866,1.2055,1.2561,1.244,0.5453,48.2752,1.2316,yamato_gun_155_x4,1.1636,1.3238,1.3794,1.258,0.5988,48.3914,1.2077,,,,
gun_9_x2_alt_britain,,229,gun_9_x2_alt,britain,,New line - alternate guns,0.2574,ny_gun_210_x2,1.0894,1.2033,1.2538,1.3129,0.5443,38.3619,1.103,warrior_gun_228_x2,1.208,1.0552,1.0995,1.195,0.4773,45.8788,1.2231,agamemnon_gun_228_x2,1.2014,1.1907,1.2407,1.2169,0.5386,46.6427,1.2164,agamemnon_gun_228_x2,1.2164,1.2055,1.2561,1.244,0.5453,48.2752,1.2316,yamato_gun_155_x2,1.1928,1.3238,1.3794,1.2923,0.5988,48.3915,1.2077,,,,
gun_9_x3_alt_britain,,229,gun_9_x3_alt,britain,,New line - alternate guns,0.2574,ny_gun_210_x3,1.076,1.2033,1.2538,1.3129,0.5443,38.3619,1.103,warrior_gun_228_x3,1.1931,1.0552,1.0995,1.195,0.4773,45.8788,1.2231,agamemnon_gun_228_x3,1.1866,1.1907,1.2407,1.2169,0.5386,46.6427,1.2164,agamemnon_gun_228_x3,1.2014,1.2055,1.2561,1.244,0.5453,48.2752,1.2316,yamato_gun_155_x3,1.1781,1.3238,1.3794,1.2923,0.5988,48.3915,1.2077,,,,
gun_10_x1_britain,,254,gun_10_x1,britain,,,0.2773,dd_s_gun_102_x1,1.2331,2.091,2.1703,0.9823,0.8687,45.2482,1.2331,warrior_gun_228_x1,1.2105,1.1489,1.1925,1.1702,0.4773,45.4059,1.2105,warrior_gun_228_x1,1.2256,1.1634,1.2076,1.1961,0.4833,46.9951,1.2256,nelson_gun_406_x1,1.2862,0.6781,0.7039,1.317,0.2817,50.4166,1.2862,nelson_gun_406_x1,1.3023,0.6865,0.7126,1.3464,0.2852,52.1812,1.3023,,,,
gun_10_x2_britain,,254,gun_10_x2,britain,,,0.2773,ny_gun_210_x2,1.0782,1.3102,1.3599,1.2857,0.5443,37.9665,1.0916,warrior_gun_228_x2,1.1956,1.1489,1.1925,1.1702,0.4773,45.4059,1.2105,warrior_gun_228_x2,1.2105,1.1634,1.2076,1.1961,0.4833,46.9951,1.2256,nelson_gun_406_x2,1.2704,0.6781,0.7039,1.317,0.2817,50.4166,1.2862,nelson_gun_406_x2,1.2863,0.6865,0.7126,1.3464,0.2852,52.1812,1.3023,,,,
gun_10_x3_britain,,254,gun_10_x3,britain,,,0.2773,ny_gun_210_x3,1.0649,1.3102,1.3599,1.2857,0.5443,37.9665,1.0916,warrior_gun_228_x3,1.1808,1.1489,1.1925,1.1702,0.4773,45.4059,1.2105,warrior_gun_228_x3,1.1956,1.1634,1.2076,1.1961,0.4833,46.9951,1.2256,nelson_gun_406_x3,1.2547,0.6781,0.7039,1.317,0.2817,50.4166,1.2862,nelson_gun_406_x3,1.2704,0.6865,0.7126,1.3464,0.2852,52.1812,1.3023,,,,
gun_10_x4_britain,,254,gun_10_x4,britain,,,0.2773,ny_gun_210_x4,1.0517,1.3102,1.3599,1.2857,0.5443,37.9665,1.0916,warrior_gun_228_x4,1.1663,1.1489,1.1925,1.1702,0.4773,45.4059,1.2105,agamemnon_gun_228_x4,1.1599,1.2965,1.3457,1.1916,0.5386,46.1619,1.2039,agamemnon_gun_228_x4,1.1744,1.3126,1.3624,1.2182,0.5453,47.7775,1.2189,kgeorge_gun_380_x4_c,1.3221,0.7826,0.8123,1.2444,0.3251,54.9817,1.3722,,,,
gun_10_x2_alt_britain,,254,gun_10_x2_alt,britain,,New line - alternate guns,0.2773,ny_gun_210_x2,1.0782,1.3102,1.3599,1.2857,0.5443,37.9665,1.0916,warrior_gun_228_x2,1.1956,1.1489,1.1925,1.1702,0.4773,45.4059,1.2105,agamemnon_gun_228_x2,1.1891,1.2965,1.3457,1.1916,0.5386,46.1619,1.2039,agamemnon_gun_228_x2,1.2039,1.3126,1.3624,1.2182,0.5453,47.7776,1.2189,kgeorge_gun_380_x2_b,1.3553,0.7826,0.8123,1.2444,0.3251,54.9816,1.3722,,,,
gun_10_x3_alt_britain,,254,gun_10_x3_alt,britain,,New line - alternate guns,0.2773,ny_gun_210_x3,1.0649,1.3102,1.3599,1.2857,0.5443,37.9665,1.0916,warrior_gun_228_x3,1.1808,1.1489,1.1925,1.1702,0.4773,45.4059,1.2105,agamemnon_gun_228_x3,1.1744,1.2965,1.3457,1.1916,0.5386,46.1619,1.2039,agamemnon_gun_228_x3,1.189,1.3126,1.3624,1.2182,0.5453,47.7776,1.2189,kgeorge_gun_380_x3_b,1.3386,0.7826,0.8123,1.2444,0.3251,54.9816,1.3722,,,,
gun_11_x1_britain,,279,gun_11_x1,britain,,,0.2431,friedrich_gun_305_x1,1.1248,0.9402,0.9728,1.1044,0.361,38.1262,1.1248,irresistible_gun_305_x1,1.0842,0.9535,0.9865,1.0956,0.3661,40.669,1.0842,irresistible_gun_305_x1,1.0977,0.9655,0.999,1.1198,0.3707,42.0924,1.0977,hood_gun_380_x1,1.2006,0.7819,0.809,1.1079,0.3002,47.0596,1.2006,british_adv_cruiser_152_gun_x1,1.1782,1.3152,1.3608,1.0555,0.505,47.207,1.1782,,,,
gun_11_x2_britain,,279,gun_11_x2,britain,,,0.2431,friedrich_gun_305_x2,1.111,0.9402,0.9728,1.1044,0.361,38.1262,1.1248,irresistible_gun_305_x2,1.0709,0.9535,0.9865,1.0956,0.3661,40.669,1.0842,irresistible_gun_305_x2,1.0842,0.9655,0.999,1.1198,0.3707,42.0924,1.0977,hood_gun_380_x2,1.1858,0.7819,0.809,1.1079,0.3002,47.0596,1.2006,british_adv_cruiser_152_gun_x2,1.1637,1.3152,1.3608,1.0555,0.505,47.207,1.1782,,,,
gun_11_x3_britain,,279,gun_11_x3,britain,,,0.2431,warrior_gun_228_x3,1.1553,1.2277,1.2702,0.919,0.4714,43.4606,1.1843,irresistible_gun_305_x3,1.0576,0.9535,0.9865,1.0956,0.3661,40.669,1.0842,irresistible_gun_305_x3,1.0708,0.9655,0.999,1.1198,0.3707,42.0924,1.0977,hood_gun_380_x3,1.1712,0.7819,0.809,1.1079,0.3002,47.0596,1.2006,british_adv_cruiser_152_gun_x3,1.1493,1.3152,1.3608,1.0555,0.505,47.207,1.1782,,,,
gun_11_x4_britain,,279,gun_11_x4,britain,,,0.2431,warrior_gun_228_x4,1.141,1.2277,1.2702,0.919,0.4714,43.4605,1.1843,irresistible_gun_305_x4,1.0446,0.9535,0.9865,1.0956,0.3661,40.669,1.0842,dreadnought_gun_305_x4,1.0704,0.9655,0.999,1.1065,0.3707,42.6011,1.111,vdt_gun_280_x4,1.245,0.9764,1.0102,1.0389,0.3749,48.0061,1.2922,vdt_gun_280_x4,1.2605,0.9886,1.0229,1.062,0.3796,49.6863,1.3083,,,,
gun_11_x2_alt_britain,,279,gun_11_x2_alt,britain,,New line - alternate guns,0.2431,friedrich_gun_305_x2,1.111,0.9402,0.9728,1.1044,0.361,38.1262,1.1248,irresistible_gun_305_x2,1.0709,0.9535,0.9865,1.0956,0.3661,40.669,1.0842,dreadnought_gun_305_x2,1.0973,0.9655,0.999,1.1065,0.3707,42.6011,1.111,vdt_gun_280_x2,1.2763,0.9764,1.0102,1.0389,0.3749,48.0061,1.2922,vdt_gun_280_x2,1.2922,0.9886,1.0229,1.062,0.3796,49.6863,1.3083,,,,
gun_11_x3_alt_britain,,279,gun_11_x3_alt,britain,,New line - alternate guns,0.2431,warrior_gun_228_x3,1.1553,1.2277,1.2702,0.919,0.4714,43.4606,1.1843,irresistible_gun_305_x3,1.0576,0.9535,0.9865,1.0956,0.3661,40.669,1.0842,dreadnought_gun_305_x3,1.0838,0.9655,0.999,1.1065,0.3707,42.6011,1.111,vdt_gun_280_x3,1.2605,0.9764,1.0102,1.0389,0.3749,48.0061,1.2922,vdt_gun_280_x3,1.2762,0.9886,1.0229,1.062,0.3796,49.6863,1.3083,,,,
gun_12_x1_britain,,305,gun_12_x1,britain,,,0.2645,friedrich_gun_305_x1,1.1148,1.0147,1.0469,1.1033,0.361,37.788,1.1148,irresistible_gun_305_x1,1.0746,1.029,1.0617,1.0946,0.3661,40.3082,1.0746,dreadnought_gun_305_x1,1.1012,1.042,1.0751,1.1054,0.3707,42.2233,1.1012,dreadnought_gun_305_x1,1.1149,1.0552,1.0887,1.1298,0.3754,43.7011,1.1149,kgeorge_gun_380_x1_b,1.3473,0.9138,0.9428,0.998,0.3251,53.9847,1.3473,,,,
gun_12_x2_britain,,305,gun_12_x2,britain,,,0.2645,friedrich_gun_305_x2,1.1011,1.0147,1.0469,1.1033,0.361,37.788,1.1148,irresistible_gun_305_x2,1.0614,1.029,1.0617,1.0946,0.3661,40.3082,1.0746,dreadnought_gun_305_x2,1.0877,1.042,1.0751,1.1054,0.3707,42.2233,1.1012,dreadnought_gun_305_x2,1.1012,1.0552,1.0887,1.1298,0.3754,43.7011,1.1149,kgeorge_gun_380_x2_b,1.3307,0.9138,0.9428,0.998,0.3251,53.9847,1.3473,,,,
gun_12_x3_britain,,305,gun_12_x3,britain,,,0.2645,warrior_gun_228_x3,1.145,1.325,1.3671,0.9181,0.4714,43.075,1.1738,irresistible_gun_305_x3,1.0483,1.029,1.0617,1.0946,0.3661,40.3082,1.0746,dreadnought_gun_305_x3,1.0742,1.042,1.0751,1.1054,0.3707,42.2233,1.1012,dreadnought_gun_305_x3,1.0876,1.0552,1.0887,1.1298,0.3754,43.7011,1.1149,kgeorge_gun_380_x3_b,1.3143,0.9138,0.9428,0.998,0.3251,53.9847,1.3473,,,,
gun_12_x4_britain,,305,gun_12_x4,britain,,,0.2645,warrior_gun_228_x4,1.1309,1.325,1.3671,0.9181,0.4714,43.075,1.1738,irresistible_gun_305_x4,1.0353,1.029,1.0617,1.0946,0.3661,40.3082,1.0746,dreadnought_gun_305_x4,1.061,1.042,1.0751,1.1054,0.3707,42.2233,1.1012,dreadnought_gun_305_x4,1.0742,1.0552,1.0887,1.1298,0.3754,43.7011,1.1149,kgeorge_gun_380_x4_c,1.2981,0.9138,0.9428,0.998,0.3251,53.9848,1.3473,,,,
gun_12_x2_alt_britain,,305,gun_12_x2_alt,britain,,New line - alternate guns,0.2645,friedrich_gun_305_x2,1.1011,1.0147,1.0469,1.1033,0.361,37.788,1.1148,irresistible_gun_305_x2,1.0614,1.029,1.0617,1.0946,0.3661,40.3082,1.0746,agamemnon_gun_305_x2,1.0877,1.042,1.0751,1.1054,0.3707,42.2233,1.1012,moga_gun_200_x2,1.1216,1.2876,1.3285,1.0662,0.4581,44.5108,1.1356,moga_gun_200_x2,1.1357,1.3036,1.345,1.09,0.4638,46.0686,1.1498,,,,
gun_12_x3_alt_britain,,305,gun_12_x3_alt,britain,,New line - alternate guns,0.2645,warrior_gun_228_x3,1.145,1.325,1.3671,0.9181,0.4714,43.075,1.1738,irresistible_gun_305_x3,1.0483,1.029,1.0617,1.0946,0.3661,40.3082,1.0746,agamemnon_gun_305_x3,1.0742,1.042,1.0751,1.1054,0.3707,42.2233,1.1012,moga_gun_200_x3,1.1078,1.2876,1.3285,1.0662,0.4581,44.5108,1.1356,moga_gun_200_x3,1.1216,1.3036,1.345,1.09,0.4638,46.0686,1.1498,,,,
gun_13_x1_britain,,330,gun_13_x1,britain,,,0.2848,friedrich_gun_305_x1,1.106,1.0869,1.1189,1.1005,0.361,37.4915,1.106,irresistible_gun_305_x1,1.0661,1.1022,1.1346,1.0918,0.3661,39.9919,1.0661,dreadnought_gun_b_305_x1,1.1827,1.1161,1.1489,1.1026,0.3707,41.8919,1.1827,nelson_gun_406_x1,1.253,0.8481,0.8731,1.0535,0.2817,49.1141,1.253,nelson_gun_406_x1,1.2687,0.8587,0.884,1.0769,0.2852,50.8331,1.2687,,,,
gun_13_x2_britain,,330,gun_13_x2,britain,,,0.2848,friedrich_gun_305_x2,1.0924,1.0869,1.1189,1.1005,0.361,37.4915,1.106,irresistible_gun_305_x2,1.053,1.1022,1.1346,1.0918,0.3661,39.9919,1.0661,dreadnought_gun_b_305_x2,1.1681,1.1161,1.1489,1.1026,0.3707,41.8919,1.1827,nelson_gun_406_x2,1.2376,0.8481,0.8731,1.0535,0.2817,49.1141,1.253,nelson_gun_406_x2,1.2531,0.8587,0.884,1.0769,0.2852,50.8331,1.2687,,,,
gun_13_x3_britain,,330,gun_13_x3,britain,,,0.2848,warrior_gun_228_x3,1.1361,1.4193,1.461,0.9157,0.4714,42.737,1.1646,irresistible_gun_305_x3,1.04,1.1022,1.1346,1.0918,0.3661,39.9919,1.0661,dreadnought_gun_b_305_x3,1.1537,1.1161,1.1489,1.1026,0.3707,41.8919,1.1827,nelson_gun_406_x3,1.2223,0.8481,0.8731,1.0535,0.2817,49.1141,1.253,nelson_gun_406_x3,1.2376,0.8587,0.884,1.0769,0.2852,50.8331,1.2687,,,,
gun_13_x4_britain,,330,gun_13_x4,britain,,,0.2848,warrior_gun_228_x4,1.122,1.4193,1.461,0.9157,0.4714,42.737,1.1646,irresistible_gun_305_x4,1.0272,1.1022,1.1346,1.0918,0.3661,39.9919,1.0661,dreadnought_gun_b_305_x4,1.1395,1.1161,1.1489,1.1026,0.3707,41.8919,1.1827,nelson_gun_406_x4,1.2072,0.8481,0.8731,1.0535,0.2817,49.1141,1.253,nelson_gun_406_x4,1.2223,0.8587,0.884,1.0769,0.2852,50.8331,1.2687,,,,
gun_13_x2_alt_britain,,330,gun_13_x2_alt,britain,,New line - alternate guns,0.2848,friedrich_gun_305_x2,1.0924,1.0869,1.1189,1.1005,0.361,37.4915,1.106,irresistible_gun_305_x2,1.053,1.1022,1.1346,1.0918,0.3661,39.9919,1.0661,agamemnon_gun_305_x2,1.0791,1.1161,1.1489,1.1026,0.3707,41.8919,1.0925,fus_gun_356_x2_a,1.1221,0.968,0.9965,1.1316,0.3215,44.5326,1.1361,fus_gun_356_x2_a,1.1361,0.98,1.0088,1.1569,0.3255,46.0912,1.1503,,,,
gun_13_x3_alt_britain,,330,gun_13_x3_alt,britain,,New line - alternate guns,0.2848,warrior_gun_228_x3,1.1361,1.4193,1.461,0.9157,0.4714,42.737,1.1646,irresistible_gun_305_x3,1.04,1.1022,1.1346,1.0918,0.3661,39.9919,1.0661,agamemnon_gun_305_x3,1.0657,1.1161,1.1489,1.1026,0.3707,41.8919,1.0925,fus_gun_356_x3_a,1.1083,0.968,0.9965,1.1316,0.3215,44.5326,1.1361,fus_gun_356_x3_a,1.1221,0.98,1.0088,1.1569,0.3255,46.0912,1.1503,,,,
gun_14_x1_britain,,356,gun_14_x1,britain,,,0.3057,irresistible_gun_305_x1,1.045,1.1645,1.1963,1.0637,0.3616,38.3476,1.045,irresistible_gun_305_x1,1.0581,1.179,1.2112,1.0874,0.3661,39.6898,1.0581,dreadnought_gun_b_305_x1,1.1738,1.1938,1.2264,1.0982,0.3707,41.5754,1.1738,dreadnought_gun_b_305_x1,1.1885,1.209,1.242,1.1224,0.3754,43.0306,1.1885,british_adv_cruiser_152_gun_x1,1.1498,1.6263,1.6707,1.0476,0.505,46.0703,1.1498,,,,
gun_14_x2_britain,,356,gun_14_x2,britain,,,0.3057,irresistible_gun_305_x2,1.0321,1.1645,1.1963,1.0637,0.3616,38.3476,1.045,irresistible_gun_305_x2,1.0451,1.179,1.2112,1.0874,0.3661,39.6898,1.0581,dreadnought_gun_b_305_x2,1.1594,1.1938,1.2264,1.0982,0.3707,41.5754,1.1738,dreadnought_gun_b_305_x2,1.1739,1.209,1.242,1.1224,0.3754,43.0306,1.1885,british_adv_cruiser_152_gun_x2,1.1357,1.6263,1.6707,1.0476,0.505,46.0703,1.1498,,,,
gun_14_x3_britain,,356,gun_14_x3,britain,,,0.3057,irresistible_gun_305_x3,1.0194,1.1645,1.1963,1.0637,0.3616,38.3476,1.045,irresistible_gun_305_x3,1.0322,1.179,1.2112,1.0874,0.3661,39.6898,1.0581,dreadnought_gun_b_305_x3,1.145,1.1938,1.2264,1.0982,0.3707,41.5754,1.1738,dreadnought_gun_b_305_x3,1.1594,1.209,1.242,1.1224,0.3754,43.0306,1.1885,british_adv_cruiser_152_gun_x3,1.1216,1.6263,1.6707,1.0476,0.505,46.0703,1.1498,,,,
gun_14_x4_britain,,356,gun_14_x4,britain,,,0.3057,irresistible_gun_305_x4,1.0068,1.1645,1.1963,1.0637,0.3616,38.3476,1.045,irresistible_gun_305_x4,1.0194,1.179,1.2112,1.0874,0.3661,39.6898,1.0581,dreadnought_gun_b_305_x4,1.1309,1.1938,1.2264,1.0982,0.3707,41.5754,1.1738,kgeorge_gun_380_x4,1.2624,1.0341,1.0623,0.9699,0.3211,51.3589,1.3103,kgeorge_gun_380_x4_c,1.2782,1.047,1.0756,0.9915,0.3251,53.1565,1.3267,,,,
gun_14_x2_alt_britain,,356,gun_14_x2_alt,britain,,New line - alternate guns,0.3057,agamemnon_gun_305_x2,1.0447,1.1645,1.1963,1.051,0.3616,38.8111,1.0577,agamemnon_gun_305_x2,1.0577,1.179,1.2112,1.0744,0.3661,40.1695,1.0709,agamemnon_gun_305_x2,1.071,1.1938,1.2264,1.0982,0.3707,41.5754,1.0843,kgeorge_gun_a_380_x2,1.2942,1.0341,1.0623,0.9699,0.3211,51.3589,1.3103,kgeorge_gun_380_x2_b,1.3104,1.047,1.0756,0.9915,0.3251,53.1564,1.3267,,,,
gun_14_x3_alt_britain,,356,gun_14_x3_alt,britain,,New line - alternate guns,0.3057,agamemnon_gun_305_x3,1.0318,1.1645,1.1963,1.051,0.3616,38.8111,1.0577,agamemnon_gun_305_x3,1.0447,1.179,1.2112,1.0744,0.3661,40.1695,1.0709,agamemnon_gun_305_x3,1.0577,1.1938,1.2264,1.0982,0.3707,41.5754,1.0843,kgeorge_gun_a_380_x3,1.2782,1.0341,1.0623,0.9699,0.3211,51.3589,1.3103,kgeorge_gun_380_x3_b,1.2942,1.047,1.0756,0.9915,0.3251,53.1564,1.3267,,,,
gun_15_x1_britain,,381,gun_15_x1,britain,,,0.3256,irresistible_gun_305_x1,1.038,1.2381,1.2697,1.0584,0.3616,38.0882,1.038,irresistible_gun_305_x1,1.0509,1.2535,1.2855,1.082,0.3661,39.4213,1.0509,hood_gun_380_x1,1.1494,1.0152,1.0411,1.0704,0.2965,44.0734,1.1494,hood_gun_380_x1,1.1638,1.0279,1.0542,1.0942,0.3002,45.6159,1.1638,hood_gun_380_x1,1.1783,1.0409,1.0675,1.1184,0.304,47.2125,1.1783,,,,
gun_15_x2_britain,,381,gun_15_x2,britain,,,0.3256,irresistible_gun_305_x2,1.0252,1.2381,1.2697,1.0584,0.3616,38.0882,1.038,irresistible_gun_305_x2,1.038,1.2535,1.2855,1.082,0.3661,39.4213,1.0509,hood_gun_380_x2,1.1353,1.0152,1.0411,1.0704,0.2965,44.0734,1.1494,hood_gun_380_x2,1.1495,1.0279,1.0542,1.0942,0.3002,45.6159,1.1638,hood_gun_380_x2,1.1638,1.0409,1.0675,1.1184,0.304,47.2125,1.1783,,,,
gun_15_x3_britain,,381,gun_15_x3,britain,,,0.3256,irresistible_gun_305_x3,1.0126,1.2381,1.2697,1.0584,0.3616,38.0882,1.038,irresistible_gun_305_x3,1.0252,1.2535,1.2855,1.082,0.3661,39.4213,1.0509,hood_gun_380_x3,1.1212,1.0152,1.0411,1.0704,0.2965,44.0734,1.1494,hood_gun_380_x3,1.1353,1.0279,1.0542,1.0942,0.3002,45.6159,1.1638,hood_gun_380_x3,1.1494,1.0409,1.0675,1.1184,0.304,47.2125,1.1783,,,,
gun_15_x4_britain,,381,gun_15_x4,britain,,,0.3256,dreadnought_gun_b_305_x4,1.0956,1.2381,1.2697,1.0458,0.3616,38.5486,1.1372,dreadnought_gun_b_305_x4,1.1093,1.2535,1.2855,1.0691,0.3661,39.8978,1.1514,dreadnought_gun_b_305_x4,1.1232,1.2693,1.3017,1.0927,0.3707,41.2942,1.1658,kgeorge_gun_380_x4,1.2538,1.0994,1.1275,0.9651,0.3211,51.0116,1.3014,kgeorge_gun_380_x4_c,1.2695,1.1131,1.1415,0.9866,0.3251,52.797,1.3177,,,,
gun_15_x2_alt_britain,,381,gun_15_x2_alt,britain,,New line - alternate guns,0.3256,dreadnought_gun_b_305_x2,1.1232,1.2381,1.2697,1.0458,0.3616,38.5486,1.1372,dreadnought_gun_b_305_x2,1.1372,1.2535,1.2855,1.0691,0.3661,39.8978,1.1514,dreadnought_gun_b_305_x2,1.1515,1.2693,1.3017,1.0927,0.3707,41.2942,1.1658,kgeorge_gun_a_380_x2,1.2854,1.0994,1.1275,0.9651,0.3211,51.0115,1.3014,kgeorge_gun_380_x2_b,1.3015,1.1131,1.1415,0.9866,0.3251,52.7969,1.3177,,,,
gun_15_x3_alt_britain,,381,gun_15_x3_alt,britain,,New line - alternate guns,0.3256,dreadnought_gun_b_305_x3,1.1093,1.2381,1.2697,1.0458,0.3616,38.5486,1.1372,dreadnought_gun_b_305_x3,1.1232,1.2535,1.2855,1.0691,0.3661,39.8978,1.1514,dreadnought_gun_b_305_x3,1.1372,1.2693,1.3017,1.0927,0.3707,41.2942,1.1658,kgeorge_gun_a_380_x3,1.2695,1.0994,1.1275,0.9651,0.3211,51.0115,1.3014,kgeorge_gun_380_x3_b,1.2854,1.1131,1.1415,0.9866,0.3251,52.7969,1.3177,,,,
gun_16_x1_britain,,406,gun_16_x1,britain,,,0.3453,irresistible_gun_305_x1,1.0314,1.3124,1.3439,1.0522,0.3616,37.8469,1.0314,irresistible_gun_305_x1,1.0443,1.3287,1.3606,1.0757,0.3661,39.1716,1.0443,nelson_gun_406_x1,1.2122,1.0097,1.0339,1.0155,0.2782,46.4798,1.2122,nelson_gun_406_x1,1.2273,1.0224,1.047,1.0379,0.2817,48.1066,1.2273,nelson_gun_406_x1,1.2426,1.0351,1.06,1.0611,0.2852,49.7903,1.2426,,,,
gun_16_x2_britain,,406,gun_16_x2,britain,,,0.3453,irresistible_gun_305_x2,1.0187,1.3124,1.3439,1.0522,0.3616,37.8469,1.0314,irresistible_gun_305_x2,1.0315,1.3287,1.3606,1.0757,0.3661,39.1716,1.0443,nelson_gun_406_x2,1.1973,1.0097,1.0339,1.0155,0.2782,46.4798,1.2122,nelson_gun_406_x2,1.2122,1.0224,1.047,1.0379,0.2817,48.1066,1.2273,nelson_gun_406_x2,1.2273,1.0351,1.06,1.0611,0.2852,49.7903,1.2426,,,,
gun_16_x3_britain,,406,gun_16_x3,britain,,,0.3453,irresistible_gun_305_x3,1.0061,1.3124,1.3439,1.0522,0.3616,37.8469,1.0314,irresistible_gun_305_x3,1.0187,1.3287,1.3606,1.0757,0.3661,39.1716,1.0443,nelson_gun_406_x3,1.1825,1.0097,1.0339,1.0155,0.2782,46.4798,1.2122,nelson_gun_406_x3,1.1972,1.0224,1.047,1.0379,0.2817,48.1066,1.2273,nelson_gun_406_x3,1.2122,1.0351,1.06,1.0611,0.2852,49.7903,1.2426,,,,
gun_16_x4_britain,,406,gun_16_x4,britain,,,0.3453,irresistible_gun_305_x4,0.9937,1.3124,1.3439,1.0522,0.3616,37.8469,1.0314,irresistible_gun_305_x4,1.0061,1.3287,1.3606,1.0757,0.3661,39.1716,1.0443,nelson_gun_406_x4,1.1679,1.0097,1.0339,1.0155,0.2782,46.4798,1.2122,kgeorge_gun_380_x4,1.2459,1.1654,1.1934,0.9595,0.3211,50.6884,1.2932,kgeorge_gun_380_x4_c,1.2615,1.1799,1.2082,0.9808,0.3251,52.4625,1.3093,,,,
gun_16_x2_alt_britain,,406,gun_16_x2_alt,britain,,New line - alternate guns,0.3453,ny_gun_210_x2,1.0288,1.9754,2.0228,1.0133,0.5443,36.2269,1.0416,ny_gun_210_x2,1.0416,2.0001,2.0481,1.0358,0.5511,37.4948,1.0546,ny_gun_356_x2,1.3141,1.3425,1.3747,0.9218,0.3699,48.3575,1.3305,kgeorge_gun_a_380_x2,1.2773,1.1654,1.1934,0.9595,0.3211,50.6883,1.2932,kgeorge_gun_380_x2_b,1.2932,1.1799,1.2082,0.9808,0.3251,52.4624,1.3093,,,,
gun_16_x3_alt_britain,,406,gun_16_x3_alt,britain,,New line - alternate guns,0.3453,ny_gun_210_x3,1.0161,1.9754,2.0228,1.0133,0.5443,36.2269,1.0416,ny_gun_210_x3,1.0288,2.0001,2.0481,1.0358,0.5511,37.4948,1.0546,ny_gun_356_x3,1.2979,1.3425,1.3747,0.9218,0.3699,48.3575,1.3305,kgeorge_gun_a_380_x3,1.2615,1.1654,1.1934,0.9595,0.3211,50.6883,1.2932,kgeorge_gun_380_x3_b,1.2772,1.1799,1.2082,0.9808,0.3251,52.4624,1.3093,,,,
gun_17_x1_britain,,432,gun_17_x1,britain,,,0.3656,irresistible_gun_305_x1,1.025,1.3904,1.4218,1.045,0.3616,37.6127,1.025,irresistible_gun_305_x1,1.0378,1.4077,1.4395,1.0683,0.3661,38.9292,1.0378,hood_gun_380_x1,1.1351,1.1401,1.1659,1.0568,0.2965,43.5231,1.1351,british_adv_cruiser_152_gun_x1,1.1139,1.918,1.9613,1.0067,0.4988,43.6594,1.1139,british_adv_cruiser_152_gun_x1,1.1278,1.9418,1.9856,1.0292,0.505,45.1875,1.1278,,,,
gun_17_x2_britain,,432,gun_17_x2,britain,,,0.3656,irresistible_gun_305_x2,1.0124,1.3904,1.4218,1.045,0.3616,37.6127,1.025,irresistible_gun_305_x2,1.025,1.4077,1.4395,1.0683,0.3661,38.9292,1.0378,hood_gun_380_x2,1.1211,1.1401,1.1659,1.0568,0.2965,43.5231,1.1351,british_adv_cruiser_152_gun_x2,1.1002,1.918,1.9613,1.0067,0.4988,43.6594,1.1139,british_adv_cruiser_152_gun_x2,1.1139,1.9418,1.9856,1.0292,0.505,45.1875,1.1278,,,,
gun_17_x3_britain,,432,gun_17_x3,britain,,,0.3656,irresistible_gun_305_x3,0.9999,1.3904,1.4218,1.045,0.3616,37.6127,1.025,irresistible_gun_305_x3,1.0124,1.4077,1.4395,1.0683,0.3661,38.9292,1.0378,hood_gun_380_x3,1.1073,1.1401,1.1659,1.0568,0.2965,43.5231,1.1351,british_adv_cruiser_152_gun_x3,1.0866,1.918,1.9613,1.0067,0.4988,43.6594,1.1139,british_adv_cruiser_152_gun_x3,1.1002,1.9418,1.9856,1.0292,0.505,45.1875,1.1278,,,,
gun_17_x4_britain,,432,gun_17_x4,britain,,,0.3656,irresistible_gun_305_x4,0.9876,1.3904,1.4218,1.045,0.3616,37.6127,1.025,irresistible_gun_305_x4,0.9999,1.4077,1.4395,1.0683,0.3661,38.9292,1.0378,fus_gun_356_x4_a,1.0524,1.2209,1.2485,1.0833,0.3175,41.8833,1.0923,fus_gun_356_x4_a,1.0655,1.2362,1.2641,1.1073,0.3215,43.3492,1.1059,fus_gun_356_x4_a,1.0789,1.2516,1.2799,1.132,0.3255,44.8664,1.1198,,,,
gun_17_x2_alt_britain,,432,gun_17_x2_alt,britain,,New line - alternate guns,0.3656,agamemnon_gun_305_x2,1.0246,1.3904,1.4218,1.0325,0.3616,38.0674,1.0374,agamemnon_gun_305_x2,1.0375,1.4077,1.4395,1.0555,0.3661,39.3997,1.0504,fus_gun_356_x2_a,1.0789,1.2209,1.2485,1.0833,0.3175,41.8833,1.0923,fus_gun_356_x2_a,1.0923,1.2362,1.2641,1.1073,0.3215,43.3492,1.1059,fus_gun_356_x2_a,1.106,1.2516,1.2799,1.132,0.3255,44.8664,1.1198,,,,
gun_17_x3_alt_britain,,432,gun_17_x3_alt,britain,,New line - alternate guns,0.3656,agamemnon_gun_305_x3,1.012,1.3904,1.4218,1.0325,0.3616,38.0674,1.0374,agamemnon_gun_305_x3,1.0247,1.4077,1.4395,1.0555,0.3661,39.3997,1.0504,fus_gun_356_x3_a,1.0655,1.2209,1.2485,1.0833,0.3175,41.8833,1.0923,fus_gun_356_x3_a,1.0788,1.2362,1.2641,1.1073,0.3215,43.3492,1.1059,fus_gun_356_x3_a,1.0924,1.2516,1.2799,1.132,0.3255,44.8664,1.1198,,,,
gun_18_x1_britain,,457,gun_18_x1,britain,,,0.3849,irresistible_gun_305_x1,1.0192,1.4662,1.4975,1.0374,0.3616,37.4017,1.0192,irresistible_gun_305_x1,1.032,1.4845,1.5162,1.0605,0.3661,38.7108,1.032,kgeorge_gun_a_380_x1,1.2622,1.2858,1.3133,0.9254,0.3171,48.3981,1.2622,kgeorge_gun_380_x1_b,1.278,1.302,1.3298,0.9459,0.3211,50.092,1.278,kgeorge_gun_380_x1_b,1.2939,1.3182,1.3464,0.967,0.3251,51.8453,1.2939,,,,
gun_18_x2_britain,,457,gun_18_x2,britain,,,0.3849,irresistible_gun_305_x2,1.0067,1.4662,1.4975,1.0374,0.3616,37.4017,1.0192,irresistible_gun_305_x2,1.0193,1.4845,1.5162,1.0605,0.3661,38.7108,1.032,kgeorge_gun_a_380_x2,1.2467,1.2858,1.3133,0.9254,0.3171,48.3981,1.2622,kgeorge_gun_380_x2_b,1.2623,1.302,1.3298,0.9459,0.3211,50.092,1.278,kgeorge_gun_380_x2_b,1.278,1.3182,1.3464,0.967,0.3251,51.8453,1.2939,,,,
gun_18_x3_britain,,457,gun_18_x3,britain,,,0.3849,irresistible_gun_305_x3,0.9942,1.4662,1.4975,1.0374,0.3616,37.4017,1.0192,irresistible_gun_305_x3,1.0067,1.4845,1.5162,1.0605,0.3661,38.7108,1.032,kgeorge_gun_a_380_x3,1.2313,1.2858,1.3133,0.9255,0.3171,48.3981,1.2622,kgeorge_gun_380_x3_b,1.2467,1.302,1.3298,0.9459,0.3211,50.0921,1.278,kgeorge_gun_380_x3_b,1.2622,1.3182,1.3464,0.967,0.3251,51.8453,1.2939,,,,
gun_18_x4_britain,,457,gun_18_x4,britain,,,0.3849,irresistible_gun_305_x4,0.982,1.4662,1.4975,1.0374,0.3616,37.4017,1.0192,irresistible_gun_305_x4,0.9943,1.4845,1.5162,1.0605,0.3661,38.7108,1.032,kgeorge_gun_380_x4,1.2161,1.2858,1.3133,0.9254,0.3171,48.3982,1.2622,kgeorge_gun_380_x4_c,1.2313,1.302,1.3298,0.9459,0.3211,50.0921,1.278,kgeorge_gun_380_x4_c,1.2466,1.3182,1.3464,0.967,0.3251,51.8453,1.2939,,,,
gun_18_x2_alt_britain,,457,gun_18_x2_alt,britain,,New line - alternate guns,0.3849,ny_gun_210_x2,1.0166,2.207,2.2541,0.999,0.5443,35.8007,1.0293,ny_gun_210_x2,1.0294,2.2346,2.2823,1.0212,0.5511,37.0538,1.0422,brooklyn_gun_b_152_x2,1.2456,1.9078,1.9486,0.9031,0.4705,45.8333,1.2611,brooklyn_gun_b_152_x2,1.2612,1.9317,1.973,0.9232,0.4764,47.4374,1.2769,iowa_gun_406_x2,1.3052,0.9233,0.943,1.0727,0.2277,50.186,1.3215,,,,
gun_18_x3_alt_britain,,457,gun_18_x3_alt,britain,,New line - alternate guns,0.3849,ny_gun_210_x3,1.0041,2.207,2.2541,0.999,0.5443,35.8007,1.0293,ny_gun_210_x3,1.0167,2.2346,2.2823,1.0212,0.5511,37.0538,1.0422,brooklyn_gun_b_152_x3,1.2302,1.9078,1.9486,0.9031,0.4705,45.8333,1.2611,brooklyn_gun_b_152_x3,1.2456,1.9317,1.973,0.9232,0.4764,47.4374,1.2769,iowa_gun_406_x3,1.2891,0.9233,0.943,1.0727,0.2277,50.186,1.3215,,,,
gun_19_x1_britain,,483,gun_19_x1,britain,,,0.4047,irresistible_gun_305_x1,1.0136,1.5459,1.5772,1.0289,0.3616,37.1954,1.0136,irresistible_gun_305_x1,1.0263,1.5652,1.5969,1.0518,0.3661,38.4972,1.0263,nelson_gun_406_x1,1.1913,1.1894,1.2135,0.9929,0.2782,45.6796,1.1913,nelson_gun_406_x1,1.2062,1.2044,1.2288,1.0149,0.2817,47.2784,1.2062,nelson_gun_406_x1,1.2213,1.2193,1.244,1.0376,0.2852,48.9331,1.2213,,,,
gun_19_x2_britain,,483,gun_19_x2,britain,,,0.4047,irresistible_gun_305_x2,1.0011,1.5459,1.5772,1.0289,0.3616,37.1953,1.0136,irresistible_gun_305_x2,1.0137,1.5652,1.5969,1.0518,0.3661,38.4972,1.0263,nelson_gun_406_x2,1.1766,1.1894,1.2135,0.9929,0.2782,45.6796,1.1913,nelson_gun_406_x2,1.1914,1.2044,1.2288,1.0149,0.2817,47.2784,1.2062,nelson_gun_406_x2,1.2063,1.2193,1.244,1.0376,0.2852,48.9331,1.2213,,,,
gun_19_x3_britain,,483,gun_19_x3,britain,,,0.4047,irresistible_gun_305_x3,0.9888,1.5459,1.5772,1.0289,0.3616,37.1953,1.0136,irresistible_gun_305_x3,1.0012,1.5652,1.5969,1.0518,0.3661,38.4972,1.0263,nelson_gun_406_x3,1.1621,1.1894,1.2135,0.9929,0.2782,45.6796,1.1913,nelson_gun_406_x3,1.1767,1.2044,1.2288,1.0149,0.2817,47.2784,1.2062,nelson_gun_406_x3,1.1914,1.2193,1.244,1.0376,0.2852,48.9331,1.2213,,,,
gun_19_x4_britain,,483,gun_19_x4,britain,,,0.4047,irresistible_gun_305_x4,0.9766,1.5459,1.5772,1.0289,0.3616,37.1953,1.0136,irresistible_gun_305_x4,0.9888,1.5652,1.5969,1.0518,0.3661,38.4972,1.0263,nelson_gun_406_x4,1.1478,1.1894,1.2135,0.9929,0.2782,45.6796,1.1913,nelson_gun_406_x4,1.1621,1.2044,1.2288,1.0149,0.2817,47.2784,1.2062,nelson_gun_406_x4,1.1767,1.2193,1.244,1.0376,0.2852,48.9331,1.2213,,,,
gun_20_x1_britain,,508,gun_20_x1,britain,,,0.4236,dreadnought_gun_305_x1,1.0207,1.6234,1.6547,1.0081,0.3616,37.4554,1.0207,dreadnought_gun_305_x1,1.0335,1.6436,1.6752,1.0306,0.3661,38.7664,1.0335,kgeorge_gun_a_380_x1,1.2489,1.4236,1.451,0.9103,0.3171,47.8888,1.2489,kgeorge_gun_380_x1_b,1.2645,1.4416,1.4694,0.9304,0.3211,49.5649,1.2645,kgeorge_gun_380_x1_b,1.2803,1.4595,1.4876,0.9511,0.3251,51.2996,1.2803,,,,
gun_20_x2_britain,,508,gun_20_x2,britain,,,0.4236,dreadnought_gun_305_x2,1.0081,1.6234,1.6547,1.0081,0.3616,37.4554,1.0207,dreadnought_gun_305_x2,1.0208,1.6436,1.6752,1.0306,0.3661,38.7664,1.0335,kgeorge_gun_a_380_x2,1.2335,1.4236,1.451,0.9103,0.3171,47.8888,1.2489,kgeorge_gun_380_x2_b,1.2489,1.4416,1.4694,0.9304,0.3211,49.5649,1.2645,kgeorge_gun_380_x2_b,1.2645,1.4595,1.4876,0.9511,0.3251,51.2996,1.2803,,,,
gun_20_x3_britain,,508,gun_20_x3,britain,,,0.4236,dreadnought_gun_305_x3,0.9957,1.6234,1.6547,1.0081,0.3616,37.4554,1.0207,dreadnought_gun_305_x3,1.0082,1.6436,1.6752,1.0306,0.3661,38.7664,1.0335,kgeorge_gun_a_380_x3,1.2183,1.4236,1.451,0.9103,0.3171,47.8888,1.2489,kgeorge_gun_380_x3_b,1.2335,1.4416,1.4694,0.9304,0.3211,49.5649,1.2645,kgeorge_gun_380_x3_b,1.2489,1.4595,1.4876,0.9511,0.3251,51.2997,1.2803,,,,
gun_20_x4_britain,,508,gun_20_x4,britain,,,0.4236,dreadnought_gun_305_x4,0.9834,1.6234,1.6547,1.0081,0.3616,37.4554,1.0207,dreadnought_gun_305_x4,0.9957,1.6436,1.6752,1.0306,0.3661,38.7664,1.0335,kgeorge_gun_380_x4,1.2033,1.4236,1.451,0.9103,0.3171,47.8888,1.2489,kgeorge_gun_380_x4_c,1.2183,1.4416,1.4694,0.9304,0.3211,49.5649,1.2645,kgeorge_gun_380_x4_c,1.2335,1.4595,1.4876,0.9511,0.3251,51.2997,1.2803,,,,
###,,,###,france,,,,QUAD GUNS FRANCE,,,,,,,,,,,,,,,,,,,,,,,,,,,,,,,,,,,,,,,,,,,
"gun_2_x1_france_bb,bc,ca,cl",,51,gun_2_x1,france,"bb, bc, ca, cl",,0.1197,bouvet_gun_100_x1,4,0.86,0.90675,,0.8001,44.2562,1.2392,,,,,,,,,,,,,,,,,richelieu_gun_100_x1,1.14,1.2,1.31625,,1.1527,50.2828,1.3181,richelieu_gun_100_x1,1.16,1.215,1.332703125,,1.1671,52.0427,1.3346,,,,
"gun_2_x2_france_bb,bc,ca,cl",,51,gun_2_x2,france,"bb, bc, ca, cl",,0.1197,,,,,,,,,,,,,,,,,,,,,,,,,richelieu_gun_100_x2,1.14,1.2,1.31625,,1.1527,50.2828,1.3181,richelieu_gun_100_x2,1.16,1.215,1.332703125,,1.1671,52.0427,1.3346,,,,
"gun_2_x3_france_bb,bc,ca,cl",,51,gun_2_x3,france,"bb, bc, ca, cl",,0.1197,,,,,,,,,,,,,,,,,,,,,,,,,richelieu_gun_100_x3,1.14,1.2,1.31625,,1.1527,50.2828,1.3181,richelieu_gun_100_x3,1.16,1.215,1.332703125,,1.1671,52.0427,1.3346,,,,
gun_2_x4_france,,51,gun_2_x4,france,,,0.1197,richelieu_gun_120_x4,1.08,1.14680595,1.257902776,,0.9184,39.6443,0.9912,richelieu_gun_120_x4,1.1,1.16427,1.277058656,,0.9299,41.0319,1.0035,richelieu_gun_120_x4,1.12,1.182,1.29650625,,0.9415,42.468,1.0161,richelieu_gun_100_x4,1.14,1.2,1.31625,,1.1527,50.2828,1.3181,richelieu_gun_100_x4,1.16,1.215,1.332703125,,1.1671,52.0427,1.3346,,,,
"gun_3_x1_france_bb,bc,ca,cl",,76,gun_3_x1,france,"bb, bc, ca, cl",,0.1519,bouvet_gun_100_x1,4,0.93,0.975,,0.8001,42.5255,1.1908,,,,,,,,,,,,,,,,,richelieu_gun_100_x1,1.14,1.35,1.4625,,1.1527,48.3165,1.2666,richelieu_gun_100_x1,1.16,1.366875,1.48078125,,1.1671,50.0076,1.2824,,,,
"gun_3_x2_france_bb,bc,ca,cl",,76,gun_3_x2,france,"bb, bc, ca, cl",,0.1519,,,,,,,,,,,,,,,,,,,,,,,,,richelieu_gun_100_x2,1.14,1.35,1.4625,,1.1527,48.3165,1.2666,richelieu_gun_100_x2,1.16,1.366875,1.48078125,,1.1671,50.0076,1.2824,,,,
"gun_3_x3_france_bb,bc,ca,cl",,76,gun_3_x3,france,"bb, bc, ca, cl",,0.1519,,,,,,,,,,,,,,,,,,,,,,,,,richelieu_gun_100_x3,1.14,1.35,1.4625,,1.1527,48.3165,1.2666,richelieu_gun_100_x3,1.16,1.366875,1.48078125,,1.1671,50.0076,1.2824,,,,
gun_3_x4_france,,76,gun_3_x4,france,,,0.1519,richelieu_gun_120_x4,1.08,1.290156694,1.397669752,,0.9184,38.094,0.9524,richelieu_gun_120_x4,1.1,1.30980375,1.418954063,,0.9299,39.4273,0.9643,richelieu_gun_120_x4,1.12,1.32975,1.4405625,,0.9415,40.8072,0.9764,richelieu_gun_100_x4,1.14,1.35,1.4625,,1.1527,48.3165,1.2666,richelieu_gun_100_x4,1.16,1.366875,1.48078125,,1.1671,50.0076,1.2824,,,,
"gun_4_x1_france_bb,bc,ca,cl,dd",,102,gun_4_x1,france,"bb, bc, ca, cl ,dd",,0.1669,bouvet_gun_100_x1,4,1,1.04325,,0.8001,41.2925,1.1562,,,,,,,,,,,,,,,,,rich_gun_cal130_x1,2.6,1.23,1.29675,,0.6426,43.9885,1.1531,rich_gun_cal130_x1,2.62,1.245375,1.312959375,,0.6507,45.5281,1.1675,,,,
"gun_4_x2_france_bb,bc,ca,cl,dd",,102,gun_4_x2,france,"bb, bc, ca, cl ,dd",,0.1669,,,,,,,,,,,,,,,,,,,,,,,,,rich_gun_cal130_x2,2.6,1.23,1.29675,,0.6426,43.9886,1.1531,rich_gun_cal130_x2,2.62,1.245375,1.312959375,,0.6507,45.5282,1.1676,,,,
"gun_4_x3_france_bb,bc,ca,cl,dd",,102,gun_4_x3,france,"bb, bc, ca, cl ,dd",,0.1669,,,,,,,,,,,,,,,,,,,,,,,,,rich_gun_cal130_x3,2.6,1.23,1.29675,,0.6426,43.9885,1.1531,rich_gun_cal130_x3,2.62,1.245375,1.312959375,,0.6507,45.5281,1.1675,,,,
gun_4_x4_france,,102,gun_4_x4,france,,,0.1669,didox_gun_cal133_x4,2.46,0.8732025,1.040566313,,0.5787,39.8521,1.086,didox_gun_cal133_x4,2.48,0.8865,1.0564125,,0.5859,41.2469,1.0996,didox_gun_cal133_x4,2.5,0.9,1.0725,,0.5932,42.6905,1.1133,rich_gun_cal130_x4,2.52,1.23,0.82875,,0.6426,43.9886,1.1531,rich_gun_cal130_x4,2.62,1.245375,1.312959375,,0.6507,45.5282,1.1675,,,,
"gun_5_x1_france_bb,bc,ca",,127,gun_5_x1,france,"bb, bc, ca",,0.1636,massena_gun_138_x1,1.5,0.97,1.04325,,0.5812,40.7725,1.2028,,,,,,,,,,,,,,,,,richelieu_gun_152_x1,1.53,0.85,0.897,,0.5944,52.4626,1.3753,richelieu_gun_152_x1,1.55,0.860625,0.9082125,,0.6018,54.2988,1.3925,,,,
"gun_5_x2_france_bb,bc,ca",,127,gun_5_x2,france,"bb, bc, ca",,0.1636,massena_gun_138_x2,1.5,0.97,1.04325,,0.5812,40.7725,1.2028,,,,,,,,,,,,,,,,,richelieu_gun_152_x2,1.53,0.85,0.897,,0.5944,52.4626,1.3753,richelieu_gun_152_x2,1.55,0.860625,0.9082125,,0.6018,54.2988,1.3925,,,,
"gun_5_x3_france_bb,bc,ca",,127,gun_5_x3,france,"bb, bc, ca",,0.1636,,,,,,,,,,,,,,,,,,,,,,,,,richelieu_gun_152_x3,1.53,0.85,0.897,,0.5944,52.4626,1.3753,richelieu_gun_152_x3,1.55,0.860625,0.9082125,,0.6018,54.2988,1.3925,,,,
gun_5_x4_france,,127,gun_5_x4,france,,,0.1636,didox_gun_cal133_x4,1.36,1.0672475,1.229760188,,0.5787,38.988,1.0625,didox_gun_cal133_x4,1.38,1.0835,1.2484875,,0.5859,40.3525,1.0758,didox_gun_cal133_x4,1.22,1.1,1.2675,,0.5932,41.7649,1.0892,richelieu_gun_152_x4,1.53,0.85,0.897,,0.5944,52.4626,1.3753,richelieu_gun_152_x4,1.55,0.860625,0.9082125,,0.6018,54.2988,1.3925,,,,
"gun_5_x1_france_cl,dd",,127,gun_5_x1,france,"cl, dd",,0.1636,bouvet_gun_100_x1,1.5,1.07,0.94575,,0.8001,40.3972,1.1312,,,,,,,,,,,,,,,,,richelieu_gun_152_x1,1.53,0.85,0.897,,0.5944,52.4626,1.3753,richelieu_gun_152_x1,1.55,0.860625,0.9082125,,0.6018,54.2988,1.3925,,,,
"gun_5_x2_france_cl,dd",,127,gun_5_x2,france,"cl, dd",,0.1636,,,,,,,,,,,,,,,,,,,,,,,,,richelieu_gun_152_x2,1.53,0.85,0.897,,0.5944,52.4626,1.3753,richelieu_gun_152_x2,1.55,0.860625,0.9082125,,0.6018,54.2988,1.3925,,,,
"gun_5_x3_france_cl,dd",,127,gun_5_x3,france,"cl, dd",,0.1636,,,,,,,,,,,,,,,,,,,,,,,,,richelieu_gun_152_x3,1.53,0.85,0.897,,0.5944,52.4626,1.3753,richelieu_gun_152_x3,1.55,0.860625,0.9082125,,0.6018,54.2988,1.3925,,,,
gun_6_x1_france,,152,gun_6_x1,france,,,0.1859,bouvet_gun_138_x1,1.22,1.07,1.14075,,0.5786,39.9774,1.1194,dant_gun_245_x1,1.1,0.8,0.82875,0.85,0.44,53.8789,1.4759,dant_gun_245_x1,1.1,0.816,0.845325,0.85,0.4455,55.7646,1.4943,richelieu_gun_152_x1,1.53,0.92,0.975,,0.5944,51.5283,1.3508,richelieu_gun_152_x1,1.55,0.9315,0.9871875,,0.6018,53.3318,1.3677,,,,
gun_6_x2_france,,152,gun_6_x2,france,,,0.1859,bouvet_gun_138_x2,1.22,1.07,1.14075,,0.5786,39.9774,1.1194,dant_gun_245_x2,1.1,0.8,0.82875,0.85,0.44,53.8789,1.4759,dant_gun_245_x2,1.1,0.816,0.845325,0.85,0.4455,55.7646,1.4943,richelieu_gun_152_x2,1.53,0.92,0.975,,0.5944,51.5283,1.3508,richelieu_gun_152_x2,1.55,0.9315,0.9871875,,0.6018,53.3318,1.3677,,,,
gun_6_x3_france,,152,gun_6_x3,france,,,0.1859,,,,,,,,,dant_gun_245_x3,1.1,0.8,0.82875,0.85,0.44,53.8789,1.4759,dant_gun_245_x3,1.1,0.816,0.845325,0.85,0.4455,55.7646,1.4943,richelieu_gun_152_x3,1.53,0.92,0.975,,0.5944,51.5283,1.3508,richelieu_gun_152_x3,1.55,0.9315,0.9871875,,0.6018,53.3318,1.3677,,,,
gun_6_x4_france,,152,gun_6_x4,france,,,0.1859,didox_gun_cal133_x4,1.26,0.788,0.81631875,,0.5787,38.2936,1.0436,dant_gun_245_x4,1.1,0.8,0.82875,0.85,0.44,53.8789,1.4759,didox_gun_cal133_x4,1.22,1.3,1.365,,0.5932,41.0211,1.0698,richelieu_gun_152_x4,1.53,0.92,0.975,,0.5944,51.5283,1.3508,richelieu_gun_152_x4,1.55,0.9315,0.9871875,,0.6018,53.3318,1.3677,,,,
gun_7_x1_france,,178,gun_7_x1,france,,,0.2118,bouvet_gun_138_x1,1.22,1.17,1.23825,,0.5786,39.3511,1.1019,dant_gun_245_x1,1.1,0.85,0.897,0.85,0.44,53.0348,1.4527,dant_gun_245_x1,1.1,0.867,0.91494,0.85,0.4455,54.891,1.4709,richelieu_gun_152_x1,1.53,1,1.0725,,0.5944,50.721,1.3296,richelieu_gun_152_x1,1.55,1.0125,1.08590625,,0.6018,52.4963,1.3462,,,,
gun_7_x2_france,,178,gun_7_x2,france,,,0.2118,bouvet_gun_138_x2,1.22,1.17,1.23825,,0.5786,39.3511,1.1019,dant_gun_245_x2,1.1,0.85,0.897,0.85,0.44,53.0348,1.4527,dant_gun_245_x2,1.1,0.867,0.91494,0.85,0.4455,54.891,1.4709,richelieu_gun_152_x2,1.53,1,1.0725,,0.5944,50.7211,1.3296,richelieu_gun_152_x2,1.55,1.0125,1.08590625,,0.6018,52.4963,1.3462,,,,
gun_7_x3_france,,178,gun_7_x3,france,,,0.2118,,,,,,,,,dant_gun_245_x3,1.1,0.85,0.897,0.85,0.44,53.0348,1.4527,dant_gun_245_x3,1.1,0.867,0.91494,0.85,0.4455,54.891,1.4709,richelieu_gun_152_x3,1.53,1,1.0725,,0.5944,50.721,1.3296,richelieu_gun_152_x3,1.55,1.0125,1.08590625,,0.6018,52.4962,1.3462,,,,
gun_7_x4_france,,178,gun_7_x4,france,,,0.2118,didox_gun_cal133_x4,1.18,0.83725,0.883545,,0.5787,37.6937,1.0272,dant_gun_245_x4,1.1,0.85,0.897,0.85,0.44,53.0348,1.4527,didox_gun_cal133_x4,1.22,1.4,1.4625,,0.5932,40.3784,1.053,richelieu_gun_152_x4,1.53,1,1.0725,,0.5944,50.721,1.3296,richelieu_gun_152_x4,1.55,1.0125,1.08590625,,0.6018,52.4963,1.3462,,,,
gun_8_x1_france,,203,gun_8_x1,france,,,0.235,bouvet_gun_138_x1,1.22,1.27,1.35,,0.5786,38.8374,1.0875,dant_gun_245_x1,1.1,0.92,0.9555,0.85,0.44,52.3424,1.4338,dant_gun_245_x1,1.1,0.9384,0.9555,0.85,0.4455,54.1743,1.4517,richelieu_gun_152_x1,1.53,1.1,1.18,,0.5944,50.0588,1.3123,richelieu_gun_152_x1,1.55,1.11375,1.19475,,0.6018,51.8109,1.3287,,,,
gun_8_x2_france,,203,gun_8_x2,france,,,0.235,bouvet_gun_138_x2,1.22,1.27,1.35,,0.5786,38.8374,1.0875,dant_gun_245_x2,1.1,0.92,0.9555,0.85,0.44,52.3424,1.4338,dant_gun_245_x2,1.1,0.9384,0.97461,0.85,0.4455,54.1743,1.4517,richelieu_gun_152_x2,1.53,1.1,1.18,,0.5944,50.0588,1.3123,richelieu_gun_152_x2,1.55,1.11375,1.19475,,0.6018,51.8109,1.3287,,,,
gun_8_x3_france,,203,gun_8_x3,france,,,0.235,,,,,,,,,dant_gun_245_x3,1.1,0.92,0.9555,0.85,0.44,52.3424,1.4338,dant_gun_245_x3,1.1,0.9384,0.97461,0.85,0.4455,54.1743,1.4517,richelieu_gun_152_x3,1.53,1.1,1.18,,0.5944,50.0588,1.3123,richelieu_gun_152_x3,1.55,1.11375,1.19475,,0.6018,51.8108,1.3287,,,,
gun_8_x4_france,,203,gun_8_x4,france,,,0.235,didox_gun_cal133_x4,1.18,0.9062,0.9411675,,0.5787,37.2016,1.0138,dant_gun_245_x4,1.1,0.92,0.9555,0.85,0.44,52.3424,1.4338,didox_gun_cal133_x4,1.22,1.5,1.56,,0.5932,39.8513,1.0393,richelieu_gun_152_x4,1.53,1.1,1.18,,0.5944,50.0588,1.3123,richelieu_gun_152_x4,1.55,1.11375,1.19475,,0.6018,51.8108,1.3287,,,,
gun_9_x1_france,,229,gun_9_x1,france,,,0.2574,bouvet_gun_305_x1,1.28,0.84,0.89,0.85,0.3614,41.8631,1.1722,dant_gun_245_x1,1.1,0.98,1.02375,0.85,0.44,51.7153,1.4166,dant_gun_245_x1,1.1,0.9996,1.044225,0.85,0.4455,53.5254,1.4343,richelieu_gun_380_x1,1.27,0.7,0.73125,,0.3011,54.3082,1.4236,richelieu_gun_380_x1,1.29,0.70875,0.740390625,,0.3049,56.209,1.4414,,,,
gun_9_x2_france,,229,gun_9_x2,france,,,0.2574,bouvet_gun_305_x2,1.28,0.84,0.89,0.85,0.3614,41.8631,1.1722,dant_gun_245_x2,1.1,0.98,1.02375,0.85,0.44,51.7153,1.4166,dant_gun_245_x2,1.1,0.9996,1.044225,0.85,0.4455,53.5254,1.4343,richelieu_gun_380_x2,1.27,0.7,0.73125,,0.3011,54.3082,1.4236,richelieu_gun_380_x2,1.29,0.70875,0.740390625,,0.3049,56.209,1.4414,,,,
gun_9_x3_france,,229,gun_9_x3,france,,,0.2574,,,,,,,,,dant_gun_245_x3,1.1,0.98,1.02375,0.85,0.44,51.7153,1.4166,dant_gun_245_x3,1.1,0.9996,1.044225,0.85,0.4455,53.5254,1.4343,richelieu_gun_380_x3,1.27,0.7,0.73125,,0.3011,54.3082,1.4236,richelieu_gun_380_x3,1.29,0.70875,0.740390625,,0.3049,56.209,1.4414,,,,
gun_9_x4_france,,229,gun_9_x4,france,,,0.2574,dido_gun_cal200_x4,1.2,0.9316125,0.982470938,,0.3617,38.5165,1.0785,dant_gun_245_x4,1.25,0.98,1.02375,0.85,0.44,51.7153,1.4166,dant_gun_245_x4,1.26,0.9996,1.044225,0.85,0.4455,53.5254,1.4343,richelieu_gun_380_x4,1.3,0.717609375,0.749645508,,0.3011,54.3082,1.4236,richelieu_gun_380_x4,1.32,0.726579492,0.759016077,,0.3049,56.209,1.4414,,,,
gun_10_x1_france,,254,gun_10_x1,france,,,0.2773,dante_gun_240_x1,1.29,0.8,0.85,0.85,0.3614,45.9244,1.2859,dant_gun_245_x1,1.1,1.05,1.096875,0.85,0.44,51.1823,1.402,dant_gun_245_x1,1.1,1.071,1.1188125,0.85,0.4455,52.9736,1.4195,richelieu_gun_380_x1,1.27,0.75,0.78,,0.3011,53.7484,1.409,richelieu_gun_380_x1,1.29,0.759375,0.78975,,0.3049,55.6296,1.4266,,,,
gun_10_x2_france,,254,gun_10_x2,france,,,0.2773,dante_gun_240_x2,1.29,0.8,0.85,0.85,0.3614,45.9244,1.2859,dant_gun_245_x2,1.1,1.05,1.096875,0.85,0.44,51.1823,1.402,dant_gun_245_x2,1.1,1.071,1.1188125,0.85,0.4455,52.9736,1.4195,richelieu_gun_380_x2,1.27,0.75,0.78,,0.3011,53.7484,1.409,richelieu_gun_380_x2,1.29,0.759375,0.78975,,0.3049,55.6296,1.4266,,,,
gun_10_x3_france,,254,gun_10_x3,france,,,0.2773,,,,,,,,,dant_gun_245_x3,1.1,1.05,1.096875,0.85,0.44,51.1823,1.402,dant_gun_245_x3,1.1,1.071,1.1188125,0.85,0.4455,52.9736,1.4195,richelieu_gun_380_x3,1.27,0.75,0.78,,0.3011,53.7484,1.409,richelieu_gun_380_x3,1.29,0.759375,0.78975,,0.3049,55.6296,1.4266,,,,
gun_10_x4_france,,254,gun_10_x4,france,,,0.2773,dido_gun_cal200_x4,1.2,1.0076625,1.056619688,,0.3617,38.1195,1.0674,dant_gun_245_x4,1.25,1.05,1.096875,0.85,0.44,51.1823,1.402,dant_gun_245_x4,1.26,1.071,1.1188125,0.85,0.4455,52.9736,1.4195,richelieu_gun_380_x4,1.3,0.768867188,0.799621875,,0.3011,53.7484,1.409,richelieu_gun_380_x4,1.32,0.778478027,0.809617148,,0.3049,55.6296,1.4266,,,,
gun_11_x1_france,,279,gun_11_x1,france,,,0.2431,dante_gun_305_x1,1.34,0.75,0.795,0.85,0.3338,48.245,1.3509,dant_gun_245_x1,1.1,1.125,1.17,0.85,0.44,50.704,1.3889,dant_gun_245_x1,1.1,1.1475,1.1934,0.85,0.4455,52.4787,1.4063,richelieu_gun_380_x1,1.27,0.8,0.82875,,0.3011,53.2462,1.3958,richelieu_gun_380_x1,1.29,0.81,0.839109375,,0.3049,55.1098,1.4133,,,,
gun_11_x2_france,,279,gun_11_x2,france,,,0.2431,dante_gun_305_x2,1.34,0.75,0.795,0.85,0.3338,48.245,1.3509,dant_gun_245_x2,1.1,1.125,1.17,0.85,0.44,50.704,1.3889,dant_gun_245_x2,1.1,1.1475,1.1934,0.85,0.4455,52.4787,1.4063,richelieu_gun_380_x2,1.27,0.8,0.82875,,0.3011,53.2462,1.3958,richelieu_gun_380_x2,1.29,0.81,0.839109375,,0.3049,55.1098,1.4133,,,,
gun_11_x3_france,,279,gun_11_x3,france,,,0.2431,,,,,,,,,dant_gun_245_x3,1.1,1.125,1.17,0.85,0.44,50.704,1.3889,dant_gun_245_x3,1.1,1.1475,1.1934,0.85,0.4455,52.4787,1.4063,richelieu_gun_380_x3,1.27,0.8,0.82875,,0.3011,53.2462,1.3958,richelieu_gun_380_x3,1.29,0.81,0.839109375,,0.3049,55.1098,1.4133,,,,
gun_11_x4_france,,279,gun_11_x4,france,,,0.2431,dido_gun_cal200_x4,1.2,1.0837125,1.130768438,,0.3617,37.7633,1.0574,dant_gun_245_x4,1.25,1.125,1.17,0.85,0.44,50.704,1.3889,dant_gun_245_x4,1.26,1.1475,1.1934,0.85,0.4455,52.4787,1.4063,richelieu_gun_380_x4,1.3,0.820125,0.849598242,,0.3011,53.2462,1.3958,richelieu_gun_380_x4,1.32,0.830376563,0.86021822,,0.3049,55.1098,1.4133,,,,
gun_12_x1_france,,305,gun_12_x1,france,,,0.2645,dante_gun_305_x1,1.34,0.825,0.875,0.85,0.3338,47.817,1.3389,dant_gun_245_x1,1.1,1.2,1.243125,0.85,0.44,50.2543,1.3766,dant_gun_245_x1,1.1,1.224,1.2679875,0.85,0.4455,52.0132,1.3938,richelieu_gun_380_x1,1.27,0.85,0.8775,,0.3011,52.7739,1.3834,richelieu_gun_380_x1,1.29,0.860625,0.88846875,,0.3049,54.621,1.4007,,,,
gun_12_x2_france,,305,gun_12_x2,france,,,0.2645,dante_gun_305_x2,1.34,0.825,0.875,0.85,0.3338,47.817,1.3389,dant_gun_245_x2,1.1,1.2,1.243125,0.85,0.44,50.2543,1.3766,dant_gun_245_x2,1.1,1.224,1.2679875,0.85,0.4455,52.0132,1.3938,richelieu_gun_380_x2,1.27,0.85,0.8775,,0.3011,52.7739,1.3834,richelieu_gun_380_x2,1.29,0.860625,0.88846875,,0.3049,54.621,1.4007,,,,
gun_12_x3_france,,305,gun_12_x3,france,,,0.2645,,,,,,,,,dant_gun_245_x3,1.1,1.2,1.243125,0.85,0.44,50.2543,1.3766,dant_gun_245_x3,1.1,1.224,1.2679875,0.85,0.4455,52.0132,1.3938,richelieu_gun_380_x3,1.27,0.85,0.8775,,0.3011,52.7739,1.3834,richelieu_gun_380_x3,1.29,0.860625,0.88846875,,0.3049,54.621,1.4007,,,,
gun_12_x4_france,,305,gun_12_x4,france,,,0.2645,dido_gun_cal200_x4,1.2,1.1597625,1.204917188,,0.3617,37.4283,1.048,dant_gun_245_x4,1.25,1.2,1.243125,0.85,0.44,50.2543,1.3766,dant_gun_245_x4,1.26,1.224,1.2679875,0.85,0.4455,52.0132,1.3938,richelieu_gun_380_x4,1.3,0.871382813,0.899574609,,0.3011,52.7739,1.3834,richelieu_gun_380_x4,1.32,0.882275098,0.910819292,,0.3049,54.621,1.4007,,,,
gun_13_x1_france,,330,gun_13_x1,france,,,0.2848,dante_gun_305_x1,1.34,0.9,0.95,0.85,0.3338,47.4418,1.3284,dant_gun_245_x1,1.1,1.275,1.31625,0.85,0.44,49.8599,1.3658,dant_gun_245_x1,1.1,1.3005,1.342575,0.85,0.4455,51.605,1.3828,richelieu_gun_380_x1,1.27,0.9,0.92625,,0.3011,52.3598,1.3726,richelieu_gun_380_x1,1.29,0.91125,0.937828125,,0.3049,54.1924,1.3897,,,,
gun_13_x2_france,,330,gun_13_x2,france,,,0.2848,dante_gun_305_x2,1.34,0.9,0.95,0.85,0.3338,47.4418,1.3284,dant_gun_245_x2,1.1,1.275,1.31625,0.85,0.44,49.8599,1.3658,dant_gun_245_x2,1.1,1.3005,1.342575,0.85,0.4455,51.605,1.3828,richelieu_gun_380_x2,1.27,0.9,0.92625,,0.3011,52.3598,1.3726,richelieu_gun_380_x2,1.29,0.91125,0.937828125,,0.3049,54.1924,1.3897,,,,
gun_13_x3_france,,330,gun_13_x3,france,,,0.2848,,,,,,,,,dant_gun_245_x3,1.1,1.275,1.31625,0.85,0.44,49.8599,1.3658,dant_gun_245_x3,1.1,1.3005,1.342575,0.85,0.4455,51.605,1.3828,richelieu_gun_380_x3,1.27,0.9,0.92625,,0.3011,52.3598,1.3726,richelieu_gun_380_x3,1.29,0.91125,0.937828125,,0.3049,54.1924,1.3897,,,,
gun_13_x4_france,,330,gun_13_x4,france,,,0.2848,dido_gun_cal200_x4,1.2,1.2358125,1.297603125,,0.3617,37.1346,1.0398,dant_gun_245_x4,1.25,1.275,1.31625,0.85,0.44,49.8599,1.3658,dant_gun_245_x4,1.26,1.3005,1.342575,0.85,0.4455,51.605,1.3828,richelieu_gun_380_x4,1.3,0.922640625,0.949550977,,0.3011,52.3598,1.3726,richelieu_gun_380_x4,1.32,0.934173633,0.961420364,,0.3049,54.1924,1.3897,,,,
gun_14_x1_france,,356,gun_14_x1,france,,,0.3057,dant_gun_245_x1,1.1,1.323,1.3615875,0.85,0.4346,47.8099,1.3387,dant_gun_245_x1,1.1,1.35,1.389375,0.85,0.44,49.4832,1.3555,dant_gun_245_x1,1.1,1.377,1.4171625,0.85,0.4455,51.2151,1.3724,richelieu_gun_380_x1,1.27,0.95,0.975,,0.3011,51.9642,1.3622,richelieu_gun_380_x1,1.29,0.961875,0.9871875,,0.3049,53.7829,1.3792,,,,
gun_14_x2_france,,356,gun_14_x2,france,,,0.3057,dant_gun_245_x2,1.1,1.323,1.3615875,0.85,0.4346,47.8099,1.3387,dant_gun_245_x2,1.1,1.35,1.389375,0.85,0.44,49.4832,1.3555,dant_gun_245_x2,1.1,1.377,1.4171625,0.85,0.4455,51.2151,1.3724,richelieu_gun_380_x2,1.27,0.95,0.975,,0.3011,51.9642,1.3622,richelieu_gun_380_x2,1.29,0.961875,0.9871875,,0.3049,53.7829,1.3792,,,,
gun_14_x3_france,,356,gun_14_x3,france,,,0.3057,dant_gun_245_x3,1.1,1.323,1.3615875,0.85,0.4346,47.8099,1.3387,dant_gun_245_x3,1.1,1.35,1.389375,0.85,0.44,49.4832,1.3555,dant_gun_245_x3,1.1,1.377,1.4171625,0.85,0.4455,51.2151,1.3724,richelieu_gun_380_x3,1.27,0.95,0.975,,0.3011,51.9642,1.3622,richelieu_gun_380_x3,1.29,0.961875,0.9871875,,0.3049,53.7829,1.3792,,,,
gun_14_x4_france,,356,gun_14_x4,france,,,0.3057,dant_gun_245_x4,1.23,1.323,1.3615875,0.85,0.4346,47.8099,1.3387,dant_gun_245_x4,1.25,1.35,1.389375,0.85,0.44,49.4832,1.3555,dant_gun_245_x4,1.26,1.377,1.4171625,0.85,0.4455,51.2151,1.3724,richelieu_gun_380_x4,1.3,0.973898438,0.999527344,,0.3011,51.9642,1.3622,richelieu_gun_380_x4,1.32,0.986072168,1.012021436,,0.3049,53.7829,1.3792,,,,
gun_15_x1_france,,381,gun_15_x1,france,,,0.3256,dant_gun_245_x1,1.1,1.3965,1.43325,0.85,0.4346,47.4865,1.3297,dant_gun_245_x1,1.1,1.425,1.4625,0.85,0.44,49.1485,1.3463,dant_gun_245_x1,1.1,1.4535,1.49175,0.85,0.4455,50.8687,1.3631,richelieu_gun_380_x1,1.27,1,1.0335,,0.3011,51.6127,1.353,richelieu_gun_380_x1,1.29,1.0125,1.04641875,,0.3049,53.4191,1.3699,,,,
gun_15_x2_france,,381,gun_15_x2,france,,,0.3256,dant_gun_245_x2,1.1,1.3965,1.43325,0.85,0.4346,47.4865,1.3297,dant_gun_245_x2,1.1,1.425,1.4625,0.85,0.44,49.1485,1.3463,dant_gun_245_x2,1.1,1.4535,1.49175,0.85,0.4455,50.8687,1.3631,richelieu_gun_380_x2,1.27,1,1.0335,,0.3011,51.6127,1.353,richelieu_gun_380_x2,1.29,1.0125,1.04641875,,0.3049,53.4191,1.3699,,,,
gun_15_x3_france,,381,gun_15_x3,france,,,0.3256,dant_gun_245_x3,1.1,1.3965,1.43325,0.85,0.4346,47.4865,1.3297,dant_gun_245_x3,1.1,1.425,1.4625,0.85,0.44,49.1485,1.3463,dant_gun_245_x3,1.1,1.4535,1.49175,0.85,0.4455,50.8687,1.3631,richelieu_gun_380_x3,1.27,1,1.0335,,0.3011,51.6127,1.353,richelieu_gun_380_x3,1.29,1.0125,1.04641875,,0.3049,53.4192,1.3699,,,,
gun_15_x4_france,,381,gun_15_x4,france,,,0.3256,dant_gun_245_x4,1.23,1.3965,1.43325,0.85,0.4346,47.4865,1.3297,dant_gun_245_x4,1.25,1.425,1.4625,0.85,0.44,49.1485,1.3463,dant_gun_245_x4,1.26,1.4535,1.49175,0.85,0.4455,50.8687,1.3631,richelieu_gun_380_x4,1.3,1.02515625,1.059498984,,0.3011,51.6127,1.353,richelieu_gun_380_x4,1.32,1.037970703,1.072742722,,0.3049,53.4191,1.3699,,,,
gun_16_x1_france,,406,gun_16_x1,france,,,0.3453,dant_gun_245_x1,1.1,1.47,1.51,0.85,0.4346,47.1857,1.3212,dant_gun_245_x1,1.1,1.5,1.5402,0.85,0.44,48.8372,1.3378,richelieu_gun_380_x1,1.25,1.0441,1.07562,,0.2974,49.5514,1.3278,richelieu_gun_380_x1,1.27,1.06,1.092,,0.3011,51.2857,1.3444,richelieu_gun_380_x1,1.29,1.07325,1.10565,,0.3049,53.0807,1.3612,,,,
gun_16_x2_france,,406,gun_16_x2,france,,,0.3453,dant_gun_245_x2,1.1,1.47,1.51,0.85,0.4346,47.1857,1.3212,dant_gun_245_x2,1.1,1.5,1.5402,0.85,0.44,48.8372,1.3378,richelieu_gun_380_x2,1.25,1.0441,1.07562,,0.2974,49.5514,1.3278,richelieu_gun_380_x2,1.27,1.06,1.092,,0.3011,51.2857,1.3444,richelieu_gun_380_x2,1.29,1.07325,1.10565,,0.3049,53.0807,1.3612,,,,
gun_16_x3_france,,406,gun_16_x3,france,,,0.3453,dant_gun_245_x3,1.1,1.47,1.51,0.85,0.4346,47.1857,1.3212,dant_gun_245_x3,1.1,1.5,1.5402,0.85,0.44,48.8372,1.3378,richelieu_gun_380_x3,1.25,1.0441,1.07562,,0.2974,49.5514,1.3278,richelieu_gun_380_x3,1.27,1.06,1.092,,0.3011,51.2857,1.3444,richelieu_gun_380_x3,1.29,1.07325,1.10565,,0.3049,53.0807,1.3612,,,,
gun_16_x4_france,,406,gun_16_x4,france,,,0.3453,richelieu_gun_b_380_x4,1.24,1.4775,1.517097,,0.3093,45.718,1.2459,dant_gun_245_x4,1.25,1.5,1.5402,0.85,0.44,48.8372,1.3378,richelieu_gun_380_x4,1.25,1.070365641,1.102678566,,0.2974,49.5514,1.3278,richelieu_gun_380_x4,1.3,1.086665625,1.119470625,,0.3011,51.2857,1.3444,richelieu_gun_380_x4,1.32,1.100248945,1.133464008,,0.3049,53.0807,1.3612,,,,
gun_17_x1_france,,432,gun_17_x1,france,,,0.3656,dido_gun_cal200_x1,1.2,1.6160625,1.668346875,,0.3617,36.1478,1.0122,dido_gun_cal200_x1,1.22,1.656464063,1.710055547,,0.3662,37.413,1.0248,richelieu_gun_380_x1,1.25,1.1032,1.15245,,0.2974,49.2448,1.3196,richelieu_gun_380_x1,1.27,1.12,1.17,,0.3011,50.9684,1.3361,richelieu_gun_380_x1,1.29,1.134,1.184625,,0.3049,52.7523,1.3528,,,,
gun_17_x2_france,,432,gun_17_x2,france,,,0.3656,dido_gun_cal200_x2,1.2,1.6160625,1.668346875,,0.3617,36.1478,1.0122,dido_gun_cal200_x2,1.22,1.656464063,1.710055547,,0.3662,37.413,1.0248,richelieu_gun_380_x2,1.25,1.1032,1.15245,,0.2974,49.2448,1.3196,richelieu_gun_380_x2,1.27,1.12,1.17,,0.3011,50.9684,1.3361,richelieu_gun_380_x2,1.29,1.134,1.184625,,0.3049,52.7523,1.3528,,,,
gun_17_x3_france,,432,gun_17_x3,france,,,0.3656,dido_gun_cal200_x3,1.2,1.6160625,1.668346875,,0.3617,36.1478,1.0122,dido_gun_cal200_x3,1.22,1.656464063,1.710055547,,0.3662,37.413,1.0248,richelieu_gun_380_x3,1.25,1.1032,1.15245,,0.2974,49.2448,1.3196,richelieu_gun_380_x3,1.27,1.12,1.17,,0.3011,50.9684,1.3361,richelieu_gun_380_x3,1.29,1.134,1.184625,,0.3049,52.7523,1.3528,,,,
gun_17_x4_france,,432,gun_17_x4,france,,,0.3656,richelieu_gun_b_380_x4,1.24,1.097278268,1.146263905,,0.3093,45.4351,1.2382,richelieu_gun_b_380_x4,1.26,1.113988089,1.163719701,,0.3132,47.0253,1.2536,richelieu_gun_380_x4,1.25,1.130952375,1.18144132,,0.2974,49.2448,1.3196,richelieu_gun_380_x4,1.3,1.148175,1.199432813,,0.3011,50.9684,1.3361,richelieu_gun_380_x4,1.32,1.162527188,1.214425723,,0.3049,52.7523,1.3528,,,,
gun_18_x1_france,,457,gun_18_x1,france,,,0.3849,dido_gun_cal200_x1,1.2,1.711125,1.761032813,,0.3617,35.945,1.0065,dido_gun_cal200_x1,1.22,1.753903125,1.805058633,,0.3662,37.2031,1.0191,richelieu_gun_380_x1,1.25,1.182,1.2100725,,0.2974,48.9685,1.3122,richelieu_gun_380_x1,1.27,1.2,1.2285,,0.3011,50.6824,1.3286,richelieu_gun_380_x1,1.29,1.215,1.24385625,,0.3049,52.4563,1.3452,,,,
gun_18_x2_france,,457,gun_18_x2,france,,,0.3849,dido_gun_cal200_x2,1.2,1.711125,1.761032813,,0.3617,35.945,1.0065,dido_gun_cal200_x2,1.22,1.753903125,1.805058633,,0.3662,37.2031,1.0191,richelieu_gun_380_x2,1.25,1.182,1.2100725,,0.2974,48.9685,1.3122,richelieu_gun_380_x2,1.27,1.2,1.2285,,0.3011,50.6824,1.3286,richelieu_gun_380_x2,1.29,1.215,1.24385625,,0.3049,52.4563,1.3452,,,,
gun_18_x3_france,,457,gun_18_x3,france,,,0.3849,dido_gun_cal200_x3,1.2,1.711125,1.761032813,,0.3617,35.945,1.0065,dido_gun_cal200_x3,1.22,1.753903125,1.805058633,,0.3662,37.2031,1.0191,richelieu_gun_380_x3,1.25,1.182,1.2100725,,0.2974,48.9685,1.3122,richelieu_gun_380_x3,1.27,1.2,1.2285,,0.3011,50.6824,1.3286,richelieu_gun_380_x3,1.29,1.215,1.24385625,,0.3049,52.4563,1.3452,,,,
gun_18_x4_france,,457,gun_18_x4,france,,,0.3849,richelieu_gun_b_380_x4,1.24,1.175655287,1.2035771,,0.3093,45.1802,1.2312,richelieu_gun_b_380_x4,1.26,1.193558667,1.221905686,,0.3132,46.7615,1.2466,richelieu_gun_380_x4,1.25,1.211734688,1.240513386,,0.2974,48.9685,1.3122,richelieu_gun_380_x4,1.3,1.2301875,1.259404453,,0.3011,50.6824,1.3286,richelieu_gun_380_x4,1.32,1.245564844,1.275147009,,0.3049,52.4563,1.3452,,,,
gun_19_x1_france,,483,gun_19_x1,france,,,0.4047,dido_gun_cal200_x1,1.2,1.8061875,1.85371875,,0.3617,35.7467,1.001,dido_gun_cal200_x1,1.22,1.851342188,1.900061719,,0.3662,36.9978,1.0135,richelieu_gun_380_x1,1.25,1.2411,1.267695,,0.2974,48.6983,1.305,richelieu_gun_380_x1,1.27,1.26,1.283541188,,0.3011,50.4028,1.3213,richelieu_gun_380_x1,1.29,1.27575,1.299585452,,0.3049,52.1669,1.3378,,,,
gun_19_x2_france,,483,gun_19_x2,france,,,0.4047,dido_gun_cal200_x2,1.2,1.8061875,1.85371875,,0.3617,35.7467,1.001,dido_gun_cal200_x2,1.22,1.851342188,1.900061719,,0.3662,36.9978,1.0135,richelieu_gun_380_x2,1.25,1.2411,1.267695,,0.2974,48.6983,1.305,richelieu_gun_380_x2,1.27,1.26,1.283541188,,0.3011,50.4028,1.3213,richelieu_gun_380_x2,1.29,1.27575,1.299585452,,0.3049,52.1669,1.3378,,,,
gun_19_x3_france,,483,gun_19_x3,france,,,0.4047,dido_gun_cal200_x3,1.2,1.8061875,1.85371875,,0.3617,35.7467,1.001,dido_gun_cal200_x3,1.22,1.851342188,1.900061719,,0.3662,36.9978,1.0135,richelieu_gun_380_x3,1.25,1.2411,1.267695,,0.2974,48.6983,1.305,richelieu_gun_380_x3,1.27,1.26,1.283541188,,0.3011,50.4028,1.3213,richelieu_gun_380_x3,1.29,1.27575,1.299585452,,0.3049,52.1669,1.3378,,,,
gun_19_x4_france,,483,gun_19_x4,france,,,0.4047,richelieu_gun_b_380_x4,1.24,1.234438052,1.260890296,,0.3093,44.9309,1.2244,richelieu_gun_b_380_x4,1.26,1.253236601,1.280091671,,0.3132,46.5035,1.2397,richelieu_gun_380_x4,1.25,1.272321422,1.299585452,,0.2974,48.6983,1.305,richelieu_gun_380_x4,1.3,1.291696875,1.319376094,,0.3011,50.4028,1.3213,richelieu_gun_380_x4,1.32,1.307843086,1.335868295,,0.3049,52.1669,1.3378,,,,
gun_20_x1_france,,508,gun_20_x1,france,,,0.4236,dido_gun_cal200_x1,1.2,1.90125,1.946404688,,0.3617,35.5667,0.9959,dido_gun_cal200_x1,1.22,1.94878125,1.995064805,,0.3662,36.8116,1.0084,richelieu_gun_380_x1,1.27,1.3002,1.383960938,,0.2974,48.4532,1.2984,richelieu_gun_380_x1,1.29,1.3164525,1.401260449,,0.3011,50.1491,1.3146,richelieu_gun_380_x1,1.29,1.332908156,1.418776205,,0.3049,51.9043,1.3311,,,,
gun_20_x2_france,,508,gun_20_x2,france,,,0.4236,dido_gun_cal200_x2,1.2,1.90125,1.946404688,,0.3617,35.5667,0.9959,dido_gun_cal200_x2,1.22,1.94878125,1.995064805,,0.3662,36.8116,1.0084,richelieu_gun_380_x2,1.27,1.3002,1.383960938,,0.2974,48.4532,1.2984,richelieu_gun_380_x2,1.29,1.3164525,1.401260449,,0.3011,50.1491,1.3146,richelieu_gun_380_x2,1.29,1.332908156,1.418776205,,0.3049,51.9043,1.3311,,,,
gun_20_x3_france,,508,gun_20_x3,france,,,0.4236,dido_gun_cal200_x3,1.2,1.90125,1.946404688,,0.3617,35.5667,0.9959,dido_gun_cal200_x3,1.22,1.94878125,1.995064805,,0.3662,36.8116,1.0084,richelieu_gun_380_x3,1.27,1.3002,1.383960938,,0.2974,48.4532,1.2984,richelieu_gun_380_x3,1.29,1.3164525,1.401260449,,0.3011,50.1491,1.3146,richelieu_gun_380_x3,1.29,1.332908156,1.418776205,,0.3049,51.9043,1.3311,,,,
gun_20_x4_france,,508,gun_20_x4,france,,,0.4236,richelieu_gun_b_380_x4,1.24,1.293220816,1.339144851,,0.3093,44.7047,1.2183,richelieu_gun_b_380_x4,1.26,1.312914534,1.359537919,,0.3132,46.2694,1.2335,richelieu_gun_380_x4,1.25,1.332908156,1.380241542,,0.2974,48.4532,1.2984,richelieu_gun_380_x4,1.3,1.35320625,1.401260449,,0.3011,50.1491,1.3146,richelieu_gun_380_x4,1.32,1.370121328,1.418776205,,0.3049,51.9043,1.3311,,,,
###,,,###,germany,,,,,,,,,,,,,,,,,,,,,,,,,,,,,,,,,,,,,,,,,,,,,,,
gun_2_x1_germany,,51,gun_2_x1,germany,,New line - vanilla fix/supplement,0.1197,small_gun_b_51_x1,1.6351,1.7992,2.1079,1.3837,2.1583,45.982,1.1496,small_gun_b_51_x1,1.6556,1.8217,2.1343,1.4144,2.1853,47.5913,1.164,small_gun_b_51_x1,1.6762,1.8444,2.1608,1.4459,2.2126,49.257,1.1785,iowa_gun_127_x1,2.0402,0.7938,0.93,1.5901,0.9522,56.2249,1.4344,litt_gun_90_x1,2.0595,0.7441,0.8718,1.7023,0.8926,56.4638,1.448,,,,
gun_2_x2_germany,,51,gun_2_x2,germany,,New line - vanilla fix/supplement,0.1197,tsesarevich_gun_152_x2,2.1451,0.6051,0.709,1.5293,0.7259,51.7602,1.527,tsesarevich_gun_152_x2,2.1719,0.6127,0.7179,1.5632,0.735,53.5718,1.5461,tsesarevich_gun_152_x2,2.199,0.6204,0.7269,1.5978,0.7442,55.4468,1.5654,iowa_gun_127_x2,2.015,0.7938,0.93,1.5901,0.9522,56.225,1.4344,litt_gun_90_x2,2.0341,0.7441,0.8718,1.7023,0.8926,56.4638,1.448,,,,
gun_2_x3_germany,,51,gun_2_x3,germany,,New line - vanilla fix/supplement,0.1197,dreadnought_gun_178_x3,1.888,0.4813,0.5639,1.6589,0.5773,49.9376,1.3608,dreadnought_gun_178_x3,1.9117,0.4873,0.5709,1.6958,0.5845,51.6854,1.3779,dreadnought_gun_178_x3,1.9356,0.4934,0.5781,1.7334,0.5918,53.4944,1.3951,richelieu_gun_120_x3,1.4274,0.7947,0.9311,1.6329,0.9533,43.9543,1.0288,richelieu_gun_120_x3,1.4452,0.8046,0.9427,1.6692,0.9652,45.4927,1.0416,,,,
gun_2_x4_germany,,51,gun_2_x4,germany,,New line - vanilla fix/supplement,0.1197,dreadnought_gun_178_x4,1.8647,0.4813,0.5639,1.6589,0.5773,49.9376,1.3608,dreadnought_gun_178_x4,1.8881,0.4873,0.5709,1.6958,0.5845,51.6854,1.3779,dreadnought_gun_178_x4,1.9117,0.4934,0.5781,1.7334,0.5918,53.4944,1.3951,richelieu_gun_120_x4,1.4098,0.7947,0.9311,1.6329,0.9533,43.9543,1.0288,richelieu_gun_120_x4,1.4273,0.8046,0.9427,1.6692,0.9652,45.4927,1.0416,,,,
gun_2_x1_alt_germany,,51,gun_2_x1_alt,germany,,New line - alternate guns,0.1197,small_gun_b_51_x1,1.6351,1.7992,2.1079,1.3837,2.1583,45.982,1.1496,small_gun_b_51_x1,1.6556,1.8217,2.1343,1.4144,2.1853,47.5913,1.164,small_gun_g_51_x1,1.6762,1.8444,2.1608,1.4459,2.2126,49.257,1.1785,small_gun_g_51_x1,1.6971,1.8674,2.1878,1.4781,2.2402,50.981,1.1932,small_gun_g_51_x1,1.7185,1.8908,2.2152,1.5109,2.2682,52.7654,1.2082,,,,
gun_2_x2_alt_germany,,51,gun_2_x2_alt,germany,,New line - alternate guns,0.1197,tsesarevich_gun_152_x2,2.1451,0.6051,0.709,1.5293,0.7259,51.7602,1.527,tsesarevich_gun_152_x2,2.1719,0.6127,0.7179,1.5632,0.735,53.5718,1.5461,atlanta_gun_28_x2,1.6672,1.1653,1.3653,1.3882,1.3979,45.5059,1.1868,atlanta_gun_28_x2,1.688,1.1798,1.3822,1.4191,1.4153,47.0986,1.2016,atlanta_gun_28_x2,1.709,1.1946,1.3996,1.4506,1.433,48.747,1.2166,,,,
gun_2_x3_alt_germany,,51,gun_2_x3_alt,germany,,New line - alternate guns,0.1197,dreadnought_gun_178_x3,1.888,0.4813,0.5639,1.6589,0.5773,49.9376,1.3608,dreadnought_gun_178_x3,1.9117,0.4873,0.5709,1.6958,0.5845,51.6854,1.3779,atlanta_gun_28_x3,1.6466,1.1653,1.3653,1.3882,1.3979,45.5059,1.1868,atlanta_gun_28_x3,1.6671,1.1798,1.3822,1.4191,1.4153,47.0986,1.2016,atlanta_gun_28_x3,1.6879,1.1946,1.3996,1.4506,1.433,48.747,1.2166,,,,
gun_3_x1_germany,,76,gun_3_x1,germany,,,0.1519,brandenburg_gun_76_x1,1.3711,0.92,1.0299,0.9459,0.8687,35.0014,1.0326,brandenburg_gun_76_x1,1.3882,0.9315,1.0428,0.967,0.8796,36.2265,1.0455,small_gun_c_76_x1,1.8326,1.5896,1.7795,1.4184,1.501,50.1612,1.3802,pen_gun_127_x1,1.4756,0.8801,0.9853,1.7862,0.831,47.4778,1.1113,akizuki_gun_b_127_x1,1.7766,0.8754,0.98,1.7709,0.8266,50.8144,1.338,,,,
gun_3_x2_germany,,76,gun_3_x2,germany,,,0.1519,tsesarevich_gun_152_x2,1.9242,0.7688,0.8607,1.4679,0.7259,49.7361,1.4673,tsesarevich_gun_152_x2,1.9482,0.7784,0.8714,1.5005,0.735,51.4769,1.4856,tsesarevich_gun_152_x2,1.9726,0.7881,0.8823,1.5339,0.7442,53.2786,1.5042,pen_gun_127_x2,1.4574,0.8801,0.9853,1.7862,0.831,47.4778,1.1113,akizuki_gun_b_127_x2,1.7546,0.8754,0.98,1.7709,0.8266,50.8144,1.338,,,,
gun_3_x3_germany,,76,gun_3_x3,germany,,,0.1519,dreadnought_gun_178_x3,1.6936,0.6114,0.6845,1.5925,0.5773,47.9848,1.3076,dreadnought_gun_178_x3,1.7149,0.619,0.693,1.628,0.5845,49.6643,1.324,dreadnought_gun_178_x3,1.7362,0.6268,0.7017,1.664,0.5918,51.4025,1.3405,richelieu_gun_120_x3,1.2805,1.0096,1.1302,1.5674,0.9533,42.2355,0.9886,ussr_gun_50_x3,1.7419,1.0238,1.1461,1.3362,0.9667,49.7779,1.3449,,,,
gun_3_x4_germany,,76,gun_3_x4,germany,,,0.1519,dreadnought_gun_178_x4,1.6727,0.6114,0.6845,1.5925,0.5773,47.9848,1.3076,dreadnought_gun_178_x4,1.6937,0.619,0.693,1.628,0.5845,49.6643,1.324,dreadnought_gun_178_x4,1.7148,0.6268,0.7017,1.664,0.5918,51.4025,1.3405,richelieu_gun_120_x4,1.2646,1.0096,1.1302,1.5674,0.9533,42.2355,0.9886,ussr_gun_50_x4,1.7204,1.0238,1.1461,1.3362,0.9667,49.7779,1.3449,,,,
gun_3_x1_alt_germany,,76,gun_3_x1_alt,germany,,New line - alternate guns,0.1519,brandenburg_gun_76_x1,1.3711,0.92,1.0299,0.9459,0.8687,35.0014,1.0326,brandenburg_gun_76_x1,1.3882,0.9315,1.0428,0.967,0.8796,36.2265,1.0455,spee_gun_150_x1,2.0008,0.7999,0.8955,1.4882,0.7553,54.767,1.5069,spee_gun_150_x1,2.0258,0.8099,0.9067,1.5213,0.7647,56.6839,1.5257,bismarck_gun_105_x1,1.9275,0.9608,1.0756,1.3984,0.9072,63.4031,1.4517,,,,
gun_3_x2_alt_germany,,76,gun_3_x2_alt,germany,,New line - alternate guns,0.1519,tsesarevich_gun_152_x2,1.9242,0.7688,0.8607,1.4679,0.7259,49.7361,1.4673,tsesarevich_gun_152_x2,1.9482,0.7784,0.8714,1.5005,0.735,51.4769,1.4856,spee_gun_150_x2,1.9761,0.7999,0.8955,1.4882,0.7553,54.767,1.5069,spee_gun_150_x2,2.0008,0.8099,0.9067,1.5213,0.7647,56.6839,1.5257,bismarck_gun_105_x2,1.9037,0.9608,1.0756,1.3984,0.9072,63.4031,1.4517,,,,
gun_3_x3_alt_germany,,76,gun_3_x3_alt,germany,,New line - alternate guns,0.1519,dreadnought_gun_178_x3,1.6936,0.6114,0.6845,1.5925,0.5773,47.9848,1.3076,dreadnought_gun_178_x3,1.7149,0.619,0.693,1.628,0.5845,49.6643,1.324,spee_gun_150_x3,1.9517,0.7999,0.8955,1.4882,0.7553,54.767,1.5069,spee_gun_150_x3,1.9761,0.8099,0.9067,1.5213,0.7647,56.6839,1.5257,bismarck_gun_105_x3,1.8802,0.9608,1.0756,1.3984,0.9072,63.4031,1.4517,,,,
gun_4_x1_germany,,102,gun_4_x1,germany,,,0.1669,brandenburg_gun_76_x1,1.2048,1.0976,1.1974,0.8461,0.8687,33.9865,1.0027,brandenburg_gun_76_x1,1.2199,1.1114,1.2124,0.8648,0.8796,35.1761,1.0152,dd_s_gun_d_102_x1,1.2702,0.943,1.0287,1.6062,0.7463,44.183,1.0571,iowa_gun_127_x1,1.6082,1.2031,1.3124,1.3653,0.9522,52.4597,1.3384,pola_gun_100_x1,1.4813,1.2227,1.3338,1.4075,0.9677,53.8397,1.2328,,,,
gun_4_x2_germany,,102,gun_4_x2,germany,,,0.1669,tsesarevich_gun_152_x2,1.6907,0.9172,1.0006,1.3129,0.7259,48.294,1.4247,tsesarevich_gun_152_x2,1.7119,0.9287,1.0131,1.342,0.735,49.9843,1.4425,tsesarevich_gun_152_x2,1.7334,0.9403,1.0258,1.3719,0.7442,51.7337,1.4606,iowa_gun_127_x2,1.5883,1.2031,1.3124,1.3653,0.9522,52.4597,1.3384,pola_gun_100_x2,1.463,1.2227,1.3338,1.4075,0.9677,53.8397,1.2328,,,,
gun_4_x3_germany,,102,gun_4_x3,germany,,,0.1669,dreadnought_gun_178_x3,1.4882,0.7294,0.7957,1.4244,0.5773,46.5935,1.2697,dreadnought_gun_178_x3,1.5068,0.7385,0.8056,1.4561,0.5845,48.2242,1.2856,dreadnought_gun_178_x3,1.5257,0.7478,0.8158,1.4883,0.5918,49.9121,1.3017,iowa_gun_127_x3,1.5687,1.2031,1.3124,1.3653,0.9522,52.4597,1.3384,pola_gun_100_x3,1.445,1.2227,1.3338,1.4075,0.9677,53.8397,1.2328,,,,
gun_4_x4_germany,,102,gun_4_x4,germany,,,0.1669,dreadnought_gun_178_x4,1.4698,0.7294,0.7957,1.4244,0.5773,46.5935,1.2697,dreadnought_gun_178_x4,1.4882,0.7385,0.8056,1.4561,0.5845,48.2242,1.2856,dreadnought_gun_178_x4,1.5069,0.7478,0.8158,1.4883,0.5918,49.9121,1.3017,iowa_gun_127_x4,1.5494,1.2031,1.3124,1.3653,0.9522,52.4598,1.3384,pola_gun_100_x4,1.4271,1.2227,1.3338,1.4075,0.9677,53.8397,1.2328,,,,
gun_4_x1_alt_germany,,102,gun_4_x1_alt,germany,,New line - alternate guns,0.1669,brandenburg_gun_76_x1,1.2048,1.0976,1.1974,0.8461,0.8687,33.9865,1.0027,brandenburg_gun_76_x1,1.2199,1.1114,1.2124,0.8648,0.8796,35.1761,1.0152,spee_gun_150_x1,1.7581,0.9543,1.041,1.3311,0.7553,53.1791,1.4632,spee_gun_150_x1,1.7801,0.9662,1.054,1.3607,0.7647,55.0403,1.4815,bismarck_gun_105_x1,1.6937,1.1463,1.2505,1.2507,0.9072,61.5647,1.4096,,,,
gun_4_x2_alt_germany,,102,gun_4_x2_alt,germany,,New line - alternate guns,0.1669,tsesarevich_gun_152_x2,1.6907,0.9172,1.0006,1.3129,0.7259,48.294,1.4247,tsesarevich_gun_152_x2,1.7119,0.9287,1.0131,1.342,0.735,49.9843,1.4425,spee_gun_150_x2,1.7364,0.9543,1.041,1.3311,0.7553,53.1791,1.4632,spee_gun_150_x2,1.7582,0.9662,1.054,1.3607,0.7647,55.0403,1.4815,bismarck_gun_105_x2,1.6728,1.1463,1.2505,1.2507,0.9072,61.5647,1.4096,,,,
gun_4_x3_alt_germany,,102,gun_4_x3_alt,germany,,New line - alternate guns,0.1669,dreadnought_gun_178_x3,1.4882,0.7294,0.7957,1.4244,0.5773,46.5935,1.2697,dreadnought_gun_178_x3,1.5068,0.7385,0.8056,1.4561,0.5845,48.2242,1.2856,spee_gun_150_x3,1.715,0.9543,1.041,1.3311,0.7553,53.1791,1.4632,spee_gun_150_x3,1.7364,0.9662,1.054,1.3607,0.7647,55.0403,1.4815,bismarck_gun_105_x3,1.6522,1.1463,1.2505,1.2507,0.9072,61.5647,1.4096,,,,
gun_5_x1_germany,,127,gun_5_x1,germany,,,0.1636,friedrich_gun_152_x1,1.2756,1.25,1.3424,1.1917,0.8674,42.2196,1.2455,dd_s_gun_d_102_x1,1.0461,1.0623,1.1408,1.3211,0.7371,41.7633,1.0214,vdt_gun_200_x1,1.3517,0.8155,0.8758,1.2856,0.5659,47.9684,1.3198,vdt_gun_200_x1,1.3686,0.8256,0.8866,1.3144,0.5729,49.6473,1.3363,de_Ruyter_gun_150b_x1,1.3964,1.3178,1.4152,1.1856,0.9144,53.1688,1.3635,,,,
gun_5_x2_germany,,127,gun_5_x2,germany,,,0.1636,tsesarevich_gun_152_x2,1.4098,1.0461,1.1234,1.1039,0.7259,47.2468,1.3938,tsesarevich_gun_152_x2,1.4275,1.0592,1.1375,1.1284,0.735,48.9005,1.4113,vdt_gun_200_x2,1.335,0.8155,0.8758,1.2856,0.5659,47.9684,1.3198,vdt_gun_200_x2,1.3517,0.8256,0.8866,1.3144,0.5729,49.6473,1.3363,bismarck_gun_b_150_x2,1.3764,0.9408,1.0103,1.3079,0.6528,51.6773,1.3607,,,,
gun_5_x3_germany,,127,gun_5_x3,germany,,,0.1636,dido_gun_cal200_x3,1.1429,0.5213,0.5599,1.4669,0.3617,40.8555,1.144,dido_gun_cal200_x3,1.1572,0.5278,0.5668,1.4996,0.3662,42.2854,1.1583,dido_gun_cal200_x3,1.1717,0.5344,0.5739,1.5329,0.3708,43.7654,1.1728,bismarck_gun_b_150_x3,1.3426,0.9291,0.9978,1.2795,0.6447,49.9298,1.3439,bismarck_gun_b_150_x3,1.3594,0.9408,1.0103,1.3079,0.6528,51.6773,1.3607,,,,
gun_5_x4_germany,,127,gun_5_x4,germany,,,0.1636,dido_gun_cal200_x4,1.1288,0.5213,0.5599,1.4669,0.3617,40.8555,1.144,dido_gun_cal200_x4,1.1429,0.5278,0.5668,1.4996,0.3662,42.2854,1.1583,dido_gun_cal200_x4,1.1572,0.5344,0.5739,1.5329,0.3708,43.7654,1.1728,bismarck_gun_b_150_x4,1.326,0.9291,0.9978,1.2795,0.6447,49.9298,1.3439,bismarck_gun_b_150_x4,1.3426,0.9408,1.0103,1.3079,0.6528,51.6773,1.3607,,,,
gun_5_x1_alt_germany_cl,,127,gun_5_x1_alt,germany,cl,New line - alternate guns,0.1636,friedrich_gun_152_x1,1.2756,1.25,1.3424,1.1917,0.8674,42.2196,1.2455,dd_s_gun_d_102_x1,1.0461,1.0623,1.1408,1.3211,0.7371,41.7633,1.0214,spee_gun_150_x1,1.4661,1.0885,1.1689,1.1191,0.7553,52.026,1.4315,spee_gun_150_x1,1.4844,1.102,1.1834,1.1441,0.7647,53.8469,1.4494,spee_gun_150_x1,1.5029,1.1159,1.1984,1.1694,0.7743,55.7315,1.4675,,,,
gun_5_x2_alt_germany_cl,,127,gun_5_x2_alt,germany,cl,New line - alternate guns,0.1636,tsesarevich_gun_152_x2,1.4098,1.0461,1.1234,1.1039,0.7259,47.2468,1.3938,tsesarevich_gun_152_x2,1.4275,1.0592,1.1375,1.1284,0.735,48.9005,1.4113,agamemnon_gun_228_x2,1.3052,0.7762,0.8336,1.2586,0.5386,49.4751,1.2903,agamemnon_gun_228_x2,1.3214,0.7859,0.844,1.2866,0.5453,51.2067,1.3064,de_Ruyter_gun_150_x2,1.3792,1.3178,1.4152,1.1856,0.9144,53.1688,1.3635,,,,
gun_5_x3_alt_germany_cl,,127,gun_5_x3_alt,germany,cl,New line - alternate guns,0.1636,dido_gun_cal200_x3,1.1429,0.5213,0.5599,1.4669,0.3617,40.8555,1.144,dido_gun_cal200_x3,1.1572,0.5278,0.5668,1.4996,0.3662,42.2854,1.1583,agamemnon_gun_228_x3,1.289,0.7762,0.8336,1.2586,0.5386,49.4751,1.2903,agamemnon_gun_228_x3,1.3051,0.7859,0.844,1.2866,0.5453,51.2067,1.3064,de_Ruyter_gun_150_x3,1.3622,1.3178,1.4152,1.1856,0.9144,53.1688,1.3635,,,,
gun_5_x1_alt_germany,,127,gun_5_x1_alt,germany,,New line - alternate guns,0.1636,friedrich_gun_152_x1,1.2756,1.25,1.3424,1.1917,0.8674,42.2196,1.2455,dd_s_gun_d_102_x1,1.0461,1.0623,1.1408,1.3211,0.7371,41.7633,1.0214,spee_gun_150_x1,1.4661,1.0885,1.1689,1.1191,0.7553,52.026,1.4315,spee_gun_150_x1,1.4844,1.102,1.1834,1.1441,0.7647,53.8469,1.4494,spee_gun_150_x1,1.5029,1.1159,1.1984,1.1694,0.7743,55.7315,1.4675,,,,
gun_5_x2_alt_germany,,127,gun_5_x2_alt,germany,,New line - alternate guns,0.1636,tsesarevich_gun_152_x2,1.4098,1.0461,1.1234,1.1039,0.7259,47.2468,1.3938,tsesarevich_gun_152_x2,1.4275,1.0592,1.1375,1.1284,0.735,48.9005,1.4113,agamemnon_gun_228_x2,1.3052,0.7762,0.8336,1.2586,0.5386,49.4751,1.2903,agamemnon_gun_228_x2,1.3214,0.7859,0.844,1.2866,0.5453,51.2067,1.3064,akizuki_gun_b_127_x2,1.2856,1.1912,1.2792,1.3317,0.8266,48.2712,1.271,,,,
gun_5_x3_alt_germany,,127,gun_5_x3_alt,germany,,New line - alternate guns,0.1636,dido_gun_cal200_x3,1.1429,0.5213,0.5599,1.4669,0.3617,40.8555,1.144,dido_gun_cal200_x3,1.1572,0.5278,0.5668,1.4996,0.3662,42.2854,1.1583,agamemnon_gun_228_x3,1.289,0.7762,0.8336,1.2586,0.5386,49.4751,1.2903,agamemnon_gun_228_x3,1.3051,0.7859,0.844,1.2866,0.5453,51.2067,1.3064,akizuki_gun_b_127_x3,1.2698,1.1912,1.2792,1.3317,0.8266,48.2712,1.271,,,,
gun_6_x1_germany,,152,gun_6_x1,germany,,,0.1859,friedrich_gun_152_x1,1.2233,1.3923,1.479,1.1942,0.8674,41.4678,1.2233,friedrich_gun_152_x1,1.2386,1.4097,1.4975,1.2208,0.8782,42.9191,1.2386,spee_gun_150_x1,1.406,1.2124,1.2879,1.1215,0.7553,51.0995,1.406,ussr_gun_100_x1,1.2914,1.1466,1.218,1.3136,0.7143,46.7593,1.2914,mont_gun_152_x1,1.3486,1.0435,1.1085,1.2624,0.6501,52.5903,1.3486,,,,
gun_6_x2_germany,,152,gun_6_x2,germany,,,0.1859,tsesarevich_gun_152_x2,1.3521,1.1652,1.2378,1.1062,0.7259,46.4054,1.369,tsesarevich_gun_152_x2,1.369,1.1798,1.2533,1.1308,0.735,48.0296,1.3861,spee_gun_150_x2,1.3887,1.2124,1.2879,1.1215,0.7553,51.0995,1.406,ussr_gun_100_x2,1.2758,1.1471,1.2185,1.3133,0.7146,46.768,1.2917,mont_gun_152_x2,1.332,1.0435,1.1085,1.2624,0.6501,52.5903,1.3486,,,,
gun_6_x3_germany,,152,gun_6_x3,germany,,,0.1859,dido_gun_cal200_x3,1.0961,0.5806,0.6168,1.4702,0.3617,40.1279,1.1236,dido_gun_cal200_x3,1.1098,0.5878,0.6244,1.503,0.3662,41.5323,1.1377,dido_gun_cal200_x3,1.1237,0.5952,0.6323,1.5363,0.3708,42.986,1.1519,ussr_gun_100_x3,1.2598,1.1466,1.218,1.3136,0.7143,46.7593,1.2914,mont_gun_152_x3,1.3156,1.0435,1.1085,1.2624,0.6501,52.5903,1.3486,,,,
gun_6_x4_germany,,152,gun_6_x4,germany,,,0.1859,dido_gun_cal200_x4,1.0825,0.5806,0.6168,1.4702,0.3617,40.1279,1.1236,dido_gun_cal200_x4,1.0961,0.5878,0.6244,1.503,0.3662,41.5323,1.1377,ny_gun_210_x4,1.135,0.8957,0.9515,1.422,0.558,42.8134,1.178,bismarck_gun_150_x4,1.2718,1.0349,1.0994,1.2823,0.6447,49.0406,1.32,bismarck_gun_150_x4,1.2877,1.0479,1.1132,1.3107,0.6528,50.757,1.3365,,,,
gun_6_x2_alt_germany,,152,gun_6_x2_alt,germany,,New line - alternate guns,0.1859,tsesarevich_gun_152_x2,1.3521,1.1652,1.2378,1.1062,0.7259,46.4054,1.369,tsesarevich_gun_152_x2,1.369,1.1798,1.2533,1.1308,0.735,48.0296,1.3861,ny_gun_210_x2,1.1635,0.8957,0.9515,1.422,0.558,42.8134,1.178,bismarck_gun_150_x2,1.3038,1.0349,1.0994,1.2823,0.6447,49.0406,1.32,bismarck_gun_150_x2,1.32,1.0479,1.1132,1.3107,0.6528,50.757,1.3365,,,,
gun_6_x3_alt_germany,,152,gun_6_x3_alt,germany,,New line - alternate guns,0.1859,dido_gun_cal200_x3,1.0961,0.5806,0.6168,1.4702,0.3617,40.1279,1.1236,dido_gun_cal200_x3,1.1098,0.5878,0.6244,1.503,0.3662,41.5323,1.1377,ny_gun_210_x3,1.1491,0.8957,0.9515,1.422,0.558,42.8134,1.178,bismarck_gun_150_x3,1.2877,1.0349,1.0994,1.2823,0.6447,49.0406,1.32,bismarck_gun_150_x3,1.3038,1.0479,1.1132,1.3107,0.6528,50.757,1.3365,,,,
gun_7_x1_germany,,178,gun_7_x1,germany,,,0.2118,friedrich_gun_228_x1,1.1309,0.7157,0.754,1.4794,0.3953,38.3336,1.1309,friedrich_gun_228_x1,1.145,0.7248,0.7636,1.512,0.4003,39.6752,1.145,friedrich_gun_228_x1,1.1593,0.7339,0.7732,1.5455,0.4053,41.0639,1.1593,de_Ruyter_gun_150b_x1,1.3019,1.6351,1.7226,1.1553,0.9031,49.6655,1.3019,de_Ruyter_gun_150b_x1,1.3182,1.6556,1.7442,1.181,0.9144,51.4038,1.3182,,,,
gun_7_x2_germany,,178,gun_7_x2,germany,,,0.2118,friedrich_gun_228_x2,1.117,0.7157,0.754,1.4794,0.3953,38.3336,1.1309,friedrich_gun_228_x2,1.1309,0.7248,0.7636,1.512,0.4003,39.6752,1.145,friedrich_gun_228_x2,1.145,0.7339,0.7732,1.5455,0.4053,41.0639,1.1593,de_Ruyter_gun_150_x2,1.2859,1.6351,1.7226,1.1553,0.9031,49.6655,1.3019,de_Ruyter_gun_150_x2,1.302,1.6556,1.7442,1.181,0.9144,51.4038,1.3182,,,,
gun_7_x3_germany,,178,gun_7_x3,germany,,,0.2118,dido_gun_cal200_x3,1.0789,0.6549,0.69,1.4613,0.3617,39.4992,1.106,dido_gun_cal200_x3,1.0925,0.6631,0.6986,1.4937,0.3662,40.8817,1.1199,dido_gun_cal200_x3,1.106,0.6714,0.7074,1.5269,0.3708,42.3125,1.1338,de_Ruyter_gun_150_x3,1.27,1.6351,1.7226,1.1553,0.9031,49.6655,1.3019,de_Ruyter_gun_150_x3,1.2859,1.6556,1.7442,1.181,0.9144,51.4038,1.3182,,,,
gun_7_x4_germany,,178,gun_7_x4,germany,,,0.2118,dido_gun_cal200_x4,1.0656,0.6549,0.69,1.4613,0.3617,39.4992,1.106,dido_gun_cal200_x4,1.079,0.6631,0.6986,1.4937,0.3662,40.8817,1.1199,vdt_gun_280_x4,1.2861,0.6705,0.7064,1.3319,0.3703,48.5148,1.3349,spee_gun_280_x4_a,1.3399,0.732,0.7712,1.3036,0.4043,51.6683,1.3907,spee_gun_280_x4_a,1.3566,0.7413,0.781,1.3323,0.4094,53.4767,1.4081,,,,
gun_7_x2_alt_germany,,178,gun_7_x2_alt,germany,,New line - alternate guns,0.2118,friedrich_gun_228_x2,1.117,0.7157,0.754,1.4794,0.3953,38.3336,1.1309,friedrich_gun_228_x2,1.1309,0.7248,0.7636,1.512,0.4003,39.6752,1.145,vdt_gun_280_x2,1.3185,0.6705,0.7064,1.3319,0.3703,48.5148,1.3349,spee_gun_280_x2_a,1.3736,0.732,0.7712,1.3036,0.4043,51.6683,1.3907,spee_gun_280_x2_a,1.3908,0.7413,0.781,1.3323,0.4094,53.4767,1.4081,,,,
gun_7_x3_alt_germany,,178,gun_7_x3_alt,germany,,New line - alternate guns,0.2118,dido_gun_cal200_x3,1.0789,0.6549,0.69,1.4613,0.3617,39.4992,1.106,dido_gun_cal200_x3,1.0925,0.6631,0.6986,1.4937,0.3662,40.8817,1.1199,vdt_gun_280_x3,1.3022,0.6705,0.7064,1.3319,0.3703,48.5148,1.3349,spee_gun_280_x3_a,1.3566,0.732,0.7712,1.3036,0.4043,51.6683,1.3907,spee_gun_280_x3_a,1.3736,0.7413,0.781,1.3323,0.4094,53.4767,1.4081,,,,
gun_8_x1_germany,,203,gun_8_x1,germany,,,0.235,friedrich_gun_228_x1,1.1161,0.7933,0.8307,1.4616,0.3953,37.8331,1.1161,dido_gun_cal200_x1,1.1052,0.7349,0.7696,1.4759,0.3662,40.3479,1.1052,vdt_gun_200_x1,1.2594,1.1357,1.1893,1.2651,0.5659,45.7706,1.2594,bismarck_gun_380_short_x1,1.3991,0.6043,0.6328,1.34,0.3011,51.9805,1.3991,bismarck_gun_380_x1,1.5019,0.6119,0.6408,1.2919,0.3049,57.0378,1.5019,,,,
gun_8_x2_germany,,203,gun_8_x2,germany,,,0.235,friedrich_gun_228_x2,1.1024,0.7933,0.8307,1.4616,0.3953,37.8331,1.1161,dido_gun_cal200_x2,1.0916,0.7349,0.7696,1.4759,0.3662,40.3479,1.1052,vdt_gun_200_x2,1.2439,1.1357,1.1893,1.2651,0.5659,45.7706,1.2594,bismarck_gun_380_short_x2,1.3819,0.6043,0.6328,1.34,0.3011,51.9805,1.3991,bismarck_gun_380_x2,1.4834,0.6119,0.6408,1.2919,0.3049,57.0378,1.5019,,,,
gun_8_x3_germany,,203,gun_8_x3,germany,,,0.235,dido_gun_cal200_x3,1.0649,0.7259,0.7602,1.4437,0.3617,38.9835,1.0916,dido_gun_cal200_x3,1.0781,0.7349,0.7696,1.4759,0.3662,40.3479,1.1052,dido_gun_cal200_x3,1.0916,0.7442,0.7793,1.5085,0.3708,41.7601,1.119,bismarck_gun_380_short_x3,1.3648,0.6043,0.6328,1.34,0.3011,51.9805,1.3991,bismarck_gun_380_x3,1.4651,0.6119,0.6408,1.2919,0.3049,57.0378,1.5019,,,,
gun_8_x4_germany,,203,gun_8_x4,germany,,,0.235,dido_gun_cal200_x4,1.0517,0.7259,0.7602,1.4437,0.3617,38.9835,1.0916,dido_gun_cal200_x4,1.0648,0.7349,0.7696,1.4759,0.3662,40.3479,1.1052,agamemnon_gun_228_x4,1.1861,1.0809,1.1319,1.2386,0.5386,47.2082,1.2311,brooklyn_gun_152_x4,1.1988,0.9561,1.0012,1.3743,0.4764,46.2291,1.2443,brooklyn_gun_b_152_x4,1.3509,0.9679,1.0136,1.2625,0.4823,53.248,1.4021,,,,
gun_8_x2_alt_germany,,203,gun_8_x2_alt,germany,,New line - alternate guns,0.235,friedrich_gun_228_x2,1.1024,0.7933,0.8307,1.4616,0.3953,37.8331,1.1161,dido_gun_cal200_x2,1.0916,0.7349,0.7696,1.4759,0.3662,40.3479,1.1052,agamemnon_gun_228_x2,1.216,1.0809,1.1319,1.2386,0.5386,47.2082,1.2311,brooklyn_gun_152_x2,1.229,0.9561,1.0012,1.3743,0.4764,46.2291,1.2443,brooklyn_gun_b_152_x2,1.3848,0.9679,1.0136,1.2625,0.4823,53.248,1.4021,,,,
gun_8_x3_alt_germany,,203,gun_8_x3_alt,germany,,New line - alternate guns,0.235,dido_gun_cal200_x3,1.0649,0.7259,0.7602,1.4437,0.3617,38.9835,1.0916,dido_gun_cal200_x3,1.0781,0.7349,0.7696,1.4759,0.3662,40.3479,1.1052,agamemnon_gun_228_x3,1.2009,1.0809,1.1319,1.2386,0.5386,47.2082,1.2311,brooklyn_gun_152_x3,1.2138,0.9561,1.0012,1.3743,0.4764,46.2291,1.2443,brooklyn_gun_b_152_x3,1.3677,0.9679,1.0136,1.2625,0.4823,53.248,1.4021,,,,
gun_9_x1_germany,,229,gun_9_x1,germany,,,0.2574,friedrich_gun_228_x1,1.1028,0.8739,0.9106,1.436,0.3953,37.3799,1.1028,dido_gun_cal200_x1,1.092,0.8096,0.8436,1.4499,0.3662,39.8646,1.092,dido_gun_cal200_x1,1.1056,0.8198,0.8542,1.482,0.3708,41.2598,1.1056,dido_gun_cal200_x1,1.1195,0.8299,0.8647,1.5152,0.3754,42.7039,1.1195,trento_gun_203_x1,1.2977,1.0247,1.0677,1.3001,0.4635,50.6027,1.2977,,,,
gun_9_x2_germany,,229,gun_9_x2,germany,,,0.2574,friedrich_gun_228_x2,1.0892,0.8739,0.9106,1.436,0.3953,37.3799,1.1028,dido_gun_cal200_x2,1.0786,0.8096,0.8436,1.4499,0.3662,39.8646,1.092,dido_gun_cal200_x2,1.092,0.8198,0.8542,1.482,0.3708,41.2598,1.1056,dido_gun_cal200_x2,1.1057,0.8299,0.8647,1.5152,0.3754,42.7039,1.1195,trento_gun_203_x2,1.2817,1.0247,1.0677,1.3001,0.4635,50.6027,1.2977,,,,
gun_9_x3_germany,,229,gun_9_x3,germany,,,0.2574,dido_gun_cal200_x3,1.0521,0.7996,0.8332,1.4184,0.3617,38.5165,1.0785,dido_gun_cal200_x3,1.0653,0.8096,0.8436,1.4499,0.3662,39.8646,1.092,dido_gun_cal200_x3,1.0785,0.8198,0.8542,1.482,0.3708,41.2598,1.1056,dido_gun_cal200_x3,1.0921,0.8299,0.8647,1.5152,0.3754,42.7039,1.1195,trento_gun_203_x3,1.2659,1.0247,1.0677,1.3001,0.4635,50.6027,1.2977,,,,
gun_9_x4_germany,,229,gun_9_x4,germany,,,0.2574,dido_gun_cal200_x4,1.0391,0.7996,0.8332,1.4184,0.3617,38.5165,1.0785,dido_gun_cal200_x4,1.0521,0.8096,0.8436,1.4499,0.3662,39.8646,1.092,agamemnon_gun_228_x4,1.172,1.1907,1.2407,1.2169,0.5386,46.6427,1.2164,agamemnon_gun_228_x4,1.1866,1.2055,1.2561,1.244,0.5453,48.2752,1.2316,de_Ruyter_gun_150_x4,1.2384,2.0215,2.1063,1.1463,0.9144,50.1249,1.2854,,,,
gun_9_x2_alt_germany,,229,gun_9_x2_alt,germany,,New line - alternate guns,0.2574,friedrich_gun_228_x2,1.0892,0.8739,0.9106,1.436,0.3953,37.3799,1.1028,dido_gun_cal200_x2,1.0786,0.8096,0.8436,1.4499,0.3662,39.8646,1.092,vdt_gun_200_x2,1.229,1.2511,1.3036,1.2429,0.5659,45.2223,1.2443,vdt_gun_200_x2,1.2443,1.2665,1.3197,1.2708,0.5729,46.805,1.2598,de_Ruyter_gun_150_x2,1.2696,2.0215,2.1063,1.1463,0.9144,50.1249,1.2854,,,,
gun_9_x3_alt_germany,,229,gun_9_x3_alt,germany,,New line - alternate guns,0.2574,dido_gun_cal200_x3,1.0521,0.7996,0.8332,1.4184,0.3617,38.5165,1.0785,dido_gun_cal200_x3,1.0653,0.8096,0.8436,1.4499,0.3662,39.8646,1.092,agamemnon_gun_228_x3,1.1866,1.1907,1.2407,1.2169,0.5386,46.6427,1.2164,agamemnon_gun_228_x3,1.2014,1.2055,1.2561,1.244,0.5453,48.2752,1.2316,de_Ruyter_gun_150_x3,1.2539,2.0215,2.1063,1.1463,0.9144,50.1249,1.2854,,,,
gun_10_x1_germany,,254,gun_10_x1,germany,,,0.2773,brandenburg_gun_279_x1,1.0295,0.869,0.902,1.5172,0.361,34.8969,1.0295,ny_gun_210_x1,1.1052,1.3266,1.3769,1.3143,0.5511,39.2953,1.1052,ny_gun_210_x1,1.119,1.3432,1.3942,1.3434,0.558,40.6706,1.119,ny_gun_356_x1,1.4119,0.9015,0.9357,1.1956,0.3745,52.4534,1.4119,brooklyn_gun_b_152_x1,1.371,1.161,1.2051,1.2146,0.4823,52.0679,1.371,,,,
gun_10_x2_germany,,254,gun_10_x2,germany,,,0.2773,brandenburg_gun_279_x2,1.0168,0.869,0.902,1.5172,0.361,34.8969,1.0295,ny_gun_210_x2,1.0916,1.3266,1.3769,1.3143,0.5511,39.2953,1.1052,ny_gun_210_x2,1.1052,1.3432,1.3942,1.3434,0.558,40.6706,1.119,ny_gun_356_x2,1.3945,0.9015,0.9357,1.1956,0.3745,52.4534,1.4119,brooklyn_gun_b_152_x2,1.3541,1.161,1.2051,1.2146,0.4823,52.0679,1.371,,,,
gun_10_x3_germany,,254,gun_10_x3,germany,,,0.2773,dido_gun_cal200_x3,1.0413,0.8707,0.9038,1.3889,0.3617,38.1195,1.0674,ny_gun_210_x3,1.0781,1.3266,1.3769,1.3143,0.5511,39.2953,1.1052,ny_gun_210_x3,1.0916,1.3432,1.3942,1.3434,0.558,40.6706,1.119,ny_gun_356_x3,1.3773,0.9015,0.9357,1.1956,0.3745,52.4534,1.4119,brooklyn_gun_b_152_x3,1.3374,1.161,1.2051,1.2146,0.4823,52.0679,1.371,,,,
gun_10_x4_germany,,254,gun_10_x4,germany,,,0.2773,dido_gun_cal200_x4,1.0284,0.8707,0.9038,1.3889,0.3617,38.1195,1.0674,ny_gun_210_x4,1.0648,1.3266,1.3769,1.3143,0.5511,39.2953,1.1052,agamemnon_gun_228_x4,1.1599,1.2965,1.3457,1.1916,0.5386,46.1619,1.2039,bismarck_gun_380_short_x4,1.3181,0.7248,0.7523,1.2892,0.3011,50.8284,1.3681,bismarck_gun_380_x4,1.4149,0.734,0.7619,1.2428,0.3049,55.7737,1.4686,,,,
gun_10_x2_alt_germany,,254,gun_10_x2_alt,germany,,New line - alternate guns,0.2773,brandenburg_gun_279_x2,1.0168,0.869,0.902,1.5172,0.361,34.8969,1.0295,ny_gun_210_x2,1.0916,1.3266,1.3769,1.3143,0.5511,39.2953,1.1052,agamemnon_gun_228_x2,1.1891,1.2965,1.3457,1.1916,0.5386,46.1619,1.2039,bismarck_gun_380_short_x2,1.3513,0.7248,0.7523,1.2892,0.3011,50.8284,1.3681,bismarck_gun_380_x2,1.4505,0.734,0.7619,1.2428,0.3049,55.7737,1.4686,,,,
gun_10_x3_alt_germany,,254,gun_10_x3_alt,germany,,New line - alternate guns,0.2773,dido_gun_cal200_x3,1.0413,0.8707,0.9038,1.3889,0.3617,38.1195,1.0674,ny_gun_210_x3,1.0781,1.3266,1.3769,1.3143,0.5511,39.2953,1.1052,agamemnon_gun_228_x3,1.1744,1.2965,1.3457,1.1916,0.5386,46.1619,1.2039,bismarck_gun_380_short_x3,1.3346,0.7248,0.7523,1.2892,0.3011,50.8284,1.3681,bismarck_gun_380_x3,1.4326,0.734,0.7619,1.2428,0.3049,55.7737,1.4686,,,,
gun_11_x1_germany,,279,gun_11_x1,germany,,,0.2431,brandenburg_gun_279_x1,1.0199,0.9402,0.9728,1.218,0.361,34.5708,1.0199,friedrich_gun_228_x1,1.0947,1.0425,1.0786,1.1538,0.4003,37.9316,1.0947,friedrich_gun_228_x1,1.1084,1.0556,1.0922,1.1793,0.4053,39.2592,1.1084,dreadnought_gun_b_305_x1,1.2178,0.9777,1.0116,1.1309,0.3754,44.0922,1.2178,ussr_gun_152_x1,1.2757,1.3743,1.4219,1.0469,0.5277,47.2159,1.2757,,,,
gun_11_x2_germany,,279,gun_11_x2,germany,,,0.2431,brandenburg_gun_279_x2,1.0074,0.9402,0.9728,1.218,0.361,34.5708,1.0199,friedrich_gun_228_x2,1.0812,1.0425,1.0786,1.1538,0.4003,37.9316,1.0947,friedrich_gun_228_x2,1.0948,1.0556,1.0922,1.1793,0.4053,39.2592,1.1084,dreadnought_gun_b_305_x2,1.2028,0.9777,1.0116,1.1309,0.3754,44.0922,1.2178,ussr_gun_152_x2,1.26,1.3743,1.4219,1.0469,0.5277,47.2147,1.2757,,,,
gun_11_x3_germany,,279,gun_11_x3,germany,,,0.2431,dido_gun_cal200_x3,1.0315,0.942,0.9746,1.115,0.3617,37.7633,1.0574,dido_gun_cal200_x3,1.0444,0.9537,0.9868,1.1399,0.3662,39.085,1.0706,dido_gun_cal200_x3,1.0574,0.9657,0.9992,1.1651,0.3708,40.453,1.084,dreadnought_gun_b_305_x3,1.188,0.9777,1.0116,1.1309,0.3754,44.0922,1.2178,ussr_gun_152_x3,1.2446,1.3749,1.4225,1.0466,0.5279,47.2221,1.2759,,,,
gun_11_x4_germany,,279,gun_11_x4,germany,,,0.2431,dido_gun_cal200_x4,1.0188,0.942,0.9746,1.115,0.3617,37.7633,1.0574,dido_gun_cal200_x4,1.0315,0.9537,0.9868,1.1399,0.3662,39.085,1.0706,vdt_gun_280_x4,1.2296,0.9644,0.9978,1.0163,0.3703,46.3827,1.2762,spee_gun_280_x4_a,1.281,1.053,1.0895,0.9946,0.4043,49.3976,1.3296,spee_gun_280_x4_a,1.297,1.0662,1.1031,1.0167,0.4094,51.1265,1.3462,,,,
gun_11_x2_alt_germany,,279,gun_11_x2_alt,germany,,New line - alternate guns,0.2431,brandenburg_gun_279_x2,1.0074,0.9402,0.9728,1.218,0.361,34.5708,1.0199,friedrich_gun_228_x2,1.0812,1.0425,1.0786,1.1538,0.4003,37.9316,1.0947,vdt_gun_280_x2,1.2605,0.9644,0.9978,1.0163,0.3703,46.3827,1.2762,spee_gun_280_x2_a,1.3132,1.053,1.0895,0.9946,0.4043,49.3976,1.3296,spee_gun_280_x2_a,1.3296,1.0662,1.1031,1.0167,0.4094,51.1265,1.3462,,,,
gun_11_x3_alt_germany,,279,gun_11_x3_alt,germany,,New line - alternate guns,0.2431,dido_gun_cal200_x3,1.0315,0.942,0.9746,1.115,0.3617,37.7633,1.0574,dido_gun_cal200_x3,1.0444,0.9537,0.9868,1.1399,0.3662,39.085,1.0706,vdt_gun_280_x3,1.2449,0.9644,0.9978,1.0163,0.3703,46.3827,1.2762,spee_gun_280_x3_a,1.297,1.053,1.0895,0.9946,0.4043,49.3976,1.3296,spee_gun_280_x3_a,1.3132,1.0662,1.1031,1.0167,0.4094,51.1265,1.3462,,,,
gun_12_x1_germany,,305,gun_12_x1,germany,,,0.2645,friedrich_gun_305_x1,1.1148,1.0147,1.0469,1.1033,0.361,37.788,1.1148,friedrich_gun_228_x1,1.085,1.1252,1.1609,1.1526,0.4003,37.5951,1.085,friedrich_gun_228_x1,1.0986,1.1392,1.1754,1.1782,0.4053,38.911,1.0986,bismarck_gun_380_short_x1,1.3433,0.8463,0.8732,1.034,0.3011,49.9068,1.3433,bismarck_gun_380_x1,1.442,0.857,0.8842,0.9968,0.3049,54.7624,1.442,,,,
gun_12_x2_germany,,305,gun_12_x2,germany,,,0.2645,friedrich_gun_305_x2,1.1011,1.0147,1.0469,1.1033,0.361,37.788,1.1148,friedrich_gun_228_x2,1.0717,1.1252,1.1609,1.1526,0.4003,37.5951,1.085,friedrich_gun_228_x2,1.0851,1.1392,1.1754,1.1782,0.4053,38.911,1.0986,bismarck_gun_380_short_x2,1.3268,0.8463,0.8732,1.034,0.3011,49.9068,1.3433,bismarck_gun_380_x2,1.4242,0.857,0.8842,0.9968,0.3049,54.7624,1.442,,,,
gun_12_x3_germany,,305,gun_12_x3,germany,,,0.2645,dido_gun_cal200_x3,1.0223,1.0167,1.049,1.1139,0.3617,37.4283,1.048,dido_gun_cal200_x3,1.0351,1.0293,1.062,1.1387,0.3662,38.7383,1.0611,dido_gun_cal200_x3,1.0481,1.0422,1.0753,1.164,0.3708,40.0942,1.0744,bismarck_gun_380_short_x3,1.3104,0.8463,0.8732,1.034,0.3011,49.9068,1.3433,bismarck_gun_380_x3,1.4067,0.857,0.8842,0.9968,0.3049,54.7624,1.442,,,,
gun_12_x4_germany,,305,gun_12_x4,germany,,,0.2645,dido_gun_cal200_x4,1.0097,1.0167,1.049,1.1139,0.3617,37.4283,1.048,dido_gun_cal200_x4,1.0223,1.0293,1.062,1.1387,0.3662,38.7383,1.0611,dreadnought_gun_c_305_x4,1.1924,1.06,1.0937,1.0073,0.3771,46.1832,1.2376,dreadnought_gun_c_305_x4,1.2072,1.0734,1.1075,1.0296,0.3819,47.7996,1.253,litt_gun_381a_x4,1.3002,0.884,0.9121,1.0308,0.3145,52.624,1.3495,,,,
gun_12_x2_alt_germany,,305,gun_12_x2_alt,germany,,New line - alternate guns,0.2645,friedrich_gun_305_x2,1.1011,1.0147,1.0469,1.1033,0.361,37.788,1.1148,friedrich_gun_228_x2,1.0717,1.1252,1.1609,1.1526,0.4003,37.5951,1.085,dreadnought_gun_c_305_x2,1.2224,1.06,1.0937,1.0073,0.3771,46.1832,1.2376,dreadnought_gun_c_305_x2,1.2376,1.0734,1.1075,1.0296,0.3819,47.7996,1.253,litt_gun_381a_x2,1.3329,0.884,0.9121,1.0308,0.3145,52.624,1.3495,,,,
gun_12_x3_alt_germany,,305,gun_12_x3_alt,germany,,New line - alternate guns,0.2645,dido_gun_cal200_x3,1.0223,1.0167,1.049,1.1139,0.3617,37.4283,1.048,dido_gun_cal200_x3,1.0351,1.0293,1.062,1.1387,0.3662,38.7383,1.0611,dreadnought_gun_c_305_x3,1.2073,1.06,1.0937,1.0073,0.3771,46.1832,1.2376,dreadnought_gun_c_305_x3,1.2223,1.0734,1.1075,1.0296,0.3819,47.7996,1.253,litt_gun_381a_x3,1.3164,0.884,0.9121,1.0308,0.3145,52.624,1.3495,,,,
gun_13_x1_germany,,330,gun_13_x1,germany,,,0.2848,friedrich_gun_305_x1,1.106,1.0869,1.1189,1.1005,0.361,37.4915,1.106,friedrich_gun_228_x1,1.0765,1.2052,1.2406,1.1497,0.4003,37.3001,1.0765,friedrich_gun_228_x1,1.0899,1.2203,1.2562,1.1752,0.4053,38.6056,1.0899,bismarck_gun_150_x1,1.2215,1.941,1.9981,0.9691,0.6447,45.3825,1.2215,bismarck_gun_150_x1,1.2368,1.9654,2.0232,0.9905,0.6528,46.9709,1.2368,,,,
gun_13_x2_germany,,330,gun_13_x2,germany,,,0.2848,friedrich_gun_305_x2,1.0924,1.0869,1.1189,1.1005,0.361,37.4915,1.106,friedrich_gun_228_x2,1.0633,1.2052,1.2406,1.1497,0.4003,37.3001,1.0765,friedrich_gun_228_x2,1.0765,1.2203,1.2562,1.1752,0.4053,38.6056,1.0899,bismarck_gun_150_x2,1.2065,1.941,1.9981,0.9691,0.6447,45.3825,1.2215,bismarck_gun_150_x2,1.2216,1.9654,2.0232,0.9905,0.6528,46.9709,1.2368,,,,
gun_13_x3_germany,,330,gun_13_x3,germany,,,0.2848,dido_gun_cal200_x3,1.0143,1.089,1.121,1.1111,0.3617,37.1346,1.0398,dido_gun_cal200_x3,1.027,1.1025,1.1349,1.1359,0.3662,38.4343,1.0528,dido_gun_cal200_x3,1.0399,1.1164,1.1492,1.161,0.3708,39.7795,1.066,bismarck_gun_150_x3,1.1916,1.941,1.9981,0.9691,0.6447,45.3825,1.2215,bismarck_gun_150_x3,1.2065,1.9654,2.0232,0.9905,0.6528,46.9709,1.2368,,,,
gun_13_x4_germany,,330,gun_13_x4,germany,,,0.2848,dido_gun_cal200_x4,1.0018,1.089,1.121,1.1111,0.3617,37.1346,1.0398,dido_gun_cal200_x4,1.0143,1.1025,1.1349,1.1359,0.3662,38.4343,1.0528,vdt_gun_280_x4,1.2091,1.1149,1.1477,1.0127,0.3703,45.6105,1.255,spee_gun_280_x4_a,1.2597,1.2172,1.253,0.9912,0.4043,48.5753,1.3075,richelieu_gun_380_x4,1.3389,0.918,0.945,0.9968,0.3049,54.1924,1.3897,,,,
gun_13_x2_alt_germany,,330,gun_13_x2_alt,germany,,New line - alternate guns,0.2848,friedrich_gun_305_x2,1.0924,1.0869,1.1189,1.1005,0.361,37.4915,1.106,friedrich_gun_228_x2,1.0633,1.2052,1.2406,1.1497,0.4003,37.3001,1.0765,vdt_gun_280_x2,1.2396,1.1149,1.1477,1.0127,0.3703,45.6105,1.255,spee_gun_280_x2_a,1.2914,1.2172,1.253,0.9912,0.4043,48.5753,1.3075,richelieu_gun_380_x2,1.3726,0.918,0.945,0.9968,0.3049,54.1924,1.3897,,,,
gun_13_x3_alt_germany,,330,gun_13_x3_alt,germany,,New line - alternate guns,0.2848,dido_gun_cal200_x3,1.0143,1.089,1.121,1.1111,0.3617,37.1346,1.0398,dido_gun_cal200_x3,1.027,1.1025,1.1349,1.1359,0.3662,38.4343,1.0528,vdt_gun_280_x3,1.2243,1.1149,1.1477,1.0127,0.3703,45.6105,1.255,spee_gun_280_x3_a,1.2755,1.2172,1.253,0.9912,0.4043,48.5753,1.3075,richelieu_gun_380_x3,1.3556,0.918,0.945,0.9968,0.3049,54.1924,1.3897,,,,
gun_14_x1_germany,,356,gun_14_x1,germany,,,0.3057,vdt_gun_280_x1,1.2149,1.1632,1.195,0.9653,0.3612,42.2562,1.2149,bismarck_gun_380_short_x1,1.2902,0.9459,0.9717,0.983,0.2937,45.8738,1.2902,bismarck_gun_380_short_x1,1.3064,0.9578,0.984,1.0047,0.2974,47.4793,1.3064,bismarck_gun_380_x1,1.4023,0.9697,0.9962,0.9688,0.3011,52.0988,1.4023,bismarck_gun_380_x1,1.4198,0.9819,1.0087,0.9903,0.3049,53.9222,1.4198,,,,
gun_14_x2_germany,,356,gun_14_x2,germany,,,0.3057,vdt_gun_280_x2,1.2,1.1632,1.195,0.9653,0.3612,42.2562,1.2149,bismarck_gun_380_short_x2,1.2743,0.9459,0.9717,0.983,0.2937,45.8738,1.2902,bismarck_gun_380_short_x2,1.2903,0.9578,0.984,1.0047,0.2974,47.4793,1.3064,bismarck_gun_380_x2,1.385,0.9697,0.9962,0.9688,0.3011,52.0988,1.4023,bismarck_gun_380_x2,1.4023,0.9819,1.0087,0.9903,0.3049,53.9222,1.4198,,,,
gun_14_x3_germany,,356,gun_14_x3,germany,,,0.3057,vdt_gun_280_x3,1.1851,1.1632,1.195,0.9653,0.3612,42.2562,1.2149,bismarck_gun_380_short_x3,1.2586,0.9459,0.9717,0.983,0.2937,45.8738,1.2902,bismarck_gun_380_short_x3,1.2744,0.9578,0.984,1.0047,0.2974,47.4793,1.3064,bismarck_gun_380_x3,1.3679,0.9697,0.9962,0.9688,0.3011,52.0988,1.4023,bismarck_gun_380_x3,1.385,0.9819,1.0087,0.9903,0.3049,53.9222,1.4198,,,,
gun_14_x4_germany,,356,gun_14_x4,germany,,,0.3057,dreadnought_gun_c_305_x4,1.1453,1.1848,1.2172,0.9576,0.3679,42.4511,1.1887,dreadnought_gun_c_305_x4,1.1595,1.1996,1.2324,0.9789,0.3725,43.9368,1.2035,dreadnought_gun_c_305_x4,1.1741,1.2144,1.2476,1.0008,0.3771,45.4746,1.2186,agamemnon_gun_305_x4,1.0577,1.209,1.242,1.1224,0.3754,43.0306,1.0978,fus_gun_356_x4_a,1.0999,1.0483,1.0769,1.1522,0.3255,45.743,1.1416,,,,
gun_14_x2_alt_germany,,356,gun_14_x2_alt,germany,,New line - alternate guns,0.3057,dreadnought_gun_c_305_x2,1.1741,1.1848,1.2172,0.9576,0.3679,42.4511,1.1887,dreadnought_gun_c_305_x2,1.1887,1.1996,1.2324,0.9789,0.3725,43.9369,1.2035,dreadnought_gun_c_305_x2,1.2036,1.2144,1.2476,1.0008,0.3771,45.4746,1.2186,agamemnon_gun_305_x2,1.0843,1.209,1.242,1.1224,0.3754,43.0306,1.0978,fus_gun_356_x2_a,1.1276,1.0483,1.0769,1.1522,0.3255,45.743,1.1416,,,,
gun_14_x3_alt_germany,,356,gun_14_x3_alt,germany,,New line - alternate guns,0.3057,dreadnought_gun_c_305_x3,1.1596,1.1848,1.2172,0.9576,0.3679,42.4511,1.1887,dreadnought_gun_c_305_x3,1.174,1.1996,1.2324,0.9789,0.3725,43.9369,1.2035,dreadnought_gun_c_305_x3,1.1887,1.2144,1.2476,1.0008,0.3771,45.4746,1.2186,agamemnon_gun_305_x3,1.0709,1.209,1.242,1.1224,0.3754,43.0306,1.0978,fus_gun_356_x3_a,1.1136,1.0483,1.0769,1.1522,0.3255,45.743,1.1416,,,,
gun_15_x1_germany,,381,gun_15_x1,germany,,,0.3256,bismarck_gun_380_short_x1,1.2657,0.9933,1.0187,0.9568,0.2901,44.0227,1.2657,bismarck_gun_380_short_x1,1.2815,1.0056,1.0313,0.9782,0.2937,45.5635,1.2815,bismarck_gun_380_short_x1,1.2975,1.0183,1.0443,0.9998,0.2974,47.1582,1.2975,litt_gun_381a_x1,1.3035,1.0635,1.0907,0.9968,0.3106,49.7257,1.3035,litt_gun_381_x1,1.3198,1.0768,1.1043,1.019,0.3145,51.4661,1.3198,,,,
gun_15_x2_germany,,381,gun_15_x2,germany,,,0.3256,bismarck_gun_380_short_x2,1.2501,0.9933,1.0187,0.9568,0.2901,44.0227,1.2657,bismarck_gun_380_short_x2,1.2657,1.0056,1.0313,0.9782,0.2937,45.5635,1.2815,bismarck_gun_380_short_x2,1.2815,1.0183,1.0443,0.9998,0.2974,47.1582,1.2975,litt_gun_381a_x2,1.2875,1.0635,1.0907,0.9968,0.3106,49.7257,1.3035,litt_gun_381_x2,1.3036,1.0768,1.1043,1.019,0.3145,51.4661,1.3198,,,,
gun_15_x3_germany,,381,gun_15_x3,germany,,,0.3256,bismarck_gun_380_short_x3,1.2347,0.9933,1.0187,0.9568,0.2901,44.0227,1.2657,bismarck_gun_380_short_x3,1.2501,1.0056,1.0313,0.9782,0.2937,45.5635,1.2815,bismarck_gun_380_short_x3,1.2657,1.0183,1.0443,0.9998,0.2974,47.1582,1.2975,litt_gun_381a_x3,1.2716,1.0635,1.0907,0.9968,0.3106,49.7257,1.3035,litt_gun_381_x3,1.2875,1.0768,1.1043,1.019,0.3145,51.4661,1.3198,,,,
gun_15_x4_germany,,381,gun_15_x4,germany,,,0.3256,vdt_gun_280_x4,1.1626,1.2367,1.2683,0.9606,0.3612,41.9704,1.2067,vdt_gun_280_x4,1.1772,1.2521,1.2841,0.9819,0.3657,43.4394,1.2218,vdt_gun_280_x4,1.1919,1.2679,1.3003,1.0036,0.3703,44.9597,1.2371,spee_gun_280_x4_a,1.2417,1.3843,1.4197,0.9823,0.4043,47.8822,1.2888,spee_gun_var_280_x4,1.2245,1.4018,1.4376,1.004,0.4094,49.5581,1.2709,,,,
gun_15_x2_alt_germany,,381,gun_15_x2_alt,germany,,New line - alternate guns,0.3256,vdt_gun_280_x2,1.1919,1.2367,1.2683,0.9606,0.3612,41.9704,1.2067,vdt_gun_280_x2,1.2068,1.2521,1.2841,0.9819,0.3657,43.4394,1.2218,vdt_gun_280_x2,1.2219,1.2679,1.3003,1.0036,0.3703,44.9597,1.2371,spee_gun_280_x2_a,1.2729,1.3843,1.4197,0.9823,0.4043,47.8822,1.2888,spee_gun_var_280_x2,1.2553,1.4018,1.4376,1.004,0.4094,49.5581,1.2709,,,,
gun_15_x3_alt_germany,,381,gun_15_x3_alt,germany,,New line - alternate guns,0.3256,vdt_gun_280_x3,1.1771,1.2367,1.2683,0.9606,0.3612,41.9704,1.2067,vdt_gun_280_x3,1.1919,1.2521,1.2841,0.9819,0.3657,43.4394,1.2218,vdt_gun_280_x3,1.2068,1.2679,1.3003,1.0036,0.3703,44.9597,1.2371,spee_gun_280_x3_a,1.2572,1.3843,1.4197,0.9823,0.4043,47.8822,1.2888,spee_gun_var_280_x3,1.2398,1.4018,1.4376,1.004,0.4094,49.5581,1.2709,,,,
gun_16_x1_germany,,406,gun_16_x1,germany,,,0.3453,bismarck_gun_380_short_x1,1.2577,1.0529,1.0782,0.9512,0.2901,43.7438,1.2577,bismarck_gun_380_short_x1,1.2734,1.066,1.0916,0.9724,0.2937,45.2748,1.2734,bismarck_gun_380_short_x1,1.2893,1.0794,1.1053,0.9939,0.2974,46.8594,1.2893,bismarck_gun_380_x1,1.384,1.0928,1.119,0.9584,0.3011,51.4185,1.384,bismarck_gun_380_x1,1.4013,1.1066,1.1332,0.9796,0.3049,53.2182,1.4013,,,,
gun_16_x2_germany,,406,gun_16_x2,germany,,,0.3453,bismarck_gun_380_short_x2,1.2422,1.0529,1.0782,0.9512,0.2901,43.7438,1.2577,bismarck_gun_380_short_x2,1.2577,1.066,1.0916,0.9724,0.2937,45.2748,1.2734,bismarck_gun_380_short_x2,1.2734,1.0794,1.1053,0.9939,0.2974,46.8594,1.2893,bismarck_gun_380_x2,1.367,1.0928,1.119,0.9584,0.3011,51.4185,1.384,bismarck_gun_380_x2,1.384,1.1066,1.1332,0.9796,0.3049,53.2182,1.4013,,,,
gun_16_x3_germany,,406,gun_16_x3,germany,,,0.3453,bismarck_gun_380_short_x3,1.2269,1.0529,1.0782,0.9512,0.2901,43.7438,1.2577,bismarck_gun_380_short_x3,1.2422,1.066,1.0916,0.9724,0.2937,45.2748,1.2734,bismarck_gun_380_short_x3,1.2577,1.0794,1.1053,0.9939,0.2974,46.8594,1.2893,bismarck_gun_380_x3,1.3501,1.0928,1.119,0.9584,0.3011,51.4185,1.384,bismarck_gun_380_x3,1.367,1.1066,1.1332,0.9796,0.3049,53.2182,1.4013,,,,
gun_16_x4_germany,,406,gun_16_x4,germany,,,0.3453,ny_gun_356_x4,1.2505,1.3095,1.3409,0.8822,0.3608,45.1423,1.2979,ny_gun_356_x4,1.2661,1.3258,1.3576,0.9018,0.3653,46.7222,1.3141,ny_gun_356_x4,1.2819,1.3425,1.3747,0.9218,0.3699,48.3575,1.3305,ussr_gun_406_x4,1.3131,0.9088,0.9306,1.0359,0.2504,49.3477,1.3629,ussr_gun_406_x4,1.3295,0.9201,0.9422,1.059,0.2535,51.0748,1.3799,,,,
gun_16_x2_alt_germany,,406,gun_16_x2_alt,germany,,New line - alternate guns,0.3453,ny_gun_356_x2,1.2819,1.3095,1.3409,0.8822,0.3608,45.1423,1.2979,ny_gun_356_x2,1.2979,1.3258,1.3576,0.9018,0.3653,46.7222,1.3141,ny_gun_356_x2,1.3141,1.3425,1.3747,0.9218,0.3699,48.3575,1.3305,ussr_gun_406_x2,1.3461,0.9088,0.9306,1.0359,0.2504,49.3477,1.3629,ussr_gun_406_x2,1.3629,0.9201,0.9422,1.059,0.2535,51.0748,1.3799,,,,
gun_16_x3_alt_germany,,406,gun_16_x3_alt,germany,,New line - alternate guns,0.3453,ny_gun_356_x3,1.2661,1.3095,1.3409,0.8822,0.3608,45.1423,1.2979,ny_gun_356_x3,1.2819,1.3258,1.3576,0.9018,0.3653,46.7222,1.3141,ny_gun_356_x3,1.2979,1.3425,1.3747,0.9218,0.3699,48.3575,1.3305,ussr_gun_406_x3,1.3295,0.9088,0.9306,1.0359,0.2504,49.3477,1.3629,ussr_gun_406_x3,1.3461,0.9201,0.9422,1.059,0.2535,51.0749,1.3799,,,,
gun_17_x1_germany,,432,gun_17_x1,germany,,,0.3656,agamemnon_gun_305_x1,1.0374,1.3904,1.4218,1.0325,0.3616,38.0674,1.0374,agamemnon_gun_305_x1,1.0504,1.4077,1.4395,1.0555,0.3661,39.3997,1.0504,agamemnon_gun_305_x1,1.0635,1.4254,1.4576,1.0789,0.3707,40.7787,1.0635,moga_gun_200_x1,1.0967,1.7615,1.8013,1.0406,0.4581,42.9879,1.0967,moga_gun_200_x1,1.1104,1.7834,1.8237,1.0637,0.4638,44.4925,1.1104,,,,
gun_17_x2_germany,,432,gun_17_x2,germany,,,0.3656,agamemnon_gun_305_x2,1.0246,1.3904,1.4218,1.0325,0.3616,38.0674,1.0374,agamemnon_gun_305_x2,1.0375,1.4077,1.4395,1.0555,0.3661,39.3997,1.0504,agamemnon_gun_305_x2,1.0504,1.4254,1.4576,1.0789,0.3707,40.7787,1.0635,moga_gun_200_x2,1.0832,1.7615,1.8013,1.0406,0.4581,42.9879,1.0967,moga_gun_200_x2,1.0967,1.7834,1.8237,1.0637,0.4638,44.4925,1.1104,,,,
gun_17_x3_germany,,432,gun_17_x3,germany,,,0.3656,agamemnon_gun_305_x3,1.012,1.3904,1.4218,1.0325,0.3616,38.0674,1.0374,agamemnon_gun_305_x3,1.0247,1.4077,1.4395,1.0555,0.3661,39.3997,1.0504,agamemnon_gun_305_x3,1.0375,1.4254,1.4576,1.0789,0.3707,40.7787,1.0635,moga_gun_200_x3,1.0698,1.7615,1.8013,1.0406,0.4581,42.9879,1.0967,moga_gun_200_x3,1.0832,1.7834,1.8237,1.0637,0.4638,44.4925,1.1104,,,,
gun_17_x4_germany,,432,gun_17_x4,germany,,,0.3656,vdt_gun_280_x4,1.1481,1.3889,1.4203,0.9483,0.3612,41.4464,1.1916,vdt_gun_280_x4,1.1624,1.4062,1.438,0.9694,0.3657,42.8971,1.2065,spee_gun_280_x4_a,1.2111,1.5354,1.5701,0.9488,0.3993,45.6854,1.257,richelieu_gun_380_x4,1.2873,1.1578,1.184,0.9542,0.3011,50.9684,1.3361,richelieu_gun_380_x4,1.3034,1.1724,1.1989,0.9753,0.3049,52.7523,1.3528,,,,
gun_17_x2_alt_germany,,432,gun_17_x2_alt,germany,,New line - alternate guns,0.3656,vdt_gun_280_x2,1.1769,1.3889,1.4203,0.9483,0.3612,41.4464,1.1916,vdt_gun_280_x2,1.1917,1.4062,1.438,0.9694,0.3657,42.8971,1.2065,spee_gun_280_x2_a,1.2415,1.5354,1.5701,0.9488,0.3993,45.6854,1.257,richelieu_gun_380_x2,1.3197,1.1578,1.184,0.9542,0.3011,50.9684,1.3361,richelieu_gun_380_x2,1.3361,1.1724,1.1989,0.9753,0.3049,52.7523,1.3528,,,,
gun_17_x3_alt_germany,,432,gun_17_x3_alt,germany,,New line - alternate guns,0.3656,vdt_gun_280_x3,1.1624,1.3889,1.4203,0.9483,0.3612,41.4464,1.1916,vdt_gun_280_x3,1.1769,1.4062,1.438,0.9694,0.3657,42.8971,1.2065,spee_gun_280_x3_a,1.2262,1.5354,1.5701,0.9488,0.3993,45.6854,1.257,richelieu_gun_380_x3,1.3034,1.1578,1.184,0.9542,0.3011,50.9684,1.3361,richelieu_gun_380_x3,1.3197,1.1724,1.1989,0.9753,0.3049,52.7523,1.3528,,,,
gun_18_x1_germany,,457,gun_18_x1,germany,,,0.3849,bismarck_gun_380_short_x1,1.2429,1.1763,1.2014,0.9378,0.2901,43.2292,1.2429,bismarck_gun_380_short_x1,1.2584,1.1909,1.2164,0.9587,0.2937,44.7422,1.2584,bismarck_gun_380_short_x1,1.2742,1.2059,1.2317,0.9799,0.2974,46.3082,1.2742,bismarck_gun_380_x1,1.3677,1.2209,1.247,0.9449,0.3011,50.8137,1.3677,bismarck_gun_380_x1,1.3848,1.2363,1.2627,0.9658,0.3049,52.5922,1.3848,,,,
gun_18_x2_germany,,457,gun_18_x2,germany,,,0.3849,bismarck_gun_380_short_x2,1.2276,1.1763,1.2014,0.9378,0.2901,43.2292,1.2429,bismarck_gun_380_short_x2,1.2429,1.1909,1.2164,0.9587,0.2937,44.7422,1.2584,bismarck_gun_380_short_x2,1.2585,1.2059,1.2317,0.9799,0.2974,46.3082,1.2742,bismarck_gun_380_x2,1.3509,1.2209,1.247,0.9449,0.3011,50.8137,1.3677,bismarck_gun_380_x2,1.3678,1.2363,1.2627,0.9658,0.3049,52.5922,1.3848,,,,
gun_18_x3_germany,,457,gun_18_x3,germany,,,0.3849,bismarck_gun_380_short_x3,1.2125,1.1763,1.2014,0.9378,0.2901,43.2292,1.2429,bismarck_gun_380_short_x3,1.2276,1.1909,1.2164,0.9587,0.2937,44.7422,1.2584,bismarck_gun_380_short_x3,1.243,1.2059,1.2317,0.9799,0.2974,46.3082,1.2742,bismarck_gun_380_x3,1.3342,1.2209,1.247,0.9449,0.3011,50.8137,1.3677,bismarck_gun_380_x3,1.3509,1.2363,1.2627,0.9658,0.3049,52.5922,1.3848,,,,
gun_18_x4_germany,,457,gun_18_x4,germany,,,0.3849,ny_gun_210_x4,0.9917,2.207,2.2541,0.999,0.5443,35.8007,1.0293,ny_gun_210_x4,1.0041,2.2346,2.2823,1.0212,0.5511,37.0538,1.0422,arizona_gun_356_x4,1.2375,1.4999,1.5319,0.9303,0.3699,46.6813,1.2844,arizona_gun_356_x4,1.253,1.5185,1.5509,0.9511,0.3745,48.3151,1.3005,iowa_gun_406_x4,1.2732,0.9233,0.943,1.0727,0.2277,50.186,1.3215,,,,
gun_18_x2_alt_germany,,457,gun_18_x2_alt,germany,,New line - alternate guns,0.3849,ny_gun_210_x2,1.0166,2.207,2.2541,0.999,0.5443,35.8007,1.0293,ny_gun_210_x2,1.0294,2.2346,2.2823,1.0212,0.5511,37.0538,1.0422,arizona_gun_356_x2,1.2686,1.4999,1.5319,0.9303,0.3699,46.6813,1.2844,arizona_gun_356_x2,1.2845,1.5185,1.5509,0.9511,0.3745,48.3151,1.3005,iowa_gun_406_x2,1.3052,0.9233,0.943,1.0727,0.2277,50.186,1.3215,,,,
gun_18_x3_alt_germany,,457,gun_18_x3_alt,germany,,New line - alternate guns,0.3849,ny_gun_210_x3,1.0041,2.207,2.2541,0.999,0.5443,35.8007,1.0293,ny_gun_210_x3,1.0167,2.2346,2.2823,1.0212,0.5511,37.0538,1.0422,arizona_gun_356_x3,1.2529,1.4999,1.5319,0.9303,0.3699,46.6813,1.2844,arizona_gun_356_x3,1.2686,1.5185,1.5509,0.9511,0.3745,48.3151,1.3005,iowa_gun_406_x3,1.2891,0.9233,0.943,1.0727,0.2277,50.186,1.3215,,,,
gun_19_x1_germany,,483,gun_19_x1,germany,,,0.4047,spee_gun_280_x1_a,1.2126,1.6652,1.6989,0.894,0.3895,42.1746,1.2126,spee_gun_280_x1_a,1.2277,1.6862,1.7203,0.9138,0.3944,43.6507,1.2277,spee_gun_280_x1_a,1.2431,1.7071,1.7416,0.9342,0.3993,45.1785,1.2431,spee_gun_var_280_x1,1.2258,1.7285,1.7635,0.9549,0.4043,46.7597,1.2258,spee_gun_var_280_x1,1.2411,1.7503,1.7857,0.976,0.4094,48.3963,1.2411,,,,
gun_19_x2_germany,,483,gun_19_x2,germany,,,0.4047,spee_gun_280_x2_a,1.1977,1.6652,1.6989,0.894,0.3895,42.1746,1.2126,spee_gun_280_x2_a,1.2126,1.6862,1.7203,0.9138,0.3944,43.6507,1.2277,spee_gun_280_x2_a,1.2278,1.7071,1.7416,0.9342,0.3993,45.1785,1.2431,spee_gun_var_280_x2,1.2107,1.7285,1.7635,0.9549,0.4043,46.7597,1.2258,spee_gun_var_280_x2,1.2258,1.7503,1.7857,0.976,0.4094,48.3963,1.2411,,,,
gun_19_x3_germany,,483,gun_19_x3,germany,,,0.4047,spee_gun_280_x3_a,1.1829,1.6652,1.6989,0.894,0.3895,42.1746,1.2126,spee_gun_280_x3_a,1.1976,1.6862,1.7203,0.9138,0.3944,43.6507,1.2277,spee_gun_280_x3_a,1.2126,1.7071,1.7416,0.9342,0.3993,45.1785,1.2431,spee_gun_var_280_x3,1.1958,1.7285,1.7635,0.9549,0.4043,46.7597,1.2258,spee_gun_var_280_x3,1.2107,1.7503,1.7857,0.976,0.4094,48.3963,1.2411,,,,
gun_19_x4_germany,,483,gun_19_x4,germany,,,0.4047,spee_gun_280_x4_a,1.1683,1.6652,1.6989,0.894,0.3895,42.1746,1.2126,spee_gun_280_x4_a,1.1828,1.6862,1.7203,0.9138,0.3944,43.6507,1.2277,spee_gun_280_x4_a,1.1977,1.7071,1.7416,0.9342,0.3993,45.1785,1.2431,spee_gun_var_280_x4,1.181,1.7285,1.7635,0.9549,0.4043,46.7597,1.2258,spee_gun_var_280_x4,1.1957,1.7503,1.7857,0.976,0.4094,48.3963,1.2411,,,,
gun_20_x1_germany,,508,gun_20_x1,germany,,,0.4236,dreadnought_gun_b_305_x1,1.105,1.6234,1.6547,1.0081,0.3616,37.4554,1.105,dreadnought_gun_b_305_x1,1.1188,1.6436,1.6752,1.0306,0.3661,38.7664,1.1188,dreadnought_gun_b_305_x1,1.1328,1.6642,1.6962,1.0535,0.3707,40.1232,1.1328,ussr_gun_406_x1,1.3327,1.1242,1.1459,1.0044,0.2504,48.2539,1.3327,ussr_gun_406_x1,1.3494,1.1381,1.16,1.0269,0.2535,49.9428,1.3494,,,,
gun_20_x2_germany,,508,gun_20_x2,germany,,,0.4236,dreadnought_gun_b_305_x2,1.0914,1.6234,1.6547,1.0081,0.3616,37.4554,1.105,dreadnought_gun_b_305_x2,1.105,1.6436,1.6752,1.0306,0.3661,38.7664,1.1188,dreadnought_gun_b_305_x2,1.1189,1.6642,1.6962,1.0535,0.3707,40.1232,1.1328,ussr_gun_406_x2,1.3163,1.1242,1.1459,1.0044,0.2504,48.2539,1.3327,ussr_gun_406_x2,1.3328,1.1381,1.16,1.0269,0.2535,49.9428,1.3494,,,,
gun_20_x3_germany,,508,gun_20_x3,germany,,,0.4236,dreadnought_gun_b_305_x3,1.0779,1.6234,1.6547,1.0081,0.3616,37.4554,1.105,dreadnought_gun_b_305_x3,1.0914,1.6436,1.6752,1.0306,0.3661,38.7664,1.1188,dreadnought_gun_b_305_x3,1.1051,1.6642,1.6962,1.0535,0.3707,40.1232,1.1328,ussr_gun_406_x3,1.3,1.1242,1.1459,1.0044,0.2504,48.254,1.3327,ussr_gun_406_x3,1.3163,1.1381,1.16,1.0269,0.2535,49.9429,1.3494,,,,
gun_20_x4_germany,,508,gun_20_x4,germany,,,0.4236,dreadnought_gun_b_305_x4,1.0646,1.6234,1.6547,1.0081,0.3616,37.4554,1.105,dreadnought_gun_b_305_x4,1.0779,1.6436,1.6752,1.0306,0.3661,38.7664,1.1188,dreadnought_gun_b_305_x4,1.0914,1.6642,1.6962,1.0535,0.3707,40.1232,1.1328,ussr_gun_406_x4,1.284,1.1242,1.1459,1.0044,0.2504,48.2539,1.3327,ussr_gun_406_x4,1.3001,1.1381,1.16,1.0269,0.2535,49.9428,1.3494,,,,
###,,,###,usa,,,,,,,,,,,,,,,,,,,,,,,,,,,,,,,,,,,,,,,,,,,,,,,
"gun_2_x1_usa_bb,bc,ca,cl",,51,gun_2_x1,usa,"bb, bc, ca, cl",,0.1197,,,,,,,,,pen_gun_127_x1,2.4,1,1.0725,,0.8106,46.1248,1.1281,pen_gun_127_x1,2.45,1.0125,1.08590625,,0.8208,47.7391,1.1422,,,,,,,,,,,,,,,,,,,,
"gun_2_x2_usa_bb,bc,ca,cl",,51,gun_2_x2,usa,"bb, bc, ca, cl",,0.1197,maine_gun_152_x2,0.8,0.8,0.8775,,0.7262,47.9833,1.3796,pen_gun_127_x2,2.4,1,1.0725,,0.8106,46.1248,1.1281,pen_gun_127_x2,2.45,1.0125,1.08590625,,0.8208,47.7391,1.1422,,,,,,,,,,,,,,,,,,,,
"gun_2_x3_usa_bb,bc,ca,cl",,51,gun_2_x3,usa,"bb, bc, ca, cl",,0.1197,maine_gun_152_x3,0.8,0.8,0.8775,,0.7262,47.9833,1.3796,pen_gun_127_x3,2.4,1,1.0725,,0.8106,46.1247,1.1281,pen_gun_127_x3,2.45,1.0125,1.08590625,,0.8208,47.739,1.1422,,,,,,,,,,,,,,,,,,,,
gun_2_x4_usa,,51,gun_2_x4,usa,,,0.1197,,,,,,,,,,,,,,,,,,,,,,,,,,,,,,,,,,,,,,,,,,,,
"gun_3_x1_usa_bb,bc,ca,cl",,76,gun_3_x1,usa,"bb, bc, ca, cl",,0.1519,,,,,,,,,pen_gun_127_x1,2.4,1.1,1.17,,0.8106,44.321,1.084,pen_gun_127_x1,2.45,1.0125,1.08590625,,0.8208,45.8723,1.0975,,,,,,,,,,,,,,,,,,,,
"gun_3_x2_usa_bb,bc,ca,cl",,76,gun_3_x2,usa,"bb, bc, ca, cl",,0.1519,maine_gun_152_x2,0.8,0.9,0.975,,0.7262,46.1069,1.3256,pen_gun_127_x2,2.4,1.1,1.17,,0.8106,44.321,1.084,pen_gun_127_x2,2.45,1.11375,1.184625,,0.8208,45.8723,1.0975,,,,,,,,,,,,,,,,,,,,
"gun_3_x3_usa_bb,bc,ca,cl",,76,gun_3_x3,usa,"bb, bc, ca, cl",,0.1519,maine_gun_152_x3,0.8,0.9,0.975,,0.7262,46.1069,1.3256,pen_gun_127_x3,2.4,1.1,1.17,,0.8106,44.3209,1.084,pen_gun_127_x3,2.45,1.11375,1.184625,,0.8208,45.8722,1.0975,,,,,,,,,,,,,,,,,,,,
gun_3_x4_usa,,76,gun_3_x4,usa,,,0.1519,,,,,,,,,,,,,,,,,,,,,,,,,,,,,,,,,,,,,,,,,,,,
gun_3_x1_usa_dd,,76,gun_3_x1,usa,dd,,0.1519,maine_gun_152_x1,0.8,0.9,0.975,,0.7262,46.1069,1.3256,pen_gun_127_x1,2.4,1,1.0725,,0.8106,44.321,1.084,pen_gun_127_x1,2.45,1.0125,1.08590625,,0.8208,45.8723,1.0975,clev_gun_127_x1,2.7,0.84,0.8775,,0.7522,52.2861,1.4074,clev_gun_127_x1,2.72,0.8505,0.88846875,,0.7616,54.1161,1.4249,,,,
gun_3_x2_usa_dd,,76,gun_3_x2,usa,dd,,0.1519,maine_gun_152_x2,0.8,0.9,0.975,,0.7262,46.1069,1.3256,pen_gun_127_x2,2.4,1,1.0725,,0.8106,44.321,1.084,pen_gun_127_x2,2.45,1.0125,1.08590625,,0.8208,45.8723,1.0975,clev_gun_127_x2,2.7,0.84,0.8775,,0.7522,52.2861,1.4074,clev_gun_127_x2,2.72,0.8505,0.88846875,,0.7616,54.1161,1.4249,,,,
gun_3_x3_usa_dd,,76,gun_3_x3,usa,dd,,0.1519,maine_gun_152_x3,0.8,0.9,0.975,,0.7262,46.1069,1.3256,pen_gun_127_x3,2.4,1,1.0725,,0.8106,44.3209,1.084,pen_gun_127_x3,2.45,1.0125,1.08590625,,0.8208,45.8722,1.0975,clev_gun_127_x3,2.7,0.84,0.8775,,0.7522,52.2861,1.4074,clev_gun_127_x3,2.72,0.8505,0.88846875,,0.7616,54.1161,1.4249,,,,
"gun_4_x1_usa_bb,bc,ca,cl",,102,gun_4_x1,usa,"bb, bc, ca, cl",,0.1669,maine_gun_152_x1,0.8,1,1.0725,,0.7262,44.77,1.2872,maine_gun_230_x1,2.44,0.85,0.8775,,0.4845,45.4803,1.2792,maine_gun_230_x1,2.46,0.860625,0.88846875,,0.4906,47.0722,1.2952,clev_gun_127_x1,2.2,0.9,0.975,,0.7522,50.7701,1.3665,clev_gun_127_x1,2.22,0.91125,0.9871875,,0.7616,52.547,1.3836,,,,
"gun_4_x2_usa_bb,bc,ca,cl",,102,gun_4_x2,usa,"bb, bc, ca, cl",,0.1669,maine_gun_152_x2,0.8,1,1.0725,,0.7262,44.77,1.2872,maine_gun_230_x2,2.44,0.85,0.8775,,0.4845,45.4803,1.2792,maine_gun_230_x2,2.46,0.860625,0.88846875,,0.4906,47.0722,1.2952,clev_gun_127_x2,2.2,0.9,0.975,,0.7522,50.7701,1.3665,clev_gun_127_x2,2.22,0.91125,0.9871875,,0.7616,52.547,1.3836,,,,
"gun_4_x3_usa_bb,bc,ca,cl",,102,gun_4_x3,usa,"bb, bc, ca, cl",,0.1669,maine_gun_152_x3,0.8,1,1.0725,,0.7262,44.77,1.2872,maine_gun_230_x3,2.44,0.85,0.8775,,0.4845,45.4803,1.2792,maine_gun_230_x3,2.46,0.860625,0.88846875,,0.4906,47.0722,1.2952,clev_gun_127_x3,2.2,0.9,0.975,,0.7522,50.7701,1.3665,clev_gun_127_x3,2.22,0.91125,0.9871875,,0.7616,52.547,1.3836,,,,
gun_4_x4_usa,,102,gun_4_x4,usa,,,0.1669,,,,,,,,,,,,,,,,,,,,,,,,,clev_gun_127_x4,2.18,0.9,0.975,,0.7522,50.7701,1.3665,clev_gun_127_x4,2.22,0.91125,0.9871875,,0.7616,52.547,1.3836,,,,
gun_4_x1_usa_dd,,102,gun_4_x1,usa,dd,,0.1669,maine_gun_152_x1,0.8,1,1.0725,,0.7262,44.77,1.2872,pen_gun_127_x1,2.4,1.1,1.17,,0.8106,43.0359,1.0526,pen_gun_127_x1,2.45,1.0125,1.08590625,,0.8208,44.5422,1.0657,clev_gun_127_x1,2.2,0.9,0.975,,0.7522,50.7701,1.3665,clev_gun_127_x1,2.22,0.91125,0.9871875,,0.7616,52.547,1.3836,,,,
gun_4_x2_usa_dd,,102,gun_4_x2,usa,dd,,0.1669,maine_gun_152_x2,0.8,1,1.0725,,0.7262,44.77,1.2872,pen_gun_127_x2,2.4,1.1,1.17,,0.8106,43.0359,1.0526,pen_gun_127_x2,2.45,1.11375,1.184625,,0.8208,44.5422,1.0657,clev_gun_127_x2,2.2,0.9,0.975,,0.7522,50.7701,1.3665,clev_gun_127_x2,2.22,0.91125,0.9871875,,0.7616,52.547,1.3836,,,,
gun_4_x3_usa_dd,,102,gun_4_x3,usa,dd,,0.1669,maine_gun_152_x3,0.8,1,1.0725,,0.7262,44.77,1.2872,pen_gun_127_x3,2.4,1.1,1.17,,0.8106,43.0358,1.0526,pen_gun_127_x3,2.45,1.11375,1.184625,,0.8208,44.5421,1.0657,clev_gun_127_x3,2.2,0.9,0.975,,0.7522,50.7701,1.3665,clev_gun_127_x3,2.22,0.91125,0.9871875,,0.7616,52.547,1.3836,,,,
"gun_5_x1_usa_bb,bc,ca",,127,gun_5_x1,usa,"bb, bc, ca",,0.1636,maine_gun_152_x1,0.8,1.1,1.17,,0.7262,43.7993,1.2593,maine_gun_230_x1,1.45,0.9,0.92625,,0.4845,44.4942,1.2514,maine_gun_230_x1,1.5,0.91125,0.937828125,,0.4906,46.0515,1.2671,clev_gun_127_x1,1.18,1,1.0725,,0.7522,49.6692,1.3369,clev_gun_127_x1,1.2,1.0125,1.08590625,,0.7616,51.4077,1.3536,,,,
"gun_5_x2_usa_bb,bc,ca",,127,gun_5_x2,usa,"bb, bc, ca",,0.1636,maine_gun_152_x2,0.8,1.1,1.17,,0.7262,43.7993,1.2593,maine_gun_230_x2,1.45,0.9,0.92625,,0.4845,44.4942,1.2514,maine_gun_230_x2,1.5,0.91125,0.937828125,,0.4906,46.0515,1.2671,clev_gun_127_x2,1.18,1,1.0725,,0.7522,49.6692,1.3369,clev_gun_127_x2,1.2,1.0125,1.08590625,,0.7616,51.4077,1.3536,,,,
"gun_5_x3_usa_bb,bc,ca",,127,gun_5_x3,usa,"bb, bc, ca",,0.1636,maine_gun_152_x3,0.8,1.1,1.17,,0.7262,43.7993,1.2593,maine_gun_230_x3,1.45,0.9,0.92625,,0.4845,44.4942,1.2514,maine_gun_230_x3,1.5,0.91125,0.937828125,,0.4906,46.0515,1.2671,clev_gun_127_x3,1.18,1,1.0725,,0.7522,49.6692,1.3369,clev_gun_127_x3,1.2,1.0125,1.08590625,,0.7616,51.4077,1.3536,,,,
"gun_5_x4_usa_bb,bc",,127,gun_5_x4,usa,"bb, bc",,0.1636,,,,,,,,,dreadnought_gun_178_x4,1.2,1.025,1.096875,,0.5845,47.1786,1.2577,dreadnought_gun_178_x4,1.22,1.05,1.12125,,0.5918,48.8298,1.2734,clev_gun_127_x4,1.18,1,1.0725,,0.7522,49.6692,1.3369,clev_gun_127_x4,1.2,1.0125,1.08590625,,0.7616,51.4077,1.3536,,,,
"gun_5_x1_usa_ca,cl",,127,gun_5_x1,usa,"ca, cl",,0.1636,maine_gun_152_x1,0.8,1.1,1.17,,0.7262,43.7993,1.2593,maine_gun_230_x1,1.45,0.95,0.92625,,0.4845,44.4942,1.2514,maine_gun_230_x1,1.5,0.961875,0.937828125,,0.4906,46.0515,1.2671,atl_gun_125_x1,1.18,1,1.0725,,0.7556,51.0026,1.3728,atl_gun_125_x1,1.2,1.0125,1.08590625,,0.7651,52.7877,1.39,,,,
"gun_5_x2_usa_ca,cl",,127,gun_5_x2,usa,"ca, cl",,0.1636,maine_gun_152_x2,0.8,1.1,1.17,,0.7262,43.7993,1.2593,maine_gun_230_x2,1.45,0.95,0.92625,,0.4845,44.4942,1.2514,maine_gun_230_x2,1.5,0.961875,0.937828125,,0.4906,46.0515,1.2671,atl_gun_125_x2,1.18,1,1.0725,,0.7556,51.0026,1.3728,atl_gun_125_x2,1.2,1.0125,1.08590625,,0.7651,52.7877,1.39,,,,
"gun_5_x3_usa_ca,cl",,127,gun_5_x3,usa,"ca, cl",,0.1636,maine_gun_152_x3,0.8,1.1,1.17,,0.7262,43.7993,1.2593,maine_gun_230_x3,1.45,0.95,0.92625,,0.4845,44.4942,1.2514,maine_gun_230_x3,1.5,0.961875,0.937828125,,0.4906,46.0515,1.2671,atl_gun_125_x3,1.18,1,1.0725,,0.7556,51.0026,1.3728,atl_gun_125_x3,1.2,1.0125,1.08590625,,0.7651,52.7877,1.39,,,,
"gun_5_x4_usa_ca,cl",,127,gun_5_x4,usa,"ca, cl",,0.1636,,,,,,,,,,,,,,,,,,,,,,,,,atl_gun_125_x4,1.18,1,1.0725,,0.7556,51.0026,1.3728,atl_gun_125_x4,1.2,1.0125,1.08590625,,0.7651,52.7877,1.39,,,,
gun_5_x1_usa_dd,,127,gun_5_x1,usa,dd,,0.1636,maine_gun_152_x1,0.8,1.1,1.17,,0.7262,43.7993,1.2593,maine_gun_230_x1,1.45,0.95,0.975,,0.4845,44.4942,1.2514,maine_gun_230_x1,1.5,0.961875,0.9871875,,0.4906,46.0515,1.2671,akizuki_gun_b_127_x1,1.18,1.1,1.17,,0.8164,46.6388,1.2554,akizuki_gun_b_127_x1,1.2,1.11375,1.184625,,0.8266,48.2712,1.271,,,,
gun_5_x2_usa_dd,,127,gun_5_x2,usa,dd,,0.1636,maine_gun_152_x2,0.8,1.1,1.17,,0.7262,43.7993,1.2593,maine_gun_230_x2,1.45,0.95,0.975,,0.4845,44.4942,1.2514,maine_gun_230_x2,1.5,0.961875,0.9871875,,0.4906,46.0515,1.2671,akizuki_gun_b_127_x2,1.18,1.1,1.17,,0.8164,46.6388,1.2554,akizuki_gun_b_127_x2,1.2,1.11375,1.184625,,0.8266,48.2712,1.271,,,,
gun_5_x3_usa_dd,,127,gun_5_x3,usa,dd,,0.1636,maine_gun_152_x3,0.8,1.1,1.17,,0.7262,43.7993,1.2593,maine_gun_230_x3,1.45,0.95,0.975,,0.4845,44.4942,1.2514,maine_gun_230_x3,1.5,0.961875,0.9871875,,0.4906,46.0515,1.2671,akizuki_gun_b_127_x3,1.18,1.1,1.17,,0.8164,46.6388,1.2554,akizuki_gun_b_127_x3,1.2,1.11375,1.184625,,0.8266,48.2712,1.271,,,,
"gun_6_x1_usa_bb,bc",,152,gun_6_x1,usa,"bb, bc",,0.1859,maine_gun_254_x1,1.465,0.9,0.92625,,0.4346,34.4619,1.0167,maine_gun_254_x1_b,1.48,0.91125,0.937828125,,0.3658,41.2391,1.1599,maine_gun_254_x1_b,1.27,0.961875,1.036546875,,0.3704,42.6825,1.1744,clev_gun_127_x1,1.18,1.175,1.2675,,0.7522,48.7847,1.3131,clev_gun_127_x1,1.2,1.1896875,1.28334375,,0.7616,50.4921,1.3295,,,,
"gun_6_x2_usa_bb,bc",,152,gun_6_x2,usa,"bb, bc",,0.1859,maine_gun_254_x2,1.465,0.9,0.92625,,0.4346,34.4619,1.0167,maine_gun_254_x2_b,1.48,0.91125,0.937828125,,0.3658,41.2391,1.1599,maine_gun_254_x2_b,1.27,0.961875,1.036546875,,0.3704,42.6825,1.1744,clev_gun_127_x2,1.18,1.175,1.2675,,0.7522,48.7847,1.3131,clev_gun_127_x2,1.2,1.1896875,1.28334375,,0.7616,50.4921,1.3295,,,,
"gun_6_x3_usa_bb,bc",,152,gun_6_x3,usa,"bb, bc",,0.1859,maine_gun_254_x3,1.465,0.9,0.92625,,0.4346,34.4619,1.0167,maine_gun_254_x3_b,1.48,0.91125,0.937828125,,0.3658,41.2391,1.1599,maine_gun_254_x3_b,1.27,0.961875,1.036546875,,0.3704,42.6825,1.1744,clev_gun_127_x3,1.18,1.175,1.2675,,0.7522,48.7847,1.3131,clev_gun_127_x3,1.2,1.1896875,1.28334375,,0.7616,50.4921,1.3295,,,,
"gun_6_x4_usa_bb,bc",,152,gun_6_x4,usa,"bb, bc",,0.1859,,,,,,,,,dreadnought_gun_178_x4,1.2,1.125,1.17,,0.5845,46.3384,1.2353,dreadnought_gun_178_x4,1.22,1.15,1.194375,,0.5918,47.9602,1.2508,clev_gun_127_x4,1.18,1.175,1.2675,,0.7522,48.7847,1.3131,clev_gun_127_x4,1.2,1.1896875,1.28334375,,0.7616,50.4922,1.3295,,,,
gun_6_x1_usa_ca,,152,gun_6_x1,usa,ca,,0.1859,maine_gun_254_x1,1.565,0.9,0.92625,,0.4346,34.4619,1.0167,maine_gun_254_x1_b,1.58,0.91125,0.937828125,,0.3658,41.2391,1.1599,maine_gun_254_x1_b,1.27,0.961875,1.02375,,0.3704,42.6825,1.1744,brooklyn_gun_152_x1,1.3,1,1.0725,,0.4764,47.5862,1.2809,brooklyn_gun_152_x1,1.33,1.0125,1.08590625,,0.4823,49.2517,1.2969,,,,
gun_6_x2_usa_ca,,152,gun_6_x2,usa,ca,,0.1859,maine_gun_254_x2,1.565,0.9,0.92625,,0.4346,34.4619,1.0167,maine_gun_254_x2_b,1.58,0.91125,0.937828125,,0.3658,41.2391,1.1599,maine_gun_254_x2_b,1.27,0.961875,1.02375,,0.3704,42.6825,1.1744,brooklyn_gun_152_x2,1.3,1,1.0725,,0.4764,47.5862,1.2809,brooklyn_gun_152_x2,1.33,1.0125,1.08590625,,0.4823,49.2517,1.2969,,,,
gun_6_x3_usa_ca,,152,gun_6_x3,usa,ca,,0.1859,maine_gun_254_x3,1.565,0.9,0.92625,,0.4346,34.4619,1.0167,maine_gun_254_x3_b,1.58,0.91125,0.937828125,,0.3658,41.2391,1.1599,maine_gun_254_x3_b,1.27,0.961875,1.02375,,0.3704,42.6825,1.1744,brooklyn_gun_152_x3,1.3,1,1.0725,,0.4764,47.5862,1.2809,brooklyn_gun_152_x3,1.33,1.0125,1.08590625,,0.4823,49.2517,1.2969,,,,
gun_6_x1_usa_cl,,152,gun_6_x1,usa,cl,,0.1859,maine_gun_254_x1,1.565,0.9,0.92625,,0.4346,34.4619,1.0167,maine_gun_254_x1_b,1.58,0.91125,0.937828125,,0.3658,41.2391,1.1599,maine_gun_254_x1_b,1.27,0.922640625,0.949550977,,0.3704,42.6825,1.1744,brooklyn_gun_152_x1,1.3,1,1.0725,,0.4764,47.5862,1.2809,brooklyn_gun_152_x1,1.33,1.0125,1.08590625,,0.4823,49.2517,1.2969,,,,
gun_6_x2_usa_cl,,152,gun_6_x2,usa,cl,,0.1859,maine_gun_254_x2,1.565,0.9,0.92625,,0.4346,34.4619,1.0167,maine_gun_254_x2_b,1.58,0.91125,0.937828125,,0.3658,41.2391,1.1599,maine_gun_254_x2_b,1.27,0.922640625,0.949550977,,0.3704,42.6825,1.1744,brooklyn_gun_152_x2,1.3,1,1.0725,,0.4764,47.5862,1.2809,brooklyn_gun_152_x2,1.33,1.0125,1.08590625,,0.4823,49.2517,1.2969,,,,
gun_6_x3_usa_cl,,152,gun_6_x3,usa,cl,,0.1859,maine_gun_254_x3,1.565,0.9,0.92625,,0.4346,34.4619,1.0167,maine_gun_254_x3_b,1.58,0.91125,0.937828125,,0.3658,41.2391,1.1599,maine_gun_254_x3_b,1.27,0.922640625,0.949550977,,0.3704,42.6825,1.1744,brooklyn_gun_152_x3,1.3,1,1.0725,,0.4764,47.5862,1.2809,brooklyn_gun_152_x3,1.33,1.0125,1.08590625,,0.4823,49.2517,1.2969,,,,
"gun_6_x4_usa_ca,cl",,152,gun_6_x4,usa,"ca, cl",,0.1859,,,,,,,,,,,,,,,,,,,,,,,,,brooklyn_gun_152_x4,1.3,1,1.0725,,0.4764,47.5862,1.2809,brooklyn_gun_152_x4,1.32,1.0125,1.08590625,,0.4823,49.2517,1.2969,,,,
"gun_7_x1_usa_bb,bc",,178,gun_7_x1,usa,"bb, bc",,0.2118,maine_gun_254_x1,1.165,0.95,0.9945,,0.4346,33.9221,1.0007,maine_gun_254_x1_b,1.185,0.961875,1.00693125,,0.3658,40.593,1.1417,maine_gun_254_x1_b,1.2,1.063125,1.110585938,,0.3704,42.0138,1.156,atl_gun_125_x1,1.18,1.3,1.41375,,0.7556,49.3095,1.3272,atl_gun_125_x1,1.29,1.31625,1.431421875,,0.7651,51.0354,1.3438,,,,
"gun_7_x2_usa_bb,bc",,178,gun_7_x2,usa,"bb, bc",,0.2118,maine_gun_254_x2,1.165,0.95,0.9945,,0.4346,33.9221,1.0007,maine_gun_254_x2_b,1.185,0.961875,1.00693125,,0.3658,40.593,1.1417,maine_gun_254_x2_b,1.2,1.063125,1.110585938,,0.3704,42.0138,1.156,atl_gun_125_x2,1.18,1.3,1.41375,,0.7556,49.3095,1.3272,atl_gun_125_x2,1.29,1.31625,1.431421875,,0.7651,51.0354,1.3438,,,,
"gun_7_x3_usa_bb,bc",,178,gun_7_x3,usa,"bb, bc",,0.2118,maine_gun_254_x3,1.165,0.95,0.9945,,0.4346,33.9221,1.0007,maine_gun_254_x3_b,1.185,0.961875,1.00693125,,0.3658,40.593,1.1417,maine_gun_254_x3_b,1.2,1.063125,1.110585938,,0.3704,42.0138,1.156,atl_gun_125_x3,1.18,1.3,1.41375,,0.7556,49.3095,1.3272,atl_gun_125_x3,1.29,1.31625,1.431421875,,0.7651,51.0354,1.3438,,,,
"gun_7_x4_usa_bb,bc",,178,gun_7_x4,usa,"bb, bc",,0.2118,,,,,,,,,dreadnought_gun_178_x4,1.2,1.2,1.243125,,0.5845,45.6124,1.216,dreadnought_gun_178_x4,1.22,1.225,1.2675,,0.5918,47.2089,1.2312,atl_gun_125_x4,1.18,1.3,1.41375,,0.7556,49.3095,1.3272,atl_gun_125_x4,1.2,1.31625,1.431421875,,0.7651,51.0354,1.3438,,,,
"gun_7_x1_usa_ca,cl",,178,gun_7_x1,usa,"ca, cl",,0.2118,maine_gun_254_x1,1.265,0.95,0.9945,,0.4346,33.9221,1.0007,maine_gun_254_x1_b,1.28,0.961875,1.00693125,,0.3658,40.593,1.1417,arizona_gun_356_x1,1.27,0.810701648,0.832035902,,0.3699,51.297,1.4114,brooklyn_gun_152_x1,1.3,1.1,1.17,,0.4764,46.8407,1.2608,brooklyn_gun_152_x1,1.32,1.11375,1.184625,,0.4823,48.4801,1.2765,,,,
"gun_7_x2_usa_ca,cl",,178,gun_7_x2,usa,"ca, cl",,0.2118,maine_gun_254_x2,1.265,0.95,0.9945,,0.4346,33.9221,1.0007,maine_gun_254_x2_b,1.28,0.961875,1.00693125,,0.3658,40.593,1.1417,arizona_gun_356_x2,1.27,0.810701648,0.832035902,,0.3699,51.297,1.4114,brooklyn_gun_152_x2,1.3,1.1,1.17,,0.4764,46.8407,1.2608,brooklyn_gun_152_x2,1.32,1.11375,1.184625,,0.4823,48.4801,1.2765,,,,
"gun_7_x3_usa_ca,cl",,178,gun_7_x3,usa,"ca, cl",,0.2118,maine_gun_254_x3,1.265,0.95,0.9945,,0.4346,33.9221,1.0007,maine_gun_254_x3_b,1.28,0.961875,1.00693125,,0.3658,40.593,1.1417,arizona_gun_356_x3,1.27,0.810701648,0.832035902,,0.3699,51.297,1.4114,brooklyn_gun_152_x3,1.3,1.1,1.17,,0.4764,46.8407,1.2608,brooklyn_gun_152_x3,1.32,1.11375,1.184625,,0.4823,48.4801,1.2765,,,,
"gun_7_x4_usa_ca,cl",,178,gun_7_x4,usa,"ca, cl",,0.2118,,,,,,,,,,,,,,,,,arizona_gun_356_x4,1.27,0.810701648,0.832035902,,0.3699,51.297,1.4114,brooklyn_gun_152_x4,1.3,1.1,1.145625,,0.4764,46.8407,1.2608,brooklyn_gun_152_x4,1.32,1.11375,1.159945313,,0.4823,48.4801,1.2765,,,,
"gun_8_x1_usa_bb,bc",,203,gun_8_x1,usa,"bb, bc",,0.235,maine_gun_254_x1,1.165,1.02,1.08225,,0.4346,33.4792,0.9877,maine_gun_254_x1_b,1.185,1.03275,1.095778125,,0.3658,40.063,1.1268,maine_gun_254_x1_b,1.2,1.1390625,1.184625,,0.3704,41.4653,1.1409,atl_gun_125_x1,1.27,1.45,1.56,,0.7556,48.6657,1.3099,atl_gun_125_x1,1.29,1.468125,1.5795,,0.7651,50.369,1.3263,,,,
"gun_8_x2_usa_bb,bc",,203,gun_8_x2,usa,"bb, bc",,0.235,maine_gun_254_x2,1.165,1.02,1.08225,,0.4346,33.4792,0.9877,maine_gun_254_x2_b,1.185,1.03275,1.095778125,,0.3658,40.063,1.1268,maine_gun_254_x2_b,1.2,1.1390625,1.184625,,0.3704,41.4652,1.1409,atl_gun_125_x2,1.27,1.45,1.56,,0.7556,48.6657,1.3099,atl_gun_125_x2,1.29,1.468125,1.5795,,0.7651,50.369,1.3263,,,,
"gun_8_x3_usa_bb,bc",,203,gun_8_x3,usa,"bb, bc",,0.235,maine_gun_254_x3,1.165,1.02,1.08225,,0.4346,33.4792,0.9877,maine_gun_254_x3_b,1.185,1.03275,1.095778125,,0.3658,40.063,1.1268,maine_gun_254_x3_b,1.2,1.1390625,1.184625,,0.3704,41.4653,1.1409,atl_gun_125_x3,1.27,1.45,1.56,,0.7556,48.6657,1.3099,atl_gun_125_x3,1.29,1.468125,1.5795,,0.7651,50.369,1.3263,,,,
"gun_8_x4_usa_bb,bc",,203,gun_8_x4,usa,"bb, bc",,0.235,,,,,,,,,dreadnought_gun_178_x4,1.2,1.275,1.375,,0.5845,45.0169,1.2001,dreadnought_gun_178_x4,1.22,1.3,1.3921875,,0.5918,46.5925,1.2151,atl_gun_125_x4,1.18,1.45,1.56,,0.7556,48.6657,1.3099,atl_gun_125_x4,1.2,1.468125,1.5795,,0.7651,50.369,1.3263,,,,
"gun_8_x1_usa_ca,cl",,203,gun_8_x1,usa,"ca, cl",,0.235,maine_gun_254_x1,1.165,1.02,1.08225,,0.4346,33.4792,0.9877,maine_gun_254_x1_b,1.185,1.03275,1.095778125,,0.3658,40.063,1.1268,arizona_gun_356_x1,1.27,0.853370156,0.875827266,,0.3699,50.6273,1.393,brooklyn_gun_b_152_x1,1.3,1.175,1.21875,,0.4764,51.4474,1.3848,brooklyn_gun_b_152_x1,1.32,1.1896875,1.233984375,,0.4823,53.248,1.4021,,,,
"gun_8_x2_usa_ca,cl",,203,gun_8_x2,usa,"ca, cl",,0.235,maine_gun_254_x2,1.165,1.02,1.08225,,0.4346,33.4792,0.9877,maine_gun_254_x2_b,1.185,1.03275,1.095778125,,0.3658,40.063,1.1268,arizona_gun_356_x2,1.27,0.853370156,0.875827266,,0.3699,50.6273,1.393,brooklyn_gun_b_152_x2,1.3,1.175,1.21875,,0.4764,51.4474,1.3848,brooklyn_gun_b_152_x2,1.32,1.1896875,1.233984375,,0.4823,53.248,1.4021,,,,
"gun_8_x3_usa_ca,cl",,203,gun_8_x3,usa,"ca, cl",,0.235,maine_gun_254_x3,1.165,1.02,1.08225,,0.4346,33.4792,0.9877,maine_gun_254_x3_b,1.185,1.03275,1.095778125,,0.3658,40.063,1.1268,arizona_gun_356_x3,1.27,0.853370156,0.875827266,,0.3699,50.6273,1.393,brooklyn_gun_b_152_x3,1.3,1.175,1.21875,,0.4764,51.4474,1.3848,brooklyn_gun_b_152_x3,1.32,1.1896875,1.233984375,,0.4823,53.248,1.4021,,,,
"gun_8_x4_usa_ca,cl",,203,gun_8_x4,usa,"ca, cl",,0.235,ny_gun_356_x4,1.18,0.8,0.82875,,0.3608,48.3823,1.391,ny_gun_356_x4,1.2,0.82,0.84946875,,0.3653,50.0757,1.4084,arizona_gun_356_x4,1.27,0.853370156,0.875827266,,0.3699,50.6273,1.393,brooklyn_gun_b_152_x4,1.3,1.175,1.21875,,0.4764,51.4474,1.3848,brooklyn_gun_b_152_x4,1.32,1.1896875,1.233984375,,0.4823,53.248,1.4021,,,,
gun_9_x1_usa,,229,gun_9_x1,usa,,,0.2574,maine_gun_254_x1_a,1.15,0.95,1.02375,,0.4343,36.9375,1.0897,maine_gun_254_x1_b,1.17,0.961875,1.036546875,,0.3658,39.5831,1.1133,arizona_gun_356_x1,1.27,0.898284375,0.921923438,,0.3699,50.0208,1.3763,brooklyn_gun_b_152_x1,1.3,1.25,1.291875,,0.4764,50.8311,1.3682,brooklyn_gun_b_152_x1,1.32,1.265625,1.308023438,,0.4823,52.6102,1.3853,,,,
gun_9_x2_usa,,229,gun_9_x2,usa,,,0.2574,maine_gun_254_x2_a,1.15,0.95,1.02375,,0.4343,36.9375,1.0897,maine_gun_254_x2_b,1.17,0.961875,1.036546875,,0.3658,39.5831,1.1133,arizona_gun_356_x2,1.27,0.898284375,0.921923438,,0.3699,50.0208,1.3763,brooklyn_gun_b_152_x2,1.3,1.25,1.291875,,0.4764,50.8311,1.3682,brooklyn_gun_b_152_x2,1.32,1.265625,1.308023438,,0.4823,52.6102,1.3853,,,,
gun_9_x3_usa,,229,gun_9_x3,usa,,,0.2574,maine_gun_254_x3_a,1.15,0.95,1.02375,,0.4343,36.9375,1.0897,maine_gun_254_x3_b,1.17,0.961875,1.036546875,,0.3658,39.5831,1.1133,arizona_gun_356_x3,1.27,0.898284375,0.921923438,,0.3699,50.0208,1.3763,brooklyn_gun_b_152_x3,1.3,1.25,1.291875,,0.4764,50.8311,1.3682,brooklyn_gun_b_152_x3,1.32,1.265625,1.308023438,,0.4823,52.6102,1.3853,,,,
gun_9_x4_usa,,229,gun_9_x4,usa,,,0.2574,ny_gun_356_x4,1.18,0.85,0.8775,,0.3608,47.8027,1.3744,ny_gun_356_x4,1.2,0.87125,0.8994375,,0.3653,49.4758,1.3916,arizona_gun_356_x4,1.27,0.898284375,0.921923438,,0.3699,50.0208,1.3763,brooklyn_gun_b_152_x4,1.3,1.25,1.291875,,0.4764,50.8311,1.3682,brooklyn_gun_b_152_x4,1.32,1.265625,1.308023438,,0.4823,52.6102,1.3853,,,,
gun_10_x1_usa,,254,gun_10_x1,usa,,,0.2773,maine_gun_254_x1_a,1.15,1.05,1.12125,,0.4343,36.5567,1.0785,ny_gun_356_x1,1.2,0.918355797,0.942523055,,0.3653,48.9658,1.3772,arizona_gun_356_x1,1.22,0.9455625,0.973141406,,0.3699,49.5052,1.3621,brooklyn_gun_b_152_x1,1.3,1.325,1.365,,0.4764,50.3071,1.3541,brooklyn_gun_b_152_x1,1.32,1.3415625,1.3820625,,0.4823,52.0679,1.371,,,,
gun_10_x2_usa,,254,gun_10_x2,usa,,,0.2773,maine_gun_254_x2_a,1.15,1.05,1.12125,,0.4343,36.5567,1.0785,ny_gun_356_x2,1.2,0.918355797,0.942523055,,0.3653,48.9658,1.3772,arizona_gun_356_x2,1.22,0.9455625,0.973141406,,0.3699,49.5052,1.3621,brooklyn_gun_b_152_x2,1.3,1.325,1.365,,0.4764,50.3071,1.3541,brooklyn_gun_b_152_x2,1.32,1.3415625,1.3820625,,0.4823,52.0679,1.371,,,,
gun_10_x3_usa,,254,gun_10_x3,usa,,,0.2773,maine_gun_254_x3_a,1.15,1.05,1.12125,,0.4343,36.5567,1.0785,ny_gun_356_x3,1.2,0.918355797,0.942523055,,0.3653,48.9658,1.3772,arizona_gun_356_x3,1.22,0.9455625,0.973141406,,0.3699,49.5052,1.3621,brooklyn_gun_b_152_x3,1.3,1.325,1.365,,0.4764,50.3071,1.3541,brooklyn_gun_b_152_x3,1.32,1.3415625,1.3820625,,0.4823,52.0679,1.371,,,,
gun_10_x4_usa,,254,gun_10_x4,usa,,,0.2773,ny_gun_356_x4,1.18,0.9,0.92625,,0.3608,47.31,1.3602,ny_gun_356_x4,1.2,0.9225,0.94940625,,0.3653,48.9658,1.3772,arizona_gun_356_x4,1.22,0.9455625,0.973141406,,0.3699,49.5052,1.3621,brooklyn_gun_b_152_x4,1.3,1.325,1.365,,0.4764,50.3071,1.3541,brooklyn_gun_b_152_x4,1.32,1.3415625,1.3820625,,0.4823,52.0679,1.371,,,,
gun_11_x1_usa,,279,gun_11_x1,usa,,,0.2431,maine_gun_254_x1_a,1.15,1.15,1.31625,,0.4343,36.2151,1.0684,ny_gun_356_x1,1.2,0.966690313,0.992129531,,0.3653,48.5083,1.3643,arizona_gun_356_x1,1.22,0.99809375,1.024359375,,0.3699,49.0426,1.3494,brooklyn_gun_b_152_x1,1.3,1.4,1.45,,0.4764,49.8371,1.3414,iowa_gun_406_x1,1.33,0.6875,0.706875,,0.2277,52.7247,1.3883,,,,
gun_11_x2_usa,,279,gun_11_x2,usa,,,0.2431,maine_gun_254_x2_a,1.15,1.15,1.31625,,0.4343,36.2151,1.0684,ny_gun_356_x2,1.2,0.966690313,0.992129531,,0.3653,48.5083,1.3643,arizona_gun_356_x2,1.22,0.99809375,1.024359375,,0.3699,49.0426,1.3494,brooklyn_gun_b_152_x2,1.3,1.4,1.45,,0.4764,49.8371,1.3414,iowa_gun_406_x2,1.33,0.6875,0.706875,,0.2277,52.7247,1.3883,,,,
gun_11_x3_usa,,279,gun_11_x3,usa,,,0.2431,maine_gun_254_x3_a,1.15,1.15,1.31625,,0.4343,36.2151,1.0684,ny_gun_356_x3,1.2,0.966690313,0.992129531,,0.3653,48.5083,1.3643,arizona_gun_356_x3,1.22,0.99809375,1.024359375,,0.3699,49.0426,1.3494,brooklyn_gun_b_152_x3,1.3,1.4,1.45,,0.4764,49.8371,1.3414,iowa_gun_406_x3,1.33,0.6875,0.706875,,0.2277,52.7247,1.3883,,,,
gun_11_x4_usa,,279,gun_11_x4,usa,,,0.2431,ny_gun_356_x4,1.18,0.95,0.975,,0.3608,46.8679,1.3475,ny_gun_356_x4,1.2,0.97375,0.999375,,0.3653,48.5083,1.3643,arizona_gun_356_x4,1.22,0.99809375,1.024359375,,0.3699,49.0426,1.3494,brooklyn_gun_b_152_x4,1.3,1.4,1.04325,,0.4764,49.8371,1.3414,iowa_gun_406_x4,1.32,0.6875,0.706875,,0.2277,52.7247,1.3883,,,,
gun_12_x1_usa,,305,gun_12_x1,usa,,,0.2645,maine_gun_254_x1_a,1.15,1.35,1.56,,0.4343,35.8939,1.0589,ny_gun_356_x1,1.2,1.01756875,1.044346875,,0.3653,48.078,1.3522,arizona_gun_356_x1,1.22,1.05395,1.06601625,,0.3699,48.6076,1.3374,arizona_gun_356_x1,1.3,1.07,1.08225,,0.3745,50.3089,1.3541,iowa_gun_406_x1,1.33,0.725,0.737429063,,0.2277,52.257,1.376,,,,
gun_12_x2_usa,,305,gun_12_x2,usa,,,0.2645,maine_gun_254_x2_a,1.15,1.35,1.56,,0.4343,35.8939,1.0589,ny_gun_356_x2,1.2,1.01756875,1.044346875,,0.3653,48.078,1.3522,arizona_gun_356_x2,1.22,1.05395,1.06601625,,0.3699,48.6076,1.3374,arizona_gun_356_x2,1.3,1.07,1.08225,,0.3745,50.3089,1.3541,iowa_gun_406_x2,1.33,0.725,0.737429063,,0.2277,52.257,1.376,,,,
gun_12_x3_usa,,305,gun_12_x3,usa,,,0.2645,maine_gun_254_x3_a,1.15,1.35,1.56,,0.4343,35.8939,1.0589,ny_gun_356_x3,1.2,1.01756875,1.044346875,,0.3653,48.078,1.3522,arizona_gun_356_x3,1.22,1.05395,1.06601625,,0.3699,48.6076,1.3374,arizona_gun_356_x3,1.3,1.07,1.08225,,0.3745,50.3089,1.3541,iowa_gun_406_x3,1.33,0.725,0.737429063,,0.2277,52.257,1.376,,,,
gun_12_x4_usa,,305,gun_12_x4,usa,,,0.2645,ny_gun_356_x4,1.18,1,1.02375,,0.3608,46.4522,1.3355,ny_gun_356_x4,1.2,1.025,1.04934375,,0.3653,48.078,1.3522,arizona_gun_356_x4,1.22,1.05395,1.06601625,,0.3699,48.6076,1.3374,arizona_gun_356_x4,1.3,1.07,1.08225,,0.3745,50.3089,1.3541,iowa_gun_406_x4,1.32,0.725,0.737429063,,0.2277,52.257,1.376,,,,
gun_13_x1_usa,,330,gun_13_x1,usa,,,0.2848,maine_gun_254_x1_a,1.15,1.6,1.755,,0.4343,35.6122,1.0506,ny_gun_356_x1,1.2,1.071125,1.0993125,,0.3653,47.7007,1.3416,arizona_gun_356_x1,1.22,1.10315625,1.126795313,,0.3699,48.2262,1.3269,arizona_gun_356_x1,1.3,1.11,1.14075,,0.3745,49.9141,1.3435,iowa_gun_406_x1,1.33,0.7563375,0.791724375,,0.2277,51.8469,1.3652,,,,
gun_13_x2_usa,,330,gun_13_x2,usa,,,0.2848,maine_gun_254_x2_a,1.15,1.6,1.755,,0.4343,35.6122,1.0506,ny_gun_356_x2,1.2,1.071125,1.0993125,,0.3653,47.7007,1.3416,arizona_gun_356_x2,1.22,1.10315625,1.126795313,,0.3699,48.2262,1.3269,arizona_gun_356_x2,1.3,1.11,1.14075,,0.3745,49.9141,1.3435,iowa_gun_406_x2,1.33,0.7563375,0.791724375,,0.2277,51.8469,1.3652,,,,
gun_13_x3_usa,,330,gun_13_x3,usa,,,0.2848,maine_gun_254_x3_a,1.15,1.6,1.755,,0.4343,35.6122,1.0506,ny_gun_356_x3,1.2,1.071125,1.0993125,,0.3653,47.7007,1.3416,arizona_gun_356_x3,1.22,1.10315625,1.126795313,,0.3699,48.2262,1.3269,arizona_gun_356_x3,1.3,1.11,1.14075,,0.3745,49.9141,1.3435,iowa_gun_406_x3,1.33,0.7563375,0.791724375,,0.2277,51.8469,1.3652,,,,
gun_13_x4_usa,,330,gun_13_x4,usa,,,0.2848,ny_gun_356_x4,1.18,1.05,1.0725,,0.3608,46.0876,1.3251,ny_gun_356_x4,1.2,1.07625,1.0993125,,0.3653,47.7007,1.3416,arizona_gun_356_x4,1.22,1.10315625,1.126795313,,0.3699,48.2262,1.3269,arizona_gun_356_x4,1.3,1.11,1.14075,,0.3745,49.9141,1.3435,iowa_gun_406_x4,1.32,0.7563375,0.791724375,,0.2277,51.8469,1.3652,,,,
gun_14_x1_usa,,356,gun_14_x1,usa,,,0.3057,ny_gun_356_x1,1.18,1.1,1.12125,,0.3608,45.7394,1.3151,ny_gun_356_x1,1.2,1.1275,1.14928125,,0.3653,47.3403,1.3315,arizona_gun_356_x1,1.22,1.1556875,1.178013281,,0.3699,47.8618,1.3169,arizona_gun_356_x1,1.3,1.17,1.1895,,0.3745,49.537,1.3334,iowa_gun_406_x1,1.33,0.812025,0.847006875,,0.2277,51.4552,1.3549,,,,
gun_14_x2_usa,,356,gun_14_x2,usa,,,0.3057,ny_gun_356_x2,1.18,1.1,1.12125,,0.3608,45.7395,1.3151,ny_gun_356_x2,1.2,1.1275,1.14928125,,0.3653,47.3403,1.3315,arizona_gun_356_x2,1.22,1.1556875,1.178013281,,0.3699,47.8618,1.3169,arizona_gun_356_x2,1.3,1.17,1.1895,,0.3745,49.537,1.3334,iowa_gun_406_x2,1.33,0.812025,0.847006875,,0.2277,51.4552,1.3549,,,,
gun_14_x3_usa,,356,gun_14_x3,usa,,,0.3057,ny_gun_356_x3,1.18,1.1,1.12125,,0.3608,45.7394,1.3151,ny_gun_356_x3,1.2,1.1275,1.14928125,,0.3653,47.3403,1.3315,arizona_gun_356_x3,1.22,1.1556875,1.178013281,,0.3699,47.8618,1.3169,arizona_gun_356_x3,1.3,1.17,1.1895,,0.3745,49.537,1.3334,iowa_gun_406_x3,1.33,0.812025,0.847006875,,0.2277,51.4552,1.3549,,,,
gun_14_x4_usa,,356,gun_14_x4,usa,,,0.3057,ny_gun_356_x4,1.18,1.1,1.12125,,0.3608,45.7394,1.3151,ny_gun_356_x4,1.2,1.1275,1.14928125,,0.3653,47.3403,1.3315,arizona_gun_356_x4,1.22,1.1556875,1.178013281,,0.3699,47.8618,1.3169,arizona_gun_356_x4,1.3,1.17,1.1895,,0.3745,49.537,1.3334,iowa_gun_406_x4,1.32,0.812025,0.847006875,,0.2277,51.4552,1.3549,,,,
gun_15_x1_usa,,381,gun_15_x1,usa,,,0.3256,ny_gun_356_x1,1.18,1.15,1.1895,,0.3608,45.4301,1.3062,ny_gun_356_x1,1.2,1.17875,1.2192375,,0.3653,47.0201,1.3225,arizona_gun_356_x1,1.22,1.20821875,1.249718438,,0.3699,47.5381,1.308,arizona_gun_356_x1,1.3,1.22,1.28334375,,0.3745,49.2019,1.3243,iowa_gun_406_x1,1.33,0.868725,0.901302188,,0.2277,51.1072,1.3457,,,,
gun_15_x2_usa,,381,gun_15_x2,usa,,,0.3256,ny_gun_356_x2,1.18,1.15,1.1895,,0.3608,45.4301,1.3062,ny_gun_356_x2,1.2,1.17875,1.2192375,,0.3653,47.0201,1.3225,arizona_gun_356_x2,1.22,1.20821875,1.249718438,,0.3699,47.5381,1.308,arizona_gun_356_x2,1.3,1.22,1.28334375,,0.3745,49.2019,1.3243,iowa_gun_406_x2,1.33,0.868725,0.901302188,,0.2277,51.1072,1.3457,,,,
gun_15_x3_usa,,381,gun_15_x3,usa,,,0.3256,ny_gun_356_x3,1.18,1.15,1.1895,,0.3608,45.4301,1.3062,ny_gun_356_x3,1.2,1.17875,1.2192375,,0.3653,47.0201,1.3225,arizona_gun_356_x3,1.22,1.20821875,1.249718438,,0.3699,47.5381,1.308,arizona_gun_356_x3,1.3,1.22,1.28334375,,0.3745,49.2019,1.3243,iowa_gun_406_x3,1.33,0.868725,0.901302188,,0.2277,51.1072,1.3457,,,,
gun_15_x4_usa,,381,gun_15_x4,usa,,,0.3256,ny_gun_356_x4,1.18,1.15,1.1895,,0.3608,45.4301,1.3062,ny_gun_356_x4,1.2,1.17875,1.2192375,,0.3653,47.0201,1.3225,arizona_gun_356_x4,1.22,1.20821875,1.249718438,,0.3699,47.5381,1.308,arizona_gun_356_x4,1.3,1.22,1.28334375,,0.3745,49.2019,1.3243,iowa_gun_406_x4,1.32,0.868725,0.901302188,,0.2277,51.1072,1.3457,,,,
gun_16_x1_usa,,406,gun_16_x1,usa,,,0.3453,ny_gun_356_x1,1.18,1.22,1.287,,0.3608,45.1423,1.2979,ny_gun_356_x1,1.2,1.2505,1.319175,,0.3653,46.7222,1.3141,arizona_gun_356_x1,1.22,1.3,1.365,,0.3699,47.2369,1.2997,arizona_gun_356_x1,1.3,1.31625,1.3820625,,0.3745,48.8902,1.316,iowa_gun_406_x1,1.33,0.9244125,0.956584688,,0.2277,50.7834,1.3372,,,,
gun_16_x2_usa,,406,gun_16_x2,usa,,,0.3453,ny_gun_356_x2,1.18,1.22,1.287,,0.3608,45.1423,1.2979,ny_gun_356_x2,1.2,1.2505,1.319175,,0.3653,46.7222,1.3141,arizona_gun_356_x2,1.22,1.3,1.365,,0.3699,47.2369,1.2997,arizona_gun_356_x2,1.3,1.31625,1.3820625,,0.3745,48.8902,1.316,iowa_gun_406_x2,1.33,0.9244125,0.956584688,,0.2277,50.7834,1.3372,,,,
gun_16_x3_usa,,406,gun_16_x3,usa,,,0.3453,ny_gun_356_x3,1.18,1.22,1.287,,0.3608,45.1423,1.2979,ny_gun_356_x3,1.2,1.2505,1.319175,,0.3653,46.7222,1.3141,arizona_gun_356_x3,1.22,1.3,1.365,,0.3699,47.2369,1.2997,arizona_gun_356_x3,1.3,1.31625,1.3820625,,0.3745,48.8902,1.316,iowa_gun_406_x3,1.33,0.9244125,0.956584688,,0.2277,50.7834,1.3372,,,,
gun_16_x4_usa,,406,gun_16_x4,usa,,,0.3453,ny_gun_356_x4,1.18,1.22,1.287,,0.3608,45.1423,1.2979,ny_gun_356_x4,1.2,1.2505,1.319175,,0.3653,46.7222,1.3141,arizona_gun_356_x4,1.22,1.3,1.365,,0.3699,47.2369,1.2997,arizona_gun_356_x4,1.3,1.31625,1.3820625,,0.3745,48.8902,1.316,iowa_gun_406_x4,1.32,0.9244125,0.956584688,,0.2277,50.7834,1.3372,,,,
gun_17_x1_usa,,432,gun_17_x1,usa,,,0.3656,ny_gun_356_x1,1.2,1.32,1.3845,,0.3608,44.8629,1.2899,arizona_gun_356_x1,1.27,1.379,1.4405625,,0.3653,45.3571,1.2757,arizona_gun_356_x1,1.22,1.4,1.4625,,0.3699,46.9446,1.2917,arizona_gun_356_x1,1.31,1.4175,1.48078125,,0.3745,48.5877,1.3078,iowa_gun_406_x1,1.33,0.9811125,1.015815938,,0.2277,50.4692,1.3289,,,,
gun_17_x2_usa,,432,gun_17_x2,usa,,,0.3656,ny_gun_356_x2,1.2,1.32,1.3845,,0.3608,44.8629,1.2899,arizona_gun_356_x2,1.27,1.379,1.4405625,,0.3653,45.3571,1.2757,arizona_gun_356_x2,1.22,1.4,1.4625,,0.3699,46.9446,1.2917,arizona_gun_356_x2,1.31,1.4175,1.48078125,,0.3745,48.5877,1.3078,iowa_gun_406_x2,1.33,0.9811125,1.015815938,,0.2277,50.4691,1.3289,,,,
gun_17_x3_usa,,432,gun_17_x3,usa,,,0.3656,ny_gun_356_x3,1.2,1.32,1.3845,,0.3608,44.8629,1.2899,arizona_gun_356_x3,1.27,1.379,1.4405625,,0.3653,45.3571,1.2757,arizona_gun_356_x3,1.22,1.4,1.4625,,0.3699,46.9446,1.2917,arizona_gun_356_x3,1.31,1.4175,1.48078125,,0.3745,48.5877,1.3078,iowa_gun_406_x3,1.33,0.9811125,1.015815938,,0.2277,50.4691,1.3289,,,,
gun_17_x4_usa,,432,gun_17_x4,usa,,,0.3656,ny_gun_356_x4,1.2,1.32,1.3845,,0.3608,44.8629,1.2899,arizona_gun_356_x4,1.27,1.379,1.4405625,,0.3653,45.3571,1.2757,arizona_gun_356_x4,1.23,1.4,1.4625,,0.3699,46.9446,1.2917,arizona_gun_356_x4,1.3,1.4175,1.48078125,,0.3745,48.5877,1.3078,iowa_gun_406_x4,1.32,0.9811125,1.015815938,,0.2277,50.4691,1.3289,,,,
gun_18_x1_usa,,457,gun_18_x1,usa,,,0.3849,ny_gun_356_x1,1.21,1.42,1.482,,0.3608,44.6112,1.2826,arizona_gun_356_x1,1.27,1.4775,1.53075,,0.3653,45.1027,1.2686,arizona_gun_356_x1,1.22,1.5,1.56,,0.3699,46.6813,1.2844,arizona_gun_356_x1,1.31,1.51875,1.5795,,0.3745,48.3151,1.3005,iowa_gun_406_x1,1.33,1.0418625,1.065175313,,0.2277,50.186,1.3215,,,,
gun_18_x2_usa,,457,gun_18_x2,usa,,,0.3849,ny_gun_356_x2,1.21,1.42,1.482,,0.3608,44.6112,1.2826,arizona_gun_356_x2,1.27,1.4775,1.53075,,0.3653,45.1027,1.2686,arizona_gun_356_x2,1.22,1.5,1.56,,0.3699,46.6813,1.2844,arizona_gun_356_x2,1.31,1.51875,1.5795,,0.3745,48.3151,1.3005,iowa_gun_406_x2,1.33,1.0418625,1.065175313,,0.2277,50.186,1.3215,,,,
gun_18_x3_usa,,457,gun_18_x3,usa,,,0.3849,ny_gun_356_x3,1.21,1.42,1.482,,0.3608,44.6112,1.2826,arizona_gun_356_x3,1.27,1.4775,1.53075,,0.3653,45.1027,1.2686,arizona_gun_356_x3,1.22,1.5,1.56,,0.3699,46.6813,1.2844,arizona_gun_356_x3,1.31,1.51875,1.5795,,0.3745,48.3151,1.3005,iowa_gun_406_x3,1.33,1.0418625,1.065175313,,0.2277,50.186,1.3215,,,,
gun_18_x4_usa,,457,gun_18_x4,usa,,,0.3849,ny_gun_356_x4,1.21,1.42,1.482,,0.3608,44.6112,1.2826,arizona_gun_356_x4,1.27,1.4775,1.53075,,0.3653,45.1027,1.2686,arizona_gun_356_x4,1.24,1.5,1.56,,0.3699,46.6813,1.2844,arizona_gun_356_x4,1.3,1.51875,1.5795,,0.3745,48.3151,1.3005,iowa_gun_406_x4,1.32,1.0418625,1.065175313,,0.2277,50.186,1.3215,,,,
gun_19_x1_usa,,483,gun_19_x1,usa,,,0.4047,ny_gun_356_x1,1.22,1.52,1.5795,,0.3608,44.3651,1.2755,arizona_gun_356_x1,1.27,1.57,1.62825,,0.3653,44.8538,1.2616,iowa_gun_406_x1,1.29,1.062815,1.084263375,,0.2221,46.5907,1.2819,iowa_gun_406_x1,1.31,1.079,1.100775,,0.2249,48.2213,1.2979,iowa_gun_406_x1,1.33,1.0924875,1.114534688,,0.2277,49.9091,1.3142,,,,
gun_19_x2_usa,,483,gun_19_x2,usa,,,0.4047,ny_gun_356_x2,1.22,1.52,1.5795,,0.3608,44.3651,1.2755,arizona_gun_356_x2,1.27,1.57,1.62825,,0.3653,44.8538,1.2616,iowa_gun_406_x2,1.29,1.062815,1.084263375,,0.2221,46.5907,1.2819,iowa_gun_406_x2,1.31,1.079,1.100775,,0.2249,48.2213,1.2979,iowa_gun_406_x2,1.33,1.0924875,1.114534688,,0.2277,49.9091,1.3142,,,,
gun_19_x3_usa,,483,gun_19_x3,usa,,,0.4047,ny_gun_356_x3,1.22,1.52,1.5795,,0.3608,44.3651,1.2755,arizona_gun_356_x3,1.27,1.57,1.62825,,0.3653,44.8538,1.2616,iowa_gun_406_x3,1.29,1.062815,1.084263375,,0.2221,46.5907,1.2819,iowa_gun_406_x3,1.31,1.079,1.100775,,0.2249,48.2213,1.2979,iowa_gun_406_x3,1.33,1.0924875,1.114534688,,0.2277,49.9091,1.3142,,,,
gun_19_x4_usa,,483,gun_19_x4,usa,,,0.4047,ny_gun_356_x4,1.22,1.52,1.5795,,0.3608,44.3651,1.2755,arizona_gun_356_x4,1.27,1.57,1.62825,,0.3653,44.8538,1.2616,iowa_gun_406_x4,1.29,1.062815,1.084263375,,0.2221,46.5907,1.2819,iowa_gun_406_x4,1.3,1.079,1.100775,,0.2249,48.2213,1.2979,iowa_gun_406_x4,1.32,1.0924875,1.114534688,,0.2277,49.9091,1.3142,,,,
gun_20_x1_usa,,508,gun_20_x1,usa,,,0.4236,ny_gun_356_x1,1.23,1.62,1.677,,0.3608,44.1418,1.2691,arizona_gun_356_x1,1.27,1.67,1.72575,,0.3653,44.628,1.2552,iowa_gun_406_x1,1.29,1.112065,1.137923438,,0.2221,46.3561,1.2755,iowa_gun_406_x1,1.31,1.129,1.15214748,,0.2249,47.9786,1.2914,iowa_gun_406_x1,1.33,1.1431125,1.166549324,,0.2277,49.6579,1.3076,,,,
gun_20_x2_usa,,508,gun_20_x2,usa,,,0.4236,ny_gun_356_x2,1.23,1.62,1.677,,0.3608,44.1418,1.2691,arizona_gun_356_x2,1.27,1.67,1.72575,,0.3653,44.628,1.2552,iowa_gun_406_x2,1.29,1.112065,1.137923438,,0.2221,46.3561,1.2755,iowa_gun_406_x2,1.31,1.129,1.15214748,,0.2249,47.9786,1.2914,iowa_gun_406_x2,1.33,1.1431125,1.166549324,,0.2277,49.6579,1.3076,,,,
gun_20_x3_usa,,508,gun_20_x3,usa,,,0.4236,ny_gun_356_x3,1.23,1.62,1.677,,0.3608,44.1418,1.2691,arizona_gun_356_x3,1.27,1.67,1.72575,,0.3653,44.628,1.2552,iowa_gun_406_x3,1.29,1.112065,1.137923438,,0.2221,46.3561,1.2755,iowa_gun_406_x3,1.31,1.129,1.15214748,,0.2249,47.9786,1.2914,iowa_gun_406_x3,1.33,1.1431125,1.166549324,,0.2277,49.6579,1.3076,,,,
gun_20_x4_usa,,508,gun_20_x4,usa,,,0.4236,ny_gun_356_x4,1.23,1.62,1.677,,0.3608,44.1417,1.2691,arizona_gun_356_x4,1.27,1.67,1.72575,,0.3653,44.628,1.2552,iowa_gun_406_x4,1.29,1.112065,1.137923438,,0.2221,46.3561,1.2755,iowa_gun_406_x4,1.3,1.129,1.15214748,,0.2249,47.9786,1.2914,iowa_gun_406_x4,1.32,1.1431125,1.166549324,,0.2277,49.6579,1.3076,,,,
###,,,###,russia,,,,SMALL GUNS RUSSIA,,,,,,,,,,,,,,,,,,,,,,,,,,,,,,,,,,,,,,,,,,,
"gun_2_x1_russia_dd,tb",,51,gun_2_x1,russia,"dd, tb",New line - vanilla fix/supplement,0.1197,brandenburg_gun_76_x1,1.5284,0.7242,0.8485,0.9854,0.8687,36.4259,1.0746,small_gun_e_76_x1,1.8507,0.7333,0.8591,1.5183,0.8796,53.204,1.3012,small_gun_c_76_x1,2.0429,1.2512,1.4659,1.4777,1.501,52.2026,1.4363,richelieu_gun_120_x1,1.4633,0.7947,0.9311,1.6329,0.9533,43.9543,1.0288,richelieu_gun_120_x1,1.4815,0.8046,0.9427,1.6692,0.9652,45.4927,1.0416,,,,
"gun_2_x2_russia_dd,tb",,51,gun_2_x2,russia,"dd, tb",New line - vanilla fix/supplement,0.1197,tsesarevich_gun_152_x2,2.1451,0.6051,0.709,1.5293,0.7259,51.7602,1.527,tsesarevich_gun_152_x2,2.1719,0.6127,0.7179,1.5632,0.735,53.5718,1.5461,atlanta_gun_28_x2,1.6672,1.1653,1.3653,1.3882,1.3979,45.5059,1.1868,richelieu_gun_120_x2,1.4452,0.7947,0.9311,1.6329,0.9533,43.9543,1.0288,richelieu_gun_120_x2,1.4632,0.8046,0.9427,1.6692,0.9652,45.4927,1.0416,,,,
"gun_2_x3_russia_dd,tb",,51,gun_2_x3,russia,"dd, tb",New line - vanilla fix/supplement,0.1197,dant_gun_305_x3,2.2214,0.2783,0.3261,1.6162,0.3338,57.1815,1.6011,dant_gun_305_x3,2.2491,0.2818,0.3302,1.652,0.338,59.1828,1.6211,atlanta_gun_28_x3,1.6466,1.1653,1.3653,1.3882,1.3979,45.5059,1.1868,richelieu_gun_120_x3,1.4274,0.7947,0.9311,1.6329,0.9533,43.9543,1.0288,richelieu_gun_120_x3,1.4452,0.8046,0.9427,1.6692,0.9652,45.4927,1.0416,,,,
"gun_2_x4_russia_dd,tb",,51,gun_2_x4,russia,"dd, tb",New line - vanilla fix/supplement,0.1197,dant_gun_245_x4,2.2278,0.3623,0.4245,1.5106,0.4346,58.0638,1.6258,dant_gun_245_x4,2.2558,0.3668,0.4298,1.5443,0.44,60.096,1.6462,richelieu_gun_120_x4,1.3924,0.7849,0.9196,1.5974,0.9415,42.468,1.0161,richelieu_gun_120_x4,1.4098,0.7947,0.9311,1.6329,0.9533,43.9543,1.0288,richelieu_gun_120_x4,1.4273,0.8046,0.9427,1.6692,0.9652,45.4927,1.0416,,,,
gun_2_x1_russia,,51,gun_2_x1,russia,,,0.1197,brandenburg_gun_76_x1,1.5284,0.7242,0.8485,0.9854,0.8687,36.4259,1.0746,small_gun_e_76_x1,1.8507,0.7333,0.8591,1.5183,0.8796,53.204,1.3012,small_gun_c_76_x1,2.0429,1.2512,1.4659,1.4777,1.501,52.2026,1.4363,richelieu_gun_120_x1,1.4633,0.7947,0.9311,1.6329,0.9533,43.9543,1.0288,ussr_gun_50_x1,1.9898,0.8051,0.9433,1.4438,0.9658,51.7815,1.399,,,,
gun_2_x2_russia,,51,gun_2_x2,russia,,,0.1197,tsesarevich_gun_152_x2,2.1451,0.6051,0.709,1.5293,0.7259,51.7602,1.527,tsesarevich_gun_152_x2,2.1719,0.6127,0.7179,1.5632,0.735,53.5718,1.5461,atlanta_gun_28_x2,1.6672,1.1653,1.3653,1.3882,1.3979,45.5059,1.1868,richelieu_gun_120_x2,1.4452,0.7947,0.9311,1.6329,0.9533,43.9543,1.0288,ussr_gun_50_x2,1.9662,0.8059,0.9442,1.443,0.9667,51.8058,1.3997,,,,
gun_2_x3_russia,,51,gun_2_x3,russia,,,0.1197,dant_gun_305_x3,2.2214,0.2783,0.3261,1.6162,0.3338,57.1815,1.6011,dant_gun_305_x3,2.2491,0.2818,0.3302,1.652,0.338,59.1828,1.6211,atlanta_gun_28_x3,1.6466,1.1653,1.3653,1.3882,1.3979,45.5059,1.1868,richelieu_gun_120_x3,1.4274,0.7947,0.9311,1.6329,0.9533,43.9543,1.0288,ussr_gun_50_x3,1.9418,0.8059,0.9442,1.392,0.9667,51.8037,1.3996,,,,
gun_2_x4_russia,,51,gun_2_x4,russia,,,0.1197,dant_gun_245_x4,2.2278,0.3623,0.4245,1.5106,0.4346,58.0638,1.6258,dant_gun_245_x4,2.2558,0.3668,0.4298,1.5443,0.44,60.096,1.6462,richelieu_gun_120_x4,1.3924,0.7849,0.9196,1.5974,0.9415,42.468,1.0161,richelieu_gun_120_x4,1.4098,0.7947,0.9311,1.6329,0.9533,43.9543,1.0288,ussr_gun_50_x4,1.9179,0.8059,0.9442,1.392,0.9667,51.8037,1.3996,,,,
gun_2_x1_alt_russia,,51,gun_2_x1_alt,russia,,New line - alternate guns,0.1197,brandenburg_gun_76_x1,1.5284,0.7242,0.8485,0.9854,0.8687,36.4259,1.0746,small_gun_e_76_x1,1.8507,0.7333,0.8591,1.5183,0.8796,53.204,1.3012,small_gun_e_76_x1,1.8739,0.7424,0.8698,1.5522,0.8906,55.0661,1.3175,pen_gun_127_x1,1.6449,0.6927,0.8116,1.861,0.831,49.41,1.1565,clev_gun_127_x1,2.1092,0.6349,0.7439,1.761,0.7616,56.3185,1.4829,,,,
gun_2_x2_alt_russia,,51,gun_2_x2_alt,russia,,New line - alternate guns,0.1197,tsesarevich_gun_152_x2,2.1451,0.6051,0.709,1.5293,0.7259,51.7602,1.527,tsesarevich_gun_152_x2,2.1719,0.6127,0.7179,1.5632,0.735,53.5718,1.5461,maine_gun_152_x2,1.9868,0.6206,0.7271,1.7236,0.7444,51.401,1.4143,pen_gun_127_x2,1.6246,0.6927,0.8116,1.861,0.831,49.41,1.1565,clev_gun_127_x2,2.0831,0.6349,0.7439,1.761,0.7616,56.3185,1.4829,,,,
gun_2_x3_alt_russia,,51,gun_2_x3_alt,russia,,New line - alternate guns,0.1197,dant_gun_305_x3,2.2214,0.2783,0.3261,1.6162,0.3338,57.1815,1.6011,dant_gun_305_x3,2.2491,0.2818,0.3302,1.652,0.338,59.1828,1.6211,maine_gun_152_x3,1.9622,0.6206,0.7271,1.7236,0.7444,51.4009,1.4143,pen_gun_127_x3,1.6046,0.6927,0.8116,1.751,0.831,49.4099,1.1565,clev_gun_127_x3,2.0574,0.6349,0.7439,1.761,0.7616,56.3185,1.4829,,,,
"gun_3_x1_russia_dd,tb",,76,gun_3_x1,russia,"dd, tb",New line - vanilla fix/supplement,0.1519,brandenburg_gun_76_x1,1.3711,0.92,1.0299,0.9459,0.8687,35.0014,1.0326,bouvet_gun_100_x1,1.6008,0.8579,0.9604,1.7215,0.8101,44.0139,1.2056,bouvet_gun_100_x1,1.6208,0.8687,0.9725,1.7596,0.8203,45.5544,1.2207,richelieu_gun_120_x1,1.3127,1.0096,1.1302,1.5674,0.9533,42.2355,0.9886,richelieu_gun_120_x1,1.329,1.0222,1.1443,1.6023,0.9652,43.7137,1.0009,,,,
"gun_3_x2_russia_dd,tb",,76,gun_3_x2,russia,"dd, tb",New line - vanilla fix/supplement,0.1519,tsesarevich_gun_152_x2,1.9242,0.7688,0.8607,1.4679,0.7259,49.7361,1.4673,tsesarevich_gun_152_x2,1.9482,0.7784,0.8714,1.5005,0.735,51.4769,1.4856,richelieu_gun_120_x2,1.2805,0.9971,1.1162,1.5334,0.9415,40.8072,0.9764,richelieu_gun_120_x2,1.2965,1.0096,1.1302,1.5674,0.9533,42.2355,0.9886,richelieu_gun_120_x2,1.3126,1.0222,1.1443,1.6023,0.9652,43.7137,1.0009,,,,
"gun_3_x3_russia_dd,tb",,76,gun_3_x3,russia,"dd, tb",New line - vanilla fix/supplement,0.1519,dant_gun_305_x3,1.9927,0.3535,0.3958,1.5516,0.3338,54.9454,1.5385,dant_gun_305_x3,2.0175,0.358,0.4008,1.5857,0.338,56.8684,1.5577,richelieu_gun_120_x3,1.2647,0.9971,1.1162,1.5334,0.9415,40.8072,0.9764,richelieu_gun_120_x3,1.2805,1.0096,1.1302,1.5674,0.9533,42.2355,0.9886,richelieu_gun_120_x3,1.2964,1.0222,1.1443,1.6023,0.9652,43.7137,1.0009,,,,
gun_3_x1_russia,,76,gun_3_x1,russia,,,0.1519,brandenburg_gun_76_x1,1.3711,0.92,1.0299,0.9459,0.8687,35.0014,1.0326,bouvet_gun_100_x1,1.6008,0.8579,0.9604,1.7215,0.8101,44.0139,1.2056,bouvet_gun_100_x1,1.6208,0.8687,0.9725,1.7596,0.8203,45.5544,1.2207,richelieu_gun_120_x1,1.3127,1.0096,1.1302,1.5674,0.9533,42.2355,0.9886,ussr_gun_50_x1,1.7849,1.0228,1.145,1.3859,0.9658,49.7565,1.3443,,,,
gun_3_x2_russia,,76,gun_3_x2,russia,,,0.1519,tsesarevich_gun_152_x2,1.9242,0.7688,0.8607,1.4679,0.7259,49.7361,1.4673,tsesarevich_gun_152_x2,1.9482,0.7784,0.8714,1.5005,0.735,51.4769,1.4856,richelieu_gun_120_x2,1.2805,0.9971,1.1162,1.5334,0.9415,40.8072,0.9764,richelieu_gun_120_x2,1.2965,1.0096,1.1302,1.5674,0.9533,42.2355,0.9886,ussr_gun_50_x2,1.7638,1.0238,1.1461,1.3852,0.9667,49.7799,1.345,,,,
gun_3_x3_russia,,76,gun_3_x3,russia,,,0.1519,dant_gun_305_x3,1.9927,0.3535,0.3958,1.5516,0.3338,54.9454,1.5385,dant_gun_305_x3,2.0175,0.358,0.4008,1.5857,0.338,56.8684,1.5577,richelieu_gun_120_x3,1.2647,0.9971,1.1162,1.5334,0.9415,40.8072,0.9764,richelieu_gun_120_x3,1.2805,1.0096,1.1302,1.5674,0.9533,42.2355,0.9886,ussr_gun_50_x3,1.7419,1.0238,1.1461,1.3362,0.9667,49.7779,1.3449,,,,
gun_3_x4_russia,,76,gun_3_x4,russia,,,0.1519,dant_gun_245_x4,1.9985,0.4603,0.5153,1.4499,0.4346,55.7932,1.5623,dant_gun_245_x4,2.0235,0.466,0.5217,1.4823,0.44,57.7459,1.5818,richelieu_gun_120_x4,1.249,0.9971,1.1162,1.5334,0.9415,40.8072,0.9764,richelieu_gun_120_x4,1.2646,1.0096,1.1302,1.5674,0.9533,42.2355,0.9886,ussr_gun_50_x4,1.7204,1.0238,1.1461,1.3362,0.9667,49.7779,1.3449,,,,
gun_3_x1_alt_russia,,76,gun_3_x1_alt,russia,,New line - alternate guns,0.1519,brandenburg_gun_76_x1,1.3711,0.92,1.0299,0.9459,0.8687,35.0014,1.0326,bouvet_gun_100_x1,1.6008,0.8579,0.9604,1.7215,0.8101,44.0139,1.2056,small_gun_c_76_x1,1.8326,1.5896,1.7795,1.4184,1.501,50.1612,1.3802,pen_gun_127_x1,1.4756,0.8801,0.9853,1.7862,0.831,47.4778,1.1113,akizuki_gun_b_127_x1,1.7766,0.8754,0.98,1.7709,0.8266,50.8144,1.338,,,,
gun_3_x2_alt_russia,,76,gun_3_x2_alt,russia,,New line - alternate guns,0.1519,tsesarevich_gun_152_x2,1.9242,0.7688,0.8607,1.4679,0.7259,49.7361,1.4673,tsesarevich_gun_152_x2,1.9482,0.7784,0.8714,1.5005,0.735,51.4769,1.4856,maine_gun_152_x2,1.7822,0.7884,0.8826,1.6545,0.7444,49.3909,1.359,pen_gun_127_x2,1.4574,0.8801,0.9853,1.7862,0.831,47.4778,1.1113,akizuki_gun_b_127_x2,1.7546,0.8754,0.98,1.7709,0.8266,50.8144,1.338,,,,
gun_3_x3_alt_russia,,76,gun_3_x3_alt,russia,,New line - alternate guns,0.1519,dant_gun_305_x3,1.9927,0.3535,0.3958,1.5516,0.3338,54.9454,1.5385,dant_gun_305_x3,2.0175,0.358,0.4008,1.5857,0.338,56.8684,1.5577,maine_gun_152_x3,1.7602,0.7884,0.8826,1.6545,0.7444,49.3909,1.359,pen_gun_127_x3,1.4394,0.8801,0.9853,1.6807,0.831,47.4777,1.1113,akizuki_gun_b_127_x3,1.733,0.8754,0.98,1.7709,0.8266,50.8144,1.338,,,,
"gun_4_x1_russia_dd,tb",,102,gun_4_x1,russia,"dd, tb",New line - vanilla fix/supplement,0.1669,small_gun_d_152_x1,1.0959,0.9157,0.9989,1.7383,0.7247,36.4774,0.912,bouvet_gun_100_x1,1.4067,1.0236,1.1166,1.5396,0.8101,42.7377,1.1707,bouvet_gun_100_x1,1.4242,1.0365,1.1307,1.5737,0.8203,44.2336,1.1853,ussr_gun_100_x1,1.6149,0.9025,0.9845,1.5591,0.7143,48.6623,1.344,ussr_gun_100_x1,1.6351,0.9139,0.997,1.5936,0.7233,50.3655,1.3608,,,,
"gun_4_x2_russia_dd,tb",,102,gun_4_x2,russia,"dd, tb",New line - vanilla fix/supplement,0.1669,tsesarevich_gun_152_x2,1.6907,0.9172,1.0006,1.3129,0.7259,48.294,1.4247,tsesarevich_gun_152_x2,1.7119,0.9287,1.0131,1.342,0.735,49.9843,1.4425,richelieu_gun_120_x2,1.125,1.1896,1.2977,1.3715,0.9415,39.624,0.948,ussr_gun_100_x2,1.5952,0.9029,0.985,1.5587,0.7146,48.6713,1.3442,ussr_gun_100_x2,1.6152,0.9142,0.9973,1.5933,0.7235,50.3748,1.361,,,,
"gun_4_x3_russia_dd,tb",,102,gun_4_x3,russia,"dd, tb",New line - vanilla fix/supplement,0.1669,dant_gun_305_x3,1.751,0.4218,0.4602,1.3876,0.3338,53.3522,1.4939,dant_gun_305_x3,1.7729,0.4271,0.4659,1.4184,0.338,55.2195,1.5126,richelieu_gun_120_x3,1.1112,1.1896,1.2977,1.3715,0.9415,39.624,0.948,ussr_gun_100_x3,1.5753,0.9025,0.9845,1.5591,0.7143,48.6623,1.344,ussr_gun_100_x3,1.595,0.9139,0.997,1.5936,0.7233,50.3654,1.3608,,,,
gun_4_x1_russia,,102,gun_4_x1,russia,,,0.1669,tsesarevich_gun_152_x1,1.7119,0.9172,1.0006,1.3129,0.7259,48.294,1.4247,bouvet_gun_100_x1,1.4067,1.0236,1.1166,1.5396,0.8101,42.7377,1.1707,bouvet_gun_100_x1,1.4242,1.0365,1.1307,1.5737,0.8203,44.2336,1.1853,ussr_gun_100_x1,1.6149,0.9025,0.9845,1.5591,0.7143,48.6623,1.344,ussr_gun_100_x1,1.6351,0.9139,0.997,1.5936,0.7233,50.3655,1.3608,,,,
gun_4_x2_russia,,102,gun_4_x2,russia,,,0.1669,tsesarevich_gun_152_x2,1.6907,0.9172,1.0006,1.3129,0.7259,48.294,1.4247,tsesarevich_gun_152_x2,1.7119,0.9287,1.0131,1.342,0.735,49.9843,1.4425,maine_gun_254_x2_b,1.4504,0.468,0.5106,1.8364,0.3704,44.4195,1.2222,ussr_gun_100_x2,1.5952,0.9029,0.985,1.5587,0.7146,48.6713,1.3442,ussr_gun_100_x2,1.6152,0.9142,0.9973,1.5933,0.7235,50.3748,1.361,,,,
gun_4_x3_russia,,102,gun_4_x3,russia,,,0.1669,dant_gun_305_x3,1.751,0.4218,0.4602,1.3876,0.3338,53.3522,1.4939,dant_gun_305_x3,1.7729,0.4271,0.4659,1.4184,0.338,55.2195,1.5126,maine_gun_254_x3_b,1.4325,0.468,0.5106,1.8364,0.3704,44.4195,1.2222,ussr_gun_100_x3,1.5753,0.9025,0.9845,1.5591,0.7143,48.6623,1.344,ussr_gun_100_x3,1.595,0.9139,0.997,1.5936,0.7233,50.3654,1.3608,,,,
gun_4_x4_russia,,102,gun_4_x4,russia,,,0.1669,dant_gun_245_x4,1.7561,0.5492,0.5991,1.2967,0.4346,54.1754,1.517,dant_gun_245_x4,1.778,0.556,0.6066,1.3257,0.44,56.0716,1.5359,richelieu_gun_120_x4,1.0974,1.1896,1.2977,1.3715,0.9415,39.624,0.948,bismarck_gun_b_150_x4,1.5902,0.8146,0.8886,1.5219,0.6447,51.0364,1.3737,bismarck_gun_105_x4,1.6318,1.1463,1.2505,1.2507,0.9072,61.5647,1.4096,,,,
gun_4_x1_alt_russia,,102,gun_4_x1_alt,russia,,New line - alternate guns,0.1669,tsesarevich_gun_152_x1,1.7119,0.9172,1.0006,1.3129,0.7259,48.294,1.4247,bouvet_gun_100_x1,1.4067,1.0236,1.1166,1.5396,0.8101,42.7377,1.1707,small_gun_e_76_x1,1.4771,1.1253,1.2276,1.3326,0.8906,51.3785,1.2293,bismarck_gun_b_150_x1,1.6506,0.8146,0.8886,1.5219,0.6447,51.0364,1.3737,bismarck_gun_105_x1,1.6937,1.1463,1.2505,1.2507,0.9072,61.5647,1.4096,,,,
gun_4_x2_alt_russia,,102,gun_4_x2_alt,russia,,New line - alternate guns,0.1669,tsesarevich_gun_152_x2,1.6907,0.9172,1.0006,1.3129,0.7259,48.294,1.4247,tsesarevich_gun_152_x2,1.7119,0.9287,1.0131,1.342,0.735,49.9843,1.4425,maine_gun_230_x2,1.5371,0.6199,0.6763,1.6378,0.4906,47.0722,1.2952,bismarck_gun_b_150_x2,1.6302,0.8146,0.8886,1.5219,0.6447,51.0364,1.3737,bismarck_gun_105_x2,1.6728,1.1463,1.2505,1.2507,0.9072,61.5647,1.4096,,,,
gun_4_x3_alt_russia,,102,gun_4_x3_alt,russia,,New line - alternate guns,0.1669,dant_gun_305_x3,1.751,0.4218,0.4602,1.3876,0.3338,53.3522,1.4939,dant_gun_305_x3,1.7729,0.4271,0.4659,1.4184,0.338,55.2195,1.5126,maine_gun_230_x3,1.5181,0.6199,0.6763,1.6378,0.4906,47.0722,1.2952,bismarck_gun_b_150_x3,1.6101,0.8146,0.8886,1.5219,0.6447,51.0364,1.3737,bismarck_gun_105_x3,1.6522,1.1463,1.2505,1.2507,0.9072,61.5647,1.4096,,,,
"gun_5_x1_russia_dd,tb",,127,gun_5_x1,russia,"dd, tb",,0.1636,small_gun_d_152_x1,0.9138,1.0444,1.1216,1.4615,0.7247,35.6865,0.8922,small_gun_e_76_x1,1.2165,1.2676,1.3613,1.0961,0.8796,48.5647,1.1878,brooklyn_gun_130_x1,1.2323,1.0723,1.1515,1.161,0.7441,50.2877,1.2032,brooklyn_gun_130_x1,1.2476,1.0857,1.1659,1.1868,0.7534,52.0477,1.2182,akizuki_gun_b_127_x1,1.3017,1.1912,1.2792,1.3317,0.8266,48.2712,1.271,,,,
gun_5_x1_russia,,127,gun_5_x1,russia,,,0.1636,tsesarevich_gun_152_x1,1.4275,1.0461,1.1234,1.1039,0.7259,47.2468,1.3938,tsesarevich_gun_152_x1,1.4454,1.0592,1.1375,1.1284,0.735,48.9005,1.4113,brooklyn_gun_130_x1,1.2323,1.0723,1.1515,1.161,0.7441,50.2877,1.2032,brooklyn_gun_130_x1,1.2476,1.0857,1.1659,1.1868,0.7534,52.0477,1.2182,akizuki_gun_b_127_x1,1.3017,1.1912,1.2792,1.3317,0.8266,48.2712,1.271,,,,
gun_5_x2_russia,,127,gun_5_x2,russia,,,0.1636,tsesarevich_gun_152_x2,1.4098,1.0461,1.1234,1.1039,0.7259,47.2468,1.3938,tsesarevich_gun_152_x2,1.4275,1.0592,1.1375,1.1284,0.735,48.9005,1.4113,dant_gun_245_x2,1.5389,0.642,0.6895,1.1395,0.4455,56.7757,1.5214,bismarck_gun_b_150_x2,1.3594,0.9291,0.9978,1.2795,0.6447,49.9298,1.3439,atl_gun_125_x2,1.406,1.1026,1.1841,1.2379,0.7651,52.7877,1.39,,,,
gun_5_x3_russia,,127,gun_5_x3,russia,,,0.1636,dant_gun_305_x3,1.4601,0.4811,0.5167,1.1666,0.3338,52.1954,1.4615,dant_gun_305_x3,1.4783,0.4871,0.5231,1.1926,0.338,54.0222,1.4798,dant_gun_245_x3,1.5199,0.642,0.6895,1.1395,0.4455,56.7757,1.5214,bismarck_gun_b_150_x3,1.3426,0.9291,0.9978,1.2795,0.6447,49.9298,1.3439,atl_gun_125_x3,1.3886,1.1026,1.1841,1.2379,0.7651,52.7877,1.39,,,,
gun_5_x4_russia,,127,gun_5_x4,russia,,,0.1636,dant_gun_245_x4,1.4643,0.6263,0.6726,1.0904,0.4346,53.0008,1.4841,dant_gun_245_x4,1.4826,0.6341,0.681,1.1147,0.44,54.8558,1.5026,dant_gun_245_x4,1.5011,0.642,0.6895,1.1395,0.4455,56.7757,1.5214,bismarck_gun_b_150_x4,1.326,0.9291,0.9978,1.2795,0.6447,49.9298,1.3439,atl_gun_125_x4,1.3715,1.1026,1.1841,1.2379,0.7651,52.7877,1.39,,,,
gun_5_x1_alt_russia,,127,gun_5_x1_alt,russia,,New line - alternate guns,0.1636,tsesarevich_gun_152_x1,1.4275,1.0461,1.1234,1.1039,0.7259,47.2468,1.3938,tsesarevich_gun_152_x1,1.4454,1.0592,1.1375,1.1284,0.735,48.9005,1.4113,small_gun_e_76_x1,1.2316,1.2835,1.3783,1.1204,0.8906,50.2645,1.2026,ussr_gun_100_x1,1.3466,1.0294,1.1055,1.3108,0.7143,47.6072,1.3148,ussr_gun_100_x1,1.3635,1.0424,1.1194,1.3398,0.7233,49.2734,1.3313,,,,
gun_5_x2_alt_russia,,127,gun_5_x2_alt,russia,,New line - alternate guns,0.1636,tsesarevich_gun_152_x2,1.4098,1.0461,1.1234,1.1039,0.7259,47.2468,1.3938,tsesarevich_gun_152_x2,1.4275,1.0592,1.1375,1.1284,0.735,48.9005,1.4113,maine_gun_254_x2_b,1.2095,0.5338,0.5733,1.5439,0.3704,43.4564,1.1957,ussr_gun_100_x2,1.3302,1.0298,1.1059,1.3106,0.7146,47.616,1.3151,ussr_gun_100_x2,1.3468,1.0427,1.1198,1.3396,0.7235,49.2826,1.3315,,,,
gun_5_x3_alt_russia,,127,gun_5_x3_alt,russia,,New line - alternate guns,0.1636,dant_gun_305_x3,1.4601,0.4811,0.5167,1.1666,0.3338,52.1954,1.4615,dant_gun_305_x3,1.4783,0.4871,0.5231,1.1926,0.338,54.0222,1.4798,maine_gun_254_x3_b,1.1945,0.5338,0.5733,1.5439,0.3704,43.4564,1.1957,ussr_gun_100_x3,1.3135,1.0294,1.1055,1.3108,0.7143,47.6071,1.3148,ussr_gun_100_x3,1.33,1.0424,1.1194,1.3398,0.7233,49.2734,1.3313,,,,
gun_6_x1_russia,,152,gun_6_x1,russia,,,0.1859,tsesarevich_gun_152_x1,1.369,1.1652,1.2378,1.1062,0.7259,46.4054,1.369,tsesarevich_gun_152_x1,1.3861,1.1798,1.2533,1.1308,0.735,48.0296,1.3861,dreadnought_gun_178_x1,1.2508,0.95,1.0092,1.254,0.5918,47.9602,1.2508,bismarck_gun_b_150_x1,1.32,1.0349,1.0994,1.2823,0.6447,49.0406,1.32,bismarck_gun_105_x1,1.3545,1.4562,1.5469,1.0539,0.9072,59.1572,1.3545,,,,
gun_6_x2_russia,,152,gun_6_x2,russia,,,0.1859,tsesarevich_gun_152_x2,1.3521,1.1652,1.2378,1.1062,0.7259,46.4054,1.369,tsesarevich_gun_152_x2,1.369,1.1798,1.2533,1.1308,0.735,48.0296,1.3861,dreadnought_gun_178_x2,1.2354,0.95,1.0092,1.254,0.5918,47.9602,1.2508,bismarck_gun_b_150_x2,1.3038,1.0349,1.0994,1.2823,0.6447,49.0406,1.32,mont_gun_152_x2,1.332,1.0435,1.1085,1.2624,0.6501,52.5903,1.3486,,,,
gun_6_x3_russia,,152,gun_6_x3,russia,,,0.1859,dant_gun_305_x3,1.4003,0.5358,0.5692,1.1693,0.3338,51.2658,1.4355,dant_gun_305_x3,1.4178,0.5426,0.5764,1.1951,0.338,53.0601,1.4534,dreadnought_gun_178_x3,1.2202,0.95,1.0092,1.254,0.5918,47.9602,1.2508,bismarck_gun_b_150_x3,1.2877,1.0349,1.0994,1.2823,0.6447,49.0406,1.32,mont_gun_152_x3,1.3156,1.0435,1.1085,1.2624,0.6501,52.5903,1.3486,,,,
gun_6_x4_russia,,152,gun_6_x4,russia,,,0.1859,dant_gun_245_x4,1.4043,0.6976,0.7411,1.0928,0.4346,52.0569,1.4576,dant_gun_245_x4,1.422,0.7063,0.7503,1.1171,0.44,53.8789,1.4759,dreadnought_gun_178_x4,1.2051,0.95,1.0092,1.254,0.5918,47.9602,1.2508,bismarck_gun_b_150_x4,1.2718,1.0349,1.0994,1.2823,0.6447,49.0406,1.32,mont_gun_152_x4,1.2993,1.0435,1.1085,1.2624,0.6501,52.5903,1.3486,,,,
gun_6_x2_alt_russia,,152,gun_6_x2_alt,russia,,New line - alternate guns,0.1859,tsesarevich_gun_152_x2,1.3521,1.1652,1.2378,1.1062,0.7259,46.4054,1.369,tsesarevich_gun_152_x2,1.369,1.1798,1.2533,1.1308,0.735,48.0296,1.3861,maine_gun_254_x2_b,1.16,0.5946,0.6317,1.5472,0.3704,42.6825,1.1744,ussr_gun_152_x2,1.3223,0.8366,0.8887,1.3504,0.5212,48.4744,1.3388,ussr_gun_152_x2,1.3388,0.8471,0.8999,1.3803,0.5277,50.171,1.3555,,,,
gun_6_x3_alt_russia,,152,gun_6_x3_alt,russia,,New line - alternate guns,0.1859,dant_gun_305_x3,1.4003,0.5358,0.5692,1.1693,0.3338,51.2658,1.4355,dant_gun_305_x3,1.4178,0.5426,0.5764,1.1951,0.338,53.0601,1.4534,maine_gun_254_x3_b,1.1456,0.5946,0.6317,1.5472,0.3704,42.6825,1.1744,ussr_gun_152_x3,1.3062,0.837,0.8891,1.3499,0.5214,48.482,1.339,ussr_gun_152_x3,1.3225,0.8474,0.9002,1.38,0.5279,50.1789,1.3557,,,,
gun_7_x1_russia,,178,gun_7_x1,russia,,,0.2118,tsesarevich_gun_152_x1,1.3476,1.3143,1.3846,1.0995,0.7259,45.6784,1.3476,tsesarevich_gun_152_x1,1.3644,1.3308,1.402,1.1239,0.735,47.2772,1.3644,dido_gun_cal200_x1,1.1338,0.6714,0.7074,1.5269,0.3708,42.3125,1.1338,mont_gun_152_x1,1.3111,1.1626,1.2248,1.2273,0.6421,50.0158,1.3111,bismarck_gun_105_x1,1.3333,1.6425,1.7304,1.0475,0.9072,58.2304,1.3333,,,,
gun_7_x2_russia,,178,gun_7_x2,russia,,,0.2118,tsesarevich_gun_152_x2,1.331,1.3143,1.3846,1.0995,0.7259,45.6784,1.3476,tsesarevich_gun_152_x2,1.3476,1.3308,1.402,1.1239,0.735,47.2772,1.3644,dido_gun_cal200_x2,1.1199,0.6714,0.7074,1.5269,0.3708,42.3125,1.1338,mont_gun_152_x2,1.295,1.1626,1.2248,1.2273,0.6421,50.0158,1.3111,mont_gun_152_x2,1.3112,1.1771,1.2401,1.2546,0.6501,51.7664,1.3275,,,,
gun_7_x3_russia,,178,gun_7_x3,russia,,,0.2118,dant_gun_305_x3,1.3784,0.6044,0.6368,1.1621,0.3338,50.4627,1.413,dant_gun_305_x3,1.3956,0.612,0.6448,1.1879,0.338,52.2289,1.4307,dido_gun_cal200_x3,1.106,0.6714,0.7074,1.5269,0.3708,42.3125,1.1338,mont_gun_152_x3,1.279,1.1626,1.2248,1.2273,0.6421,50.0158,1.3111,mont_gun_152_x3,1.295,1.1771,1.2401,1.2546,0.6501,51.7664,1.3275,,,,
gun_7_x4_russia,,178,gun_7_x4,russia,,,0.2118,dant_gun_245_x4,1.3824,0.7869,0.829,1.0861,0.4346,51.2413,1.4348,dant_gun_245_x4,1.3996,0.7967,0.8394,1.1103,0.44,53.0348,1.4527,dido_gun_cal200_x4,1.0924,0.6714,0.7074,1.5269,0.3708,42.3125,1.1338,mont_gun_152_x4,1.2632,1.1626,1.2248,1.2273,0.6421,50.0158,1.3111,mont_gun_152_x4,1.279,1.1771,1.2401,1.2546,0.6501,51.7664,1.3275,,,,
gun_7_x2_alt_russia,,178,gun_7_x2_alt,russia,,New line - alternate guns,0.2118,tsesarevich_gun_152_x2,1.331,1.3143,1.3846,1.0995,0.7259,45.6784,1.3476,tsesarevich_gun_152_x2,1.3476,1.3308,1.402,1.1239,0.735,47.2772,1.3644,hood_gun_380_x2,1.225,0.5369,0.5657,1.4204,0.2965,47.5583,1.2403,ussr_gun_152_x2,1.3016,0.9437,0.9942,1.3421,0.5212,47.715,1.3178,ussr_gun_152_x2,1.3179,0.9555,1.0067,1.3719,0.5277,49.385,1.3343,,,,
gun_7_x3_alt_russia,,178,gun_7_x3_alt,russia,,New line - alternate guns,0.2118,dant_gun_305_x3,1.3784,0.6044,0.6368,1.1621,0.3338,50.4627,1.413,dant_gun_305_x3,1.3956,0.612,0.6448,1.1879,0.338,52.2289,1.4307,hood_gun_380_x3,1.2099,0.5369,0.5657,1.4204,0.2965,47.5583,1.2403,ussr_gun_152_x3,1.2857,0.9441,0.9946,1.3418,0.5214,47.7225,1.318,ussr_gun_152_x3,1.3018,0.9558,1.007,1.3717,0.5279,49.3928,1.3345,,,,
gun_8_x1_russia,,203,gun_8_x1,russia,,,0.235,tsesarevich_gun_305_x1,1.3092,0.7897,0.827,1.2469,0.3935,44.3781,1.3092,tsesarevich_gun_305_x1,1.3256,0.7996,0.8373,1.2745,0.3984,45.9313,1.3256,dido_gun_cal200_x1,1.119,0.7442,0.7793,1.5085,0.3708,41.7601,1.119,mont_gun_152_x1,1.294,1.2886,1.3494,1.2126,0.6421,49.3628,1.294,bismarck_gun_105_x1,1.3159,1.8206,1.9064,1.0348,0.9072,57.4701,1.3159,,,,
gun_8_x2_russia,,203,gun_8_x2,russia,,,0.235,tsesarevich_gun_305_x2,1.2931,0.7897,0.827,1.2469,0.3935,44.3781,1.3092,tsesarevich_gun_305_x2,1.3093,0.7996,0.8373,1.2745,0.3984,45.9313,1.3256,dido_gun_cal200_x2,1.1052,0.7442,0.7793,1.5085,0.3708,41.7601,1.119,mont_gun_152_x2,1.2781,1.2886,1.3494,1.2126,0.6421,49.3628,1.294,ussr_gun_406_x2,1.4608,0.5088,0.5328,1.3965,0.2535,54.7406,1.479,,,,
gun_8_x3_russia,,203,gun_8_x3,russia,,,0.235,dant_gun_305_x3,1.3604,0.6699,0.7015,1.1482,0.3338,49.8038,1.3946,dant_gun_305_x3,1.3774,0.6783,0.7103,1.1736,0.338,51.547,1.412,dido_gun_cal200_x3,1.0916,0.7442,0.7793,1.5085,0.3708,41.7601,1.119,mont_gun_152_x3,1.2623,1.2886,1.3494,1.2126,0.6421,49.3628,1.294,ussr_gun_406_x3,1.4428,0.5088,0.5328,1.3965,0.2535,54.7407,1.479,,,,
gun_8_x4_russia,,203,gun_8_x4,russia,,,0.235,dant_gun_245_x4,1.3643,0.8722,0.9133,1.073,0.4346,50.5723,1.4161,dant_gun_245_x4,1.3814,0.883,0.9247,1.097,0.44,52.3424,1.4338,dido_gun_cal200_x4,1.0781,0.7442,0.7793,1.5085,0.3708,41.7601,1.119,mont_gun_152_x4,1.2467,1.2886,1.3494,1.2126,0.6421,49.3628,1.294,ussr_gun_406_x4,1.4249,0.5088,0.5328,1.3965,0.2535,54.7406,1.479,,,,
gun_8_x2_alt_russia,,203,gun_8_x2_alt,russia,,New line - alternate guns,0.235,tsesarevich_gun_152_x2,1.3136,1.4568,1.5255,1.0863,0.7259,45.082,1.33,tsesarevich_gun_305_x2,1.3093,0.7996,0.8373,1.2745,0.3984,45.9313,1.3256,hood_gun_380_x2,1.209,0.5951,0.6232,1.4033,0.2965,46.9374,1.2241,ussr_gun_152_x2,1.2846,1.046,1.0953,1.326,0.5212,47.092,1.3006,bismarck_gun_380_short_x2,1.3992,0.6119,0.6408,1.3696,0.3049,53.7998,1.4166,,,,
gun_8_x3_alt_russia,,203,gun_8_x3_alt,russia,,New line - alternate guns,0.235,dant_gun_305_x3,1.3604,0.6699,0.7015,1.1482,0.3338,49.8038,1.3946,dant_gun_305_x3,1.3774,0.6783,0.7103,1.1736,0.338,51.547,1.412,hood_gun_380_x3,1.1941,0.5951,0.6232,1.4033,0.2965,46.9374,1.2241,ussr_gun_152_x3,1.2689,1.0464,1.0958,1.3257,0.5214,47.0994,1.3008,bismarck_gun_380_short_x3,1.3819,0.6119,0.6408,1.3696,0.3049,53.7998,1.4166,,,,
gun_9_x1_russia,,229,gun_9_x1,russia,,,0.2574,brandenburg_gun_279_x1,1.0402,0.7981,0.8316,1.5494,0.361,35.2603,1.0402,tsesarevich_gun_305_x1,1.3097,0.8808,0.9178,1.2522,0.3984,45.3811,1.3097,warrior_gun_228_x1,1.2384,1.0685,1.1134,1.2214,0.4833,47.4846,1.2384,dreadnought_gun_b_305_x1,1.2421,0.8299,0.8647,1.4387,0.3754,44.9716,1.2421,ussr_gun_152_x1,1.3011,1.1666,1.2156,1.3318,0.5277,48.1576,1.3011,,,,
gun_9_x2_russia,,229,gun_9_x2,russia,,,0.2574,brandenburg_gun_279_x2,1.0274,0.7981,0.8316,1.5494,0.361,35.2603,1.0402,tsesarevich_gun_305_x2,1.2936,0.8808,0.9178,1.2522,0.3984,45.3811,1.3097,warrior_gun_228_x2,1.2232,1.0685,1.1134,1.2214,0.4833,47.4846,1.2384,dreadnought_gun_b_305_x2,1.2268,0.8299,0.8647,1.4387,0.3754,44.9716,1.2421,ussr_gun_152_x2,1.2851,1.1666,1.2156,1.3317,0.5277,48.1564,1.3011,,,,
gun_9_x3_russia,,229,gun_9_x3,russia,,,0.2574,dant_gun_305_x3,1.3441,0.738,0.769,1.128,0.3338,49.2072,1.3779,dant_gun_305_x3,1.3609,0.7472,0.7786,1.1531,0.338,50.9295,1.3951,warrior_gun_228_x3,1.2081,1.0685,1.1134,1.2214,0.4833,47.4846,1.2384,dreadnought_gun_b_305_x3,1.2117,0.8299,0.8647,1.4387,0.3754,44.9716,1.2421,ussr_gun_152_x3,1.2694,1.167,1.216,1.3315,0.5279,48.1639,1.3013,,,,
gun_9_x4_russia,,229,gun_9_x4,russia,,,0.2574,dant_gun_245_x4,1.348,0.9608,1.0011,1.0542,0.4346,49.9665,1.3991,dant_gun_245_x4,1.3648,0.9727,1.0135,1.0778,0.44,51.7153,1.4166,dant_gun_245_x4,1.3819,0.9849,1.0262,1.1017,0.4455,53.5254,1.4343,dreadnought_gun_b_305_x4,1.1967,0.8299,0.8647,1.4387,0.3754,44.9716,1.2421,richelieu_gun_380_x4,1.3887,0.6741,0.7024,1.2724,0.3049,56.209,1.4414,,,,
gun_9_x2_alt_russia,,229,gun_9_x2_alt,russia,,New line - alternate guns,0.2574,brandenburg_gun_279_x2,1.0274,0.7981,0.8316,1.5494,0.361,35.2603,1.0402,tsesarevich_gun_305_x2,1.2936,0.8808,0.9178,1.2522,0.3984,45.3811,1.3097,dant_gun_245_x2,1.4166,0.9849,1.0262,1.1017,0.4455,53.5254,1.4343,vdt_gun_280_x2,1.3017,0.8288,0.8636,1.3217,0.3749,48.9636,1.3179,richelieu_gun_380_x2,1.4237,0.6741,0.7024,1.2724,0.3049,56.209,1.4414,,,,
gun_9_x3_alt_russia,,229,gun_9_x3_alt,russia,,New line - alternate guns,0.2574,dant_gun_305_x3,1.3441,0.738,0.769,1.128,0.3338,49.2072,1.3779,dant_gun_305_x3,1.3609,0.7472,0.7786,1.1531,0.338,50.9295,1.3951,dant_gun_245_x3,1.3992,0.9849,1.0262,1.1017,0.4455,53.5254,1.4343,vdt_gun_280_x3,1.2856,0.8288,0.8636,1.3217,0.3749,48.9636,1.3179,richelieu_gun_380_x3,1.4061,0.6741,0.7024,1.2724,0.3049,56.209,1.4414,,,,
gun_10_x1_russia,,254,gun_10_x1,russia,,,0.2773,brandenburg_gun_279_x1,1.0295,0.869,0.902,1.5172,0.361,34.8969,1.0295,tsesarevich_gun_305_x1,1.2962,0.959,0.9954,1.2263,0.3984,44.9133,1.2962,warrior_gun_228_x1,1.2256,1.1634,1.2076,1.1961,0.4833,46.9951,1.2256,dreadnought_gun_b_305_x1,1.2293,0.9037,0.938,1.4087,0.3754,44.5081,1.2293,litt_gun_152a_x1,1.2472,1.3957,1.4487,1.2539,0.5798,48.6332,1.2472,,,,
gun_10_x2_russia,,254,gun_10_x2,russia,,,0.2773,brandenburg_gun_279_x2,1.0168,0.869,0.902,1.5172,0.361,34.8969,1.0295,tsesarevich_gun_305_x2,1.2802,0.959,0.9954,1.2263,0.3984,44.9133,1.2962,warrior_gun_228_x2,1.2105,1.1634,1.2076,1.1961,0.4833,46.9951,1.2256,dreadnought_gun_b_305_x2,1.2142,0.9037,0.938,1.4087,0.3754,44.5081,1.2293,litt_gun_152a_x2,1.2319,1.3957,1.4487,1.2539,0.5798,48.6332,1.2472,,,,
gun_10_x3_russia,,254,gun_10_x3,russia,,,0.2773,dant_gun_305_x3,1.3302,0.8035,0.834,1.1047,0.3338,48.7,1.3636,dant_gun_305_x3,1.3469,0.8136,0.8445,1.1291,0.338,50.4045,1.3807,warrior_gun_228_x3,1.1956,1.1634,1.2076,1.1961,0.4833,46.9951,1.2256,dreadnought_gun_b_305_x3,1.1992,0.9037,0.938,1.4087,0.3754,44.5081,1.2293,litt_gun_152a_x3,1.2166,1.3957,1.4487,1.2539,0.5798,48.6332,1.2472,,,,
gun_10_x4_russia,,254,gun_10_x4,russia,,,0.2773,dant_gun_245_x4,1.3341,1.0462,1.0859,1.0323,0.4346,49.4515,1.3847,dant_gun_245_x4,1.3508,1.0591,1.0993,1.0554,0.44,51.1823,1.402,dant_gun_245_x4,1.3676,1.0724,1.1131,1.0788,0.4455,52.9736,1.4195,dreadnought_gun_b_305_x4,1.1844,0.9037,0.938,1.4087,0.3754,44.5081,1.2293,litt_gun_152a_x4,1.2016,1.3957,1.4487,1.2539,0.5798,48.6332,1.2472,,,,
gun_10_x2_alt_russia,,254,gun_10_x2_alt,russia,,New line - alternate guns,0.2773,brandenburg_gun_279_x2,1.0168,0.869,0.902,1.5172,0.361,34.8969,1.0295,tsesarevich_gun_305_x2,1.2802,0.959,0.9954,1.2263,0.3984,44.9133,1.2962,dant_gun_245_x2,1.402,1.0724,1.1131,1.0788,0.4455,52.9736,1.4195,vdt_gun_280_x2,1.2882,0.9025,0.9368,1.2942,0.3749,48.4589,1.3043,litt_gun_152_x2,1.2319,1.3957,1.4487,1.2539,0.5798,48.6332,1.2472,,,,
gun_10_x3_alt_russia,,254,gun_10_x3_alt,russia,,New line - alternate guns,0.2773,dant_gun_305_x3,1.3302,0.8035,0.834,1.1047,0.3338,48.7,1.3636,dant_gun_305_x3,1.3469,0.8136,0.8445,1.1291,0.338,50.4045,1.3807,dant_gun_245_x3,1.3847,1.0724,1.1131,1.0788,0.4455,52.9736,1.4195,vdt_gun_280_x3,1.2723,0.9025,0.9368,1.2942,0.3749,48.4589,1.3043,litt_gun_152_x3,1.2166,1.3957,1.4487,1.2539,0.5798,48.6332,1.2472,,,,
gun_11_x1_russia,,279,gun_11_x1,russia,,,0.2431,brandenburg_gun_279_x1,1.0199,0.9402,0.9728,1.218,0.361,34.5708,1.0199,tsesarevich_gun_305_x1,1.2841,1.0376,1.0736,0.9844,0.3984,44.4937,1.2841,dreadnought_gun_c_305_x1,1.2486,0.9821,1.0161,1.0084,0.3771,46.5966,1.2486,dreadnought_gun_b_305_x1,1.2178,0.9777,1.0116,1.1309,0.3754,44.0922,1.2178,ussr_gun_152_x1,1.2757,1.3743,1.4219,1.0469,0.5277,47.2159,1.2757,,,,
gun_11_x2_russia,,279,gun_11_x2,russia,,,0.2431,brandenburg_gun_279_x2,1.0074,0.9402,0.9728,1.218,0.361,34.5708,1.0199,tsesarevich_gun_305_x2,1.2683,1.0376,1.0736,0.9844,0.3984,44.4937,1.2841,dreadnought_gun_c_305_x2,1.2332,0.9821,1.0161,1.0084,0.3771,46.5966,1.2486,dreadnought_gun_b_305_x2,1.2028,0.9777,1.0116,1.1309,0.3754,44.0922,1.2178,ussr_gun_152_x2,1.26,1.3743,1.4219,1.0469,0.5277,47.2147,1.2757,,,,
gun_11_x3_russia,,279,gun_11_x3,russia,,,0.2431,dant_gun_305_x3,1.3178,0.8694,0.8995,0.8867,0.3338,48.245,1.3509,dant_gun_305_x3,1.3343,0.8803,0.9108,0.9064,0.338,49.9335,1.3678,dreadnought_gun_c_305_x3,1.218,0.9821,1.0161,1.0084,0.3771,46.5966,1.2486,dreadnought_gun_b_305_x3,1.188,0.9777,1.0116,1.1309,0.3754,44.0922,1.2178,ussr_gun_152_x3,1.2446,1.3749,1.4225,1.0466,0.5279,47.2221,1.2759,,,,
gun_11_x4_russia,,279,gun_11_x4,russia,,,0.2431,dant_gun_245_x4,1.3217,1.1319,1.1711,0.8287,0.4346,48.9894,1.3718,dant_gun_245_x4,1.3381,1.1459,1.1856,0.8472,0.44,50.704,1.3889,dreadnought_gun_c_305_x4,1.203,0.9821,1.0161,1.0084,0.3771,46.5966,1.2486,dreadnought_gun_b_305_x4,1.1733,0.9777,1.0116,1.1309,0.3754,44.0922,1.2178,spee_gun_var_280_x4,1.2632,1.0662,1.1031,1.0167,0.4094,51.1265,1.3111,,,,
gun_11_x2_alt_russia,,279,gun_11_x2_alt,russia,,New line - alternate guns,0.2431,brandenburg_gun_279_x2,1.0074,0.9402,0.9728,1.218,0.361,34.5708,1.0199,tsesarevich_gun_305_x2,1.2683,1.0376,1.0736,0.9844,0.3984,44.4937,1.2841,irresistible_gun_305_x2,1.0842,0.9655,0.999,1.1198,0.3707,42.0924,1.0977,vdt_gun_280_x2,1.2763,0.9764,1.0102,1.0389,0.3749,48.0061,1.2922,spee_gun_var_280_x2,1.295,1.0662,1.1031,1.0167,0.4094,51.1265,1.3111,,,,
gun_11_x3_alt_russia,,279,gun_11_x3_alt,russia,,New line - alternate guns,0.2431,dant_gun_305_x3,1.3178,0.8694,0.8995,0.8867,0.3338,48.245,1.3509,dant_gun_305_x3,1.3343,0.8803,0.9108,0.9064,0.338,49.9335,1.3678,irresistible_gun_305_x3,1.0708,0.9655,0.999,1.1198,0.3707,42.0924,1.0977,vdt_gun_280_x3,1.2605,0.9764,1.0102,1.0389,0.3749,48.0061,1.2922,spee_gun_var_280_x3,1.279,1.0662,1.1031,1.0167,0.4094,51.1265,1.3111,,,,
gun_12_x1_russia,,305,gun_12_x1,russia,,,0.2645,brandenburg_gun_279_x1,1.0108,1.0147,1.0469,1.2168,0.361,34.2641,1.0108,tsesarevich_gun_305_x1,1.2727,1.1198,1.1554,0.9835,0.3984,44.099,1.2727,dreadnought_gun_b_305_x1,1.1921,1.042,1.0751,1.1054,0.3707,42.2233,1.1921,dreadnought_gun_b_305_x1,1.207,1.0552,1.0887,1.1298,0.3754,43.7011,1.207,dreadnought_gun_b_305_x1,1.2221,1.0681,1.102,1.1552,0.38,45.2306,1.2221,,,,
gun_12_x2_russia,,305,gun_12_x2,russia,,,0.2645,brandenburg_gun_279_x2,0.9984,1.0147,1.0469,1.2168,0.361,34.2641,1.0108,tsesarevich_gun_305_x2,1.257,1.1198,1.1554,0.9835,0.3984,44.099,1.2727,dreadnought_gun_b_305_x2,1.1774,1.042,1.0751,1.1054,0.3707,42.2233,1.1921,dreadnought_gun_b_305_x2,1.1921,1.0552,1.0887,1.1298,0.3754,43.7011,1.207,dreadnought_gun_b_305_x2,1.2071,1.0681,1.102,1.1552,0.38,45.2306,1.2221,,,,
gun_12_x3_russia,,305,gun_12_x3,russia,,,0.2645,dant_gun_305_x3,1.3061,0.9383,0.9681,0.8859,0.3338,47.817,1.3389,dant_gun_305_x3,1.3225,0.9501,0.9803,0.9055,0.338,49.4906,1.3557,dreadnought_gun_b_305_x3,1.1629,1.042,1.0751,1.1054,0.3707,42.2233,1.1921,dreadnought_gun_b_305_x3,1.1774,1.0552,1.0887,1.1298,0.3754,43.7011,1.207,dreadnought_gun_b_305_x3,1.1922,1.0681,1.102,1.1552,0.38,45.2306,1.2221,,,,
gun_12_x4_russia,,305,gun_12_x4,russia,,,0.2645,dant_gun_245_x4,1.3099,1.2216,1.2604,0.8279,0.4346,48.5548,1.3596,dant_gun_245_x4,1.3263,1.2367,1.276,0.8464,0.44,50.2543,1.3766,dreadnought_gun_b_305_x4,1.1485,1.042,1.0751,1.1054,0.3707,42.2233,1.1921,dreadnought_gun_b_305_x4,1.1629,1.0552,1.0887,1.1298,0.3754,43.7011,1.207,ussr_gun_406_x4,1.3681,0.7126,0.7353,1.0775,0.2535,52.5569,1.42,,,,
gun_12_x2_alt_russia,,305,gun_12_x2_alt,russia,,New line - alternate guns,0.2645,brandenburg_gun_279_x2,0.9984,1.0147,1.0469,1.2168,0.361,34.2641,1.0108,tsesarevich_gun_305_x2,1.257,1.1198,1.1554,0.9835,0.3984,44.099,1.2727,irresistible_gun_305_x2,1.0746,1.042,1.0751,1.1188,0.3707,41.719,1.088,vdt_gun_280_x2,1.2649,1.0538,1.0873,1.0379,0.3749,47.5802,1.2807,ussr_gun_406_x2,1.4025,0.7126,0.7353,1.0775,0.2535,52.5569,1.42,,,,
gun_12_x3_alt_russia,,305,gun_12_x3_alt,russia,,New line - alternate guns,0.2645,dant_gun_305_x3,1.3061,0.9383,0.9681,0.8859,0.3338,47.817,1.3389,dant_gun_305_x3,1.3225,0.9501,0.9803,0.9055,0.338,49.4906,1.3557,irresistible_gun_305_x3,1.0614,1.042,1.0751,1.1188,0.3707,41.719,1.088,vdt_gun_280_x3,1.2493,1.0538,1.0873,1.0379,0.3749,47.5802,1.2807,ussr_gun_406_x3,1.3852,0.7126,0.7353,1.0775,0.2535,52.5569,1.42,,,,
gun_13_x1_russia,,330,gun_13_x1,russia,,,0.2848,brandenburg_gun_279_x1,1.0029,1.0869,1.1189,1.2137,0.361,33.9953,1.0029,tsesarevich_gun_305_x1,1.2627,1.1995,1.2348,0.9809,0.3984,43.7529,1.2627,agamemnon_gun_305_x1,1.0925,1.1161,1.1489,1.1026,0.3707,41.8919,1.0925,agamemnon_gun_305_x1,1.1062,1.1302,1.1634,1.127,0.3754,43.3581,1.1062,litt_gun_152a_x1,1.215,1.7456,1.7969,1.0031,0.5798,47.3767,1.215,,,,
gun_13_x2_russia,,330,gun_13_x2,russia,,,0.2848,brandenburg_gun_279_x2,0.9906,1.0869,1.1189,1.2137,0.361,33.9953,1.0029,tsesarevich_gun_305_x2,1.2472,1.1995,1.2348,0.9809,0.3984,43.753,1.2627,agamemnon_gun_305_x2,1.0791,1.1161,1.1489,1.1026,0.3707,41.8919,1.0925,agamemnon_gun_305_x2,1.0926,1.1302,1.1634,1.127,0.3754,43.3581,1.1062,litt_gun_152a_x2,1.2,1.7456,1.7969,1.0031,0.5798,47.3767,1.215,,,,
gun_13_x3_russia,,330,gun_13_x3,russia,,,0.2848,dant_gun_305_x3,1.2959,1.005,1.0346,0.8836,0.3338,47.4418,1.3284,dant_gun_305_x3,1.312,1.0176,1.0475,0.9032,0.338,49.1022,1.345,agamemnon_gun_305_x3,1.0657,1.1161,1.1489,1.1026,0.3707,41.8919,1.0925,agamemnon_gun_305_x3,1.0791,1.1302,1.1634,1.127,0.3754,43.3581,1.1062,litt_gun_152a_x3,1.1852,1.7456,1.7969,1.0031,0.5798,47.3767,1.215,,,,
gun_13_x4_russia,,330,gun_13_x4,russia,,,0.2848,dant_gun_245_x4,1.2996,1.3085,1.347,0.8258,0.4346,48.1738,1.3489,dant_gun_245_x4,1.3159,1.3247,1.3637,0.8442,0.44,49.8599,1.3658,dant_gun_245_x4,1.3323,1.3413,1.3807,0.863,0.4455,51.605,1.3828,richelieu_gun_380_x4,1.3224,0.9065,0.9332,0.9753,0.3011,52.3598,1.3726,richelieu_gun_380_x4,1.3389,0.918,0.945,0.9968,0.3049,54.1924,1.3897,,,,
gun_13_x2_alt_russia,,330,gun_13_x2_alt,russia,,New line - alternate guns,0.2848,brandenburg_gun_279_x2,0.9906,1.0869,1.1189,1.2137,0.361,33.9953,1.0029,tsesarevich_gun_305_x2,1.2472,1.1995,1.2348,0.9809,0.3984,43.753,1.2627,dant_gun_245_x2,1.3658,1.3413,1.3807,0.863,0.4455,51.605,1.3828,richelieu_gun_380_x2,1.3557,0.9065,0.9332,0.9753,0.3011,52.3598,1.3726,richelieu_gun_380_x2,1.3726,0.918,0.945,0.9968,0.3049,54.1924,1.3897,,,,
gun_13_x3_alt_russia,,330,gun_13_x3_alt,russia,,New line - alternate guns,0.2848,dant_gun_305_x3,1.2959,1.005,1.0346,0.8836,0.3338,47.4418,1.3284,dant_gun_305_x3,1.312,1.0176,1.0475,0.9032,0.338,49.1022,1.345,dant_gun_245_x3,1.3489,1.3413,1.3807,0.863,0.4455,51.605,1.3828,richelieu_gun_380_x3,1.339,0.9065,0.9332,0.9753,0.3011,52.3598,1.3726,richelieu_gun_380_x3,1.3556,0.918,0.945,0.9968,0.3049,54.1924,1.3897,,,,
gun_14_x1_russia,,356,gun_14_x1,russia,,,0.3057,dreadnought_gun_b_305_x1,1.145,1.1645,1.1963,1.051,0.3616,38.8111,1.145,dreadnought_gun_b_305_x1,1.1593,1.179,1.2112,1.0744,0.3661,40.1695,1.1593,dreadnought_gun_b_305_x1,1.1738,1.1938,1.2264,1.0982,0.3707,41.5754,1.1738,ny_gun_356_x1,1.365,1.2061,1.239,0.9526,0.3745,50.7121,1.365,ussr_gun_406_x1,1.3982,0.8164,0.8387,1.0705,0.2535,51.7505,1.3982,,,,
gun_14_x2_russia,,356,gun_14_x2,russia,,,0.3057,dreadnought_gun_b_305_x2,1.1309,1.1645,1.1963,1.051,0.3616,38.8111,1.145,dreadnought_gun_b_305_x2,1.145,1.179,1.2112,1.0744,0.3661,40.1695,1.1593,dreadnought_gun_b_305_x2,1.1594,1.1938,1.2264,1.0982,0.3707,41.5754,1.1738,ny_gun_356_x2,1.3482,1.2061,1.239,0.9526,0.3745,50.7121,1.365,ussr_gun_406_x2,1.381,0.8164,0.8387,1.0705,0.2535,51.7505,1.3982,,,,
gun_14_x3_russia,,356,gun_14_x3,russia,,,0.3057,dreadnought_gun_b_305_x3,1.117,1.1645,1.1963,1.051,0.3616,38.8111,1.145,dreadnought_gun_b_305_x3,1.1309,1.179,1.2112,1.0744,0.3661,40.1695,1.1593,dreadnought_gun_b_305_x3,1.145,1.1938,1.2264,1.0982,0.3707,41.5754,1.1738,ny_gun_356_x3,1.3316,1.2061,1.239,0.9526,0.3745,50.7121,1.365,ussr_gun_406_x3,1.3639,0.8164,0.8387,1.0705,0.2535,51.7505,1.3982,,,,
gun_14_x4_russia,,356,gun_14_x4,russia,,,0.3057,dreadnought_gun_b_305_x4,1.1032,1.1645,1.1963,1.051,0.3616,38.8111,1.145,dreadnought_gun_b_305_x4,1.1169,1.179,1.2112,1.0744,0.3661,40.1695,1.1593,dreadnought_gun_b_305_x4,1.1309,1.1938,1.2264,1.0982,0.3707,41.5754,1.1738,ny_gun_356_x4,1.3151,1.2061,1.239,0.9526,0.3745,50.7121,1.365,ussr_gun_406_x4,1.3471,0.8164,0.8387,1.0705,0.2535,51.7505,1.3982,,,,
gun_14_x2_alt_russia,,330,gun_14_x2_alt,russia,,New line - alternate guns,0.2848,irresistible_gun_305_x2,1.04,1.0887,1.1207,1.068,0.3616,38.6395,1.053,irresistible_gun_305_x2,1.053,1.1022,1.1346,1.0918,0.3661,39.9919,1.0661,irresistible_gun_305_x2,1.0662,1.1161,1.1489,1.1159,0.3707,41.3916,1.0795,bismarck_gun_380_x2,1.3956,0.9065,0.9332,0.9728,0.3011,52.4954,1.413,bismarck_gun_380_x2,1.413,0.918,0.945,0.9942,0.3049,54.3327,1.4306,,,,
gun_14_x3_alt_russia,,330,gun_14_x3_alt,russia,,New line - alternate guns,0.2848,irresistible_gun_305_x3,1.0272,1.0887,1.1207,1.068,0.3616,38.6395,1.053,irresistible_gun_305_x3,1.04,1.1022,1.1346,1.0918,0.3661,39.9919,1.0661,irresistible_gun_305_x3,1.0531,1.1161,1.1489,1.1159,0.3707,41.3916,1.0795,bismarck_gun_380_x3,1.3784,0.9065,0.9332,0.9728,0.3011,52.4954,1.413,bismarck_gun_380_x3,1.3955,0.918,0.945,0.9942,0.3049,54.3327,1.4306,,,,
gun_15_x1_russia,,381,gun_15_x1,russia,,,0.3256,dreadnought_gun_b_305_x1,1.1372,1.2381,1.2697,1.0458,0.3616,38.5486,1.1372,dreadnought_gun_b_305_x1,1.1514,1.2535,1.2855,1.0691,0.3661,39.8978,1.1514,hood_gun_380_x1,1.1494,1.0152,1.0411,1.0704,0.2965,44.0734,1.1494,litt_gun_381a_x1,1.3035,1.0635,1.0907,0.9968,0.3106,49.7257,1.3035,litt_gun_381_x1,1.3198,1.0768,1.1043,1.019,0.3145,51.4661,1.3198,,,,
gun_15_x2_russia,,381,gun_15_x2,russia,,,0.3256,dreadnought_gun_b_305_x2,1.1232,1.2381,1.2697,1.0458,0.3616,38.5486,1.1372,dreadnought_gun_b_305_x2,1.1372,1.2535,1.2855,1.0691,0.3661,39.8978,1.1514,hood_gun_380_x2,1.1353,1.0152,1.0411,1.0704,0.2965,44.0734,1.1494,litt_gun_381a_x2,1.2875,1.0635,1.0907,0.9968,0.3106,49.7257,1.3035,litt_gun_381_x2,1.3036,1.0768,1.1043,1.019,0.3145,51.4661,1.3198,,,,
gun_15_x3_russia,,381,gun_15_x3,russia,,,0.3256,dreadnought_gun_b_305_x3,1.1093,1.2381,1.2697,1.0458,0.3616,38.5486,1.1372,dreadnought_gun_b_305_x3,1.1232,1.2535,1.2855,1.0691,0.3661,39.8978,1.1514,hood_gun_380_x3,1.1212,1.0152,1.0411,1.0704,0.2965,44.0734,1.1494,litt_gun_381a_x3,1.2716,1.0635,1.0907,0.9968,0.3106,49.7257,1.3035,litt_gun_381_x3,1.2875,1.0768,1.1043,1.019,0.3145,51.4661,1.3198,,,,
gun_15_x4_russia,,381,gun_15_x4,russia,,,0.3256,dreadnought_gun_b_305_x4,1.0956,1.2381,1.2697,1.0458,0.3616,38.5486,1.1372,dreadnought_gun_b_305_x4,1.1093,1.2535,1.2855,1.0691,0.3661,39.8978,1.1514,bismarck_var_gun_380_x4,1.3253,1.0183,1.0443,0.943,0.2974,49.9965,1.3756,richelieu_gun_380_x4,1.3036,1.031,1.0574,0.9665,0.3011,51.6127,1.353,richelieu_gun_380_x4,1.3198,1.044,1.0707,0.9879,0.3049,53.4191,1.3699,,,,
gun_15_x2_alt_russia,,381,gun_15_x2_alt,russia,,New line - alternate guns,0.3256,irresistible_gun_305_x2,1.0252,1.2381,1.2697,1.0584,0.3616,38.0882,1.038,irresistible_gun_305_x2,1.038,1.2535,1.2855,1.082,0.3661,39.4213,1.0509,bismarck_gun_380_short_x2,1.2815,1.0183,1.0443,0.9998,0.2974,47.1582,1.2975,richelieu_gun_380_x2,1.3363,1.031,1.0574,0.9665,0.3011,51.6127,1.353,richelieu_gun_380_x2,1.353,1.044,1.0707,0.9879,0.3049,53.4191,1.3699,,,,
gun_15_x3_alt_russia,,381,gun_15_x3_alt,russia,,New line - alternate guns,0.3256,irresistible_gun_305_x3,1.0126,1.2381,1.2697,1.0584,0.3616,38.0882,1.038,irresistible_gun_305_x3,1.0252,1.2535,1.2855,1.082,0.3661,39.4213,1.0509,bismarck_gun_380_short_x3,1.2657,1.0183,1.0443,0.9998,0.2974,47.1582,1.2975,richelieu_gun_380_x3,1.3198,1.031,1.0574,0.9665,0.3011,51.6127,1.353,richelieu_gun_380_x3,1.3363,1.044,1.0707,0.9879,0.3049,53.4192,1.3699,,,,
gun_16_x1_russia,,406,gun_16_x1,russia,,,0.3453,dreadnought_gun_b_305_x1,1.13,1.3124,1.3439,1.0396,0.3616,38.3044,1.13,dreadnought_gun_b_305_x1,1.1442,1.3287,1.3606,1.0628,0.3661,39.645,1.1442,dreadnought_gun_b_305_x1,1.1585,1.3454,1.3777,1.0864,0.3707,41.0326,1.1585,ussr_gun_406_x1,1.3629,0.9088,0.9306,1.0359,0.2504,49.3477,1.3629,ussr_gun_406_x1,1.3799,0.9201,0.9422,1.059,0.2535,51.0748,1.3799,,,,
gun_16_x2_russia,,406,gun_16_x2,russia,,,0.3453,dreadnought_gun_b_305_x2,1.1161,1.3124,1.3439,1.0396,0.3616,38.3044,1.13,dreadnought_gun_b_305_x2,1.1301,1.3287,1.3606,1.0628,0.3661,39.645,1.1442,dreadnought_gun_b_305_x2,1.1442,1.3454,1.3777,1.0864,0.3707,41.0326,1.1585,ussr_gun_406_x2,1.3461,0.9088,0.9306,1.0359,0.2504,49.3477,1.3629,ussr_gun_406_x2,1.3629,0.9201,0.9422,1.059,0.2535,51.0748,1.3799,,,,
gun_16_x3_russia,,406,gun_16_x3,russia,,,0.3453,dreadnought_gun_b_305_x3,1.1023,1.3124,1.3439,1.0396,0.3616,38.3044,1.13,dreadnought_gun_b_305_x3,1.1162,1.3287,1.3606,1.0628,0.3661,39.645,1.1442,dreadnought_gun_b_305_x3,1.1301,1.3454,1.3777,1.0864,0.3707,41.0326,1.1585,ussr_gun_406_x3,1.3295,0.9088,0.9306,1.0359,0.2504,49.3477,1.3629,ussr_gun_406_x3,1.3461,0.9201,0.9422,1.059,0.2535,51.0749,1.3799,,,,
gun_16_x4_russia,,406,gun_16_x4,russia,,,0.3453,dreadnought_gun_b_305_x4,1.0887,1.3124,1.3439,1.0396,0.3616,38.3044,1.13,dreadnought_gun_b_305_x4,1.1024,1.3287,1.3606,1.0628,0.3661,39.645,1.1442,nelson_gun_406_x4,1.1679,1.0097,1.0339,1.0155,0.2782,46.4798,1.2122,ussr_gun_406_x4,1.3131,0.9088,0.9306,1.0359,0.2504,49.3477,1.3629,ussr_gun_406_x4,1.3295,0.9201,0.9422,1.059,0.2535,51.0748,1.3799,,,,
gun_16_x2_alt_russia,,406,gun_16_x2_alt,russia,,New line - alternate guns,0.3453,irresistible_gun_305_x2,1.0187,1.3124,1.3439,1.0522,0.3616,37.8469,1.0314,irresistible_gun_305_x2,1.0315,1.3287,1.3606,1.0757,0.3661,39.1716,1.0443,nelson_gun_406_x2,1.1973,1.0097,1.0339,1.0155,0.2782,46.4798,1.2122,iowa_gun_406_x2,1.3044,0.8163,0.8359,1.0643,0.2249,49.0661,1.3207,iowa_gun_406_x2,1.3207,0.8264,0.8463,1.0881,0.2277,50.7834,1.3372,,,,
gun_16_x3_alt_russia,,406,gun_16_x3_alt,russia,,New line - alternate guns,0.3453,irresistible_gun_305_x3,1.0061,1.3124,1.3439,1.0522,0.3616,37.8469,1.0314,irresistible_gun_305_x3,1.0187,1.3287,1.3606,1.0757,0.3661,39.1716,1.0443,nelson_gun_406_x3,1.1825,1.0097,1.0339,1.0155,0.2782,46.4798,1.2122,iowa_gun_406_x3,1.2883,0.8163,0.8359,1.0643,0.2249,49.0661,1.3207,iowa_gun_406_x3,1.3044,0.8264,0.8463,1.0881,0.2277,50.7834,1.3372,,,,
gun_17_x1_russia,,432,gun_17_x1,russia,,,0.3656,dreadnought_gun_b_305_x1,1.123,1.3904,1.4218,1.0325,0.3616,38.0674,1.123,dreadnought_gun_b_305_x1,1.1371,1.4077,1.4395,1.0555,0.3661,39.3997,1.1371,spee_gun_280_x1_a,1.257,1.5354,1.5701,0.9488,0.3993,45.6854,1.257,litt_gun_152a_x1,1.1681,2.2021,2.2518,0.9601,0.5727,44.5582,1.1681,litt_gun_152a_x1,1.1827,2.2294,2.2797,0.9815,0.5798,46.1177,1.1827,,,,
gun_17_x2_russia,,432,gun_17_x2,russia,,,0.3656,dreadnought_gun_b_305_x2,1.1092,1.3904,1.4218,1.0325,0.3616,38.0674,1.123,dreadnought_gun_b_305_x2,1.1231,1.4077,1.4395,1.0555,0.3661,39.3997,1.1371,spee_gun_280_x2_a,1.2415,1.5354,1.5701,0.9488,0.3993,45.6854,1.257,litt_gun_152a_x2,1.1537,2.2021,2.2518,0.9601,0.5727,44.5582,1.1681,litt_gun_152a_x2,1.1681,2.2294,2.2797,0.9815,0.5798,46.1177,1.1827,,,,
gun_17_x3_russia,,432,gun_17_x3,russia,,,0.3656,dreadnought_gun_b_305_x3,1.0955,1.3904,1.4218,1.0325,0.3616,38.0674,1.123,dreadnought_gun_b_305_x3,1.1092,1.4077,1.4395,1.0555,0.3661,39.3997,1.1371,spee_gun_280_x3_a,1.2262,1.5354,1.5701,0.9488,0.3993,45.6854,1.257,litt_gun_152a_x3,1.1395,2.2021,2.2518,0.9601,0.5727,44.5582,1.1681,litt_gun_152a_x3,1.1537,2.2294,2.2797,0.9815,0.5798,46.1177,1.1827,,,,
gun_17_x4_russia,,432,gun_17_x4,russia,,,0.3656,dreadnought_gun_b_305_x4,1.082,1.3904,1.4218,1.0325,0.3616,38.0674,1.123,dreadnought_gun_b_305_x4,1.0956,1.4077,1.4395,1.0555,0.3661,39.3997,1.1371,spee_gun_280_x4_a,1.2111,1.5354,1.5701,0.9488,0.3993,45.6854,1.257,richelieu_gun_380_x4,1.2873,1.1578,1.184,0.9542,0.3011,50.9684,1.3361,richelieu_gun_380_x4,1.3034,1.1724,1.1989,0.9753,0.3049,52.7523,1.3528,,,,
gun_17_x2_alt_russia,,432,gun_17_x2_alt,russia,,New line - alternate guns,0.3656,irresistible_gun_305_x2,1.0124,1.3904,1.4218,1.045,0.3616,37.6127,1.025,irresistible_gun_305_x2,1.025,1.4077,1.4395,1.0683,0.3661,38.9292,1.0378,fus_gun_356_x2_a,1.0789,1.2209,1.2485,1.0833,0.3175,41.8833,1.0923,richelieu_gun_380_x2,1.3197,1.1578,1.184,0.9542,0.3011,50.9684,1.3361,richelieu_gun_380_x2,1.3361,1.1724,1.1989,0.9753,0.3049,52.7523,1.3528,,,,
gun_17_x3_alt_russia,,432,gun_17_x3_alt,russia,,New line - alternate guns,0.3656,irresistible_gun_305_x3,0.9999,1.3904,1.4218,1.045,0.3616,37.6127,1.025,irresistible_gun_305_x3,1.0124,1.4077,1.4395,1.0683,0.3661,38.9292,1.0378,fus_gun_356_x3_a,1.0655,1.2209,1.2485,1.0833,0.3175,41.8833,1.0923,richelieu_gun_380_x3,1.3034,1.1578,1.184,0.9542,0.3011,50.9684,1.3361,richelieu_gun_380_x3,1.3197,1.1724,1.1989,0.9753,0.3049,52.7523,1.3528,,,,
gun_18_x1_russia,,457,gun_18_x1,russia,,,0.3849,dreadnought_gun_b_305_x1,1.1167,1.4662,1.4975,1.025,0.3616,37.8538,1.1167,dreadnought_gun_b_305_x1,1.1307,1.4845,1.5162,1.0478,0.3661,39.1787,1.1307,ny_gun_356_x1,1.3149,1.4999,1.5319,0.9088,0.3699,47.7887,1.3149,ussr_gun_406_x1,1.3469,1.0154,1.0371,1.0212,0.2504,48.7672,1.3469,ussr_gun_406_x1,1.3637,1.0279,1.0499,1.0441,0.2535,50.474,1.3637,,,,
gun_18_x2_russia,,457,gun_18_x2,russia,,,0.3849,dreadnought_gun_b_305_x2,1.103,1.4662,1.4975,1.025,0.3616,37.8538,1.1167,dreadnought_gun_b_305_x2,1.1168,1.4845,1.5162,1.0478,0.3661,39.1787,1.1307,ny_gun_356_x2,1.2987,1.4999,1.5319,0.9088,0.3699,47.7887,1.3149,ussr_gun_406_x2,1.3303,1.0154,1.0371,1.0212,0.2504,48.7672,1.3469,ussr_gun_406_x2,1.3469,1.0279,1.0499,1.0441,0.2535,50.474,1.3637,,,,
gun_18_x3_russia,,457,gun_18_x3,russia,,,0.3849,dreadnought_gun_b_305_x3,1.0893,1.4662,1.4975,1.025,0.3616,37.8538,1.1167,dreadnought_gun_b_305_x3,1.103,1.4845,1.5162,1.0478,0.3661,39.1787,1.1307,ny_gun_356_x3,1.2827,1.4999,1.5319,0.9088,0.3699,47.7887,1.3149,ussr_gun_406_x3,1.3139,1.0154,1.0371,1.0212,0.2504,48.7672,1.3469,ussr_gun_406_x3,1.3303,1.0279,1.0499,1.0441,0.2535,50.474,1.3637,,,,
gun_18_x4_russia,,457,gun_18_x4,russia,,,0.3849,dreadnought_gun_b_305_x4,1.0759,1.4662,1.4975,1.025,0.3616,37.8538,1.1167,dreadnought_gun_b_305_x4,1.0894,1.4845,1.5162,1.0478,0.3661,39.1787,1.1307,bismarck_var_gun_380_x4,1.3014,1.2059,1.2317,0.9243,0.2974,49.0953,1.3508,ussr_gun_406_x4,1.2977,1.0154,1.0371,1.0212,0.2504,48.7672,1.3469,ussr_gun_406_x4,1.3139,1.0279,1.0499,1.0441,0.2535,50.474,1.3637,,,,
gun_18_x2_alt_russia,,457,gun_18_x2_alt,russia,,New line - alternate guns,0.3849,irresistible_gun_305_x2,1.0067,1.4662,1.4975,1.0374,0.3616,37.4017,1.0192,irresistible_gun_305_x2,1.0193,1.4845,1.5162,1.0605,0.3661,38.7108,1.032,bismarck_gun_380_short_x2,1.2585,1.2059,1.2317,0.9799,0.2974,46.3082,1.2742,bismarck_gun_380_x2,1.3509,1.2209,1.247,0.9449,0.3011,50.8137,1.3677,bismarck_gun_380_x2,1.3678,1.2363,1.2627,0.9658,0.3049,52.5922,1.3848,,,,
gun_18_x3_alt_russia,,457,gun_18_x3_alt,russia,,New line - alternate guns,0.3849,irresistible_gun_305_x3,0.9942,1.4662,1.4975,1.0374,0.3616,37.4017,1.0192,irresistible_gun_305_x3,1.0067,1.4845,1.5162,1.0605,0.3661,38.7108,1.032,bismarck_gun_380_short_x3,1.243,1.2059,1.2317,0.9799,0.2974,46.3082,1.2742,bismarck_gun_380_x3,1.3342,1.2209,1.247,0.9449,0.3011,50.8137,1.3677,bismarck_gun_380_x3,1.3509,1.2363,1.2627,0.9658,0.3049,52.5922,1.3848,,,,
gun_19_x1_russia,,483,gun_19_x1,russia,,,0.4047,dreadnought_gun_b_305_x1,1.1106,1.5459,1.5772,1.0166,0.3616,37.6449,1.1106,dreadnought_gun_b_305_x1,1.1245,1.5652,1.5969,1.0392,0.3661,38.9625,1.1245,spee_gun_280_x1_a,1.2431,1.7071,1.7416,0.9342,0.3993,45.1785,1.2431,spee_gun_var_280_x1,1.2258,1.7285,1.7635,0.9549,0.4043,46.7597,1.2258,spee_gun_var_280_x1,1.2411,1.7503,1.7857,0.976,0.4094,48.3963,1.2411,,,,
gun_19_x2_russia,,483,gun_19_x2,russia,,,0.4047,dreadnought_gun_b_305_x2,1.0969,1.5459,1.5772,1.0166,0.3616,37.6449,1.1106,dreadnought_gun_b_305_x2,1.1107,1.5652,1.5969,1.0392,0.3661,38.9625,1.1245,spee_gun_280_x2_a,1.2278,1.7071,1.7416,0.9342,0.3993,45.1785,1.2431,spee_gun_var_280_x2,1.2107,1.7285,1.7635,0.9549,0.4043,46.7597,1.2258,spee_gun_var_280_x2,1.2258,1.7503,1.7857,0.976,0.4094,48.3963,1.2411,,,,
gun_19_x3_russia,,483,gun_19_x3,russia,,,0.4047,dreadnought_gun_b_305_x3,1.0834,1.5459,1.5772,1.0166,0.3616,37.6449,1.1106,dreadnought_gun_b_305_x3,1.097,1.5652,1.5969,1.0392,0.3661,38.9625,1.1245,spee_gun_280_x3_a,1.2126,1.7071,1.7416,0.9342,0.3993,45.1785,1.2431,spee_gun_var_280_x3,1.1958,1.7285,1.7635,0.9549,0.4043,46.7597,1.2258,spee_gun_var_280_x3,1.2107,1.7503,1.7857,0.976,0.4094,48.3963,1.2411,,,,
gun_19_x4_russia,,483,gun_19_x4,russia,,,0.4047,dreadnought_gun_b_305_x4,1.07,1.5459,1.5772,1.0166,0.3616,37.6449,1.1106,dreadnought_gun_b_305_x4,1.0834,1.5652,1.5969,1.0392,0.3661,38.9625,1.1245,spee_gun_280_x4_a,1.1977,1.7071,1.7416,0.9342,0.3993,45.1785,1.2431,spee_gun_var_280_x4,1.181,1.7285,1.7635,0.9549,0.4043,46.7597,1.2258,spee_gun_var_280_x4,1.1957,1.7503,1.7857,0.976,0.4094,48.3963,1.2411,,,,
gun_20_x1_russia,,508,gun_20_x1,russia,,,0.4236,dreadnought_gun_b_305_x1,1.105,1.6234,1.6547,1.0081,0.3616,37.4554,1.105,dreadnought_gun_b_305_x1,1.1188,1.6436,1.6752,1.0306,0.3661,38.7664,1.1188,ussr_gun_406_x1,1.3163,1.1103,1.1317,0.9826,0.2473,46.6222,1.3163,ussr_gun_406_x1,1.3327,1.1242,1.1459,1.0044,0.2504,48.2539,1.3327,ussr_gun_406_x1,1.3494,1.1381,1.16,1.0269,0.2535,49.9428,1.3494,,,,
gun_20_x2_russia,,508,gun_20_x2,russia,,,0.4236,dreadnought_gun_b_305_x2,1.0914,1.6234,1.6547,1.0081,0.3616,37.4554,1.105,dreadnought_gun_b_305_x2,1.105,1.6436,1.6752,1.0306,0.3661,38.7664,1.1188,ussr_gun_406_x2,1.3001,1.1103,1.1317,0.9826,0.2473,46.6222,1.3163,ussr_gun_406_x2,1.3163,1.1242,1.1459,1.0044,0.2504,48.2539,1.3327,ussr_gun_406_x2,1.3328,1.1381,1.16,1.0269,0.2535,49.9428,1.3494,,,,
gun_20_x3_russia,,508,gun_20_x3,russia,,,0.4236,dreadnought_gun_b_305_x3,1.0779,1.6234,1.6547,1.0081,0.3616,37.4554,1.105,dreadnought_gun_b_305_x3,1.0914,1.6436,1.6752,1.0306,0.3661,38.7664,1.1188,ussr_gun_406_x3,1.284,1.1103,1.1317,0.9826,0.2473,46.6222,1.3163,ussr_gun_406_x3,1.3,1.1242,1.1459,1.0044,0.2504,48.254,1.3327,ussr_gun_406_x3,1.3163,1.1381,1.16,1.0269,0.2535,49.9429,1.3494,,,,
gun_20_x4_russia,,508,gun_20_x4,russia,,,0.4236,dreadnought_gun_b_305_x4,1.0646,1.6234,1.6547,1.0081,0.3616,37.4554,1.105,dreadnought_gun_b_305_x4,1.0779,1.6436,1.6752,1.0306,0.3661,38.7664,1.1188,ussr_gun_406_x4,1.2682,1.1103,1.1317,0.9826,0.2473,46.6222,1.3163,ussr_gun_406_x4,1.284,1.1242,1.1459,1.0044,0.2504,48.2539,1.3327,ussr_gun_406_x4,1.3001,1.1381,1.16,1.0269,0.2535,49.9428,1.3494,,,,
###,,,###,italy,,,,,,,,,,,,,,,,,,,,,,,,,,,,,,,,,,,,,,,,,,,,,,,
"gun_3_x1_italy_bb,bc",,76,gun_3_x1,italy,"bb, bc",,0.1519,,,,,,,,,,,,,,,,,litt_gun_90_x1,1,0.85,1.02375,,0.8706,50.6483,1.3572,litt_gun_90_x1,1.02,0.860625,1.036546875,,0.8815,52.421,1.3742,litt_gun_90_x1,1.04,0.871382813,1.049503711,,0.8926,54.2558,1.3914,,,,
"gun_3_x2_italy_bb,bc",,76,gun_3_x2,italy,"bb, bc",,0.1519,,,,,,,,,,,,,,,,,litt_gun_90_x2,1,0.85,1.02375,,0.8707,50.6483,1.3572,litt_gun_90_x2,1.02,0.860625,1.036546875,,0.8815,52.421,1.3742,litt_gun_90_x2,1.04,0.871382813,1.049503711,,0.8926,54.2558,1.3914,,,,
"gun_3_x3_italy_bb,bc",,76,gun_3_x3,italy,"bb, bc",,0.1519,,,,,,,,,,,,,,,,,litt_gun_90_x3,1,0.85,1.02375,,0.8707,50.6483,1.3572,litt_gun_90_x3,1.02,0.860625,1.036546875,,0.8815,52.421,1.3742,litt_gun_90_x3,1.04,0.871382813,1.049503711,,0.8926,54.2558,1.3914,,,,
"gun_3_x4_italy_bb,bc",,76,gun_3_x4,italy,"bb, bc",,0.1519,,,,,,,,,,,,,,,,,pola_gun_100_x4,1,0.75,0.975,,0.944,51.7608,1.2384,pola_gun_100_x4,1.02,0.860625,1.036546875,,0.9558,53.5724,1.2539,litt_gun_90_x4,1.04,0.871382813,1.049503711,,0.8926,54.2553,1.3913,,,,
"gun_3_x1_italy_ca,cl,dd",,76,gun_3_x1,italy,"ca, cl, dd",,0.1519,,,,,,,,,,,,,,,,,pola_gun_100_x1,1,0.75,0.975,,0.944,51.7607,1.2384,pola_gun_100_x1,1.02,0.775,0.999375,,0.9558,53.5724,1.2539,pola_gun_100_x1,1.04,0.825,1.048125,,0.9677,55.4474,1.2696,,,,
"gun_3_x2_italy_ca,cl,dd",,76,gun_3_x2,italy,"ca, cl, dd",,0.1519,,,,,,,,,,,,,,,,,pola_gun_100_x2,1,0.75,0.975,,0.944,51.7608,1.2384,pola_gun_100_x2,1.02,0.775,0.999375,,0.9558,53.5724,1.2539,pola_gun_100_x2,1.04,0.825,1.048125,,0.9677,55.4474,1.2696,,,,
"gun_3_x3_italy_ca,cl,dd",,76,gun_3_x3,italy,"ca, cl, dd",,0.1519,,,,,,,,,,,,,,,,,pola_gun_100_x3,1,0.75,0.975,,0.944,51.7608,1.2384,pola_gun_100_x3,1.02,0.775,0.999375,,0.9558,53.5724,1.2539,pola_gun_100_x3,1.04,0.825,1.048125,,0.9677,55.4474,1.2696,,,,
"gun_3_x4_italy_ca,cl,dd",,76,gun_3_x4,italy,"ca, cl, dd",,0.1519,,,,,,,,,,,,,,,,,pola_gun_100_x4,1,0.75,0.975,,0.944,51.7608,1.2384,pola_gun_100_x4,1.02,0.775,0.999375,,0.9558,53.5724,1.2539,pola_gun_100_x4,1.04,0.825,1.048125,,0.9677,55.4474,1.2696,,,,
"gun_4_x1_italy_bb,bc",,102,gun_4_x1,italy,"bb, bc",,0.1669,,,,,,,,,,,,,,,,,litt_gun_90_x1,1,1.05,1.17,,0.8706,49.1798,1.3179,litt_gun_90_x1,1.02,1.063125,1.184625,,0.8815,50.9011,1.3343,litt_gun_90_x1,1.04,1.076414063,1.199432813,,0.8926,52.6826,1.351,,,,
"gun_4_x2_italy_bb,bc",,102,gun_4_x2,italy,"bb, bc",,0.1669,,,,,,,,,,,,,,,,,litt_gun_90_x2,1,1.05,1.17,,0.8707,49.1798,1.3179,litt_gun_90_x2,1.02,1.063125,1.184625,,0.8815,50.9011,1.3343,litt_gun_90_x2,1.04,1.076414063,1.199432813,,0.8926,52.6826,1.351,,,,
"gun_4_x3_italy_bb,bc",,102,gun_4_x3,italy,"bb, bc",,0.1669,,,,,,,,,,,,,,,,,litt_gun_90_x3,1,1.05,1.17,,0.8707,49.1798,1.3179,litt_gun_90_x3,1.02,1.063125,1.184625,,0.8815,50.9011,1.3343,litt_gun_90_x3,1.04,1.076414063,1.199432813,,0.8926,52.6826,1.351,,,,
"gun_4_x4_italy_bb,bc",,102,gun_4_x4,italy,"bb, bc",,0.1669,,,,,,,,,,,,,,,,,pola_gun_100_x4,1,1,1.2,,0.944,50.2599,1.2025,pola_gun_100_x4,1.02,1.063125,1.184625,,0.9558,52.019,1.2175,litt_gun_90_x4,1.04,1.076414063,1.199432813,,0.8926,52.6821,1.351,,,,
"gun_4_x1_italy_ca,cl,dd",,102,gun_4_x1,italy,"ca, cl, dd",,0.1669,,,,,,,,,,,,,,,,,pola_gun_100_x1,1,1,1.2,,0.944,50.2599,1.2025,pola_gun_100_x1,1.02,1.025,1.215,,0.9558,52.019,1.2175,pola_gun_100_x1,1.04,1.075,1.2301875,,0.9677,53.8397,1.2328,,,,
"gun_4_x2_italy_ca,cl,dd",,102,gun_4_x2,italy,"ca, cl, dd",,0.1669,,,,,,,,,,,,,,,,,pola_gun_100_x2,1,1,1.2,,0.944,50.2599,1.2025,pola_gun_100_x2,1.02,1.025,1.215,,0.9558,52.019,1.2175,pola_gun_100_x2,1.04,1.075,1.2301875,,0.9677,53.8397,1.2328,,,,
"gun_4_x3_italy_ca,cl,dd",,102,gun_4_x3,italy,"ca, cl, dd",,0.1669,,,,,,,,,,,,,,,,,pola_gun_100_x3,1,1,1.2,,0.944,50.2599,1.2025,pola_gun_100_x3,1.02,1.025,1.215,,0.9558,52.019,1.2175,pola_gun_100_x3,1.04,1.075,1.2301875,,0.9677,53.8397,1.2328,,,,
"gun_4_x4_italy_ca,cl,dd",,102,gun_4_x4,italy,"ca, cl, dd",,0.1669,,,,,,,,,,,,,,,,,pola_gun_100_x4,1,1,1.2,,0.944,50.2599,1.2025,pola_gun_100_x4,1.02,1.025,1.215,,0.9558,52.019,1.2175,pola_gun_100_x4,1.04,1.075,1.2301875,,0.9677,53.8397,1.2328,,,,
"gun_5_x1_italy_bb,bc",,127,gun_5_x1,italy,"bb, bc",,0.1636,,,,,,,,,dido_gun_cal200_x1,1.2,0.8,0.84825,,0.3662,42.2854,1.1583,dido_gun_cal200_x1,1.22,0.81,0.858853125,,0.3708,43.7654,1.1728,litt_gun_152a_x1,1.25,0.92,1.0725,,0.5727,50.3611,1.3202,litt_gun_152a_x1,1.27,0.94,1.08590625,,0.5798,52.1238,1.3367,,,,
"gun_5_x2_italy_bb,bc",,127,gun_5_x2,italy,"bb, bc",,0.1636,,,,,,,,,dido_gun_cal200_x2,1.2,0.8,0.84825,,0.3662,42.2854,1.1583,dido_gun_cal200_x2,1.22,0.81,0.858853125,,0.3708,43.7654,1.1728,litt_gun_152a_x2,1.25,0.92,1.0725,,0.5727,50.3611,1.3202,litt_gun_152a_x2,1.27,0.94,1.08590625,,0.5798,52.1237,1.3367,,,,
"gun_5_x3_italy_bb,bc",,127,gun_5_x3,italy,"bb, bc",,0.1636,,,,,,,,,dido_gun_cal200_x3,1.2,0.8,0.84825,,0.3662,42.2854,1.1583,dido_gun_cal200_x3,1.22,0.81,0.858853125,,0.3708,43.7654,1.1728,litt_gun_152a_x3,1.25,0.92,1.0725,,0.5727,50.3611,1.3202,litt_gun_152a_x3,1.27,0.94,1.08590625,,0.5798,52.1237,1.3367,,,,
"gun_5_x4_italy_bb,bc",,127,gun_5_x4,italy,"bb, bc",,0.1636,dido_gun_cal200_x4,,0.78,0.82704375,,0.3617,40.8555,1.144,dido_gun_cal200_x4,1.2,0.8,0.84825,,0.3662,42.2854,1.1583,dido_gun_cal200_x4,,0.81,0.858853125,,0.3708,43.7654,1.1728,litt_gun_152a_x4,1.25,0.92,1.0725,,0.5727,50.3611,1.3202,litt_gun_152a_x4,1.27,0.94,1.08590625,,0.5798,52.1237,1.3367,,,,
"gun_5_x1_italy_ca,cl",,127,gun_5_x1,italy,"ca, cl",,0.1636,,,,,,,,,dido_gun_cal200_x1,1.2,0.8,0.84825,,0.3662,42.2854,1.1583,dido_gun_cal200_x1,1.22,0.81,0.858853125,,0.3708,43.7654,1.1728,mont_gun_152_x1,1.15,1,1.0725,,0.6421,51.7332,1.3561,mont_gun_152_x1,1.17,1.0125,1.08590625,,0.6501,53.5438,1.3731,,,,
"gun_5_x2_italy_ca,cl",,127,gun_5_x2,italy,"ca, cl",,0.1636,,,,,,,,,dido_gun_cal200_x2,1.2,0.8,0.84825,,0.3662,42.2854,1.1583,dido_gun_cal200_x2,1.22,0.81,0.858853125,,0.3708,43.7654,1.1728,mont_gun_152_x2,1.15,1,1.0725,,0.6421,51.7332,1.3561,mont_gun_152_x2,1.17,1.0125,1.08590625,,0.6501,53.5438,1.3731,,,,
"gun_5_x3_italy_ca,cl",,127,gun_5_x3,italy,"ca, cl",,0.1636,,,,,,,,,dido_gun_cal200_x3,1.2,0.8,0.84825,,0.3662,42.2854,1.1583,dido_gun_cal200_x3,1.22,0.81,0.858853125,,0.3708,43.7654,1.1728,mont_gun_152_x3,1.15,1,1.0725,,0.6421,51.7332,1.3561,mont_gun_152_x3,1.17,1.0125,1.08590625,,0.6501,53.5438,1.3731,,,,
"gun_5_x4_italy_ca,cl",,127,gun_5_x4,italy,"ca, cl",,0.1636,dido_gun_cal200_x4,,0.78,0.82704375,,0.3617,40.8555,1.144,dido_gun_cal200_x4,1.2,0.8,0.84825,,0.3662,42.2854,1.1583,dido_gun_cal200_x4,,0.81,0.858853125,,0.3708,43.7654,1.1728,mont_gun_152_x4,1.3,1,1.0725,,0.6421,51.7332,1.3561,mont_gun_152_x4,1.32,1.0125,1.08590625,,0.6501,53.5438,1.3731,,,,
gun_5_x1_italy_dd,,127,gun_5_x1,italy,dd,,0.1636,,,,,,,,,,,,,,,,,pola_gun_100_x1,1,1.2,1.31625,,0.944,49.1702,1.1764,pola_gun_100_x1,1.02,1.215,1.332703125,,0.9558,50.8911,1.1911,pola_gun_100_x1,1.04,1.2301875,1.349361914,,0.9677,52.6723,1.206,,,,
gun_5_x2_italy_dd,,127,gun_5_x2,italy,dd,,0.1636,,,,,,,,,,,,,,,,,pola_gun_100_x2,1,1.2,1.31625,,0.944,49.1702,1.1764,pola_gun_100_x2,1.02,1.215,1.332703125,,0.9558,50.8911,1.1911,pola_gun_100_x2,1.04,1.2301875,1.349361914,,0.9677,52.6723,1.206,,,,
gun_5_x3_italy_dd,,127,gun_5_x3,italy,dd,,0.1636,,,,,,,,,,,,,,,,,pola_gun_100_x3,1,1.2,1.31625,,0.944,49.1702,1.1764,pola_gun_100_x3,1.02,1.215,1.332703125,,0.9558,50.8911,1.1911,pola_gun_100_x3,1.04,1.2301875,1.349361914,,0.9677,52.6723,1.206,,,,
"gun_6_x1_italy_bb,bc",,152,gun_6_x1,italy,"bb, bc",,0.1859,friedrich_gun_228_x1,1.25,0.7,0.78,,0.3953,38.9437,1.1489,dido_gun_cal200_x1,1.2,0.87,0.897,,0.3662,41.5323,1.1377,dido_gun_cal200_x1,1.22,0.880875,0.9082125,,0.3708,42.986,1.1519,litt_gun_152a_x1,1.25,1,1.0725,,0.5727,49.4643,1.2967,litt_gun_152_x1,1.29,1,1.0725,,0.5798,51.1955,1.3129,,,,
"gun_6_x2_italy_bb,bc",,152,gun_6_x2,italy,"bb, bc",,0.1859,friedrich_gun_228_x2,1.25,0.7,0.78,,0.3953,38.9437,1.1489,dido_gun_cal200_x2,1.2,0.87,0.897,,0.3662,41.5323,1.1377,dido_gun_cal200_x2,1.22,0.880875,0.9082125,,0.3708,42.986,1.1519,litt_gun_152a_x2,1.25,1,1.0725,,0.5727,49.4642,1.2967,litt_gun_152_x2,1.29,1,1.0725,,0.5798,51.1955,1.3129,,,,
"gun_6_x3_italy_bb,bc",,152,gun_6_x3,italy,"bb, bc",,0.1859,friedrich_gun_228_x3,1.25,0.7,0.78,,0.3953,38.9437,1.1489,dido_gun_cal200_x3,1.2,0.87,0.897,,0.3662,41.5323,1.1377,dido_gun_cal200_x3,1.22,0.880875,0.9082125,,0.3708,42.986,1.1519,litt_gun_152a_x3,1.25,1,1.0725,,0.5727,49.4642,1.2967,litt_gun_152_x3,1.29,1,1.0725,,0.5798,51.1955,1.3129,,,,
"gun_6_x4_italy_bb,bc",,152,gun_6_x4,italy,"bb, bc",,0.1859,dido_gun_cal200_x4,,0.84825,0.874575,,,,,dido_gun_cal200_x4,1.2,0.87,0.897,,0.3662,41.5323,1.1377,dido_gun_cal200_x4,,0.880875,0.9082125,,0.3708,42.986,1.1519,litt_gun_152a_x4,1.25,1,1.0725,,0.5727,49.4642,1.2967,litt_gun_152_x4,1.29,1,1.0725,,0.5798,51.1955,1.3129,,,,
"gun_6_x1_italy_ca,cl,dd",,152,gun_6_x1,italy,"ca, cl, dd",,0.1859,friedrich_gun_228_x1,1.25,0.7,0.78,,0.3953,38.9437,1.1489,dido_gun_cal200_x1,1.2,0.87,0.897,,0.3662,41.5323,1.1377,dido_gun_cal200_x1,1.22,0.880875,0.9082125,,0.3708,42.986,1.1519,mont_gun_152_x1,1.15,1.1,1.17,,0.6421,50.8119,1.332,mont_gun_152_x1,1.17,1.11375,1.184625,,0.6501,52.5903,1.3486,,,,
"gun_6_x2_italy_ca,cl,dd",,152,gun_6_x2,italy,"ca, cl, dd",,0.1859,friedrich_gun_228_x2,1.25,0.7,0.78,,0.3953,38.9437,1.1489,dido_gun_cal200_x2,1.2,0.87,0.897,,0.3662,41.5323,1.1377,dido_gun_cal200_x2,1.22,0.880875,0.9082125,,0.3708,42.986,1.1519,mont_gun_152_x2,1.15,1.1,1.17,,0.6421,50.8119,1.332,mont_gun_152_x2,1.17,1.11375,1.184625,,0.6501,52.5903,1.3486,,,,
"gun_6_x3_italy_ca,cl,dd",,152,gun_6_x3,italy,"ca, cl, dd",,0.1859,friedrich_gun_228_x3,1.25,0.7,0.78,,0.3953,38.9437,1.1489,dido_gun_cal200_x3,1.2,0.87,0.897,,0.3662,41.5323,1.1377,dido_gun_cal200_x3,1.22,0.880875,0.9082125,,0.3708,42.986,1.1519,mont_gun_152_x3,1.15,1.1,1.17,,0.6421,50.8119,1.332,mont_gun_152_x3,1.17,1.11375,1.184625,,0.6501,52.5903,1.3486,,,,
"gun_6_x4_italy_ca,cl",,152,gun_6_x4,italy,"ca, cl",,0.1859,dido_gun_cal200_x4,,0.84825,0.874575,,,,,dido_gun_cal200_x4,1.2,0.87,0.897,,0.3662,41.5323,1.1377,dido_gun_cal200_x4,,0.880875,0.9082125,,0.3708,42.986,1.1519,mont_gun_152_x4,1.3,1.1,1.17,,0.6421,50.8119,1.332,mont_gun_152_x4,1.32,1.11375,1.184625,,0.6501,52.5903,1.3486,,,,
"gun_7_x1_italy_bb,bc",,178,gun_7_x1,italy,"bb, bc",,0.2118,friedrich_gun_228_x1,1.25,0.8,0.78,,0.3953,38.3336,1.1309,dido_gun_cal200_x1,1.2,0.92,0.975,,0.3662,40.8817,1.1199,dido_gun_cal200_x1,1.22,0.9315,0.9871875,,0.3708,42.3125,1.1338,litt_gun_152a_x1,1.25,1.1,1.195,,0.5727,48.6893,1.2764,litt_gun_152_x1,1.29,1.1,1.195,,0.5798,50.3935,1.2923,,,,
"gun_7_x2_italy_bb,bc",,178,gun_7_x2,italy,"bb, bc",,0.2118,friedrich_gun_228_x2,1.25,0.8,0.78,,0.3953,38.3336,1.1309,dido_gun_cal200_x2,1.2,0.92,0.975,,0.3662,40.8817,1.1199,dido_gun_cal200_x2,1.22,0.9315,0.9871875,,0.3708,42.3125,1.1338,litt_gun_152a_x2,1.25,1.1,1.195,,0.5727,48.6893,1.2764,litt_gun_152_x2,1.29,1.1,1.195,,0.5798,50.3934,1.2923,,,,
"gun_7_x3_italy_bb,bc",,178,gun_7_x3,italy,"bb, bc",,0.2118,friedrich_gun_228_x3,1.25,0.8,0.78,,0.3953,38.3336,1.1309,dido_gun_cal200_x3,1.2,0.92,0.975,,0.3662,40.8817,1.1199,dido_gun_cal200_x3,1.22,0.9315,0.9871875,,0.3708,42.3125,1.1338,litt_gun_152a_x3,1.25,1.1,1.195,,0.5727,48.6893,1.2764,litt_gun_152_x3,1.29,1.1,1.195,,0.5798,50.3934,1.2923,,,,
"gun_7_x4_italy_bb,bc",,178,gun_7_x4,italy,"bb, bc",,0.2118,dido_gun_cal200_x4,,0.897,0.950625,,,,,dido_gun_cal200_x4,1.2,0.92,0.975,,0.3662,40.8817,1.1199,dido_gun_cal200_x4,,0.9315,0.9871875,,0.3708,42.3125,1.1338,litt_gun_152a_x4,1.25,1.1,1.195,,0.5727,48.6893,1.2764,litt_gun_152_x4,1.29,1.1,1.195,,0.5798,50.3934,1.2923,,,,
"gun_7_x1_italy_ca,cl",,178,gun_7_x1,italy,"ca, cl",,0.2118,friedrich_gun_228_x1,1.25,0.8,0.8775,,0.3953,38.3336,1.1309,dido_gun_cal200_x1,1.2,0.92,0.975,,0.3662,40.8817,1.1199,dido_gun_cal200_x1,1.22,0.9315,0.9871875,,0.3708,42.3125,1.1338,mont_gun_152_x1,1.15,1.25,1.31625,,0.6421,50.0158,1.3111,mont_gun_152_x1,1.17,1.265625,1.332703125,,0.6501,51.7664,1.3275,,,,
"gun_7_x2_italy_ca,cl",,178,gun_7_x2,italy,"ca, cl",,0.2118,friedrich_gun_228_x2,1.25,0.8,0.8775,,0.3953,38.3336,1.1309,dido_gun_cal200_x2,1.2,0.92,0.975,,0.3662,40.8817,1.1199,dido_gun_cal200_x2,1.22,0.9315,0.9871875,,0.3708,42.3125,1.1338,mont_gun_152_x2,1.15,1.25,1.31625,,0.6421,50.0158,1.3111,mont_gun_152_x2,1.17,1.265625,1.332703125,,0.6501,51.7664,1.3275,,,,
"gun_7_x3_italy_ca,cl",,178,gun_7_x3,italy,"ca, cl",,0.2118,friedrich_gun_228_x3,1.25,0.8,0.8775,,0.3953,38.3336,1.1309,dido_gun_cal200_x3,1.2,0.92,0.975,,0.3662,40.8817,1.1199,dido_gun_cal200_x3,1.22,0.9315,0.9871875,,0.3708,42.3125,1.1338,mont_gun_152_x3,1.15,1.25,1.31625,,0.6421,50.0158,1.3111,mont_gun_152_x3,1.17,1.265625,1.332703125,,0.6501,51.7664,1.3275,,,,
"gun_7_x4_italy_ca,cl",,178,gun_7_x4,italy,"ca, cl",,0.2118,dido_gun_cal200_x4,,0.897,0.950625,,,,,dido_gun_cal200_x4,1.2,0.92,0.975,,0.3662,40.8817,1.1199,dido_gun_cal200_x4,,0.9315,0.9871875,,0.3708,42.3125,1.1338,mont_gun_152_x4,1.3,1.25,1.31625,0.965,0.6421,50.0158,1.3111,mont_gun_152_x4,1.32,1.265625,1.332703125,0.965,0.6501,51.7664,1.3275,,,,
"gun_8_x1_italy_bb,bc",,203,gun_8_x1,italy,"bb, bc",,0.235,friedrich_gun_228_x1,1.25,0.9,0.975,,0.3953,37.8331,1.1161,dido_gun_cal200_x1,1.2,1,1.0725,,0.3662,40.3479,1.1052,dido_gun_cal200_x1,1.22,1.0125,1.08590625,,0.3708,41.7601,1.119,litt_gun_152a_x1,1.25,1.2,1.286,,0.5727,48.0536,1.2597,litt_gun_152_x1,1.29,1.2,1.286,,0.5798,49.7355,1.2754,,,,
"gun_8_x2_italy_bb,bc",,203,gun_8_x2,italy,"bb, bc",,0.235,friedrich_gun_228_x2,1.25,0.9,0.975,,0.3953,37.8331,1.1161,dido_gun_cal200_x2,1.2,1,1.0725,,0.3662,40.3479,1.1052,dido_gun_cal200_x2,1.22,1.0125,1.08590625,,0.3708,41.7601,1.119,litt_gun_152a_x2,1.25,1.2,1.286,,0.5727,48.0536,1.2597,litt_gun_152_x2,1.29,1.2,1.286,,0.5798,49.7355,1.2754,,,,
"gun_8_x3_italy_bb,bc",,203,gun_8_x3,italy,"bb, bc",,0.235,friedrich_gun_228_x3,1.25,0.9,0.975,,0.3953,37.8331,1.1161,dido_gun_cal200_x3,1.2,1,1.0725,,0.3662,40.3479,1.1052,dido_gun_cal200_x3,1.22,1.0125,1.08590625,,0.3708,41.7601,1.119,litt_gun_152a_x3,1.25,1.2,1.286,,0.5727,48.0536,1.2597,litt_gun_152_x3,1.29,1.2,1.286,,0.5798,49.7355,1.2754,,,,
"gun_8_x4_italy_bb,bc",,203,gun_8_x4,italy,"bb, bc",,0.235,dido_gun_cal200_x4,,0.975,1.0456875,,,,,dido_gun_cal200_x4,1.2,1,1.0725,,0.3662,40.3479,1.1052,dido_gun_cal200_x4,,1.0125,1.08590625,,0.3708,41.7601,1.119,litt_gun_152a_x4,1.25,1.2,1.286,,0.5727,48.0536,1.2597,litt_gun_152_x4,1.29,1.2,1.286,,0.5798,49.7355,1.2754,,,,
"gun_8_x1_italy_ca,cl",,203,gun_8_x1,italy,"ca, cl",,0.235,friedrich_gun_228_x1,1.25,0.9,0.975,,0.3953,37.8331,1.1161,dido_gun_cal200_x1,1.2,1,1.0725,,0.3662,40.3479,1.1052,dido_gun_cal200_x1,1.22,1.0125,1.08590625,,0.3708,41.7601,1.119,trento_gun_203_x1,1.17,1.2,1.2675,,0.4578,49.4843,1.2972,mont_gun_152_x1,1.17,1.366875,1.431421875,,0.6501,51.0905,1.3102,,,,
"gun_8_x2_italy_ca,cl",,203,gun_8_x2,italy,"ca, cl",,0.235,friedrich_gun_228_x2,1.25,0.9,0.975,,0.3953,37.8331,1.1161,dido_gun_cal200_x2,1.2,1,1.0725,,0.3662,40.3479,1.1052,dido_gun_cal200_x2,1.22,1.0125,1.08590625,,0.3708,41.7601,1.119,trento_gun_203_x2,1.17,1.2,1.2675,,0.4578,49.4843,1.2972,mont_gun_152_x2,1.17,1.366875,1.431421875,,0.6501,51.0905,1.3102,,,,
"gun_8_x3_italy_ca,cl",,203,gun_8_x3,italy,"ca, cl",,0.235,friedrich_gun_228_x3,1.25,0.9,0.975,,0.3953,37.8331,1.1161,dido_gun_cal200_x3,1.2,1,1.0725,,0.3662,40.3479,1.1052,dido_gun_cal200_x3,1.22,1.0125,1.08590625,,0.3708,41.7601,1.119,trento_gun_203_x3,1.17,1.2,1.2675,,0.4578,49.4843,1.2972,mont_gun_152_x3,1.17,1.366875,1.431421875,,0.6501,51.0905,1.3102,,,,
"gun_8_x4_italy_ca,cl",,203,gun_8_x4,italy,"ca, cl",,0.235,dido_gun_cal200_x4,,0.975,1.0456875,,,,,dido_gun_cal200_x4,1.2,1,1.0725,,0.3662,40.3479,1.1052,dido_gun_cal200_x4,,1.0125,1.08590625,,0.3708,41.7601,1.119,trento_gun_203_x4,1.17,1.2,1.2675,,0.4578,49.4843,1.2972,mont_gun_152_x4,1.17,1.366875,1.431421875,0.965,0.6501,51.0905,1.3102,,,,
gun_9_x1_italy,,229,gun_9_x1,italy,,,0.2574,friedrich_gun_228_x1,1.25,1,1.0725,,0.3953,37.3799,1.1028,dido_gun_cal200_x1,1.2,1.1,1.194375,,0.3662,39.8646,1.092,dido_gun_cal200_x1,1.22,1.11375,1.209304688,,0.3708,41.2598,1.1056,trento_gun_203_x1,1.17,1.3,1.365,,0.4578,48.8915,1.2817,mont_gun_152_x1,1.17,1.468125,1.3820625,,0.6501,50.4785,1.2945,,,,
gun_9_x2_italy,,229,gun_9_x2,italy,,,0.2574,friedrich_gun_228_x2,1.25,1,1.0725,,0.3953,37.3799,1.1028,dido_gun_cal200_x2,1.2,1.1,1.194375,,0.3662,39.8646,1.092,dido_gun_cal200_x2,1.22,1.11375,1.209304688,,0.3708,41.2598,1.1056,trento_gun_203_x2,1.17,1.3,1.365,,0.4578,48.8915,1.2817,mont_gun_152_x2,1.17,1.468125,1.3820625,,0.6501,50.4785,1.2945,,,,
gun_9_x3_italy,,229,gun_9_x3,italy,,,0.2574,friedrich_gun_228_x3,1.25,1,1.0725,,0.3953,37.3799,1.1028,dido_gun_cal200_x3,1.2,1.1,1.194375,,0.3662,39.8646,1.092,dido_gun_cal200_x3,1.22,1.11375,1.209304688,,0.3708,41.2598,1.1056,trento_gun_203_x3,1.17,1.3,1.365,,0.4578,48.8915,1.2817,mont_gun_152_x3,1.17,1.468125,1.3820625,,0.6501,50.4785,1.2945,,,,
gun_9_x4_italy,,229,gun_9_x4,italy,,,0.2574,dido_gun_cal200_x4,,1.0725,1.164515625,,,,,dido_gun_cal200_x4,1.2,1.1,1.194375,,0.3662,39.8646,1.092,dido_gun_cal200_x4,,1.11375,1.209304688,,0.3708,41.2598,1.1056,trento_gun_203_x4,1.17,1.3,1.365,,0.4578,48.8915,1.2817,mont_gun_152_x4,1.17,1.468125,1.3820625,0.965,0.6501,50.4785,1.2945,,,,
gun_10_x1_italy,,254,gun_10_x1,italy,,,0.2773,friedrich_gun_228_x1,1.25,1.1,1.17,,0.3953,36.9946,1.0914,dido_gun_cal200_x1,1.2,1.225,1.291875,,0.3662,39.4537,1.0807,dido_gun_cal200_x1,1.22,1.2403125,1.308023438,,0.3708,40.8345,1.0942,trento_gun_203_x1,1.17,1.4,1.4625,,0.4578,48.3876,1.2684,litt_gun_381_x1,1.4,0.759375,0.78975,,0.3145,53.5957,1.3744,,,,
gun_10_x2_italy,,254,gun_10_x2,italy,,,0.2773,friedrich_gun_228_x2,1.25,1.1,1.17,,0.3953,36.9946,1.0914,dido_gun_cal200_x2,1.2,1.225,1.291875,,0.3662,39.4537,1.0807,dido_gun_cal200_x2,1.22,1.2403125,1.308023438,,0.3708,40.8345,1.0942,trento_gun_203_x2,1.17,1.4,1.4625,,0.4578,48.3876,1.2684,litt_gun_381_x2,1.4,0.759375,0.78975,,0.3145,53.5957,1.3744,,,,
gun_10_x3_italy,,254,gun_10_x3,italy,,,0.2773,friedrich_gun_228_x3,1.25,1.1,1.17,,0.3953,36.9946,1.0914,dido_gun_cal200_x3,1.2,1.225,1.291875,,0.3662,39.4537,1.0807,dido_gun_cal200_x3,1.22,1.2403125,1.308023438,,0.3708,40.8345,1.0942,trento_gun_203_x3,1.17,1.4,1.4625,,0.4578,48.3876,1.2684,litt_gun_381_x3,1.4,0.759375,0.78975,,0.3145,53.5957,1.3744,,,,
gun_10_x4_italy,,254,gun_10_x4,italy,,,0.2773,dido_gun_cal200_x4,,1.194375,1.259578125,,,,,dido_gun_cal200_x4,1.2,1.225,1.291875,,0.3662,39.4537,1.0807,dido_gun_cal200_x4,,1.2403125,1.308023438,,0.3708,40.8345,1.0942,trento_gun_203_x4,1.17,1.4,1.4625,,0.4578,48.3876,1.2684,litt_gun_381_x4,1.4,0.759375,0.78975,,0.3145,53.5957,1.3744,,,,
gun_11_x1_italy,,279,gun_11_x1,italy,,,0.2431,friedrich_gun_228_x1,1.25,1.2,1.2675,,0.3953,36.6489,1.0812,dreadnought_gun_c_305_x1,1.18,1.13275,1.20046875,0.9,0.3725,45.0208,1.2332,dreadnought_gun_c_305_x1,1.2,1.15,1.21875,0.9,0.3771,46.5966,1.2486,trento_gun_203_x1,1.17,1.5,1.586,,0.4578,47.9355,1.2566,litt_gun_381_x1,1.4,0.81,0.839109375,,0.3145,53.095,1.3616,,,,
gun_11_x2_italy,,279,gun_11_x2,italy,,,0.2431,friedrich_gun_228_x2,1.25,1.2,1.2675,,0.3953,36.6489,1.0812,dreadnought_gun_c_305_x2,1.18,1.13275,1.20046875,0.9,0.3725,45.0208,1.2332,dreadnought_gun_c_305_x2,1.2,1.15,1.21875,0.9,0.3771,46.5966,1.2486,trento_gun_203_x2,1.17,1.5,1.586,,0.4578,47.9355,1.2566,litt_gun_381_x2,1.4,0.81,0.839109375,,0.3145,53.0949,1.3616,,,,
gun_11_x3_italy,,279,gun_11_x3,italy,,,0.2431,friedrich_gun_228_x3,1.25,1.2,1.2675,,0.3953,36.6489,1.0812,dreadnought_gun_c_305_x3,1.18,1.13275,1.20046875,0.9,0.3725,45.0208,1.2332,dreadnought_gun_c_305_x3,1.2,1.15,1.21875,0.9,0.3771,46.5966,1.2486,trento_gun_203_x3,1.17,1.5,1.586,,0.4578,47.9355,1.2566,litt_gun_381_x3,1.4,0.81,0.839109375,,0.3145,53.0949,1.3616,,,,
gun_11_x4_italy,,279,gun_11_x4,italy,,,0.2431,dido_gun_cal200_x4,,1.10443125,1.170457031,,,,,dreadnought_gun_c_305_x4,1.18,1.13275,1.20046875,0.9,0.3725,45.0208,1.2332,dreadnought_gun_c_305_x4,1.2,1.15,1.21875,0.9,0.3771,46.5966,1.2486,trento_gun_203_x4,1.17,1.5,1.586,,0.4578,47.9355,1.2566,litt_gun_381_x4,1.4,0.81,0.839109375,,0.3145,53.0949,1.3616,,,,
gun_12_x1_italy,,305,gun_12_x1,italy,,,0.2645,friedrich_gun_228_x1,1.25,1.3,1.365,,0.3953,36.3238,1.0716,dreadnought_gun_c_305_x1,1.18,1.23125,1.30611,0.9,0.3725,44.6215,1.2223,dreadnought_gun_c_305_x1,1.2,1.25,1.326,0.9,0.3771,46.1832,1.2376,litt_gun_381_x1,1.38,0.85,0.8775,,0.3106,50.8444,1.3329,litt_gun_381_x1,1.4,0.860625,0.88846875,,0.3145,52.624,1.3495,,,,
gun_12_x2_italy,,305,gun_12_x2,italy,,,0.2645,friedrich_gun_228_x2,1.25,1.3,1.365,,0.3953,36.3238,1.0716,dreadnought_gun_c_305_x2,1.18,1.23125,1.30611,0.9,0.3725,44.6215,1.2223,dreadnought_gun_c_305_x2,1.2,1.25,1.326,0.9,0.3771,46.1832,1.2376,litt_gun_381_x2,1.38,0.85,0.8775,,0.3106,50.8444,1.3329,litt_gun_381_x2,1.4,0.860625,0.88846875,,0.3145,52.624,1.3495,,,,
gun_12_x3_italy,,305,gun_12_x3,italy,,,0.2645,friedrich_gun_228_x3,1.25,1.3,1.365,,0.3953,36.3238,1.0716,dreadnought_gun_c_305_x3,1.18,1.23125,1.30611,0.9,0.3725,44.6215,1.2223,dreadnought_gun_c_305_x3,1.2,1.25,1.326,0.9,0.3771,46.1832,1.2376,litt_gun_381_x3,1.38,0.85,0.8775,,0.3106,50.8444,1.3329,litt_gun_381_x3,1.4,0.860625,0.88846875,,0.3145,52.624,1.3495,,,,
gun_12_x4_italy,,305,gun_12_x4,italy,,,0.2645,dido_gun_cal200_x4,,1.20046875,1.27345725,,,,,dreadnought_gun_c_305_x4,1.18,1.23125,1.30611,0.9,0.3725,44.6215,1.2223,dreadnought_gun_c_305_x4,1.2,1.25,1.326,0.9,0.3771,46.1832,1.2376,litt_gun_381_x4,1.38,0.85,0.8775,,0.3106,50.8444,1.3329,litt_gun_381_x4,1.4,0.860625,0.88846875,,0.3145,52.624,1.3495,,,,
gun_13_x1_italy,,330,gun_13_x1,italy,,,0.2848,friedrich_gun_228_x1,1.25,1.4,1.463,,0.3953,36.0388,1.0632,dreadnought_gun_c_305_x1,1.18,1.3396,1.46937375,0.9,0.3725,44.2713,1.2127,dreadnought_gun_c_305_x1,1.2,1.36,1.49175,0.9,0.3771,45.8208,1.2279,litt_gun_381_x1,1.38,0.9,0.92625,,0.3106,50.4454,1.3224,litt_gun_381_x1,1.4,0.91125,0.937828125,,0.3145,52.211,1.3389,,,,
gun_13_x2_italy,,330,gun_13_x2,italy,,,0.2848,friedrich_gun_228_x2,1.25,1.4,1.463,,0.3953,36.0388,1.0632,dreadnought_gun_c_305_x2,1.18,1.3396,1.46937375,0.9,0.3725,44.2713,1.2127,dreadnought_gun_c_305_x2,1.2,1.36,1.49175,0.9,0.3771,45.8208,1.2279,litt_gun_381_x2,1.38,0.9,0.92625,,0.3106,50.4454,1.3224,litt_gun_381_x2,1.4,0.91125,0.937828125,,0.3145,52.211,1.3389,,,,
gun_13_x3_italy,,330,gun_13_x3,italy,,,0.2848,friedrich_gun_228_x3,1.25,1.4,1.463,,0.3953,36.0388,1.0632,dreadnought_gun_c_305_x3,1.18,1.3396,1.46937375,0.9,0.3725,44.2713,1.2127,dreadnought_gun_c_305_x3,1.2,1.36,1.49175,0.9,0.3771,45.8208,1.2279,litt_gun_381_x3,1.38,0.9,0.92625,,0.3106,50.4454,1.3224,litt_gun_381_x3,1.4,0.91125,0.937828125,,0.3145,52.211,1.3389,,,,
gun_13_x4_italy,,330,gun_13_x4,italy,,,0.2848,dido_gun_cal200_x4,,1.30611,1.432639406,,,,,dreadnought_gun_c_305_x4,1.18,1.3396,1.46937375,0.9,0.3725,44.2713,1.2127,dreadnought_gun_c_305_x4,1.2,1.36,1.49175,0.9,0.3771,45.8208,1.2279,litt_gun_381_x4,1.38,0.9,0.92625,,0.3106,50.4454,1.3224,litt_gun_381_x4,1.4,0.91125,0.937828125,,0.3145,52.211,1.3389,,,,
gun_14_x1_italy,,356,gun_14_x1,italy,,,0.3057,dreadnought_gun_c_305_x1,1.16,1.48444425,1.513551,0.9,0.3679,42.4511,1.1887,dreadnought_gun_c_305_x1,1.18,1.50705,1.5366,0.9,0.3725,43.9369,1.2035,dreadnought_gun_c_305_x1,1.2,1.53,1.56,0.9,0.3771,45.4746,1.2186,litt_gun_381_x1,1.38,0.95,0.975,,0.3106,50.0643,1.3124,litt_gun_381_x1,1.4,0.961875,0.9871875,,0.3145,51.8166,1.3288,,,,
gun_14_x2_italy,,356,gun_14_x2,italy,,,0.3057,dreadnought_gun_c_305_x2,1.16,1.48444425,1.513551,0.9,0.3679,42.4511,1.1887,dreadnought_gun_c_305_x2,1.18,1.50705,1.5366,0.9,0.3725,43.9369,1.2035,dreadnought_gun_c_305_x2,1.2,1.53,1.56,0.9,0.3771,45.4746,1.2186,litt_gun_381_x2,1.38,0.95,0.975,,0.3106,50.0643,1.3124,litt_gun_381_x2,1.4,0.961875,0.9871875,,0.3145,51.8166,1.3288,,,,
gun_14_x3_italy,,356,gun_14_x3,italy,,,0.3057,dreadnought_gun_c_305_x3,1.16,1.48444425,1.513551,0.9,0.3679,42.4511,1.1887,dreadnought_gun_c_305_x3,1.18,1.50705,1.5366,0.9,0.3725,43.9369,1.2035,dreadnought_gun_c_305_x3,1.2,1.53,1.56,0.9,0.3771,45.4746,1.2186,litt_gun_381_x3,1.38,0.95,0.975,,0.3106,50.0643,1.3124,litt_gun_381_x3,1.4,0.961875,0.9871875,,0.3145,51.8166,1.3288,,,,
gun_14_x4_italy,,356,gun_14_x4,italy,,,0.3057,dreadnought_gun_c_305_x4,1.16,1.48444425,1.513551,0.9,0.3679,42.4511,1.1887,dreadnought_gun_c_305_x4,1.18,1.48444425,1.513551,0.9,0.3725,43.9368,1.2035,dreadnought_gun_c_305_x4,1.2,1.53,1.56,0.9,0.3771,45.4746,1.2186,litt_gun_381_x4,1.38,0.95,0.975,,0.3106,50.0643,1.3124,litt_gun_381_x4,1.4,0.961875,0.9871875,,0.3145,51.8166,1.3288,,,,
gun_15_x1_italy,,381,gun_15_x1,italy,,,0.3256,dreadnought_gun_c_305_x1,1.16,1.55236,1.60875,0.9,0.3679,42.1639,1.1806,dreadnought_gun_c_305_x1,1.18,1.576,1.62303375,0.9,0.3725,43.6397,1.1954,dreadnought_gun_c_305_x1,1.2,1.6,1.64775,0.9,0.3771,45.1671,1.2103,litt_gun_381_x1,1.38,1,1.0335,,0.3106,49.7257,1.3035,litt_gun_381_x1,1.4,1.0125,1.04641875,,0.3145,51.4661,1.3198,,,,
gun_15_x2_italy,,381,gun_15_x2,italy,,,0.3256,dreadnought_gun_c_305_x2,1.16,1.55236,1.60875,0.9,0.3679,42.1639,1.1806,dreadnought_gun_c_305_x2,1.18,1.576,1.62303375,0.9,0.3725,43.6397,1.1954,dreadnought_gun_c_305_x2,1.2,1.6,1.64775,0.9,0.3771,45.1671,1.2103,litt_gun_381_x2,1.38,1,1.0335,,0.3106,49.7257,1.3035,litt_gun_381_x2,1.4,1.0125,1.04641875,,0.3145,51.4661,1.3198,,,,
gun_15_x3_italy,,381,gun_15_x3,italy,,,0.3256,dreadnought_gun_c_305_x3,1.16,1.55236,1.60875,0.9,0.3679,42.1639,1.1806,dreadnought_gun_c_305_x3,1.18,1.576,1.62303375,0.9,0.3725,43.6397,1.1954,dreadnought_gun_c_305_x3,1.2,1.6,1.64775,0.9,0.3771,45.1671,1.2103,litt_gun_381_x3,1.38,1,1.0335,,0.3106,49.7257,1.3035,litt_gun_381_x3,1.4,1.0125,1.04641875,,0.3145,51.4661,1.3198,,,,
gun_15_x4_italy,,381,gun_15_x4,italy,,,0.3256,dreadnought_gun_c_305_x4,1.16,1.55236,1.60875,0.9,0.3679,42.1639,1.1806,dreadnought_gun_c_305_x4,1.18,1.55236,1.60875,0.9,0.3725,43.6397,1.1954,dreadnought_gun_c_305_x4,1.2,1.6,1.64775,0.9,0.3771,45.1671,1.2103,litt_gun_381_x4,1.38,1,1.0335,,0.3106,49.7257,1.3035,litt_gun_381_x4,1.4,1.0125,1.04641875,,0.3145,51.4661,1.3198,,,,
gun_16_x1_italy,,406,gun_16_x1,italy,,,0.3453,litt_gun_381a_x1,1.32,1.013011923,1.043593415,,0.2993,44.5656,1.2479,litt_gun_381a_x1,1.34,1.0284385,1.0594857,,0.303,46.1254,1.2635,litt_gun_381_x1,1.36,1.0441,1.07562,,0.3068,47.7398,1.2793,litt_gun_381_x1,1.38,1.06,1.092,,0.3106,49.4107,1.2953,litt_gun_381_x1,1.4,1.07325,1.10565,,0.3145,51.14,1.3115,,,,
gun_16_x2_italy,,406,gun_16_x2,italy,,,0.3453,litt_gun_381a_x2,1.32,1.013011923,1.043593415,,0.2993,44.5656,1.2479,litt_gun_381a_x2,1.34,1.0284385,1.0594857,,0.303,46.1254,1.2635,litt_gun_381_x2,1.36,1.0441,1.07562,,0.3068,47.7398,1.2793,litt_gun_381_x2,1.38,1.06,1.092,,0.3106,49.4107,1.2953,litt_gun_381_x2,1.4,1.07325,1.10565,,0.3145,51.14,1.3115,,,,
gun_16_x3_italy,,406,gun_16_x3,italy,,,0.3453,litt_gun_381a_x3,1.32,1.013011923,1.043593415,,0.2993,44.5656,1.2479,litt_gun_381a_x3,1.34,1.0284385,1.0594857,,0.303,46.1254,1.2635,litt_gun_381_x3,1.36,1.0441,1.07562,,0.3068,47.7398,1.2793,litt_gun_381_x3,1.38,1.06,1.092,,0.3106,49.4107,1.2953,litt_gun_381_x3,1.4,1.07325,1.10565,,0.3145,51.14,1.3115,,,,
gun_16_x4_italy,,406,gun_16_x4,italy,,,0.3453,litt_gun_381a_x4,1.32,1.013011923,1.043593415,,0.2993,44.5656,1.2479,litt_gun_381a_x4,1.34,1.0284385,1.0594857,,0.303,46.1254,1.2635,litt_gun_381_x4,1.36,1.0441,1.07562,,0.3068,47.7398,1.2793,litt_gun_381_x4,1.38,1.06,1.092,,0.3106,49.4107,1.2953,litt_gun_381_x4,1.4,1.07325,1.10565,,0.3145,51.14,1.3115,,,,
gun_17_x1_italy,,432,gun_17_x1,italy,,,0.3656,litt_gun_381a_x1,1.32,1.07035222,1.099500205,,0.2993,44.2898,1.2402,litt_gun_381a_x1,1.34,1.086652,1.116243863,,0.303,45.84,1.2557,litt_gun_381_x1,1.36,1.1032,1.1332425,,0.3068,47.4444,1.2714,litt_gun_381_x1,1.38,1.12,1.1505,,0.3106,49.1049,1.2873,litt_gun_381_x1,1.4,1.134,1.16488125,,0.3145,50.8236,1.3033,,,,
gun_17_x2_italy,,432,gun_17_x2,italy,,,0.3656,litt_gun_381a_x2,1.32,1.07035222,1.099500205,,0.2993,44.2898,1.2402,litt_gun_381a_x2,1.34,1.086652,1.116243863,,0.303,45.84,1.2557,litt_gun_381_x2,1.36,1.1032,1.1332425,,0.3068,47.4444,1.2714,litt_gun_381_x2,1.38,1.12,1.1505,,0.3106,49.1049,1.2873,litt_gun_381_x2,1.4,1.134,1.16488125,,0.3145,50.8236,1.3033,,,,
gun_17_x3_italy,,432,gun_17_x3,italy,,,0.3656,litt_gun_381a_x3,1.32,1.07035222,1.099500205,,0.2993,44.2898,1.2402,litt_gun_381a_x3,1.34,1.086652,1.116243863,,0.303,45.84,1.2557,litt_gun_381_x3,1.36,1.1032,1.1332425,,0.3068,47.4444,1.2714,litt_gun_381_x3,1.38,1.12,1.1505,,0.3106,49.1049,1.2873,litt_gun_381_x3,1.4,1.134,1.16488125,,0.3145,50.8236,1.3033,,,,
gun_17_x4_italy,,432,gun_17_x4,italy,,,0.3656,litt_gun_381a_x4,1.32,1.07035222,1.099500205,,0.2993,44.2898,1.2402,litt_gun_381a_x4,1.34,1.086652,1.116243863,,0.303,45.84,1.2557,litt_gun_381_x4,1.36,1.1032,1.1332425,,0.3068,47.4444,1.2714,litt_gun_381_x4,1.38,1.12,1.1505,,0.3106,49.1049,1.2873,litt_gun_381_x4,1.4,1.134,1.16488125,,0.3145,50.8236,1.3033,,,,
gun_18_x1_italy,,457,gun_18_x1,italy,,,0.3849,litt_gun_381a_x1,1.32,1.127692518,1.155406995,,0.2993,44.0414,1.2332,litt_gun_381a_x1,1.34,1.1448655,1.173002025,,0.303,45.5828,1.2486,litt_gun_381_x1,1.36,1.1623,1.190865,,0.3068,47.1782,1.2642,litt_gun_381_x1,1.38,1.18,1.209,,0.3106,48.8294,1.28,litt_gun_381_x1,1.4,1.19475,1.2241125,,0.3145,50.5385,1.296,,,,
gun_18_x2_italy,,457,gun_18_x2,italy,,,0.3849,litt_gun_381a_x2,1.32,1.127692518,1.155406995,,0.2993,44.0414,1.2332,litt_gun_381a_x2,1.34,1.1448655,1.173002025,,0.303,45.5828,1.2486,litt_gun_381_x2,1.36,1.1623,1.190865,,0.3068,47.1782,1.2642,litt_gun_381_x2,1.38,1.18,1.209,,0.3106,48.8294,1.28,litt_gun_381_x2,1.4,1.19475,1.2241125,,0.3145,50.5385,1.296,,,,
gun_18_x3_italy,,457,gun_18_x3,italy,,,0.3849,litt_gun_381a_x3,1.32,1.127692518,1.155406995,,0.2993,44.0414,1.2332,litt_gun_381a_x3,1.34,1.1448655,1.173002025,,0.303,45.5828,1.2486,litt_gun_381_x3,1.36,1.1623,1.190865,,0.3068,47.1782,1.2642,litt_gun_381_x3,1.38,1.18,1.209,,0.3106,48.8294,1.28,litt_gun_381_x3,1.4,1.19475,1.2241125,,0.3145,50.5385,1.296,,,,
gun_18_x4_italy,,457,gun_18_x4,italy,,,0.3849,litt_gun_381a_x4,1.32,1.127692518,1.155406995,,0.2993,44.0414,1.2332,litt_gun_381a_x4,1.34,1.1448655,1.173002025,,0.303,45.5828,1.2486,litt_gun_381_x4,1.36,1.1623,1.190865,,0.3068,47.1782,1.2642,litt_gun_381_x4,1.38,1.18,1.209,,0.3106,48.8294,1.28,litt_gun_381_x4,1.4,1.19475,1.2241125,,0.3145,50.5385,1.296,,,,
gun_19_x1_italy,,483,gun_19_x1,italy,,,0.4047,litt_gun_381a_x1,1.32,1.185032815,1.211313785,,0.2993,43.7983,1.2264,litt_gun_381a_x1,1.34,1.203079,1.229760188,,0.303,45.3313,1.2417,litt_gun_381_x1,1.36,1.2214,1.2484875,,0.3068,46.9179,1.2573,litt_gun_381_x1,1.38,1.24,1.2675,,0.3106,48.56,1.273,litt_gun_381_x1,1.4,1.2555,1.28334375,,0.3145,50.2596,1.2889,,,,
gun_19_x2_italy,,483,gun_19_x2,italy,,,0.4047,litt_gun_381a_x2,1.32,1.185032815,1.211313785,,0.2993,43.7983,1.2264,litt_gun_381a_x2,1.34,1.203079,1.229760188,,0.303,45.3313,1.2417,litt_gun_381_x2,1.36,1.2214,1.2484875,,0.3068,46.9179,1.2573,litt_gun_381_x2,1.38,1.24,1.2675,,0.3106,48.56,1.273,litt_gun_381_x2,1.4,1.2555,1.28334375,,0.3145,50.2596,1.2889,,,,
gun_19_x3_italy,,483,gun_19_x3,italy,,,0.4047,litt_gun_381a_x3,1.32,1.185032815,1.211313785,,0.2993,43.7983,1.2264,litt_gun_381a_x3,1.34,1.203079,1.229760188,,0.303,45.3313,1.2417,litt_gun_381_x3,1.36,1.2214,1.2484875,,0.3068,46.9179,1.2573,litt_gun_381_x3,1.38,1.24,1.2675,,0.3106,48.56,1.273,litt_gun_381_x3,1.4,1.2555,1.28334375,,0.3145,50.2596,1.2889,,,,
gun_19_x4_italy,,483,gun_19_x4,italy,,,0.4047,litt_gun_381a_x4,1.32,1.185032815,1.211313785,,0.2993,43.7983,1.2264,litt_gun_381a_x4,1.34,1.203079,1.229760188,,0.303,45.3313,1.2417,litt_gun_381_x4,1.36,1.2214,1.2484875,,0.3068,46.9179,1.2573,litt_gun_381_x4,1.38,1.24,1.2675,,0.3106,48.56,1.273,litt_gun_381_x4,1.4,1.2555,1.28334375,,0.3145,50.2596,1.2889,,,,
gun_20_x1_italy,,508,gun_20_x1,italy,,,0.4236,litt_gun_381a_x1,1.32,1.242373113,1.285,,0.2993,43.5779,1.2202,litt_gun_381a_x1,1.34,1.2612925,1.3010625,,0.303,45.1031,1.2355,litt_gun_381_x1,1.36,1.2805,1.317325781,,0.3068,46.6817,1.2509,litt_gun_381_x1,1.38,1.3,1.333792354,,0.3106,48.3156,1.2666,litt_gun_381_x1,1.4,1.31625,1.350464758,,0.3145,50.0066,1.2824,,,,
gun_20_x2_italy,,508,gun_20_x2,italy,,,0.4236,litt_gun_381a_x2,1.32,1.242373113,1.285,,0.2993,43.5779,1.2202,litt_gun_381a_x2,1.34,1.2612925,1.3010625,,0.303,45.1031,1.2355,litt_gun_381_x2,1.36,1.2805,1.317325781,,0.3068,46.6817,1.2509,litt_gun_381_x2,1.38,1.3,1.333792354,,0.3106,48.3156,1.2666,litt_gun_381_x2,1.4,1.31625,1.350464758,,0.3145,50.0066,1.2824,,,,
gun_20_x3_italy,,508,gun_20_x3,italy,,,0.4236,litt_gun_381a_x3,1.32,1.242373113,1.285,,0.2993,43.5779,1.2202,litt_gun_381a_x3,1.34,1.2612925,1.3010625,,0.303,45.1031,1.2355,litt_gun_381_x3,1.36,1.2805,1.317325781,,0.3068,46.6817,1.2509,litt_gun_381_x3,1.38,1.3,1.333792354,,0.3106,48.3156,1.2666,litt_gun_381_x3,1.4,1.31625,1.350464758,,0.3145,50.0066,1.2824,,,,
gun_20_x4_italy,,508,gun_20_x4,italy,,,0.4236,litt_gun_381a_x4,1.32,1.242373113,1.285,,0.2993,43.5779,1.2202,litt_gun_381a_x4,1.34,1.2612925,1.3010625,,0.303,45.1031,1.2355,litt_gun_381_x4,1.36,1.2805,1.317325781,,0.3068,46.6817,1.2509,litt_gun_381_x4,1.38,1.3,1.333792354,,0.3106,48.3155,1.2666,litt_gun_381_x4,1.4,1.31625,1.350464758,,0.3145,50.0066,1.2824,,,,
###,,,###,austria,,,,,,,,,,,,,,,,,,,,,,,,,,,,,,,,,,,,,,,,,,,,,,,
gun_2_x1_austria,,51,gun_2_x1,austria,,New line - vanilla fix/supplement,0.1197,cressy_gun_76_x1,1.7328,1.2206,1.43,1.414,1.4642,48.7317,1.2183,cressy_gun_76_x1,1.7546,1.2358,1.4478,1.4455,1.4825,50.4373,1.2336,cressy_gun_76_x1,1.7765,1.2512,1.4659,1.4777,1.501,52.2026,1.249,jap_tb_gun_76_x1,1.7987,1.2669,1.4843,1.5104,1.5198,54.0297,1.2646,jap_tb_gun_76_x1,1.8211,1.2828,1.5029,1.5439,1.5388,55.9207,1.2804,,,,
gun_2_x2_austria,,51,gun_2_x2,austria,,New line - vanilla fix/supplement,0.1197,tsesarevich_gun_152_x2,2.1451,0.6051,0.709,1.5293,0.7259,51.7602,1.527,tsesarevich_gun_152_x2,2.1719,0.6127,0.7179,1.5632,0.735,53.5718,1.5461,richelieu_gun_120_x2,1.4274,0.7849,0.9196,1.5974,0.9415,42.468,1.0161,richelieu_gun_120_x2,1.4452,0.7947,0.9311,1.6329,0.9533,43.9543,1.0288,bismarck_gun_105_x2,2.1223,0.7563,0.8861,1.4567,0.9072,65.9834,1.5108,,,,
gun_2_x3_austria,,51,gun_2_x3,austria,,New line - vanilla fix/supplement,0.1197,dreadnought_gun_178_x3,1.888,0.4813,0.5639,1.6589,0.5773,49.9376,1.3608,dreadnought_gun_178_x3,1.9117,0.4873,0.5709,1.6958,0.5845,51.6854,1.3779,richelieu_gun_120_x3,1.4098,0.7849,0.9196,1.5974,0.9415,42.468,1.0161,richelieu_gun_120_x3,1.4274,0.7947,0.9311,1.6329,0.9533,43.9543,1.0288,bismarck_gun_105_x3,2.0961,0.7563,0.8861,1.4567,0.9072,65.9834,1.5108,,,,
gun_2_x4_austria,,51,gun_2_x4,austria,,New line - vanilla fix/supplement,0.1197,dreadnought_gun_178_x4,1.8647,0.4813,0.5639,1.6589,0.5773,49.9376,1.3608,dreadnought_gun_178_x4,1.8881,0.4873,0.5709,1.6958,0.5845,51.6854,1.3779,richelieu_gun_120_x4,1.3924,0.7849,0.9196,1.5974,0.9415,42.468,1.0161,richelieu_gun_120_x4,1.4098,0.7947,0.9311,1.6329,0.9533,43.9543,1.0288,bismarck_gun_105_x4,2.0702,0.7563,0.8861,1.4567,0.9072,65.9834,1.5108,,,,
gun_2_x1_alt_austria,,51,gun_2_x1_alt,austria,,New line - alternate guns,0.1197,cressy_gun_76_x1,1.7328,1.2206,1.43,1.414,1.4642,48.7317,1.2183,cressy_gun_76_x1,1.7546,1.2358,1.4478,1.4455,1.4825,50.4373,1.2336,atlanta_gun_28_x1,1.688,1.1653,1.3653,1.3882,1.3979,45.5059,1.1868,atlanta_gun_28_x1,1.7091,1.1798,1.3822,1.4191,1.4153,47.0986,1.2016,atlanta_gun_28_x1,1.7304,1.1946,1.3996,1.4506,1.433,48.747,1.2166,,,,
gun_2_x2_alt_austria,,51,gun_2_x2_alt,austria,,New line - alternate guns,0.1197,tsesarevich_gun_152_x2,2.1451,0.6051,0.709,1.5293,0.7259,51.7602,1.527,tsesarevich_gun_152_x2,2.1719,0.6127,0.7179,1.5632,0.735,53.5718,1.5461,atlanta_gun_28_x2,1.6672,1.1653,1.3653,1.3882,1.3979,45.5059,1.1868,atlanta_gun_28_x2,1.688,1.1798,1.3822,1.4191,1.4153,47.0986,1.2016,atlanta_gun_28_x2,1.709,1.1946,1.3996,1.4506,1.433,48.747,1.2166,,,,
gun_2_x3_alt_austria,,51,gun_2_x3_alt,austria,,New line - alternate guns,0.1197,dreadnought_gun_178_x3,1.888,0.4813,0.5639,1.6589,0.5773,49.9376,1.3608,dreadnought_gun_178_x3,1.9117,0.4873,0.5709,1.6958,0.5845,51.6854,1.3779,atlanta_gun_28_x3,1.6466,1.1653,1.3653,1.3882,1.3979,45.5059,1.1868,atlanta_gun_28_x3,1.6671,1.1798,1.3822,1.4191,1.4153,47.0986,1.2016,atlanta_gun_28_x3,1.6879,1.1946,1.3996,1.4506,1.433,48.747,1.2166,,,,
gun_3_x1_austria,,76,gun_3_x1,austria,,,0.1519,brandenburg_gun_76_x1,1.3711,0.92,1.0299,0.9459,0.8687,35.0014,1.0326,ny_gun_150_x1,1.5814,0.7786,0.8716,1.5862,0.7352,48.6978,1.191,ny_gun_150_x1,1.6012,0.7884,0.8826,1.6214,0.7444,50.4023,1.2059,ny_gun_150_x1,1.6212,0.7982,0.8936,1.6575,0.7537,52.1663,1.221,litt_gun_90_x1,1.8475,0.9453,1.0583,1.6341,0.8926,54.2558,1.3914,,,,
gun_3_x2_austria,,76,gun_3_x2,austria,,,0.1519,tsesarevich_gun_152_x2,1.9242,0.7688,0.8607,1.4679,0.7259,49.7361,1.4673,tsesarevich_gun_152_x2,1.9482,0.7784,0.8714,1.5005,0.735,51.4769,1.4856,richelieu_gun_120_x2,1.2805,0.9971,1.1162,1.5334,0.9415,40.8072,0.9764,richelieu_gun_120_x2,1.2965,1.0096,1.1302,1.5674,0.9533,42.2355,0.9886,litt_gun_90_x2,1.8247,0.9453,1.0583,1.6341,0.8926,54.2558,1.3914,,,,
gun_3_x3_austria,,76,gun_3_x3,austria,,,0.1519,dreadnought_gun_178_x3,1.6936,0.6114,0.6845,1.5925,0.5773,47.9848,1.3076,dreadnought_gun_178_x3,1.7149,0.619,0.693,1.628,0.5845,49.6643,1.324,richelieu_gun_120_x3,1.2647,0.9971,1.1162,1.5334,0.9415,40.8072,0.9764,richelieu_gun_120_x3,1.2805,1.0096,1.1302,1.5674,0.9533,42.2355,0.9886,richelieu_gun_100_x3,1.661,1.236,1.3837,1.6824,1.1671,50.0076,1.2824,,,,
gun_3_x4_austria,,76,gun_3_x4,austria,,,0.1519,dreadnought_gun_178_x4,1.6727,0.6114,0.6845,1.5925,0.5773,47.9848,1.3076,dreadnought_gun_178_x4,1.6937,0.619,0.693,1.628,0.5845,49.6643,1.324,richelieu_gun_120_x4,1.249,0.9971,1.1162,1.5334,0.9415,40.8072,0.9764,richelieu_gun_120_x4,1.2646,1.0096,1.1302,1.5674,0.9533,42.2355,0.9886,richelieu_gun_100_x4,1.6405,1.236,1.3837,1.6824,1.1671,50.0076,1.2824,,,,
gun_3_x1_alt_austria,,76,gun_3_x1_alt,austria,,New line - alternate guns,0.1519,brandenburg_gun_76_x1,1.3711,0.92,1.0299,0.9459,0.8687,35.0014,1.0326,ny_gun_150_x1,1.5814,0.7786,0.8716,1.5862,0.7352,48.6978,1.191,spee_gun_150_x1,2.0008,0.7999,0.8955,1.4882,0.7553,54.767,1.5069,spee_gun_150_x1,2.0258,0.8099,0.9067,1.5213,0.7647,56.6839,1.5257,kgeorge_gun_133_x1,1.7138,0.6884,0.7707,1.8256,0.65,51.7148,1.2907,,,,
gun_3_x2_alt_austria,,76,gun_3_x2_alt,austria,,New line - alternate guns,0.1519,tsesarevich_gun_152_x2,1.9242,0.7688,0.8607,1.4679,0.7259,49.7361,1.4673,tsesarevich_gun_152_x2,1.9482,0.7784,0.8714,1.5005,0.735,51.4769,1.4856,spee_gun_150_x2,1.9761,0.7999,0.8955,1.4882,0.7553,54.767,1.5069,spee_gun_150_x2,2.0008,0.8099,0.9067,1.5213,0.7647,56.6839,1.5257,kgeorge_gun_133_x2,1.6926,0.6884,0.7707,1.8256,0.65,51.7148,1.2907,,,,
gun_3_x3_alt_austria,,76,gun_3_x3_alt,austria,,New line - alternate guns,0.1519,dreadnought_gun_178_x3,1.6936,0.6114,0.6845,1.5925,0.5773,47.9848,1.3076,dreadnought_gun_178_x3,1.7149,0.619,0.693,1.628,0.5845,49.6643,1.324,spee_gun_150_x3,1.9517,0.7999,0.8955,1.4882,0.7553,54.767,1.5069,spee_gun_150_x3,1.9761,0.8099,0.9067,1.5213,0.7647,56.6839,1.5257,kgeorge_gun_133_x3,1.6717,0.6884,0.7707,1.8256,0.65,51.7148,1.2907,,,,
gun_4_x1_austria,,102,gun_4_x1,austria,,,0.1669,brandenburg_gun_76_x1,1.2048,1.0976,1.1974,0.8461,0.8687,33.9865,1.0027,dd_s_gun_c_102_x1,1.3674,0.9313,1.0159,1.5714,0.7371,42.6889,1.138,dd_s_gun_c_102_x1,1.3846,0.943,1.0287,1.6062,0.7463,44.183,1.1523,pola_gun_100_x1,1.4629,1.2077,1.3175,1.3768,0.9558,52.019,1.2175,pola_gun_100_x1,1.4813,1.2227,1.3338,1.4075,0.9677,53.8397,1.2328,,,,
gun_4_x2_austria,,102,gun_4_x2,austria,,,0.1669,tsesarevich_gun_152_x2,1.6907,0.9172,1.0006,1.3129,0.7259,48.294,1.4247,tsesarevich_gun_152_x2,1.7119,0.9287,1.0131,1.342,0.735,49.9843,1.4425,didox_gun_cal133_x2,1.3212,0.7495,0.8176,1.7403,0.5932,42.6901,1.1133,pola_gun_100_x2,1.4449,1.2077,1.3175,1.3768,0.9558,52.019,1.2175,pola_gun_100_x2,1.463,1.2227,1.3338,1.4075,0.9677,53.8397,1.2328,,,,
gun_4_x3_austria,,102,gun_4_x3,austria,,,0.1669,dreadnought_gun_178_x3,1.4882,0.7294,0.7957,1.4244,0.5773,46.5935,1.2697,dreadnought_gun_178_x3,1.5068,0.7385,0.8056,1.4561,0.5845,48.2242,1.2856,didox_gun_cal133_x3,1.3049,0.7495,0.8176,1.7403,0.5932,42.6901,1.1133,pola_gun_100_x3,1.427,1.2077,1.3175,1.3768,0.9558,52.019,1.2175,pola_gun_100_x3,1.445,1.2227,1.3338,1.4075,0.9677,53.8397,1.2328,,,,
gun_4_x4_austria,,102,gun_4_x4,austria,,,0.1669,dreadnought_gun_178_x4,1.4698,0.7294,0.7957,1.4244,0.5773,46.5935,1.2697,dreadnought_gun_178_x4,1.4882,0.7385,0.8056,1.4561,0.5845,48.2242,1.2856,didox_gun_cal133_x4,1.2888,0.7495,0.8176,1.7403,0.5932,42.6905,1.1133,pola_gun_100_x4,1.4094,1.2077,1.3175,1.3768,0.9558,52.019,1.2175,pola_gun_100_x4,1.4271,1.2227,1.3338,1.4075,0.9677,53.8397,1.2328,,,,
gun_4_x1_alt_austria,,102,gun_4_x1_alt,austria,,New line - alternate guns,0.1669,brandenburg_gun_76_x1,1.2048,1.0976,1.1974,0.8461,0.8687,33.9865,1.0027,dd_s_gun_c_102_x1,1.3674,0.9313,1.0159,1.5714,0.7371,42.6889,1.138,spee_gun_150_x1,1.7581,0.9543,1.041,1.3311,0.7553,53.1791,1.4632,spee_gun_150_x1,1.7801,0.9662,1.054,1.3607,0.7647,55.0403,1.4815,spee_gun_150_x1,1.8024,0.9783,1.0672,1.3909,0.7743,56.9667,1.5,,,,
gun_4_x2_alt_austria,,102,gun_4_x2_alt,austria,,New line - alternate guns,0.1669,tsesarevich_gun_152_x2,1.6907,0.9172,1.0006,1.3129,0.7259,48.294,1.4247,tsesarevich_gun_152_x2,1.7119,0.9287,1.0131,1.342,0.735,49.9843,1.4425,spee_gun_150_x2,1.7364,0.9543,1.041,1.3311,0.7553,53.1791,1.4632,spee_gun_150_x2,1.7582,0.9662,1.054,1.3607,0.7647,55.0403,1.4815,spee_gun_150_x2,1.7801,0.9783,1.0672,1.3909,0.7743,56.9667,1.5,,,,
gun_4_x3_alt_austria,,102,gun_4_x3_alt,austria,,New line - alternate guns,0.1669,dreadnought_gun_178_x3,1.4882,0.7294,0.7957,1.4244,0.5773,46.5935,1.2697,dreadnought_gun_178_x3,1.5068,0.7385,0.8056,1.4561,0.5845,48.2242,1.2856,spee_gun_150_x3,1.715,0.9543,1.041,1.3311,0.7553,53.1791,1.4632,spee_gun_150_x3,1.7364,0.9662,1.054,1.3607,0.7647,55.0403,1.4815,spee_gun_150_x3,1.7581,0.9783,1.0672,1.3909,0.7743,56.9667,1.5,,,,
gun_5_x1_austria,,127,gun_5_x1,austria,,,0.1636,tsesarevich_gun_152_x1,1.4275,1.0461,1.1234,1.1039,0.7259,47.2468,1.3938,tsesarevich_gun_152_x1,1.4454,1.0592,1.1375,1.1284,0.735,48.9005,1.4113,spee_gun_150_x1,1.4661,1.0885,1.1689,1.1191,0.7553,52.026,1.4315,spee_gun_150_x1,1.4844,1.102,1.1834,1.1441,0.7647,53.8469,1.4494,spee_gun_150_x1,1.5029,1.1159,1.1984,1.1694,0.7743,55.7315,1.4675,,,,
gun_5_x2_austria,,127,gun_5_x2,austria,,,0.1636,tsesarevich_gun_152_x2,1.4098,1.0461,1.1234,1.1039,0.7259,47.2468,1.3938,tsesarevich_gun_152_x2,1.4275,1.0592,1.1375,1.1284,0.735,48.9005,1.4113,spee_gun_150_x2,1.448,1.0885,1.1689,1.1191,0.7553,52.026,1.4315,spee_gun_150_x2,1.4661,1.102,1.1834,1.1441,0.7647,53.8469,1.4494,spee_gun_150_x2,1.4844,1.1159,1.1984,1.1694,0.7743,55.7315,1.4675,,,,
gun_5_x3_austria,,127,gun_5_x3,austria,,,0.1636,didox_gun_cal133_x3,1.0615,0.834,0.8956,1.4001,0.5787,38.9875,1.0625,didox_gun_cal133_x3,1.0747,0.8444,0.9068,1.4312,0.5859,40.3521,1.0757,didox_gun_cal133_x3,1.0881,0.8549,0.9181,1.4631,0.5932,41.7644,1.0892,didox_gun_cal133_x3,1.1017,0.8656,0.9296,1.4956,0.6006,43.2262,1.1028,de_Ruyter_gun_150_x3,1.3622,1.3178,1.4152,1.1856,0.9144,53.1688,1.3635,,,,
gun_5_x4_austria,,127,gun_5_x4,austria,,,0.1636,didox_gun_cal133_x4,1.0484,0.834,0.8956,1.4,0.5787,38.988,1.0625,didox_gun_cal133_x4,1.0615,0.8444,0.9068,1.4312,0.5859,40.3525,1.0758,didox_gun_cal133_x4,1.0747,0.8549,0.9181,1.4631,0.5932,41.7649,1.0892,didox_gun_cal133_x4,1.0881,0.8656,0.9296,1.4956,0.6006,43.2266,1.1028,de_Ruyter_gun_150_x4,1.3453,1.3178,1.4152,1.1856,0.9144,53.1688,1.3635,,,,
gun_5_x1_alt_austria,,127,gun_5_x1_alt,austria,,New line - alternate guns,0.1636,tsesarevich_gun_152_x1,1.4275,1.0461,1.1234,1.1039,0.7259,47.2468,1.3938,tsesarevich_gun_152_x1,1.4454,1.0592,1.1375,1.1284,0.735,48.9005,1.4113,vdt_gun_200_x1,1.3517,0.8155,0.8758,1.2856,0.5659,47.9684,1.3198,vdt_gun_200_x1,1.3686,0.8256,0.8866,1.3144,0.5729,49.6473,1.3363,ussr_gun_100_x1,1.3635,1.0424,1.1194,1.3398,0.7233,49.2734,1.3313,,,,
gun_5_x2_alt_austria,,127,gun_5_x2_alt,austria,,New line - alternate guns,0.1636,tsesarevich_gun_152_x2,1.4098,1.0461,1.1234,1.1039,0.7259,47.2468,1.3938,tsesarevich_gun_152_x2,1.4275,1.0592,1.1375,1.1284,0.735,48.9005,1.4113,vdt_gun_200_x2,1.335,0.8155,0.8758,1.2856,0.5659,47.9684,1.3198,vdt_gun_200_x2,1.3517,0.8256,0.8866,1.3144,0.5729,49.6473,1.3363,ussr_gun_100_x2,1.3468,1.0427,1.1198,1.3396,0.7235,49.2826,1.3315,,,,
gun_5_x3_alt_austria,,127,gun_5_x3_alt,austria,,New line - alternate guns,0.1636,didox_gun_cal133_x3,1.0615,0.834,0.8956,1.4001,0.5787,38.9875,1.0625,didox_gun_cal133_x3,1.0747,0.8444,0.9068,1.4312,0.5859,40.3521,1.0757,dant_gun_240_x3,1.4115,0.534,0.5735,1.2723,0.3705,52.7263,1.4129,dant_gun_240_x3,1.4292,0.5406,0.5806,1.3007,0.3751,54.5717,1.4306,ussr_gun_100_x3,1.33,1.0424,1.1194,1.3398,0.7233,49.2734,1.3313,,,,
gun_6_x1_austria,,152,gun_6_x1,austria,,,0.1859,tsesarevich_gun_152_x1,1.369,1.1652,1.2378,1.1062,0.7259,46.4054,1.369,vdt_gun_200_x1,1.2803,0.8972,0.9531,1.2603,0.5589,45.5209,1.2803,vdt_gun_200_x1,1.2963,0.9084,0.965,1.2883,0.5659,47.1142,1.2963,ussr_gun_100_x1,1.2914,1.1466,1.218,1.3136,0.7143,46.7593,1.2914,ussr_gun_100_x1,1.3076,1.161,1.2333,1.3427,0.7233,48.3959,1.3076,,,,
gun_6_x2_austria,,152,gun_6_x2,austria,,,0.1859,tsesarevich_gun_152_x2,1.3521,1.1652,1.2378,1.1062,0.7259,46.4054,1.369,vdt_gun_200_x2,1.2645,0.8972,0.9531,1.2603,0.5589,45.5209,1.2803,vdt_gun_200_x2,1.2803,0.9084,0.965,1.2883,0.5659,47.1142,1.2963,ussr_gun_100_x2,1.2758,1.1471,1.2185,1.3133,0.7146,46.768,1.2917,ussr_gun_100_x2,1.2917,1.1614,1.2337,1.3425,0.7235,48.4049,1.3078,,,,
gun_6_x3_austria,,152,gun_6_x3,austria,,,0.1859,didox_gun_cal133_x3,1.0179,0.9289,0.9868,1.4031,0.5787,38.2932,1.0435,didox_gun_cal133_x3,1.0307,0.9405,0.9991,1.4343,0.5859,39.6335,1.0566,didox_gun_cal133_x3,1.0436,0.9522,1.0115,1.4663,0.5932,41.0206,1.0698,didox_gun_cal133_x3,1.0567,0.9641,1.0242,1.4989,0.6006,42.4564,1.0832,ussr_gun_100_x3,1.2756,1.161,1.2333,1.3427,0.7233,48.3959,1.3076,,,,
gun_6_x4_austria,,152,gun_6_x4,austria,,,0.1859,didox_gun_cal133_x4,1.0055,0.9289,0.9868,1.4031,0.5787,38.2936,1.0436,didox_gun_cal133_x4,1.018,0.9405,0.9991,1.4343,0.5859,39.6339,1.0566,didox_gun_cal133_x4,1.0307,0.9522,1.0115,1.4663,0.5932,41.0211,1.0698,didox_gun_cal133_x4,1.0436,0.9641,1.0242,1.4989,0.6006,42.4568,1.0832,richelieu_gun_152_x4,1.3177,0.966,1.0262,1.261,0.6018,53.3318,1.3677,,,,
gun_6_x2_alt_austria,,152,gun_6_x2_alt,austria,,New line - alternate guns,0.1859,tsesarevich_gun_152_x2,1.3521,1.1652,1.2378,1.1062,0.7259,46.4054,1.369,vdt_gun_200_x2,1.2645,0.8972,0.9531,1.2603,0.5589,45.5209,1.2803,dido_gun_cal200_x2,1.1377,0.5952,0.6323,1.5363,0.3708,42.986,1.1519,dido_gun_cal200_x2,1.152,0.6026,0.6402,1.5705,0.3754,44.4905,1.1663,richelieu_gun_152_x2,1.3509,0.966,1.0262,1.261,0.6018,53.3318,1.3677,,,,
gun_6_x3_alt_austria,,152,gun_6_x3_alt,austria,,New line - alternate guns,0.1859,didox_gun_cal133_x3,1.0179,0.9289,0.9868,1.4031,0.5787,38.2932,1.0435,didox_gun_cal133_x3,1.0307,0.9405,0.9991,1.4343,0.5859,39.6335,1.0566,dido_gun_cal200_x3,1.1237,0.5952,0.6323,1.5363,0.3708,42.986,1.1519,dido_gun_cal200_x3,1.1377,0.6026,0.6402,1.5705,0.3754,44.4905,1.1663,richelieu_gun_152_x3,1.3342,0.966,1.0262,1.261,0.6018,53.3318,1.3677,,,,
gun_7_x1_austria,,178,gun_7_x1,austria,,,0.2118,tsesarevich_gun_152_x1,1.3476,1.3143,1.3846,1.0995,0.7259,45.6784,1.3476,vdt_gun_200_x1,1.2603,1.0119,1.0661,1.2528,0.5589,44.8078,1.2603,vdt_gun_200_x1,1.276,1.0246,1.0795,1.2805,0.5659,46.3761,1.276,vdt_gun_200_x1,1.292,1.0373,1.0928,1.3091,0.5729,47.9992,1.292,vdt_gun_200_x1,1.3081,1.0503,1.1065,1.3382,0.5801,49.6792,1.3081,,,,
gun_7_x2_austria,,178,gun_7_x2,austria,,,0.2118,tsesarevich_gun_152_x2,1.331,1.3143,1.3846,1.0995,0.7259,45.6784,1.3476,vdt_gun_200_x2,1.2448,1.0119,1.0661,1.2528,0.5589,44.8078,1.2603,vdt_gun_200_x2,1.2603,1.0246,1.0795,1.2805,0.5659,46.3761,1.276,vdt_gun_200_x2,1.2761,1.0373,1.0928,1.3091,0.5729,47.9992,1.292,vdt_gun_200_x2,1.292,1.0503,1.1065,1.3382,0.5801,49.6792,1.3081,,,,
gun_7_x3_austria,,178,gun_7_x3,austria,,,0.2118,didox_gun_cal133_x3,1.002,1.0478,1.1039,1.3946,0.5787,37.6933,1.0272,didox_gun_cal133_x3,1.0145,1.0608,1.1176,1.4257,0.5859,39.0126,1.04,didox_gun_cal133_x3,1.0272,1.074,1.1315,1.4574,0.5932,40.378,1.053,bismarck_gun_b_150_x3,1.2675,1.1673,1.2298,1.2745,0.6447,48.2723,1.2993,bismarck_gun_150_x3,1.2834,1.182,1.2453,1.3027,0.6528,49.9618,1.3156,,,,
gun_7_x4_austria,,178,gun_7_x4,austria,,,0.2118,didox_gun_cal133_x4,0.9897,1.0478,1.1039,1.3945,0.5787,37.6937,1.0272,didox_gun_cal133_x4,1.002,1.0608,1.1176,1.4257,0.5859,39.013,1.04,didox_gun_cal133_x4,1.0145,1.074,1.1315,1.4574,0.5932,40.3784,1.053,bismarck_gun_b_150_x4,1.2518,1.1673,1.2298,1.2745,0.6447,48.2723,1.2993,bismarck_gun_150_x4,1.2675,1.182,1.2453,1.3027,0.6528,49.9618,1.3156,,,,
gun_7_x2_alt_austria,,178,gun_7_x2_alt,austria,,New line - alternate guns,0.2118,tsesarevich_gun_152_x2,1.331,1.3143,1.3846,1.0995,0.7259,45.6784,1.3476,vdt_gun_200_x2,1.2448,1.0119,1.0661,1.2528,0.5589,44.8078,1.2603,dido_gun_cal200_x2,1.1199,0.6714,0.7074,1.5269,0.3708,42.3125,1.1338,mont_gun_152_x2,1.295,1.1626,1.2248,1.2273,0.6421,50.0158,1.3111,mont_gun_152_x2,1.3112,1.1771,1.2401,1.2546,0.6501,51.7664,1.3275,,,,
gun_7_x3_alt_austria,,178,gun_7_x3_alt,austria,,New line - alternate guns,0.2118,didox_gun_cal133_x3,1.002,1.0478,1.1039,1.3946,0.5787,37.6933,1.0272,didox_gun_cal133_x3,1.0145,1.0608,1.1176,1.4257,0.5859,39.0126,1.04,dido_gun_cal200_x3,1.106,0.6714,0.7074,1.5269,0.3708,42.3125,1.1338,mont_gun_152_x3,1.279,1.1626,1.2248,1.2273,0.6421,50.0158,1.3111,mont_gun_152_x3,1.295,1.1771,1.2401,1.2546,0.6501,51.7664,1.3275,,,,
gun_8_x1_austria,,203,gun_8_x1,austria,,,0.235,brandenburg_gun_279_x1,1.0528,0.7245,0.7587,1.577,0.361,35.6878,1.0528,friedrich_gun_228_x1,1.1301,0.8034,0.8413,1.4937,0.4003,39.1572,1.1301,dant_gun_245_x1,1.4517,0.8941,0.9363,1.1213,0.4455,54.1743,1.4517,bismarck_gun_380_short_x1,1.3991,0.6043,0.6328,1.34,0.3011,51.9805,1.3991,bismarck_gun_380_x1,1.5019,0.6119,0.6408,1.2919,0.3049,57.0378,1.5019,,,,
gun_8_x2_austria,,203,gun_8_x2,austria,,,0.235,brandenburg_gun_279_x2,1.0399,0.7245,0.7587,1.577,0.361,35.6878,1.0528,friedrich_gun_228_x2,1.1162,0.8034,0.8413,1.4937,0.4003,39.1572,1.1301,dant_gun_245_x2,1.4338,0.8941,0.9363,1.1213,0.4455,54.1743,1.4517,bismarck_gun_380_short_x2,1.3819,0.6043,0.6328,1.34,0.3011,51.9805,1.3991,bismarck_gun_380_x2,1.4834,0.6119,0.6408,1.2919,0.3049,57.0378,1.5019,,,,
gun_8_x3_austria,,203,gun_8_x3,austria,,,0.235,dido_gun_cal200_x3,1.0649,0.7259,0.7602,1.4437,0.3617,38.9835,1.0916,dido_gun_cal200_x3,1.0781,0.7349,0.7696,1.4759,0.3662,40.3479,1.1052,dant_gun_245_x3,1.4161,0.8941,0.9363,1.1213,0.4455,54.1743,1.4517,bismarck_gun_380_short_x3,1.3648,0.6043,0.6328,1.34,0.3011,51.9805,1.3991,bismarck_gun_380_x3,1.4651,0.6119,0.6408,1.2919,0.3049,57.0378,1.5019,,,,
gun_8_x4_austria,,203,gun_8_x4,austria,,,0.235,dido_gun_cal200_x4,1.0517,0.7259,0.7602,1.4437,0.3617,38.9835,1.0916,dido_gun_cal200_x4,1.0648,0.7349,0.7696,1.4759,0.3662,40.3479,1.1052,vdt_gun_280_x4,1.2693,0.7432,0.7783,1.3158,0.3703,47.8814,1.3174,vdt_gun_280_x4,1.2852,0.7524,0.7879,1.3452,0.3749,49.5572,1.3339,vdt_gun_280_x4,1.3012,0.7618,0.7977,1.3751,0.3796,51.2917,1.3506,,,,
gun_8_x2_alt_austria,,203,gun_8_x2_alt,austria,,New line - alternate guns,0.235,brandenburg_gun_279_x2,1.0399,0.7245,0.7587,1.577,0.361,35.6878,1.0528,friedrich_gun_228_x2,1.1162,0.8034,0.8413,1.4937,0.4003,39.1572,1.1301,vdt_gun_280_x2,1.3012,0.7432,0.7783,1.3158,0.3703,47.8814,1.3174,vdt_gun_280_x2,1.3175,0.7524,0.7879,1.3452,0.3749,49.5572,1.3339,vdt_gun_280_x2,1.334,0.7618,0.7977,1.3751,0.3796,51.2917,1.3506,,,,
gun_8_x3_alt_austria,,203,gun_8_x3_alt,austria,,New line - alternate guns,0.235,dido_gun_cal200_x3,1.0649,0.7259,0.7602,1.4437,0.3617,38.9835,1.0916,dido_gun_cal200_x3,1.0781,0.7349,0.7696,1.4759,0.3662,40.3479,1.1052,vdt_gun_280_x3,1.2851,0.7432,0.7783,1.3158,0.3703,47.8814,1.3174,vdt_gun_280_x3,1.3012,0.7524,0.7879,1.3452,0.3749,49.5572,1.3339,vdt_gun_280_x3,1.3175,0.7618,0.7977,1.3751,0.3796,51.2917,1.3506,,,,
gun_9_x1_austria,,229,gun_9_x1,austria,,,0.2574,brandenburg_gun_279_x1,1.0402,0.7981,0.8316,1.5494,0.361,35.2603,1.0402,friedrich_gun_228_x1,1.1165,0.885,0.9222,1.4676,0.4003,38.6882,1.1165,friedrich_gun_228_x1,1.1305,0.896,0.9336,1.5003,0.4053,40.0422,1.1305,vdt_gun_200_x1,1.2598,1.2665,1.3197,1.2708,0.5729,46.805,1.2598,vdt_gun_200_x1,1.2756,1.2824,1.3362,1.2989,0.5801,48.4432,1.2756,,,,
gun_9_x2_austria,,229,gun_9_x2,austria,,,0.2574,brandenburg_gun_279_x2,1.0274,0.7981,0.8316,1.5494,0.361,35.2603,1.0402,friedrich_gun_228_x2,1.1028,0.885,0.9222,1.4676,0.4003,38.6882,1.1165,friedrich_gun_228_x2,1.1166,0.896,0.9336,1.5003,0.4053,40.0422,1.1305,vdt_gun_200_x2,1.2443,1.2665,1.3197,1.2708,0.5729,46.805,1.2598,vdt_gun_200_x2,1.2599,1.2824,1.3362,1.2989,0.5801,48.4432,1.2756,,,,
gun_9_x3_austria,,229,gun_9_x3,austria,,,0.2574,dido_gun_cal200_x3,1.0521,0.7996,0.8332,1.4184,0.3617,38.5165,1.0785,dido_gun_cal200_x3,1.0653,0.8096,0.8436,1.4499,0.3662,39.8646,1.092,dido_gun_cal200_x3,1.0785,0.8198,0.8542,1.482,0.3708,41.2598,1.1056,dido_gun_cal200_x3,1.0921,0.8299,0.8647,1.5152,0.3754,42.7039,1.1195,richelieu_gun_152_x3,1.2805,1.3304,1.3862,1.2166,0.6018,51.1902,1.3127,,,,
gun_9_x4_austria,,229,gun_9_x4,austria,,,0.2574,dido_gun_cal200_x4,1.0391,0.7996,0.8332,1.4184,0.3617,38.5165,1.0785,dido_gun_cal200_x4,1.0521,0.8096,0.8436,1.4499,0.3662,39.8646,1.092,dido_gun_cal200_x4,1.0652,0.8198,0.8542,1.482,0.3708,41.2598,1.1056,dido_gun_cal200_x4,1.0786,0.8299,0.8647,1.5152,0.3754,42.7039,1.1195,richelieu_gun_152_x4,1.2647,1.3304,1.3862,1.2166,0.6018,51.1902,1.3127,,,,
gun_9_x2_alt_austria,,229,gun_9_x2_alt,austria,,New line - alternate guns,0.2574,brandenburg_gun_279_x2,1.0274,0.7981,0.8316,1.5494,0.361,35.2603,1.0402,friedrich_gun_228_x2,1.1028,0.885,0.9222,1.4676,0.4003,38.6882,1.1165,warrior_gun_228_x2,1.2232,1.0685,1.1134,1.2214,0.4833,47.4846,1.2384,warrior_gun_228_x2,1.2384,1.0817,1.1271,1.2487,0.4893,49.1466,1.2538,british_adv_cruiser_152_gun_x2,1.1869,1.1164,1.1633,1.3428,0.505,48.1485,1.2017,,,,
gun_9_x3_alt_austria,,229,gun_9_x3_alt,austria,,New line - alternate guns,0.2574,dido_gun_cal200_x3,1.0521,0.7996,0.8332,1.4184,0.3617,38.5165,1.0785,dido_gun_cal200_x3,1.0653,0.8096,0.8436,1.4499,0.3662,39.8646,1.092,warrior_gun_228_x3,1.2081,1.0685,1.1134,1.2214,0.4833,47.4846,1.2384,warrior_gun_228_x3,1.2231,1.0817,1.1271,1.2487,0.4893,49.1466,1.2538,british_adv_cruiser_152_gun_x3,1.1723,1.1164,1.1633,1.3428,0.505,48.1485,1.2017,,,,
gun_10_x1_austria,,254,gun_10_x1,austria,,,0.2773,brandenburg_gun_279_x1,1.0295,0.869,0.902,1.5172,0.361,34.8969,1.0295,dante_gun_240_x1,1.302,0.8808,0.9142,1.1786,0.3659,47.5317,1.302,dante_gun_240_x1,1.3183,0.8919,0.9258,1.2046,0.3705,49.1953,1.3183,dant_gun_245_x1,1.4373,1.0859,1.1271,1.1027,0.4511,54.8277,1.4373,dant_gun_245_x1,1.4552,1.0993,1.141,1.1274,0.4567,56.7467,1.4552,,,,
gun_10_x2_austria,,254,gun_10_x2,austria,,,0.2773,brandenburg_gun_279_x2,1.0168,0.869,0.902,1.5172,0.361,34.8969,1.0295,dante_gun_240_x2,1.286,0.8808,0.9142,1.1786,0.3659,47.5317,1.302,dante_gun_240_x2,1.3021,0.8919,0.9258,1.2046,0.3705,49.1953,1.3183,dant_gun_245_x2,1.4196,1.0859,1.1271,1.1027,0.4511,54.8277,1.4373,dant_gun_245_x2,1.4373,1.0993,1.141,1.1274,0.4567,56.7467,1.4552,,,,
gun_10_x3_austria,,254,gun_10_x3,austria,,,0.2773,dido_gun_cal200_x3,1.0413,0.8707,0.9038,1.3889,0.3617,38.1195,1.0674,dido_gun_cal200_x3,1.0542,0.8815,0.915,1.4199,0.3662,39.4537,1.0807,dido_gun_cal200_x3,1.0674,0.8926,0.9265,1.4513,0.3708,40.8345,1.0942,dreadnought_gun_c_305_x3,1.2449,0.9193,0.9542,1.2837,0.3819,48.6823,1.2762,mont_gun_152_x3,1.2497,1.5649,1.6243,1.1926,0.6501,49.9582,1.2811,,,,
gun_10_x4_austria,,254,gun_10_x4,austria,,,0.2773,dido_gun_cal200_x4,1.0284,0.8707,0.9038,1.3889,0.3617,38.1195,1.0674,dido_gun_cal200_x4,1.0412,0.8815,0.915,1.4199,0.3662,39.4537,1.0807,dido_gun_cal200_x4,1.0542,0.8926,0.9265,1.4513,0.3708,40.8345,1.0942,dreadnought_gun_c_305_x4,1.2296,0.9193,0.9542,1.2837,0.3819,48.6823,1.2762,mont_gun_152_x4,1.2343,1.5649,1.6243,1.1926,0.6501,49.9582,1.2811,,,,
gun_10_x2_alt_austria,,254,gun_10_x2_alt,austria,,New line - alternate guns,0.2773,brandenburg_gun_279_x2,1.0168,0.869,0.902,1.5172,0.361,34.8969,1.0295,dante_gun_240_x2,1.286,0.8808,0.9142,1.1786,0.3659,47.5317,1.302,irresistible_gun_305_x2,1.0945,0.8923,0.9262,1.3951,0.3707,42.4894,1.1081,irresistible_gun_305_x2,1.1081,0.9037,0.938,1.4257,0.3754,43.9765,1.1219,nelson_gun_406_x2,1.2863,0.6865,0.7126,1.3464,0.2852,52.1812,1.3023,,,,
gun_10_x3_alt_austria,,254,gun_10_x3_alt,austria,,New line - alternate guns,0.2773,dido_gun_cal200_x3,1.0413,0.8707,0.9038,1.3889,0.3617,38.1195,1.0674,dant_gun_240_x3,1.2701,0.8808,0.9142,1.1786,0.3659,47.5317,1.302,irresistible_gun_305_x3,1.081,0.8923,0.9262,1.3951,0.3707,42.4894,1.1081,irresistible_gun_305_x3,1.0944,0.9037,0.938,1.4257,0.3754,43.9765,1.1219,nelson_gun_406_x3,1.2704,0.6865,0.7126,1.3464,0.2852,52.1812,1.3023,,,,
gun_11_x1_austria,,279,gun_11_x1,austria,,,0.2431,brandenburg_gun_279_x1,1.0199,0.9402,0.9728,1.218,0.361,34.5708,1.0199,friedrich_gun_228_x1,1.0947,1.0425,1.0786,1.1538,0.4003,37.9316,1.0947,friedrich_gun_228_x1,1.1084,1.0556,1.0922,1.1793,0.4053,39.2592,1.1084,bismarck_gun_380_short_x1,1.3553,0.7842,0.8114,1.0349,0.3011,50.3535,1.3553,bismarck_gun_380_x1,1.4549,0.7941,0.8216,0.9977,0.3049,55.2525,1.4549,,,,
gun_11_x2_austria,,279,gun_11_x2,austria,,,0.2431,brandenburg_gun_279_x2,1.0074,0.9402,0.9728,1.218,0.361,34.5708,1.0199,friedrich_gun_228_x2,1.0812,1.0425,1.0786,1.1538,0.4003,37.9316,1.0947,friedrich_gun_228_x2,1.0948,1.0556,1.0922,1.1793,0.4053,39.2592,1.1084,bismarck_gun_380_short_x2,1.3386,0.7842,0.8114,1.0349,0.3011,50.3535,1.3553,bismarck_gun_380_x2,1.437,0.7941,0.8216,0.9977,0.3049,55.2525,1.4549,,,,
gun_11_x3_austria,,279,gun_11_x3,austria,,,0.2431,dido_gun_cal200_x3,1.0315,0.942,0.9746,1.115,0.3617,37.7633,1.0574,dido_gun_cal200_x3,1.0444,0.9537,0.9868,1.1399,0.3662,39.085,1.0706,dido_gun_cal200_x3,1.0574,0.9657,0.9992,1.1651,0.3708,40.453,1.084,bismarck_gun_380_short_x3,1.3221,0.7842,0.8114,1.0349,0.3011,50.3535,1.3553,bismarck_gun_380_x3,1.4192,0.7941,0.8216,0.9977,0.3049,55.2525,1.4549,,,,
gun_11_x4_austria,,279,gun_11_x4,austria,,,0.2431,dido_gun_cal200_x4,1.0188,0.942,0.9746,1.115,0.3617,37.7633,1.0574,dido_gun_cal200_x4,1.0315,0.9537,0.9868,1.1399,0.3662,39.085,1.0706,vdt_gun_280_x4,1.2296,0.9644,0.9978,1.0163,0.3703,46.3827,1.2762,vdt_gun_280_x4,1.245,0.9764,1.0102,1.0389,0.3749,48.0061,1.2922,vdt_gun_280_x4,1.2605,0.9886,1.0229,1.062,0.3796,49.6863,1.3083,,,,
gun_11_x2_alt_austria,,279,gun_11_x2_alt,austria,,New line - alternate guns,0.2431,brandenburg_gun_279_x2,1.0074,0.9402,0.9728,1.218,0.361,34.5708,1.0199,friedrich_gun_228_x2,1.0812,1.0425,1.0786,1.1538,0.4003,37.9316,1.0947,vdt_gun_280_x2,1.2605,0.9644,0.9978,1.0163,0.3703,46.3827,1.2762,vdt_gun_280_x2,1.2763,0.9764,1.0102,1.0389,0.3749,48.0061,1.2922,vdt_gun_280_x2,1.2922,0.9886,1.0229,1.062,0.3796,49.6863,1.3083,,,,
gun_11_x3_alt_austria,,279,gun_11_x3_alt,austria,,New line - alternate guns,0.2431,dido_gun_cal200_x3,1.0315,0.942,0.9746,1.115,0.3617,37.7633,1.0574,dido_gun_cal200_x3,1.0444,0.9537,0.9868,1.1399,0.3662,39.085,1.0706,vdt_gun_280_x3,1.2449,0.9644,0.9978,1.0163,0.3703,46.3827,1.2762,vdt_gun_280_x3,1.2605,0.9764,1.0102,1.0389,0.3749,48.0061,1.2922,vdt_gun_280_x3,1.2762,0.9886,1.0229,1.062,0.3796,49.6863,1.3083,,,,
gun_12_x1_austria,,305,gun_12_x1,austria,,,0.2645,friedrich_gun_305_x1,1.1148,1.0147,1.0469,1.1033,0.361,37.788,1.1148,friedrich_gun_228_x1,1.085,1.1252,1.1609,1.1526,0.4003,37.5951,1.085,irresistible_gun_305_x1,1.088,1.042,1.0751,1.1188,0.3707,41.719,1.088,dreadnought_gun_b_305_x1,1.207,1.0552,1.0887,1.1298,0.3754,43.7011,1.207,ussr_gun_406_x1,1.42,0.7126,0.7353,1.0775,0.2535,52.5569,1.42,,,,
gun_12_x2_austria,,305,gun_12_x2,austria,,,0.2645,friedrich_gun_305_x2,1.1011,1.0147,1.0469,1.1033,0.361,37.788,1.1148,friedrich_gun_228_x2,1.0717,1.1252,1.1609,1.1526,0.4003,37.5951,1.085,irresistible_gun_305_x2,1.0746,1.042,1.0751,1.1188,0.3707,41.719,1.088,dreadnought_gun_b_305_x2,1.1921,1.0552,1.0887,1.1298,0.3754,43.7011,1.207,ussr_gun_406_x2,1.4025,0.7126,0.7353,1.0775,0.2535,52.5569,1.42,,,,
gun_12_x3_austria,,305,gun_12_x3,austria,,,0.2645,dido_gun_cal200_x3,1.0223,1.0167,1.049,1.1139,0.3617,37.4283,1.048,dido_gun_cal200_x3,1.0351,1.0293,1.062,1.1387,0.3662,38.7383,1.0611,irresistible_gun_305_x3,1.0614,1.042,1.0751,1.1188,0.3707,41.719,1.088,dreadnought_gun_b_305_x3,1.1774,1.0552,1.0887,1.1298,0.3754,43.7011,1.207,ussr_gun_406_x3,1.3852,0.7126,0.7353,1.0775,0.2535,52.5569,1.42,,,,
gun_12_x4_austria,,305,gun_12_x4,austria,,,0.2645,dido_gun_cal200_x4,1.0097,1.0167,1.049,1.1139,0.3617,37.4283,1.048,dido_gun_cal200_x4,1.0223,1.0293,1.062,1.1387,0.3662,38.7383,1.0611,dreadnought_gun_c_305_x4,1.1924,1.06,1.0937,1.0073,0.3771,46.1832,1.2376,dreadnought_gun_c_305_x4,1.2072,1.0734,1.1075,1.0296,0.3819,47.7996,1.253,kgeorge_gun_380_x4,1.2981,0.9138,0.9428,0.998,0.3251,53.9848,1.3473,,,,
gun_12_x2_alt_austria,,305,gun_12_x2_alt,austria,,New line - alternate guns,0.2645,friedrich_gun_305_x2,1.1011,1.0147,1.0469,1.1033,0.361,37.788,1.1148,friedrich_gun_228_x2,1.0717,1.1252,1.1609,1.1526,0.4003,37.5951,1.085,dreadnought_gun_c_305_x2,1.2224,1.06,1.0937,1.0073,0.3771,46.1832,1.2376,dreadnought_gun_c_305_x2,1.2376,1.0734,1.1075,1.0296,0.3819,47.7996,1.253,kgeorge_gun_380_x2,1.3307,0.9138,0.9428,0.998,0.3251,53.9848,1.3473,,,,
gun_12_x3_alt_austria,,305,gun_12_x3_alt,austria,,New line - alternate guns,0.2645,dido_gun_cal200_x3,1.0223,1.0167,1.049,1.1139,0.3617,37.4283,1.048,dido_gun_cal200_x3,1.0351,1.0293,1.062,1.1387,0.3662,38.7383,1.0611,dreadnought_gun_c_305_x3,1.2073,1.06,1.0937,1.0073,0.3771,46.1832,1.2376,dreadnought_gun_c_305_x3,1.2223,1.0734,1.1075,1.0296,0.3819,47.7996,1.253,kgeorge_gun_380_x3,1.3143,0.9138,0.9428,0.998,0.3251,53.9848,1.3473,,,,
gun_13_x1_austria,,330,gun_13_x1,austria,,,0.2848,friedrich_gun_305_x1,1.106,1.0869,1.1189,1.1005,0.361,37.4915,1.106,friedrich_gun_228_x1,1.0765,1.2052,1.2406,1.1497,0.4003,37.3001,1.0765,dreadnought_gun_b_305_x1,1.1827,1.1161,1.1489,1.1026,0.3707,41.8919,1.1827,dreadnought_gun_b_305_x1,1.1975,1.1302,1.1634,1.127,0.3754,43.3581,1.1975,nelson_gun_406_x1,1.2687,0.8587,0.884,1.0769,0.2852,50.8331,1.2687,,,,
gun_13_x2_austria,,330,gun_13_x2,austria,,,0.2848,friedrich_gun_305_x2,1.0924,1.0869,1.1189,1.1005,0.361,37.4915,1.106,friedrich_gun_228_x2,1.0633,1.2052,1.2406,1.1497,0.4003,37.3001,1.0765,dreadnought_gun_b_305_x2,1.1681,1.1161,1.1489,1.1026,0.3707,41.8919,1.1827,dreadnought_gun_b_305_x2,1.1828,1.1302,1.1634,1.127,0.3754,43.3581,1.1975,nelson_gun_406_x2,1.2531,0.8587,0.884,1.0769,0.2852,50.8331,1.2687,,,,
gun_13_x3_austria,,330,gun_13_x3,austria,,,0.2848,dido_gun_cal200_x3,1.0143,1.089,1.121,1.1111,0.3617,37.1346,1.0398,dido_gun_cal200_x3,1.027,1.1025,1.1349,1.1359,0.3662,38.4343,1.0528,dreadnought_gun_b_305_x3,1.1537,1.1161,1.1489,1.1026,0.3707,41.8919,1.1827,dreadnought_gun_b_305_x3,1.1682,1.1302,1.1634,1.127,0.3754,43.3581,1.1975,nelson_gun_406_x3,1.2376,0.8587,0.884,1.0769,0.2852,50.8331,1.2687,,,,
gun_13_x4_austria,,330,gun_13_x4,austria,,,0.2848,dido_gun_cal200_x4,1.0018,1.089,1.121,1.1111,0.3617,37.1346,1.0398,dido_gun_cal200_x4,1.0143,1.1025,1.1349,1.1359,0.3662,38.4343,1.0528,vdt_gun_280_x4,1.2091,1.1149,1.1477,1.0127,0.3703,45.6105,1.255,vdt_gun_280_x4,1.2242,1.1287,1.1619,1.0353,0.3749,47.2069,1.2706,richelieu_gun_380_x4,1.3389,0.918,0.945,0.9968,0.3049,54.1924,1.3897,,,,
gun_13_x2_alt_austria,,330,gun_13_x2_alt,austria,,New line - alternate guns,0.2848,friedrich_gun_305_x2,1.0924,1.0869,1.1189,1.1005,0.361,37.4915,1.106,friedrich_gun_228_x2,1.0633,1.2052,1.2406,1.1497,0.4003,37.3001,1.0765,vdt_gun_280_x2,1.2396,1.1149,1.1477,1.0127,0.3703,45.6105,1.255,vdt_gun_280_x2,1.255,1.1287,1.1619,1.0353,0.3749,47.2069,1.2706,richelieu_gun_380_x2,1.3726,0.918,0.945,0.9968,0.3049,54.1924,1.3897,,,,
gun_13_x3_alt_austria,,330,gun_13_x3_alt,austria,,New line - alternate guns,0.2848,dido_gun_cal200_x3,1.0143,1.089,1.121,1.1111,0.3617,37.1346,1.0398,dido_gun_cal200_x3,1.027,1.1025,1.1349,1.1359,0.3662,38.4343,1.0528,vdt_gun_280_x3,1.2243,1.1149,1.1477,1.0127,0.3703,45.6105,1.255,vdt_gun_280_x3,1.2395,1.1287,1.1619,1.0353,0.3749,47.2069,1.2706,richelieu_gun_380_x3,1.3556,0.918,0.945,0.9968,0.3049,54.1924,1.3897,,,,
gun_14_x1_austria,,356,gun_14_x1,austria,,,0.3057,dreadnought_gun_c_305_x1,1.1887,1.1848,1.2172,0.9576,0.3679,42.4511,1.1887,dreadnought_gun_c_305_x1,1.2035,1.1996,1.2324,0.9789,0.3725,43.9369,1.2035,dreadnought_gun_c_305_x1,1.2186,1.2144,1.2476,1.0008,0.3771,45.4746,1.2186,bismarck_gun_b_150_x1,1.2123,2.0762,2.1329,0.9652,0.6447,45.0397,1.2123,bismarck_gun_150_x1,1.2275,2.1023,2.1597,0.9866,0.6528,46.616,1.2275,,,,
gun_14_x2_austria,,356,gun_14_x2,austria,,,0.3057,dreadnought_gun_c_305_x2,1.1741,1.1848,1.2172,0.9576,0.3679,42.4511,1.1887,dreadnought_gun_c_305_x2,1.1887,1.1996,1.2324,0.9789,0.3725,43.9369,1.2035,dreadnought_gun_c_305_x2,1.2036,1.2144,1.2476,1.0008,0.3771,45.4746,1.2186,bismarck_gun_b_150_x2,1.1974,2.0762,2.1329,0.9652,0.6447,45.0397,1.2123,bismarck_gun_150_x2,1.2124,2.1023,2.1597,0.9866,0.6528,46.616,1.2275,,,,
gun_14_x3_austria,,356,gun_14_x3,austria,,,0.3057,dreadnought_gun_c_305_x3,1.1596,1.1848,1.2172,0.9576,0.3679,42.4511,1.1887,dreadnought_gun_c_305_x3,1.174,1.1996,1.2324,0.9789,0.3725,43.9369,1.2035,dreadnought_gun_c_305_x3,1.1887,1.2144,1.2476,1.0008,0.3771,45.4746,1.2186,bismarck_gun_b_150_x3,1.1826,2.0762,2.1329,0.9652,0.6447,45.0397,1.2123,bismarck_gun_150_x3,1.1974,2.1023,2.1597,0.9866,0.6528,46.616,1.2275,,,,
gun_14_x4_austria,,356,gun_14_x4,austria,,,0.3057,vdt_gun_280_x4,1.1705,1.1632,1.195,0.9653,0.3612,42.2562,1.2149,vdt_gun_280_x4,1.1852,1.1777,1.2099,0.9868,0.3657,43.7352,1.2301,vdt_gun_280_x4,1.2,1.1925,1.2251,1.0087,0.3703,45.2659,1.2455,spee_gun_280_x4_a,1.2502,1.302,1.3376,0.9872,0.4043,48.2083,1.2976,spee_gun_var_280_x4,1.2327,1.3184,1.3544,1.0091,0.4094,49.8956,1.2795,,,,
gun_14_x2_alt_austria,,356,gun_14_x2_alt,austria,,New line - alternate guns,0.3057,vdt_gun_280_x2,1.2,1.1632,1.195,0.9653,0.3612,42.2562,1.2149,vdt_gun_280_x2,1.215,1.1777,1.2099,0.9868,0.3657,43.7352,1.2301,vdt_gun_280_x2,1.2302,1.1925,1.2251,1.0087,0.3703,45.2659,1.2455,spee_gun_280_x2_a,1.2816,1.302,1.3376,0.9872,0.4043,48.2083,1.2976,spee_gun_var_280_x2,1.2638,1.3184,1.3544,1.0091,0.4094,49.8956,1.2795,,,,
gun_14_x3_alt_austria,,356,gun_14_x3_alt,austria,,New line - alternate guns,0.3057,vdt_gun_280_x3,1.1851,1.1632,1.195,0.9653,0.3612,42.2562,1.2149,vdt_gun_280_x3,1.2,1.1777,1.2099,0.9868,0.3657,43.7352,1.2301,vdt_gun_280_x3,1.215,1.1925,1.2251,1.0087,0.3703,45.2659,1.2455,spee_gun_280_x3_a,1.2658,1.302,1.3376,0.9872,0.4043,48.2083,1.2976,spee_gun_var_280_x3,1.2482,1.3184,1.3544,1.0091,0.4094,49.8956,1.2795,,,,
gun_15_x1_austria,,381,gun_15_x1,austria,,,0.3256,dreadnought_gun_c_305_x1,1.1806,1.2597,1.2919,0.9528,0.3679,42.1639,1.1806,bismarck_gun_380_short_x1,1.2815,1.0056,1.0313,0.9782,0.2937,45.5635,1.2815,bismarck_gun_380_short_x1,1.2975,1.0183,1.0443,0.9998,0.2974,47.1582,1.2975,litt_gun_152a_x1,1.1828,1.9609,2.011,0.9724,0.5727,45.1215,1.1828,litt_gun_152a_x1,1.1976,1.9852,2.0359,0.9941,0.5798,46.7007,1.1976,,,,
gun_15_x2_austria,,381,gun_15_x2,austria,,,0.3256,dreadnought_gun_c_305_x2,1.1661,1.2597,1.2919,0.9528,0.3679,42.1639,1.1806,bismarck_gun_380_short_x2,1.2657,1.0056,1.0313,0.9782,0.2937,45.5635,1.2815,bismarck_gun_380_short_x2,1.2815,1.0183,1.0443,0.9998,0.2974,47.1582,1.2975,litt_gun_152a_x2,1.1682,1.9609,2.011,0.9724,0.5727,45.1215,1.1828,litt_gun_152a_x2,1.1829,1.9852,2.0359,0.9941,0.5798,46.7007,1.1976,,,,
gun_15_x3_austria,,381,gun_15_x3,austria,,,0.3256,dreadnought_gun_c_305_x3,1.1517,1.2597,1.2919,0.9528,0.3679,42.1639,1.1806,bismarck_gun_380_short_x3,1.2501,1.0056,1.0313,0.9782,0.2937,45.5635,1.2815,bismarck_gun_380_short_x3,1.2657,1.0183,1.0443,0.9998,0.2974,47.1582,1.2975,litt_gun_152a_x3,1.1538,1.9609,2.011,0.9724,0.5727,45.1215,1.1828,litt_gun_152a_x3,1.1683,1.9852,2.0359,0.9941,0.5798,46.7007,1.1976,,,,
gun_15_x4_austria,,381,gun_15_x4,austria,,,0.3256,vdt_gun_280_x4,1.1626,1.2367,1.2683,0.9606,0.3612,41.9704,1.2067,vdt_gun_280_x4,1.1772,1.2521,1.2841,0.9819,0.3657,43.4394,1.2218,vdt_gun_280_x4,1.1919,1.2679,1.3003,1.0036,0.3703,44.9597,1.2371,kgeorge_gun_380_x4,1.2538,1.0994,1.1275,0.9651,0.3211,51.0116,1.3014,kgeorge_gun_380_x4_c,1.2695,1.1131,1.1415,0.9866,0.3251,52.797,1.3177,,,,
gun_15_x2_alt_austria,,381,gun_15_x2_alt,austria,,New line - alternate guns,0.3256,vdt_gun_280_x2,1.1919,1.2367,1.2683,0.9606,0.3612,41.9704,1.2067,vdt_gun_280_x2,1.2068,1.2521,1.2841,0.9819,0.3657,43.4394,1.2218,vdt_gun_280_x2,1.2219,1.2679,1.3003,1.0036,0.3703,44.9597,1.2371,kgeorge_gun_380_x2,1.2854,1.0994,1.1275,0.9651,0.3211,51.0115,1.3014,kgeorge_gun_380_x2_c,1.3015,1.1131,1.1415,0.9866,0.3251,52.7969,1.3177,,,,
gun_15_x3_alt_austria,,381,gun_15_x3_alt,austria,,New line - alternate guns,0.3256,vdt_gun_280_x3,1.1771,1.2367,1.2683,0.9606,0.3612,41.9704,1.2067,vdt_gun_280_x3,1.1919,1.2521,1.2841,0.9819,0.3657,43.4394,1.2218,vdt_gun_280_x3,1.2068,1.2679,1.3003,1.0036,0.3703,44.9597,1.2371,kgeorge_gun_380_x3,1.2695,1.0994,1.1275,0.9651,0.3211,51.0115,1.3014,kgeorge_gun_380_x3_c,1.2854,1.1131,1.1415,0.9866,0.3251,52.7969,1.3177,,,,
gun_16_x1_austria,,406,gun_16_x1,austria,,,0.3453,bismarck_gun_380_short_x1,1.2577,1.0529,1.0782,0.9512,0.2901,43.7438,1.2577,bismarck_gun_380_short_x1,1.2734,1.066,1.0916,0.9724,0.2937,45.2748,1.2734,bismarck_gun_380_short_x1,1.2893,1.0794,1.1053,0.9939,0.2974,46.8594,1.2893,bismarck_gun_380_x1,1.384,1.0928,1.119,0.9584,0.3011,51.4185,1.384,bismarck_gun_380_x1,1.4013,1.1066,1.1332,0.9796,0.3049,53.2182,1.4013,,,,
gun_16_x2_austria,,406,gun_16_x2,austria,,,0.3453,bismarck_gun_380_short_x2,1.2422,1.0529,1.0782,0.9512,0.2901,43.7438,1.2577,bismarck_gun_380_short_x2,1.2577,1.066,1.0916,0.9724,0.2937,45.2748,1.2734,bismarck_gun_380_short_x2,1.2734,1.0794,1.1053,0.9939,0.2974,46.8594,1.2893,bismarck_gun_380_x2,1.367,1.0928,1.119,0.9584,0.3011,51.4185,1.384,bismarck_gun_380_x2,1.384,1.1066,1.1332,0.9796,0.3049,53.2182,1.4013,,,,
gun_16_x3_austria,,406,gun_16_x3,austria,,,0.3453,bismarck_gun_380_short_x3,1.2269,1.0529,1.0782,0.9512,0.2901,43.7438,1.2577,bismarck_gun_380_short_x3,1.2422,1.066,1.0916,0.9724,0.2937,45.2748,1.2734,bismarck_gun_380_short_x3,1.2577,1.0794,1.1053,0.9939,0.2974,46.8594,1.2893,bismarck_gun_380_x3,1.3501,1.0928,1.119,0.9584,0.3011,51.4185,1.384,bismarck_gun_380_x3,1.367,1.1066,1.1332,0.9796,0.3049,53.2182,1.4013,,,,
gun_16_x4_austria,,406,gun_16_x4,austria,,,0.3453,vdt_gun_280_x4,1.1553,1.3109,1.3424,0.9549,0.3612,41.7045,1.1991,vdt_gun_280_x4,1.1696,1.3273,1.3592,0.9761,0.3657,43.1642,1.214,dreadnought_gun_b_305_x4,1.1162,1.3454,1.3777,1.0864,0.3707,41.0326,1.1585,ussr_gun_406_x4,1.3131,0.9088,0.9306,1.0359,0.2504,49.3477,1.3629,ussr_gun_406_x4,1.3295,0.9201,0.9422,1.059,0.2535,51.0748,1.3799,,,,
gun_16_x2_alt_austria,,406,gun_16_x2_alt,austria,,New line - alternate guns,0.3453,vdt_gun_280_x2,1.1843,1.3109,1.3424,0.9549,0.3612,41.7045,1.1991,vdt_gun_280_x2,1.1991,1.3273,1.3592,0.9761,0.3657,43.1642,1.214,dreadnought_gun_b_305_x2,1.1442,1.3454,1.3777,1.0864,0.3707,41.0326,1.1585,ussr_gun_406_x2,1.3461,0.9088,0.9306,1.0359,0.2504,49.3477,1.3629,ussr_gun_406_x2,1.3629,0.9201,0.9422,1.059,0.2535,51.0748,1.3799,,,,
gun_16_x3_alt_austria,,406,gun_16_x3_alt,austria,,New line - alternate guns,0.3453,vdt_gun_280_x3,1.1697,1.3109,1.3424,0.9549,0.3612,41.7045,1.1991,vdt_gun_280_x3,1.1843,1.3273,1.3592,0.9761,0.3657,43.1642,1.214,dreadnought_gun_b_305_x3,1.1301,1.3454,1.3777,1.0864,0.3707,41.0326,1.1585,ussr_gun_406_x3,1.3295,0.9088,0.9306,1.0359,0.2504,49.3477,1.3629,ussr_gun_406_x3,1.3461,0.9201,0.9422,1.059,0.2535,51.0749,1.3799,,,,
gun_17_x1_austria,,432,gun_17_x1,austria,,,0.3656,dreadnought_gun_c_305_x1,1.1659,1.4146,1.4465,0.9408,0.3679,41.6376,1.1659,dreadnought_gun_c_305_x1,1.1805,1.4323,1.4646,0.9617,0.3725,43.0949,1.1805,dreadnought_gun_c_305_x1,1.1952,1.45,1.4827,0.9832,0.3771,44.6032,1.1952,pola_gun_203_x1,1.2297,1.7338,1.7729,0.9565,0.4509,46.9097,1.2297,pola_gun_203_x1,1.2451,1.7553,1.7949,0.9778,0.4565,48.5516,1.2451,,,,
gun_17_x2_austria,,432,gun_17_x2,austria,,,0.3656,dreadnought_gun_c_305_x2,1.1516,1.4146,1.4465,0.9408,0.3679,41.6376,1.1659,dreadnought_gun_c_305_x2,1.166,1.4323,1.4646,0.9617,0.3725,43.0949,1.1805,dreadnought_gun_c_305_x2,1.1805,1.45,1.4827,0.9832,0.3771,44.6032,1.1952,pola_gun_203_x2,1.2146,1.7338,1.7729,0.9565,0.4509,46.9097,1.2297,pola_gun_203_x2,1.2298,1.7553,1.7949,0.9778,0.4565,48.5516,1.2451,,,,
gun_17_x3_austria,,432,gun_17_x3,austria,,,0.3656,dreadnought_gun_c_305_x3,1.1373,1.4146,1.4465,0.9408,0.3679,41.6376,1.1659,dreadnought_gun_c_305_x3,1.1516,1.4323,1.4646,0.9617,0.3725,43.0949,1.1805,dreadnought_gun_c_305_x3,1.1659,1.45,1.4827,0.9832,0.3771,44.6032,1.1952,pola_gun_203_x3,1.1996,1.7338,1.7729,0.9565,0.4509,46.9097,1.2297,pola_gun_203_x3,1.2146,1.7553,1.7949,0.9778,0.4565,48.5516,1.2451,,,,
gun_17_x4_austria,,432,gun_17_x4,austria,,,0.3656,vdt_gun_280_x4,1.1481,1.3889,1.4203,0.9483,0.3612,41.4464,1.1916,vdt_gun_280_x4,1.1624,1.4062,1.438,0.9694,0.3657,42.8971,1.2065,spee_gun_280_x4_a,1.2111,1.5354,1.5701,0.9488,0.3993,45.6854,1.257,richelieu_gun_380_x4,1.2873,1.1578,1.184,0.9542,0.3011,50.9684,1.3361,richelieu_gun_380_x4,1.3034,1.1724,1.1989,0.9753,0.3049,52.7523,1.3528,,,,
gun_17_x2_alt_austria,,432,gun_17_x2_alt,austria,,New line - alternate guns,0.3656,vdt_gun_280_x2,1.1769,1.3889,1.4203,0.9483,0.3612,41.4464,1.1916,vdt_gun_280_x2,1.1917,1.4062,1.438,0.9694,0.3657,42.8971,1.2065,spee_gun_280_x2_a,1.2415,1.5354,1.5701,0.9488,0.3993,45.6854,1.257,richelieu_gun_380_x2,1.3197,1.1578,1.184,0.9542,0.3011,50.9684,1.3361,richelieu_gun_380_x2,1.3361,1.1724,1.1989,0.9753,0.3049,52.7523,1.3528,,,,
gun_17_x3_alt_austria,,432,gun_17_x3_alt,austria,,New line - alternate guns,0.3656,vdt_gun_280_x3,1.1624,1.3889,1.4203,0.9483,0.3612,41.4464,1.1916,vdt_gun_280_x3,1.1769,1.4062,1.438,0.9694,0.3657,42.8971,1.2065,spee_gun_280_x3_a,1.2262,1.5354,1.5701,0.9488,0.3993,45.6854,1.257,richelieu_gun_380_x3,1.3034,1.1578,1.184,0.9542,0.3011,50.9684,1.3361,richelieu_gun_380_x3,1.3197,1.1724,1.1989,0.9753,0.3049,52.7523,1.3528,,,,
gun_18_x1_austria,,457,gun_18_x1,austria,,,0.3849,bismarck_gun_380_short_x1,1.2429,1.1763,1.2014,0.9378,0.2901,43.2292,1.2429,bismarck_gun_380_short_x1,1.2584,1.1909,1.2164,0.9587,0.2937,44.7422,1.2584,bismarck_gun_380_short_x1,1.2742,1.2059,1.2317,0.9799,0.2974,46.3082,1.2742,bismarck_gun_380_x1,1.3677,1.2209,1.247,0.9449,0.3011,50.8137,1.3677,bismarck_gun_380_x1,1.3848,1.2363,1.2627,0.9658,0.3049,52.5922,1.3848,,,,
gun_18_x2_austria,,457,gun_18_x2,austria,,,0.3849,bismarck_gun_380_short_x2,1.2276,1.1763,1.2014,0.9378,0.2901,43.2292,1.2429,bismarck_gun_380_short_x2,1.2429,1.1909,1.2164,0.9587,0.2937,44.7422,1.2584,bismarck_gun_380_short_x2,1.2585,1.2059,1.2317,0.9799,0.2974,46.3082,1.2742,bismarck_gun_380_x2,1.3509,1.2209,1.247,0.9449,0.3011,50.8137,1.3677,bismarck_gun_380_x2,1.3678,1.2363,1.2627,0.9658,0.3049,52.5922,1.3848,,,,
gun_18_x3_austria,,457,gun_18_x3,austria,,,0.3849,bismarck_gun_380_short_x3,1.2125,1.1763,1.2014,0.9378,0.2901,43.2292,1.2429,bismarck_gun_380_short_x3,1.2276,1.1909,1.2164,0.9587,0.2937,44.7422,1.2584,bismarck_gun_380_short_x3,1.243,1.2059,1.2317,0.9799,0.2974,46.3082,1.2742,bismarck_gun_380_x3,1.3342,1.2209,1.247,0.9449,0.3011,50.8137,1.3677,bismarck_gun_380_x3,1.3509,1.2363,1.2627,0.9658,0.3049,52.5922,1.3848,,,,
gun_18_x4_austria,,457,gun_18_x4,austria,,,0.3849,vdt_gun_280_x4,1.1416,1.4646,1.4959,0.9414,0.3612,41.2139,1.1849,spee_gun_280_x4_a,1.1894,1.5992,1.6334,0.9213,0.3944,43.8929,1.2345,spee_gun_280_x4_a,1.2043,1.6191,1.6537,0.9419,0.3993,45.4291,1.25,spee_gun_var_280_x4,1.1876,1.6394,1.6744,0.9628,0.4043,47.0192,1.2326,spee_gun_var_280_x4,1.2024,1.6601,1.6956,0.984,0.4094,48.6648,1.248,,,,
gun_18_x2_alt_austria,,457,gun_18_x2_alt,austria,,New line - alternate guns,0.3849,vdt_gun_280_x2,1.1703,1.4646,1.4959,0.9414,0.3612,41.2139,1.1849,spee_gun_280_x2_a,1.2193,1.5992,1.6334,0.9213,0.3944,43.8929,1.2345,spee_gun_280_x2_a,1.2346,1.6191,1.6537,0.9419,0.3993,45.4291,1.25,spee_gun_var_280_x2,1.2174,1.6394,1.6744,0.9628,0.4043,47.0192,1.2326,spee_gun_var_280_x2,1.2326,1.6601,1.6956,0.984,0.4094,48.6648,1.248,,,,
gun_18_x3_alt_austria,,457,gun_18_x3_alt,austria,,New line - alternate guns,0.3849,vdt_gun_280_x3,1.1559,1.4646,1.4959,0.9414,0.3612,41.2139,1.1849,spee_gun_280_x3_a,1.2043,1.5992,1.6334,0.9213,0.3944,43.8929,1.2345,spee_gun_280_x3_a,1.2194,1.6191,1.6537,0.9419,0.3993,45.4292,1.25,spee_gun_var_280_x3,1.2024,1.6394,1.6744,0.9628,0.4043,47.0192,1.2326,spee_gun_var_280_x3,1.2174,1.6601,1.6956,0.984,0.4094,48.6648,1.248,,,,
gun_19_x1_austria,,483,gun_19_x1,austria,,,0.4047,dido_gun_cal200_x1,1.001,1.5464,1.5777,1.0704,0.3617,35.7467,1.001,dreadnought_gun_c_305_x1,1.1674,1.5925,1.6247,0.9469,0.3725,42.6166,1.1674,dreadnought_gun_c_305_x1,1.182,1.6122,1.6448,0.968,0.3771,44.1082,1.182,litt_gun_152a_x1,1.1551,2.4484,2.4979,0.9453,0.5727,44.0637,1.1551,litt_gun_152a_x1,1.1695,2.4788,2.5289,0.9664,0.5798,45.606,1.1695,,,,
gun_19_x2_austria,,483,gun_19_x2,austria,,,0.4047,dido_gun_cal200_x2,0.9887,1.5464,1.5777,1.0704,0.3617,35.7467,1.001,dreadnought_gun_c_305_x2,1.153,1.5925,1.6247,0.9469,0.3725,42.6166,1.1674,dreadnought_gun_c_305_x2,1.1675,1.6122,1.6448,0.968,0.3771,44.1082,1.182,litt_gun_152a_x2,1.1409,2.4484,2.4979,0.9453,0.5727,44.0637,1.1551,litt_gun_152a_x2,1.1551,2.4788,2.5289,0.9664,0.5798,45.6059,1.1695,,,,
gun_19_x3_austria,,483,gun_19_x3,austria,,,0.4047,dido_gun_cal200_x3,0.9765,1.5464,1.5777,1.0704,0.3617,35.7467,1.001,dreadnought_gun_c_305_x3,1.1388,1.5925,1.6247,0.9469,0.3725,42.6166,1.1674,dreadnought_gun_c_305_x3,1.153,1.6122,1.6448,0.968,0.3771,44.1082,1.182,litt_gun_152a_x3,1.1268,2.4484,2.4979,0.9453,0.5727,44.0637,1.1551,litt_gun_152a_x3,1.1409,2.4788,2.5289,0.9664,0.5798,45.6059,1.1695,,,,
gun_19_x4_austria,,483,gun_19_x4,austria,,,0.4047,dido_gun_cal200_x4,0.9644,1.5464,1.5777,1.0704,0.3617,35.7467,1.001,dreadnought_gun_c_305_x4,1.1247,1.5925,1.6247,0.9469,0.3725,42.6166,1.1674,dreadnought_gun_c_305_x4,1.1388,1.6122,1.6448,0.968,0.3771,44.1082,1.182,litt_gun_152a_x4,1.1129,2.4484,2.4979,0.9453,0.5727,44.0637,1.1551,litt_gun_152a_x4,1.1268,2.4788,2.5289,0.9664,0.5798,45.6059,1.1695,,,,
gun_20_x1_austria,,508,gun_20_x1,austria,,,0.4236,vdt_gun_280_x1,1.1725,1.6216,1.6528,0.926,0.3612,40.7802,1.1725,spee_gun_280_x1_a,1.2215,1.7706,1.8047,0.9062,0.3944,43.431,1.2215,bismarck_gun_380_short_x1,1.2607,1.3352,1.3609,0.9638,0.2974,45.8209,1.2607,bismarck_gun_380_short_x1,1.2765,1.3518,1.3778,0.9853,0.3011,47.4246,1.2765,bismarck_gun_380_x1,1.3702,1.3688,1.3952,0.9499,0.3049,52.0387,1.3702,,,,
gun_20_x2_austria,,508,gun_20_x2,austria,,,0.4236,vdt_gun_280_x2,1.1581,1.6216,1.6528,0.926,0.3612,40.7802,1.1725,spee_gun_280_x2_a,1.2065,1.7706,1.8047,0.9062,0.3944,43.431,1.2215,bismarck_gun_380_short_x2,1.2452,1.3352,1.3609,0.9638,0.2974,45.8209,1.2607,bismarck_gun_380_short_x2,1.2608,1.3518,1.3778,0.9853,0.3011,47.4246,1.2765,bismarck_gun_380_x2,1.3533,1.3688,1.3952,0.9499,0.3049,52.0387,1.3702,,,,
gun_20_x3_austria,,508,gun_20_x3,austria,,,0.4236,vdt_gun_280_x3,1.1438,1.6216,1.6528,0.926,0.3612,40.7802,1.1725,spee_gun_280_x3_a,1.1916,1.7706,1.8047,0.9062,0.3944,43.431,1.2215,spee_gun_280_x3_a,1.2065,1.7926,1.8271,0.9264,0.3993,44.9511,1.2368,spee_gun_var_280_x3,1.1897,1.8151,1.85,0.9469,0.4043,46.5243,1.2196,spee_gun_var_280_x3,1.2046,1.838,1.8734,0.9679,0.4094,48.1527,1.2349,,,,
gun_20_x4_austria,,508,gun_20_x4,austria,,,0.4236,vdt_gun_280_x4,1.1297,1.6216,1.6528,0.926,0.3612,40.7802,1.1725,spee_gun_280_x4_a,1.1769,1.7706,1.8047,0.9062,0.3944,43.431,1.2215,spee_gun_280_x4_a,1.1916,1.7926,1.8271,0.9264,0.3993,44.9511,1.2368,spee_gun_var_280_x4,1.175,1.8151,1.85,0.9469,0.4043,46.5243,1.2196,spee_gun_var_280_x4,1.1898,1.838,1.8734,0.9679,0.4094,48.1527,1.2349,,,,
###,,,###,japan,,,,,,,,,,,,,,,,,,,,,,,,,,,,,,,,,,,,,,,,,,,,,,,
"gun_2_x1_japan_bb,bc",,51,gun_2_x1,japan,"bb, bc",New line - vanilla fix/supplement,0.1197,brandenburg_gun_76_x1,1.5284,0.7242,0.8485,0.9854,0.8687,36.4259,1.0746,jap_tb_gun_76_x1,1.7546,1.2358,1.4478,1.4455,1.4825,50.4373,1.2336,small_gun_e_76_x1,1.8739,0.7424,0.8698,1.5522,0.8906,55.0661,1.3175,hood_gun_140_x1,2.2339,0.6813,0.7982,1.4979,0.8173,61.5624,1.5706,yamato_gun_25_x1,1.6014,1.2072,1.4143,1.5325,1.4482,45.1107,1.1259,,,,
"gun_2_x2_japan_bb,bc",,51,gun_2_x2,japan,"bb, bc",New line - vanilla fix/supplement,0.1197,dreadnought_gun_178_x2,1.9116,0.4813,0.5639,1.6589,0.5773,49.9376,1.3608,dreadnought_gun_178_x2,1.9356,0.4873,0.5709,1.6958,0.5845,51.6854,1.3779,richelieu_gun_120_x2,1.4274,0.7849,0.9196,1.5974,0.9415,42.468,1.0161,hood_gun_140_x2,2.2063,0.6813,0.7982,1.4979,0.8173,61.5624,1.5706,yamato_gun_25_x2,1.5816,1.2072,1.4143,1.5325,1.4482,45.1107,1.1259,,,,
"gun_2_x3_japan_bb,bc",,51,gun_2_x3,japan,"bb, bc",New line - vanilla fix/supplement,0.1197,dreadnought_gun_178_x3,1.888,0.4813,0.5639,1.6589,0.5773,49.9376,1.3608,dreadnought_gun_178_x3,1.9117,0.4873,0.5709,1.6958,0.5845,51.6854,1.3779,richelieu_gun_120_x3,1.4098,0.7849,0.9196,1.5974,0.9415,42.468,1.0161,richelieu_gun_120_x3,1.4274,0.7947,0.9311,1.6329,0.9533,43.9543,1.0288,yamato_gun_25_x3,1.5621,1.2072,1.4143,1.5325,1.4482,45.1107,1.1259,,,,
"gun_2_x4_japan_bb,bc",,51,gun_2_x4,japan,"bb, bc",New line - vanilla fix/supplement,0.1197,dreadnought_gun_178_x4,1.8647,0.4813,0.5639,1.6589,0.5773,49.9376,1.3608,dreadnought_gun_178_x4,1.8881,0.4873,0.5709,1.6958,0.5845,51.6854,1.3779,richelieu_gun_120_x4,1.3924,0.7849,0.9196,1.5974,0.9415,42.468,1.0161,richelieu_gun_120_x4,1.4098,0.7947,0.9311,1.6329,0.9533,43.9543,1.0288,yamato_gun_25_x4,1.5428,1.2072,1.4143,1.5325,1.4482,45.1107,1.1259,,,,
gun_2_x1_japan,,51,gun_2_x1,japan,,,0.1197,brandenburg_gun_76_x1,1.5284,0.7242,0.8485,0.9854,0.8687,36.4259,1.0746,jap_tb_gun_76_x1,1.7546,1.2358,1.4478,1.4455,1.4825,50.4373,1.2336,small_gun_e_76_x1,1.8739,0.7424,0.8698,1.5522,0.8906,55.0661,1.3175,hood_gun_140_x1,2.2339,0.6813,0.7982,1.4979,0.8173,61.5624,1.5706,hood_gun_140_x1,2.2618,0.6898,0.8082,1.5312,0.8275,63.7171,1.5902,,,,
gun_2_x2_japan,,51,gun_2_x2,japan,,,0.1197,dreadnought_gun_178_x2,1.9116,0.4813,0.5639,1.6589,0.5773,49.9376,1.3608,dreadnought_gun_178_x2,1.9356,0.4873,0.5709,1.6958,0.5845,51.6854,1.3779,richelieu_gun_120_x2,1.4274,0.7849,0.9196,1.5974,0.9415,42.468,1.0161,hood_gun_140_x2,2.2063,0.6813,0.7982,1.4979,0.8173,61.5624,1.5706,hood_gun_140_x2,2.2338,0.6898,0.8082,1.5312,0.8275,63.7171,1.5902,,,,
gun_2_x3_japan,,51,gun_2_x3,japan,,,0.1197,dreadnought_gun_178_x3,1.888,0.4813,0.5639,1.6589,0.5773,49.9376,1.3608,dreadnought_gun_178_x3,1.9117,0.4873,0.5709,1.6958,0.5845,51.6854,1.3779,richelieu_gun_120_x3,1.4098,0.7849,0.9196,1.5974,0.9415,42.468,1.0161,richelieu_gun_120_x3,1.4274,0.7947,0.9311,1.6329,0.9533,43.9543,1.0288,bismarck_gun_105_x3,2.0961,0.7563,0.8861,1.4567,0.9072,65.9834,1.5108,,,,
gun_2_x4_japan,,51,gun_2_x4,japan,,,0.1197,dreadnought_gun_178_x4,1.8647,0.4813,0.5639,1.6589,0.5773,49.9376,1.3608,dreadnought_gun_178_x4,1.8881,0.4873,0.5709,1.6958,0.5845,51.6854,1.3779,richelieu_gun_120_x4,1.3924,0.7849,0.9196,1.5974,0.9415,42.468,1.0161,richelieu_gun_120_x4,1.4098,0.7947,0.9311,1.6329,0.9533,43.9543,1.0288,bismarck_gun_105_x4,2.0702,0.7563,0.8861,1.4567,0.9072,65.9834,1.5108,,,,
gun_2_x1_alt_japan,,51,gun_2_x1_alt,japan,,New line - alternate guns,0.1197,brandenburg_gun_76_x1,1.5284,0.7242,0.8485,0.9854,0.8687,36.4259,1.0746,jap_tb_gun_76_x1,1.7546,1.2358,1.4478,1.4455,1.4825,50.4373,1.2336,jap_tb_gun_76_x1,1.7765,1.2512,1.4659,1.4777,1.501,52.2026,1.249,jap_tb_gun_76_x1,1.7987,1.2669,1.4843,1.5104,1.5198,54.0297,1.2646,jap_tb_gun_76_x1,1.8211,1.2828,1.5029,1.5439,1.5388,55.9207,1.2804,,,,
gun_2_x2_alt_japan,,51,gun_2_x2_alt,japan,,New line - alternate guns,0.1197,dreadnought_gun_178_x2,1.9116,0.4813,0.5639,1.6589,0.5773,49.9376,1.3608,dreadnought_gun_178_x2,1.9356,0.4873,0.5709,1.6958,0.5845,51.6854,1.3779,atlanta_gun_28_x2,1.6672,1.1653,1.3653,1.3882,1.3979,45.5059,1.1868,atlanta_gun_28_x2,1.688,1.1798,1.3822,1.4191,1.4153,47.0986,1.2016,atlanta_gun_28_x2,1.709,1.1946,1.3996,1.4506,1.433,48.747,1.2166,,,,
gun_2_x3_alt_japan,,51,gun_2_x3_alt,japan,,New line - alternate guns,0.1197,dreadnought_gun_178_x3,1.888,0.4813,0.5639,1.6589,0.5773,49.9376,1.3608,dreadnought_gun_178_x3,1.9117,0.4873,0.5709,1.6958,0.5845,51.6854,1.3779,atlanta_gun_28_x3,1.6466,1.1653,1.3653,1.3882,1.3979,45.5059,1.1868,atlanta_gun_28_x3,1.6671,1.1798,1.3822,1.4191,1.4153,47.0986,1.2016,atlanta_gun_28_x3,1.6879,1.1946,1.3996,1.4506,1.433,48.747,1.2166,,,,
gun_3_x1_japan,,76,gun_3_x1,japan,,,0.1519,jap_tb_gun_76_x1,1.5544,1.5506,1.7358,1.3574,1.4642,46.826,1.1707,jap_tb_gun_76_x1,1.5738,1.57,1.7576,1.3875,1.4825,48.4649,1.1853,jap_tb_gun_76_x1,1.5935,1.5896,1.7795,1.4184,1.501,50.1612,1.2001,iowa_gun_127_x1,1.8301,1.0084,1.1289,1.5265,0.9522,54.0262,1.3783,pola_gun_100_x1,1.6858,1.0248,1.1472,1.5738,0.9677,55.4474,1.2696,,,,
gun_3_x2_japan,,76,gun_3_x2,japan,,,0.1519,dreadnought_gun_178_x2,1.7148,0.6114,0.6845,1.5925,0.5773,47.9848,1.3076,dreadnought_gun_178_x2,1.7363,0.619,0.693,1.628,0.5845,49.6643,1.324,dreadnought_gun_178_x2,1.7579,0.6268,0.7017,1.664,0.5918,51.4025,1.3405,iowa_gun_127_x2,1.8075,1.0084,1.1289,1.5265,0.9522,54.0263,1.3783,pola_gun_100_x2,1.6649,1.0248,1.1472,1.5738,0.9677,55.4474,1.2696,,,,
gun_3_x3_japan,,76,gun_3_x3,japan,,,0.1519,dreadnought_gun_178_x3,1.6936,0.6114,0.6845,1.5925,0.5773,47.9848,1.3076,dreadnought_gun_178_x3,1.7149,0.619,0.693,1.628,0.5845,49.6643,1.324,dreadnought_gun_178_x3,1.7362,0.6268,0.7017,1.664,0.5918,51.4025,1.3405,iowa_gun_127_x3,1.7852,1.0084,1.1289,1.5265,0.9522,54.0263,1.3783,iowa_gun_127_x3,1.8076,1.021,1.143,1.5604,0.9641,55.9172,1.3956,,,,
gun_3_x4_japan,,76,gun_3_x4,japan,,,0.1519,dreadnought_gun_178_x4,1.6727,0.6114,0.6845,1.5925,0.5773,47.9848,1.3076,dreadnought_gun_178_x4,1.6937,0.619,0.693,1.628,0.5845,49.6643,1.324,richelieu_gun_120_x4,1.249,0.9971,1.1162,1.5334,0.9415,40.8072,0.9764,richelieu_gun_120_x4,1.2646,1.0096,1.1302,1.5674,0.9533,42.2355,0.9886,iowa_gun_127_x4,1.7853,1.021,1.143,1.5604,0.9641,55.9172,1.3956,,,,
gun_3_x1_alt_japan,,76,gun_3_x1_alt,japan,,New line - alternate guns,0.1519,jap_tb_gun_76_x1,1.5544,1.5506,1.7358,1.3574,1.4642,46.826,1.1707,jap_tb_gun_76_x1,1.5738,1.57,1.7576,1.3875,1.4825,48.4649,1.1853,dd_s_gun_d_102_x1,1.4456,0.7904,0.8849,1.7959,0.7463,45.5024,1.0887,moga_gun_127_x1,1.8306,1.0089,1.1294,1.5261,0.9527,54.0415,1.3787,akizuki_gun_100_x1,1.8483,0.8782,0.9831,1.6134,0.8292,55.7734,1.392,,,,
gun_3_x2_alt_japan,,76,gun_3_x2_alt,japan,,New line - alternate guns,0.1519,dreadnought_gun_178_x2,1.7148,0.6114,0.6845,1.5925,0.5773,47.9848,1.3076,dreadnought_gun_178_x2,1.7363,0.619,0.693,1.628,0.5845,49.6643,1.324,richelieu_gun_120_x2,1.2805,0.9971,1.1162,1.5334,0.9415,40.8072,0.9764,moga_gun_127_x2,1.808,1.0089,1.1294,1.5261,0.9527,54.0415,1.3787,akizuki_gun_100_x2,1.8255,0.8782,0.9831,1.6134,0.8292,55.7734,1.392,,,,
gun_3_x3_alt_japan,,76,gun_3_x3_alt,japan,,New line - alternate guns,0.1519,dreadnought_gun_178_x3,1.6936,0.6114,0.6845,1.5925,0.5773,47.9848,1.3076,dreadnought_gun_178_x3,1.7149,0.619,0.693,1.628,0.5845,49.6643,1.324,richelieu_gun_120_x3,1.2647,0.9971,1.1162,1.5334,0.9415,40.8072,0.9764,moga_gun_127_x3,1.7848,1.0078,1.1282,1.527,0.9516,54.0117,1.378,akizuki_gun_100_x3,1.8029,0.8782,0.9831,1.6134,0.8292,55.7734,1.392,,,,
gun_4_x1_japan,,102,gun_4_x1,japan,,,0.1669,dd_s_gun_102_x1,1.6231,1.0976,1.1974,1.234,0.8687,49.5706,1.3508,dd_s_gun_102_x1,1.6434,1.1114,1.2124,1.2613,0.8796,51.3056,1.3677,small_gun_e_76_x1,1.4771,1.1253,1.2276,1.3326,0.8906,51.3785,1.2293,hood_gun_140_x1,1.7608,1.0327,1.1266,1.286,0.8173,57.4398,1.4654,bismarck_gun_105_x1,1.6937,1.1463,1.2505,1.2507,0.9072,61.5647,1.4096,,,,
gun_4_x2_japan,,102,gun_4_x2,japan,,,0.1669,dreadnought_gun_178_x2,1.5068,0.7294,0.7957,1.4244,0.5773,46.5935,1.2697,dreadnought_gun_178_x2,1.5257,0.7385,0.8056,1.4561,0.5845,48.2242,1.2856,dreadnought_gun_178_x2,1.5448,0.7478,0.8158,1.4883,0.5918,49.9121,1.3017,hood_gun_140_x2,1.739,1.0327,1.1266,1.286,0.8173,57.4398,1.4654,bismarck_gun_105_x2,1.6728,1.1463,1.2505,1.2507,0.9072,61.5647,1.4096,,,,
gun_4_x3_japan,,102,gun_4_x3,japan,,,0.1669,dreadnought_gun_178_x3,1.4882,0.7294,0.7957,1.4244,0.5773,46.5935,1.2697,dreadnought_gun_178_x3,1.5068,0.7385,0.8056,1.4561,0.5845,48.2242,1.2856,dreadnought_gun_178_x3,1.5257,0.7478,0.8158,1.4883,0.5918,49.9121,1.3017,nelson_gun_152_x3,1.5898,0.8133,0.8872,1.4577,0.6437,53.1666,1.3564,yamato_gun_155_x3,1.5349,0.7566,0.8254,1.5898,0.5988,52.4678,1.3095,,,,
gun_4_x4_japan,,102,gun_4_x4,japan,,,0.1669,dreadnought_gun_178_x4,1.4698,0.7294,0.7957,1.4244,0.5773,46.5935,1.2697,dreadnought_gun_178_x4,1.4882,0.7385,0.8056,1.4561,0.5845,48.2242,1.2856,dreadnought_gun_178_x4,1.5069,0.7478,0.8158,1.4883,0.5918,49.9121,1.3017,nelson_gun_152_x4,1.5701,0.8133,0.8872,1.3475,0.6437,53.1644,1.3563,yamato_gun_155_x4,1.5159,0.7566,0.8254,1.5476,0.5988,52.4677,1.3095,,,,
"gun_4_x1_alt_japan_bb,bc",,102,gun_4_x1_alt,japan,"bb, bc",New line - alternate guns,0.1669,dd_s_gun_102_x1,1.6231,1.0976,1.1974,1.234,0.8687,49.5706,1.3508,dd_s_gun_102_x1,1.6434,1.1114,1.2124,1.2613,0.8796,51.3056,1.3677,pen_gun_127_x1,1.2805,1.0371,1.1314,1.5628,0.8208,44.5422,1.0657,iowa_gun_127_x1,1.6082,1.2031,1.3124,1.3653,0.9522,52.4597,1.3384,yamato_gun_127_x1,1.6851,1.1533,1.2581,1.364,0.9128,56.1936,1.4024,,,,
"gun_4_x2_alt_japan_bb,bc",,102,gun_4_x2_alt,japan,"bb, bc",New line - alternate guns,0.1669,dreadnought_gun_178_x2,1.5068,0.7294,0.7957,1.4244,0.5773,46.5935,1.2697,dreadnought_gun_178_x2,1.5257,0.7385,0.8056,1.4561,0.5845,48.2242,1.2856,pen_gun_127_x2,1.2647,1.0371,1.1314,1.5628,0.8208,44.5422,1.0657,iowa_gun_127_x2,1.5883,1.2031,1.3124,1.3653,0.9522,52.4597,1.3384,yamato_gun_127_x2,1.6643,1.1533,1.2581,1.364,0.9128,56.1935,1.4024,,,,
"gun_4_x3_alt_japan_bb,bc",,102,gun_4_x3_alt,japan,"bb, bc",New line - alternate guns,0.1669,dreadnought_gun_178_x3,1.4882,0.7294,0.7957,1.4244,0.5773,46.5935,1.2697,dreadnought_gun_178_x3,1.5068,0.7385,0.8056,1.4561,0.5845,48.2242,1.2856,pen_gun_127_x3,1.2491,1.0371,1.1314,1.4705,0.8208,44.5421,1.0657,iowa_gun_127_x3,1.5687,1.2031,1.3124,1.3653,0.9522,52.4597,1.3384,yamato_gun_127_x3,1.6437,1.1533,1.2581,1.364,0.9128,56.1935,1.4024,,,,
gun_4_x1_alt_japan,,102,gun_4_x1_alt,japan,,New line - alternate guns,0.1669,dd_s_gun_102_x1,1.6231,1.0976,1.1974,1.234,0.8687,49.5706,1.3508,dd_s_gun_102_x1,1.6434,1.1114,1.2124,1.2613,0.8796,51.3056,1.3677,pen_gun_127_x1,1.2805,1.0371,1.1314,1.5628,0.8208,44.5422,1.0657,iowa_gun_127_x1,1.6082,1.2031,1.3124,1.3653,0.9522,52.4597,1.3384,akizuki_gun_100_x1,1.624,1.0477,1.1429,1.4431,0.8292,54.1562,1.3516,,,,
gun_4_x2_alt_japan,,102,gun_4_x2_alt,japan,,New line - alternate guns,0.1669,dreadnought_gun_178_x2,1.5068,0.7294,0.7957,1.4244,0.5773,46.5935,1.2697,dreadnought_gun_178_x2,1.5257,0.7385,0.8056,1.4561,0.5845,48.2242,1.2856,pen_gun_127_x2,1.2647,1.0371,1.1314,1.5628,0.8208,44.5422,1.0657,iowa_gun_127_x2,1.5883,1.2031,1.3124,1.3653,0.9522,52.4597,1.3384,akizuki_gun_100_x2,1.604,1.0477,1.1429,1.4431,0.8292,54.1562,1.3516,,,,
gun_4_x3_alt_japan,,102,gun_4_x3_alt,japan,,New line - alternate guns,0.1669,dreadnought_gun_178_x3,1.4882,0.7294,0.7957,1.4244,0.5773,46.5935,1.2697,dreadnought_gun_178_x3,1.5068,0.7385,0.8056,1.4561,0.5845,48.2242,1.2856,pen_gun_127_x3,1.2491,1.0371,1.1314,1.4705,0.8208,44.5421,1.0657,iowa_gun_127_x3,1.5687,1.2031,1.3124,1.3653,0.9522,52.4597,1.3384,akizuki_gun_100_x3,1.5842,1.0477,1.1429,1.4431,0.8292,54.1562,1.3516,,,,
gun_5_x1_japan,,127,gun_5_x1,japan,,,0.1636,dd_s_gun_102_x1,1.3535,1.2519,1.3444,1.0375,0.8687,48.4958,1.3216,dd_s_gun_102_x1,1.3704,1.2676,1.3613,1.0605,0.8796,50.1931,1.3381,dd_s_gun_c_102_x1,1.1545,1.0755,1.155,1.3505,0.7463,43.225,1.1273,dd_s_gun_c_102_x1,1.169,1.0889,1.1694,1.3806,0.7556,44.7379,1.1414,hood_gun_140_x1,1.4867,1.1925,1.2806,1.1053,0.8275,58.1611,1.4516,,,,
gun_5_x2_japan,,127,gun_5_x2,japan,,,0.1636,friedrich_gun_228_x2,1.1832,0.5697,0.6118,1.4852,0.3953,39.6498,1.1697,dreadnought_gun_178_x2,1.2722,0.8424,0.9047,1.2241,0.5845,47.1786,1.2577,dreadnought_gun_178_x2,1.2881,0.8529,0.9159,1.2513,0.5918,48.8298,1.2734,nelson_gun_152_x2,1.3423,0.9277,0.9963,1.2255,0.6437,52.0138,1.327,bismarck_gun_150_x2,1.3764,0.9408,1.0103,1.3079,0.6528,51.6773,1.3607,,,,
gun_5_x3_japan,,127,gun_5_x3,japan,,,0.1636,warrior_gun_228_x3,1.28,0.6794,0.7296,1.209,0.4714,47.0192,1.2813,dreadnought_gun_178_x3,1.2565,0.8424,0.9047,1.2241,0.5845,47.1786,1.2577,dreadnought_gun_178_x3,1.2722,0.8529,0.9159,1.2513,0.5918,48.8298,1.2734,nelson_gun_152_x3,1.3257,0.9277,0.9963,1.2255,0.6437,52.0138,1.327,bismarck_gun_150_x3,1.3594,0.9408,1.0103,1.3079,0.6528,51.6773,1.3607,,,,
gun_5_x4_japan,,127,gun_5_x4,japan,,,0.1636,warrior_gun_228_x4,1.2642,0.6794,0.7296,1.209,0.4714,47.0192,1.2813,dreadnought_gun_178_x4,1.241,0.8424,0.9047,1.2241,0.5845,47.1786,1.2577,dreadnought_gun_178_x4,1.2564,0.8529,0.9159,1.2513,0.5918,48.8298,1.2734,nelson_gun_152_x4,1.3092,0.9277,0.9963,1.1328,0.6437,52.0117,1.3269,bismarck_gun_150_x4,1.3426,0.9408,1.0103,1.3079,0.6528,51.6773,1.3607,,,,
"gun_5_x1_alt_japan_bb,bc",,127,gun_5_x1_alt,japan,"bb, bc",New line - alternate guns,0.1636,dd_s_gun_102_x1,1.3535,1.2519,1.3444,1.0375,0.8687,48.4958,1.3216,dd_s_gun_102_x1,1.3704,1.2676,1.3613,1.0605,0.8796,50.1931,1.3381,dd_s_gun_d_102_x1,1.0592,1.0755,1.155,1.3505,0.7463,43.225,1.0342,akizuki_gun_b_127_x1,1.2857,1.1765,1.2634,1.3027,0.8164,46.6388,1.2554,akizuki_gun_100_x1,1.3542,1.195,1.2833,1.2133,0.8292,52.982,1.3223,,,,
"gun_5_x2_alt_japan_bb,bc",,127,gun_5_x2_alt,japan,"bb, bc",New line - alternate guns,0.1636,friedrich_gun_228_x2,1.1832,0.5697,0.6118,1.4852,0.3953,39.6498,1.1697,dreadnought_gun_178_x2,1.2722,0.8424,0.9047,1.2241,0.5845,47.1786,1.2577,dant_gun_245_x2,1.5389,0.642,0.6895,1.1395,0.4455,56.7757,1.5214,akizuki_gun_b_127_x2,1.2698,1.1765,1.2634,1.3027,0.8164,46.6388,1.2554,akizuki_gun_100_x2,1.3375,1.195,1.2833,1.2133,0.8292,52.982,1.3223,,,,
"gun_5_x3_alt_japan_bb,bc",,127,gun_5_x3_alt,japan,"bb, bc",New line - alternate guns,0.1636,warrior_gun_228_x3,1.28,0.6794,0.7296,1.209,0.4714,47.0192,1.2813,dreadnought_gun_178_x3,1.2565,0.8424,0.9047,1.2241,0.5845,47.1786,1.2577,dant_gun_245_x3,1.5199,0.642,0.6895,1.1395,0.4455,56.7757,1.5214,akizuki_gun_b_127_x3,1.2542,1.1765,1.2634,1.3027,0.8164,46.6388,1.2554,akizuki_gun_100_x3,1.321,1.195,1.2833,1.2133,0.8292,52.982,1.3223,,,,
gun_5_x1_alt_japan,,127,gun_5_x1_alt,japan,,New line - alternate guns,0.1636,dd_s_gun_102_x1,1.3535,1.2519,1.3444,1.0375,0.8687,48.4958,1.3216,dd_s_gun_102_x1,1.3704,1.2676,1.3613,1.0605,0.8796,50.1931,1.3381,dd_s_gun_d_102_x1,1.0592,1.0755,1.155,1.3505,0.7463,43.225,1.0342,akizuki_gun_b_127_x1,1.2857,1.1765,1.2634,1.3027,0.8164,46.6388,1.2554,akizuki_gun_127_x1,1.2228,0.9267,0.9952,1.4127,0.643,47.8404,1.194,,,,
gun_5_x2_alt_japan,,127,gun_5_x2_alt,japan,,New line - alternate guns,0.1636,friedrich_gun_228_x2,1.1832,0.5697,0.6118,1.4852,0.3953,39.6498,1.1697,dreadnought_gun_178_x2,1.2722,0.8424,0.9047,1.2241,0.5845,47.1786,1.2577,dant_gun_245_x2,1.5389,0.642,0.6895,1.1395,0.4455,56.7757,1.5214,akizuki_gun_b_127_x2,1.2698,1.1765,1.2634,1.3027,0.8164,46.6388,1.2554,akizuki_gun_127_x2,1.2077,0.9267,0.9952,1.4127,0.643,47.8404,1.194,,,,
gun_5_x3_alt_japan,,127,gun_5_x3_alt,japan,,New line - alternate guns,0.1636,warrior_gun_228_x3,1.28,0.6794,0.7296,1.209,0.4714,47.0192,1.2813,dreadnought_gun_178_x3,1.2565,0.8424,0.9047,1.2241,0.5845,47.1786,1.2577,dant_gun_245_x3,1.5199,0.642,0.6895,1.1395,0.4455,56.7757,1.5214,akizuki_gun_b_127_x3,1.2542,1.1765,1.2634,1.3027,0.8164,46.6388,1.2554,akizuki_gun_127_x3,1.1928,0.9267,0.9952,1.4127,0.643,47.8404,1.194,,,,
gun_6_x1_japan,,152,gun_6_x1,japan,,,0.1859,dd_s_gun_102_x1,1.298,1.3944,1.4812,1.0397,0.8687,47.6321,1.298,dd_s_gun_c_102_x1,1.0935,1.1832,1.2569,1.324,0.7371,41.0196,1.0935,dd_s_gun_c_102_x1,1.1072,1.198,1.2726,1.3534,0.7463,42.4552,1.1072,hood_gun_140_x1,1.4081,1.3119,1.3936,1.0836,0.8173,55.1936,1.4081,hood_gun_140_x1,1.4257,1.3283,1.411,1.1076,0.8275,57.1254,1.4257,,,,
gun_6_x2_japan,,152,gun_6_x2,japan,,,0.1859,friedrich_gun_228_x2,1.1348,0.6346,0.6741,1.4883,0.3953,38.9437,1.1489,dreadnought_gun_178_x2,1.2201,0.9382,0.9966,1.2269,0.5845,46.3384,1.2353,dreadnought_gun_178_x2,1.2354,0.95,1.0092,1.254,0.5918,47.9602,1.2508,nelson_gun_152_x2,1.2874,1.0333,1.0977,1.2281,0.6437,51.0875,1.3034,yamato_gun_155_x2,1.2428,0.9612,1.0211,1.3395,0.5988,50.416,1.2583,,,,
gun_6_x3_japan,,152,gun_6_x3,japan,,,0.1859,warrior_gun_228_x3,1.2277,0.7567,0.8038,1.2117,0.4714,46.1818,1.2585,dreadnought_gun_178_x3,1.205,0.9382,0.9966,1.2269,0.5845,46.3384,1.2353,dreadnought_gun_178_x3,1.2202,0.95,1.0092,1.254,0.5918,47.9602,1.2508,nelson_gun_152_x3,1.2715,1.0333,1.0977,1.2281,0.6437,51.0875,1.3034,yamato_gun_155_x3,1.2275,0.9612,1.0211,1.3395,0.5988,50.416,1.2583,,,,
gun_6_x4_japan,,152,gun_6_x4,japan,,,0.1859,warrior_gun_228_x4,1.2125,0.7567,0.8038,1.2117,0.4714,46.1818,1.2585,dreadnought_gun_178_x4,1.1902,0.9382,0.9966,1.2269,0.5845,46.3384,1.2353,dreadnought_gun_178_x4,1.2051,0.95,1.0092,1.254,0.5918,47.9602,1.2508,nelson_gun_152_x4,1.2557,1.0333,1.0977,1.1353,0.6437,51.0854,1.3033,yamato_gun_155_x4,1.2123,0.9612,1.0211,1.304,0.5988,50.4159,1.2583,,,,
gun_6_x2_alt_japan,,152,gun_6_x2_alt,japan,,New line - alternate guns,0.1859,friedrich_gun_228_x2,1.1348,0.6346,0.6741,1.4883,0.3953,38.9437,1.1489,dreadnought_gun_178_x2,1.2201,0.9382,0.9966,1.2269,0.5845,46.3384,1.2353,agamemnon_gun_b_228_x2,1.1564,0.8646,0.9185,1.3652,0.5386,44.8931,1.1708,ussr_gun_100_x2,1.2758,1.1471,1.2185,1.3133,0.7146,46.768,1.2917,akizuki_gun_127_x2,1.1583,1.0321,1.0964,1.4159,0.643,46.9884,1.1727,,,,
gun_6_x3_alt_japan,,152,gun_6_x3_alt,japan,,New line - alternate guns,0.1859,warrior_gun_228_x3,1.2277,0.7567,0.8038,1.2117,0.4714,46.1818,1.2585,dreadnought_gun_178_x3,1.205,0.9382,0.9966,1.2269,0.5845,46.3384,1.2353,agamemnon_gun_b_228_x3,1.1421,0.8646,0.9185,1.3652,0.5386,44.8931,1.1708,ussr_gun_100_x3,1.2598,1.1466,1.218,1.3136,0.7143,46.7593,1.2914,akizuki_gun_127_x3,1.144,1.0321,1.0964,1.4159,0.643,46.9884,1.1727,,,,
gun_7_x1_japan,,178,gun_7_x1,japan,,,0.2118,friedrich_gun_228_x1,1.1309,0.7157,0.754,1.4794,0.3953,38.3336,1.1309,agamemnon_gun_b_228_x1,1.1382,0.9631,1.0147,1.3276,0.5319,42.6955,1.1382,dreadnought_gun_178_x1,1.2312,1.0715,1.1289,1.2465,0.5918,47.2089,1.2312,nelson_gun_152_x1,1.2829,1.1655,1.2279,1.2207,0.6437,50.2871,1.2829,nelson_gun_152_x1,1.299,1.18,1.2432,1.2479,0.6517,52.0472,1.299,,,,
gun_7_x2_japan,,178,gun_7_x2,japan,,,0.2118,friedrich_gun_228_x2,1.117,0.7157,0.754,1.4794,0.3953,38.3336,1.1309,agamemnon_gun_b_228_x2,1.1242,0.9631,1.0147,1.3276,0.5319,42.6955,1.1382,dreadnought_gun_178_x2,1.216,1.0715,1.1289,1.2465,0.5918,47.2089,1.2312,nelson_gun_152_x2,1.2671,1.1655,1.2279,1.2207,0.6437,50.2871,1.2829,nelson_gun_152_x2,1.283,1.18,1.2432,1.2479,0.6517,52.0472,1.299,,,,
gun_7_x3_japan,,178,gun_7_x3,japan,,,0.2118,warrior_gun_228_x3,1.2085,0.8535,0.8992,1.2044,0.4714,45.4583,1.2388,agamemnon_gun_b_228_x3,1.1103,0.9631,1.0147,1.3276,0.5319,42.6955,1.1382,dreadnought_gun_178_x3,1.201,1.0715,1.1289,1.2465,0.5918,47.2089,1.2312,nelson_gun_152_x3,1.2515,1.1655,1.2279,1.2207,0.6437,50.2871,1.2829,nelson_gun_152_x3,1.2672,1.18,1.2432,1.2479,0.6517,52.0472,1.299,,,,
gun_7_x4_japan,,178,gun_7_x4,japan,,,0.2118,warrior_gun_228_x4,1.1935,0.8535,0.8992,1.2044,0.4714,45.4583,1.2388,agamemnon_gun_b_228_x4,1.0966,0.9631,1.0147,1.3276,0.5319,42.6955,1.1382,agamemnon_gun_228_x4,1.2018,0.9752,1.0274,1.2537,0.5386,47.8327,1.2474,moga_gun_200_x4,1.1546,0.8294,0.8738,1.3987,0.4581,46.9741,1.1984,moga_gun_200_x4,1.1691,0.8398,0.8848,1.4298,0.4638,48.6182,1.2134,,,,
gun_7_x2_alt_japan,,178,gun_7_x2_alt,japan,,New line - alternate guns,0.2118,friedrich_gun_228_x2,1.117,0.7157,0.754,1.4794,0.3953,38.3336,1.1309,agamemnon_gun_b_228_x2,1.1242,0.9631,1.0147,1.3276,0.5319,42.6955,1.1382,agamemnon_gun_228_x2,1.232,0.9752,1.0274,1.2537,0.5386,47.8327,1.2474,moga_gun_200_x2,1.1837,0.8294,0.8738,1.3987,0.4581,46.9735,1.1984,moga_gun_200_x2,1.1985,0.8398,0.8848,1.4298,0.4638,48.6176,1.2134,,,,
gun_7_x3_alt_japan,,178,gun_7_x3_alt,japan,,New line - alternate guns,0.2118,warrior_gun_228_x3,1.2085,0.8535,0.8992,1.2044,0.4714,45.4583,1.2388,agamemnon_gun_b_228_x3,1.1103,0.9631,1.0147,1.3276,0.5319,42.6955,1.1382,agamemnon_gun_228_x3,1.2168,0.9752,1.0274,1.2537,0.5386,47.8327,1.2474,moga_gun_200_x3,1.169,0.8294,0.8738,1.3987,0.4581,46.9735,1.1984,moga_gun_200_x3,1.1837,0.8398,0.8848,1.4298,0.4638,48.6176,1.2134,,,,
gun_8_x1_japan,,203,gun_8_x1,japan,,,0.235,friedrich_gun_228_x1,1.1161,0.7933,0.8307,1.4616,0.3953,37.8331,1.1161,agamemnon_gun_228_x1,1.1757,0.9818,1.0281,1.2739,0.4892,44.102,1.1757,nelson_gun_152_x1,1.2506,1.2758,1.336,1.1799,0.6357,47.9522,1.2506,moga_gun_200_x1,1.1828,0.9194,0.9628,1.3818,0.4581,46.3602,1.1828,moga_gun_200_x1,1.1975,0.9308,0.9747,1.4126,0.4638,47.9828,1.1975,,,,
gun_8_x2_japan,,203,gun_8_x2,japan,,,0.235,friedrich_gun_228_x2,1.1024,0.7933,0.8307,1.4616,0.3953,37.8331,1.1161,agamemnon_gun_228_x2,1.201,1.0675,1.1179,1.2117,0.5319,45.6118,1.216,nelson_gun_152_x2,1.2352,1.2758,1.336,1.1799,0.6357,47.9522,1.2506,moga_gun_200_x2,1.1682,0.9194,0.9628,1.3818,0.4581,46.3602,1.1828,moga_gun_200_x2,1.1828,0.9308,0.9747,1.4126,0.4638,47.9828,1.1975,,,,
gun_8_x3_japan,,203,gun_8_x3,japan,,,0.235,warrior_gun_228_x3,1.1926,0.9461,0.9907,1.1898,0.4714,44.8648,1.2226,agamemnon_gun_228_x3,1.1862,1.0675,1.1179,1.2117,0.5319,45.6118,1.216,nelson_gun_152_x3,1.22,1.2758,1.336,1.1799,0.6357,47.9522,1.2506,moga_gun_200_x3,1.1538,0.9194,0.9628,1.3818,0.4581,46.3602,1.1828,moga_gun_200_x3,1.1682,0.9308,0.9747,1.4126,0.4638,47.9828,1.1975,,,,
gun_8_x4_japan,,203,gun_8_x4,japan,,,0.235,warrior_gun_228_x4,1.1779,0.9461,0.9907,1.1898,0.4714,44.8648,1.2226,agamemnon_gun_228_x4,1.1716,1.0675,1.1179,1.2117,0.5319,45.6118,1.216,ny_gun_356_x4,1.3739,0.7424,0.7774,1.2156,0.3699,51.8283,1.426,spee_gun_280_x4_a,1.3224,0.8114,0.8497,1.2879,0.4043,50.9937,1.3726,spee_gun_280_x4_a,1.3389,0.8216,0.8604,1.3164,0.4094,52.7785,1.3897,,,,
gun_8_x2_alt_japan,,203,gun_8_x2_alt,japan,,New line - alternate guns,0.235,friedrich_gun_228_x2,1.1024,0.7933,0.8307,1.4616,0.3953,37.8331,1.1161,agamemnon_gun_228_x2,1.201,1.0675,1.1179,1.2117,0.5319,45.6118,1.216,ny_gun_356_x2,1.4084,0.7424,0.7774,1.2156,0.3699,51.8283,1.426,spee_gun_280_x2_a,1.3557,0.8114,0.8497,1.2879,0.4043,50.9937,1.3726,spee_gun_280_x2_a,1.3726,0.8216,0.8604,1.3164,0.4094,52.7785,1.3897,,,,
gun_8_x3_alt_japan,,203,gun_8_x3_alt,japan,,New line - alternate guns,0.235,warrior_gun_228_x3,1.1926,0.9461,0.9907,1.1898,0.4714,44.8648,1.2226,agamemnon_gun_228_x3,1.1862,1.0675,1.1179,1.2117,0.5319,45.6118,1.216,ny_gun_356_x3,1.3911,0.7424,0.7774,1.2156,0.3699,51.8283,1.426,spee_gun_280_x3_a,1.339,0.8114,0.8497,1.2879,0.4043,50.9937,1.3726,spee_gun_280_x3_a,1.3556,0.8216,0.8604,1.3164,0.4094,52.7785,1.3897,,,,
gun_9_x1_japan,,229,gun_9_x1,japan,,,0.2574,friedrich_gun_228_x1,1.1028,0.8739,0.9106,1.436,0.3953,37.3799,1.1028,agamemnon_gun_228_x1,1.1616,1.0815,1.1269,1.2516,0.4892,43.5737,1.1616,agamemnon_gun_228_x1,1.1761,1.095,1.141,1.2794,0.4953,45.0988,1.1761,agamemnon_gun_228_x1,1.1908,1.1087,1.1552,1.3079,0.5015,46.6772,1.1908,yamato_gun_155_x1,1.2077,1.3238,1.3794,1.2923,0.5988,48.3915,1.2077,,,,
gun_9_x2_japan,,229,gun_9_x2,japan,,,0.2574,friedrich_gun_228_x2,1.0892,0.8739,0.9106,1.436,0.3953,37.3799,1.1028,agamemnon_gun_228_x2,1.1866,1.1759,1.2253,1.1905,0.5319,45.0654,1.2014,agamemnon_gun_228_x2,1.2014,1.1907,1.2407,1.2169,0.5386,46.6427,1.2164,agamemnon_gun_228_x2,1.2164,1.2055,1.2561,1.244,0.5453,48.2752,1.2316,yamato_gun_155_x2,1.1928,1.3238,1.3794,1.2923,0.5988,48.3915,1.2077,,,,
gun_9_x3_japan,,229,gun_9_x3,japan,,,0.2574,warrior_gun_228_x3,1.1784,1.0421,1.0858,1.1691,0.4714,44.3274,1.208,agamemnon_gun_228_x3,1.172,1.1759,1.2253,1.1905,0.5319,45.0654,1.2014,agamemnon_gun_228_x3,1.1866,1.1907,1.2407,1.2169,0.5386,46.6427,1.2164,agamemnon_gun_228_x3,1.2014,1.2055,1.2561,1.244,0.5453,48.2752,1.2316,yamato_gun_155_x3,1.1781,1.3238,1.3794,1.2923,0.5988,48.3915,1.2077,,,,
gun_9_x4_japan,,229,gun_9_x4,japan,,,0.2574,warrior_gun_228_x4,1.1639,1.0421,1.0858,1.1691,0.4714,44.3274,1.208,agamemnon_gun_228_x4,1.1575,1.1759,1.2253,1.1905,0.5319,45.0654,1.2014,agamemnon_gun_228_x4,1.172,1.1907,1.2407,1.2169,0.5386,46.6427,1.2164,agamemnon_gun_228_x4,1.1866,1.2055,1.2561,1.244,0.5453,48.2752,1.2316,yamato_gun_155_x4,1.1636,1.3238,1.3794,1.258,0.5988,48.3914,1.2077,,,,
gun_9_x2_alt_japan,,229,gun_9_x2_alt,japan,,New line - alternate guns,0.2574,friedrich_gun_228_x2,1.0892,0.8739,0.9106,1.436,0.3953,37.3799,1.1028,agamemnon_gun_228_x2,1.1866,1.1759,1.2253,1.1905,0.5319,45.0654,1.2014,dante_gun_240_x2,1.3156,0.8191,0.8535,1.2302,0.3705,49.7077,1.332,dant_gun_245_x2,1.4343,0.9973,1.0392,1.1261,0.4511,55.3988,1.4522,british_adv_cruiser_152_gun_x2,1.1869,1.1164,1.1633,1.3428,0.505,48.1485,1.2017,,,,
gun_9_x3_alt_japan,,229,gun_9_x3_alt,japan,,New line - alternate guns,0.2574,warrior_gun_228_x3,1.1784,1.0421,1.0858,1.1691,0.4714,44.3274,1.208,agamemnon_gun_228_x3,1.172,1.1759,1.2253,1.1905,0.5319,45.0654,1.2014,dant_gun_240_x3,1.2994,0.8191,0.8535,1.2302,0.3705,49.7077,1.332,dant_gun_245_x3,1.4166,0.9973,1.0392,1.1261,0.4511,55.3988,1.4522,british_adv_cruiser_152_gun_x3,1.1723,1.1164,1.1633,1.3428,0.505,48.1485,1.2017,,,,
gun_10_x1_japan,,254,gun_10_x1,japan,,,0.2773,ny_gun_210_x1,1.0916,1.3102,1.3599,1.2857,0.5443,37.9665,1.0916,warrior_gun_228_x1,1.2105,1.1489,1.1925,1.1702,0.4773,45.4059,1.2105,warrior_gun_228_x1,1.2256,1.1634,1.2076,1.1961,0.4833,46.9951,1.2256,agamemnon_gun_305_x1,1.1355,0.9037,0.938,1.4087,0.3754,44.5081,1.1355,fus_gun_356_x1_a,1.1808,0.7835,0.8133,1.4463,0.3255,47.3136,1.1808,,,,
gun_10_x2_japan,,254,gun_10_x2,japan,,,0.2773,ny_gun_210_x2,1.0782,1.3102,1.3599,1.2857,0.5443,37.9665,1.0916,warrior_gun_228_x2,1.1956,1.1489,1.1925,1.1702,0.4773,45.4059,1.2105,warrior_gun_228_x2,1.2105,1.1634,1.2076,1.1961,0.4833,46.9951,1.2256,agamemnon_gun_305_x2,1.1215,0.9037,0.938,1.4087,0.3754,44.5081,1.1355,fus_gun_356_x2_a,1.1663,0.7835,0.8133,1.4463,0.3255,47.3136,1.1808,,,,
gun_10_x3_japan,,254,gun_10_x3,japan,,,0.2773,ny_gun_210_x3,1.0649,1.3102,1.3599,1.2857,0.5443,37.9665,1.0916,warrior_gun_228_x3,1.1808,1.1489,1.1925,1.1702,0.4773,45.4059,1.2105,warrior_gun_228_x3,1.1956,1.1634,1.2076,1.1961,0.4833,46.9951,1.2256,agamemnon_gun_305_x3,1.1077,0.9037,0.938,1.4087,0.3754,44.5081,1.1355,fus_gun_356_x3_a,1.1519,0.7835,0.8133,1.4463,0.3255,47.3136,1.1808,,,,
gun_10_x4_japan,,254,gun_10_x4,japan,,,0.2773,ny_gun_210_x4,1.0517,1.3102,1.3599,1.2857,0.5443,37.9665,1.0916,warrior_gun_228_x4,1.1663,1.1489,1.1925,1.1702,0.4773,45.4059,1.2105,dreadnought_gun_178_x4,1.1448,1.4245,1.4786,1.1848,0.5918,45.5599,1.1882,nelson_gun_152_x4,1.1929,1.5495,1.6083,1.0726,0.6437,48.5286,1.2381,yamato_gun_460_x4,1.279,0.5481,0.5689,1.3814,0.2277,53.1912,1.3275,,,,
gun_10_x2_alt_japan,,254,gun_10_x2_alt,japan,,New line - alternate guns,0.2773,ny_gun_210_x2,1.0782,1.3102,1.3599,1.2857,0.5443,37.9665,1.0916,warrior_gun_228_x2,1.1956,1.1489,1.1925,1.1702,0.4773,45.4059,1.2105,dreadnought_gun_178_x2,1.1736,1.4245,1.4786,1.1848,0.5918,45.5598,1.1882,nelson_gun_152_x2,1.2229,1.5495,1.6083,1.1603,0.6437,48.5306,1.2381,yamato_gun_460_x2,1.3112,0.5481,0.5689,1.3814,0.2277,53.1912,1.3275,,,,
gun_10_x3_alt_japan,,254,gun_10_x3_alt,japan,,New line - alternate guns,0.2773,ny_gun_210_x3,1.0649,1.3102,1.3599,1.2857,0.5443,37.9665,1.0916,warrior_gun_228_x3,1.1808,1.1489,1.1925,1.1702,0.4773,45.4059,1.2105,dreadnought_gun_178_x3,1.1591,1.4245,1.4786,1.1848,0.5918,45.5599,1.1882,nelson_gun_152_x3,1.2078,1.5495,1.6083,1.1603,0.6437,48.5306,1.2381,yamato_gun_460_x3,1.295,0.5481,0.5689,1.3814,0.2277,53.1912,1.3275,,,,
gun_11_x1_japan,,279,gun_11_x1,japan,,,0.2431,ny_gun_210_x1,1.0814,1.4176,1.4667,1.0321,0.5443,37.6117,1.0814,irresistible_gun_305_x1,1.0842,0.9535,0.9865,1.0956,0.3661,40.669,1.0842,irresistible_gun_305_x1,1.0977,0.9655,0.999,1.1198,0.3707,42.0924,1.0977,hood_gun_380_x1,1.2006,0.7819,0.809,1.1079,0.3002,47.0596,1.2006,moga_gun_200_x1,1.1601,1.2079,1.2497,1.091,0.4638,46.4809,1.1601,,,,
gun_11_x2_japan,,279,gun_11_x2,japan,,,0.2431,ny_gun_210_x2,1.0681,1.4176,1.4667,1.0321,0.5443,37.6117,1.0814,irresistible_gun_305_x2,1.0709,0.9535,0.9865,1.0956,0.3661,40.669,1.0842,irresistible_gun_305_x2,1.0842,0.9655,0.999,1.1198,0.3707,42.0924,1.0977,hood_gun_380_x2,1.1858,0.7819,0.809,1.1079,0.3002,47.0596,1.2006,moga_gun_200_x2,1.1458,1.2079,1.2497,1.091,0.4638,46.4809,1.1601,,,,
gun_11_x3_japan,,279,gun_11_x3,japan,,,0.2431,ny_gun_210_x3,1.0549,1.4176,1.4667,1.0321,0.5443,37.6117,1.0814,irresistible_gun_305_x3,1.0576,0.9535,0.9865,1.0956,0.3661,40.669,1.0842,irresistible_gun_305_x3,1.0708,0.9655,0.999,1.1198,0.3707,42.0924,1.0977,hood_gun_380_x3,1.1712,0.7819,0.809,1.1079,0.3002,47.0596,1.2006,moga_gun_200_x3,1.1317,1.2079,1.2497,1.091,0.4638,46.4809,1.1601,,,,
gun_11_x4_japan,,279,gun_11_x4,japan,,,0.2431,ny_gun_210_x4,1.0419,1.4176,1.4667,1.0321,0.5443,37.6117,1.0814,irresistible_gun_305_x4,1.0446,0.9535,0.9865,1.0956,0.3661,40.669,1.0842,dreadnought_gun_305_x4,1.0704,0.9655,0.999,1.1065,0.3707,42.6011,1.111,vdt_gun_280_x4,1.245,0.9764,1.0102,1.0389,0.3749,48.0061,1.2922,spee_gun_280_x4_a,1.297,1.0662,1.1031,1.0167,0.4094,51.1265,1.3462,,,,
gun_11_x2_alt_japan,,279,gun_11_x2_alt,japan,,New line - alternate guns,0.2431,ny_gun_210_x2,1.0681,1.4176,1.4667,1.0321,0.5443,37.6117,1.0814,irresistible_gun_305_x2,1.0709,0.9535,0.9865,1.0956,0.3661,40.669,1.0842,dreadnought_gun_305_x2,1.0973,0.9655,0.999,1.1065,0.3707,42.6011,1.111,vdt_gun_280_x2,1.2763,0.9764,1.0102,1.0389,0.3749,48.0061,1.2922,spee_gun_280_x2_a,1.3296,1.0662,1.1031,1.0167,0.4094,51.1265,1.3462,,,,
gun_11_x3_alt_japan,,279,gun_11_x3_alt,japan,,New line - alternate guns,0.2431,ny_gun_210_x3,1.0549,1.4176,1.4667,1.0321,0.5443,37.6117,1.0814,irresistible_gun_305_x3,1.0576,0.9535,0.9865,1.0956,0.3661,40.669,1.0842,dreadnought_gun_305_x3,1.0838,0.9655,0.999,1.1065,0.3707,42.6011,1.111,vdt_gun_280_x3,1.2605,0.9764,1.0102,1.0389,0.3749,48.0061,1.2922,spee_gun_280_x3_a,1.3132,1.0662,1.1031,1.0167,0.4094,51.1265,1.3462,,,,
gun_12_x1_japan,,305,gun_12_x1,japan,,,0.2645,friedrich_gun_305_x1,1.1148,1.0147,1.0469,1.1033,0.361,37.788,1.1148,warrior_gun_228_x1,1.1885,1.3416,1.3842,0.9385,0.4773,44.5827,1.1885,agamemnon_gun_228_x1,1.1429,1.3922,1.4364,1.0048,0.4953,43.8246,1.1429,nelson_gun_406_x1,1.2629,0.7918,0.817,1.0562,0.2817,49.5025,1.2629,nelson_gun_406_x1,1.2787,0.8017,0.8272,1.0796,0.2852,51.2351,1.2787,,,,
gun_12_x2_japan,,305,gun_12_x2,japan,,,0.2645,friedrich_gun_305_x2,1.1011,1.0147,1.0469,1.1033,0.361,37.788,1.1148,warrior_gun_228_x2,1.1739,1.3416,1.3842,0.9385,0.4773,44.5827,1.1885,agamemnon_gun_228_x2,1.1675,1.5139,1.562,0.9557,0.5386,45.3249,1.182,nelson_gun_406_x2,1.2474,0.7918,0.817,1.0562,0.2817,49.5025,1.2629,nelson_gun_406_x2,1.263,0.8017,0.8272,1.0796,0.2852,51.2351,1.2787,,,,
gun_12_x3_japan,,305,gun_12_x3,japan,,,0.2645,warrior_gun_228_x3,1.145,1.325,1.3671,0.9181,0.4714,43.075,1.1738,warrior_gun_228_x3,1.1594,1.3416,1.3842,0.9385,0.4773,44.5827,1.1885,agamemnon_gun_228_x3,1.153,1.5139,1.562,0.9557,0.5386,45.3249,1.182,nelson_gun_406_x3,1.232,0.7918,0.817,1.0562,0.2817,49.5025,1.2629,nelson_gun_406_x3,1.2474,0.8017,0.8272,1.0796,0.2852,51.2351,1.2787,,,,
gun_12_x4_japan,,305,gun_12_x4,japan,,,0.2645,warrior_gun_228_x4,1.1309,1.325,1.3671,0.9181,0.4714,43.075,1.1738,warrior_gun_228_x4,1.1451,1.3416,1.3842,0.9385,0.4773,44.5827,1.1885,dreadnought_gun_305_x4,1.061,1.042,1.0751,1.1054,0.3707,42.2233,1.1012,dreadnought_gun_305_x4,1.0742,1.0552,1.0887,1.1298,0.3754,43.7011,1.1149,yamato_gun_460_x4,1.2559,0.64,0.6604,1.1079,0.2277,52.2268,1.3035,,,,
gun_12_x2_alt_japan,,305,gun_12_x2_alt,japan,,New line - alternate guns,0.2645,friedrich_gun_305_x2,1.1011,1.0147,1.0469,1.1033,0.361,37.788,1.1148,warrior_gun_228_x2,1.1739,1.3416,1.3842,0.9385,0.4773,44.5827,1.1885,dreadnought_gun_305_x2,1.0877,1.042,1.0751,1.1054,0.3707,42.2233,1.1012,dreadnought_gun_305_x2,1.1012,1.0552,1.0887,1.1298,0.3754,43.7011,1.1149,yamato_gun_460_x2,1.2875,0.64,0.6604,1.1079,0.2277,52.2268,1.3035,,,,
gun_12_x3_alt_japan,,305,gun_12_x3_alt,japan,,New line - alternate guns,0.2645,warrior_gun_228_x3,1.145,1.325,1.3671,0.9181,0.4714,43.075,1.1738,warrior_gun_228_x3,1.1594,1.3416,1.3842,0.9385,0.4773,44.5827,1.1885,dreadnought_gun_305_x3,1.0742,1.042,1.0751,1.1054,0.3707,42.2233,1.1012,dreadnought_gun_305_x3,1.0876,1.0552,1.0887,1.1298,0.3754,43.7011,1.1149,yamato_gun_460_x3,1.2716,0.64,0.6604,1.1079,0.2277,52.2268,1.3035,,,,
gun_13_x1_japan,,330,gun_13_x1,japan,,,0.2848,friedrich_gun_305_x1,1.106,1.0869,1.1189,1.1005,0.361,37.4915,1.106,irresistible_gun_305_x1,1.0661,1.1022,1.1346,1.0918,0.3661,39.9919,1.0661,dido_gun_cal200_x1,1.066,1.1164,1.1492,1.161,0.3708,39.7795,1.066,dreadnought_gun_c_305_x1,1.2432,1.1498,1.1836,1.0269,0.3819,47.4245,1.2432,litt_gun_152a_x1,1.215,1.7456,1.7969,1.0031,0.5798,47.3767,1.215,,,,
gun_13_x2_japan,,330,gun_13_x2,japan,,,0.2848,friedrich_gun_305_x2,1.0924,1.0869,1.1189,1.1005,0.361,37.4915,1.106,irresistible_gun_305_x2,1.053,1.1022,1.1346,1.0918,0.3661,39.9919,1.0661,dido_gun_cal200_x2,1.0529,1.1164,1.1492,1.161,0.3708,39.7795,1.066,dreadnought_gun_c_305_x2,1.2279,1.1498,1.1836,1.0269,0.3819,47.4245,1.2432,litt_gun_152a_x2,1.2,1.7456,1.7969,1.0031,0.5798,47.3767,1.215,,,,
gun_13_x3_japan,,330,gun_13_x3,japan,,,0.2848,warrior_gun_228_x3,1.1361,1.4193,1.461,0.9157,0.4714,42.737,1.1646,irresistible_gun_305_x3,1.04,1.1022,1.1346,1.0918,0.3661,39.9919,1.0661,dido_gun_cal200_x3,1.0399,1.1164,1.1492,1.161,0.3708,39.7795,1.066,dreadnought_gun_c_305_x3,1.2127,1.1498,1.1836,1.0269,0.3819,47.4245,1.2432,litt_gun_152a_x3,1.1852,1.7456,1.7969,1.0031,0.5798,47.3767,1.215,,,,
gun_13_x4_japan,,330,gun_13_x4,japan,,,0.2848,warrior_gun_228_x4,1.122,1.4193,1.461,0.9157,0.4714,42.737,1.1646,irresistible_gun_305_x4,1.0272,1.1022,1.1346,1.0918,0.3661,39.9919,1.0661,dreadnought_gun_b_305_x4,1.1395,1.1161,1.1489,1.1026,0.3707,41.8919,1.1827,dreadnought_gun_b_305_x4,1.1537,1.1302,1.1634,1.127,0.3754,43.3581,1.1975,richelieu_gun_380_x4,1.3389,0.918,0.945,0.9968,0.3049,54.1924,1.3897,,,,
gun_13_x2_alt_japan,,330,gun_13_x2_alt,japan,,New line - alternate guns,0.2848,friedrich_gun_305_x2,1.0924,1.0869,1.1189,1.1005,0.361,37.4915,1.106,irresistible_gun_305_x2,1.053,1.1022,1.1346,1.0918,0.3661,39.9919,1.0661,dreadnought_gun_b_305_x2,1.1681,1.1161,1.1489,1.1026,0.3707,41.8919,1.1827,dreadnought_gun_b_305_x2,1.1828,1.1302,1.1634,1.127,0.3754,43.3581,1.1975,richelieu_gun_380_x2,1.3726,0.918,0.945,0.9968,0.3049,54.1924,1.3897,,,,
gun_13_x3_alt_japan,,330,gun_13_x3_alt,japan,,New line - alternate guns,0.2848,warrior_gun_228_x3,1.1361,1.4193,1.461,0.9157,0.4714,42.737,1.1646,irresistible_gun_305_x3,1.04,1.1022,1.1346,1.0918,0.3661,39.9919,1.0661,dreadnought_gun_b_305_x3,1.1537,1.1161,1.1489,1.1026,0.3707,41.8919,1.1827,dreadnought_gun_b_305_x3,1.1682,1.1302,1.1634,1.127,0.3754,43.3581,1.1975,richelieu_gun_380_x3,1.3556,0.918,0.945,0.9968,0.3049,54.1924,1.3897,,,,
gun_14_x1_japan,,356,gun_14_x1,japan,,,0.3057,irresistible_gun_305_x1,1.045,1.1645,1.1963,1.0637,0.3616,38.3476,1.045,agamemnon_gun_305_x1,1.0709,1.179,1.2112,1.0744,0.3661,40.1695,1.0709,agamemnon_gun_305_x1,1.0843,1.1938,1.2264,1.0982,0.3707,41.5754,1.0843,agamemnon_gun_305_x1,1.0978,1.209,1.242,1.1224,0.3754,43.0306,1.0978,hood_gun_380_x1,1.1863,0.979,1.0057,1.124,0.304,47.534,1.1863,,,,
gun_14_x2_japan,,356,gun_14_x2,japan,,,0.3057,irresistible_gun_305_x2,1.0321,1.1645,1.1963,1.0637,0.3616,38.3476,1.045,agamemnon_gun_305_x2,1.0577,1.179,1.2112,1.0744,0.3661,40.1695,1.0709,agamemnon_gun_305_x2,1.071,1.1938,1.2264,1.0982,0.3707,41.5754,1.0843,agamemnon_gun_305_x2,1.0843,1.209,1.242,1.1224,0.3754,43.0306,1.0978,hood_gun_380_x2,1.1717,0.979,1.0057,1.124,0.304,47.534,1.1863,,,,
gun_14_x3_japan,,356,gun_14_x3,japan,,,0.3057,irresistible_gun_305_x3,1.0194,1.1645,1.1963,1.0637,0.3616,38.3476,1.045,agamemnon_gun_305_x3,1.0447,1.179,1.2112,1.0744,0.3661,40.1695,1.0709,agamemnon_gun_305_x3,1.0577,1.1938,1.2264,1.0982,0.3707,41.5754,1.0843,agamemnon_gun_305_x3,1.0709,1.209,1.242,1.1224,0.3754,43.0306,1.0978,hood_gun_380_x3,1.1572,0.979,1.0057,1.124,0.304,47.534,1.1863,,,,
gun_14_x4_japan,,356,gun_14_x4,japan,,,0.3057,dreadnought_gun_305_x4,1.0191,1.1645,1.1963,1.051,0.3616,38.8111,1.0577,dreadnought_gun_305_x4,1.0318,1.179,1.2112,1.0744,0.3661,40.1695,1.0709,dreadnought_gun_305_x4,1.0447,1.1938,1.2264,1.0982,0.3707,41.5754,1.0843,fus_gun_356_x4_a,1.0863,1.0354,1.0637,1.1271,0.3215,44.1961,1.1275,fus_gun_356_x4_a,1.0999,1.0483,1.0769,1.1522,0.3255,45.743,1.1416,,,,
gun_14_x2_alt_japan,,356,gun_14_x2_alt,japan,,New line - alternate guns,0.3057,dreadnought_gun_305_x2,1.0447,1.1645,1.1963,1.051,0.3616,38.8111,1.0577,dreadnought_gun_305_x2,1.0577,1.179,1.2112,1.0744,0.3661,40.1695,1.0709,dreadnought_gun_305_x2,1.071,1.1938,1.2264,1.0982,0.3707,41.5754,1.0843,fus_gun_356_x2_a,1.1136,1.0354,1.0637,1.1271,0.3215,44.1962,1.1275,fus_gun_356_x2_a,1.1276,1.0483,1.0769,1.1522,0.3255,45.743,1.1416,,,,
gun_14_x3_alt_japan,,356,gun_14_x3_alt,japan,,New line - alternate guns,0.3057,dreadnought_gun_305_x3,1.0318,1.1645,1.1963,1.051,0.3616,38.8111,1.0577,dreadnought_gun_305_x3,1.0447,1.179,1.2112,1.0744,0.3661,40.1695,1.0709,dreadnought_gun_305_x3,1.0577,1.1938,1.2264,1.0982,0.3707,41.5754,1.0843,fus_gun_356_x3_a,1.0999,1.0354,1.0637,1.1271,0.3215,44.1962,1.1275,fus_gun_356_x3_a,1.1136,1.0483,1.0769,1.1522,0.3255,45.743,1.1416,,,,
gun_15_x1_japan,,381,gun_15_x1,japan,,,0.3256,irresistible_gun_305_x1,1.038,1.2381,1.2697,1.0584,0.3616,38.0882,1.038,irresistible_gun_305_x1,1.0509,1.2535,1.2855,1.082,0.3661,39.4213,1.0509,irresistible_gun_305_x1,1.0641,1.2693,1.3017,1.1059,0.3707,40.8011,1.0641,moga_gun_200_x1,1.1106,1.5685,1.6086,1.054,0.4581,43.5314,1.1106,moga_gun_200_x1,1.1245,1.588,1.6286,1.0775,0.4638,45.055,1.1245,,,,
gun_15_x2_japan,,381,gun_15_x2,japan,,,0.3256,irresistible_gun_305_x2,1.0252,1.2381,1.2697,1.0584,0.3616,38.0882,1.038,irresistible_gun_305_x2,1.038,1.2535,1.2855,1.082,0.3661,39.4213,1.0509,irresistible_gun_305_x2,1.051,1.2693,1.3017,1.1059,0.3707,40.8011,1.0641,moga_gun_200_x2,1.0969,1.5685,1.6086,1.054,0.4581,43.5314,1.1106,moga_gun_200_x2,1.1107,1.588,1.6286,1.0775,0.4638,45.055,1.1245,,,,
gun_15_x3_japan,,381,gun_15_x3,japan,,,0.3256,irresistible_gun_305_x3,1.0126,1.2381,1.2697,1.0584,0.3616,38.0882,1.038,irresistible_gun_305_x3,1.0252,1.2535,1.2855,1.082,0.3661,39.4213,1.0509,irresistible_gun_305_x3,1.038,1.2693,1.3017,1.1059,0.3707,40.8011,1.0641,moga_gun_200_x3,1.0834,1.5685,1.6086,1.054,0.4581,43.5314,1.1106,moga_gun_200_x3,1.097,1.588,1.6286,1.0775,0.4638,45.055,1.1245,,,,
gun_15_x4_japan,,381,gun_15_x4,japan,,,0.3256,dreadnought_gun_b_305_x4,1.0956,1.2381,1.2697,1.0458,0.3616,38.5486,1.1372,dreadnought_gun_b_305_x4,1.1093,1.2535,1.2855,1.0691,0.3661,39.8978,1.1514,dreadnought_gun_b_305_x4,1.1232,1.2693,1.3017,1.0927,0.3707,41.2942,1.1658,yamato_gun_460_x4,1.213,0.7701,0.7898,1.0712,0.2249,49.3504,1.259,yamato_gun_b_460_x4,1.2282,0.7796,0.7995,1.0952,0.2277,51.0776,1.2748,,,,
gun_15_x2_alt_japan,,381,gun_15_x2_alt,japan,,New line - alternate guns,0.3256,dreadnought_gun_b_305_x2,1.1232,1.2381,1.2697,1.0458,0.3616,38.5486,1.1372,dreadnought_gun_b_305_x2,1.1372,1.2535,1.2855,1.0691,0.3661,39.8978,1.1514,dreadnought_gun_b_305_x2,1.1515,1.2693,1.3017,1.0927,0.3707,41.2942,1.1658,yamato_gun_460_x2,1.2435,0.7701,0.7898,1.0712,0.2249,49.3504,1.259,yamato_gun_b_460_x2,1.2591,0.7796,0.7995,1.0952,0.2277,51.0776,1.2748,,,,
gun_15_x3_alt_japan,,381,gun_15_x3_alt,japan,,New line - alternate guns,0.3256,dreadnought_gun_b_305_x3,1.1093,1.2381,1.2697,1.0458,0.3616,38.5486,1.1372,dreadnought_gun_b_305_x3,1.1232,1.2535,1.2855,1.0691,0.3661,39.8978,1.1514,dreadnought_gun_b_305_x3,1.1372,1.2693,1.3017,1.0927,0.3707,41.2942,1.1658,yamato_gun_460_x3,1.2282,0.7701,0.7898,1.0712,0.2249,49.3504,1.259,yamato_gun_b_460_x3,1.2436,0.7796,0.7995,1.0952,0.2277,51.0776,1.2748,,,,
gun_16_x1_japan,,406,gun_16_x1,japan,,,0.3453,agamemnon_gun_305_x1,1.0438,1.3124,1.3439,1.0396,0.3616,38.3044,1.0438,agamemnon_gun_305_x1,1.0569,1.3287,1.3606,1.0628,0.3661,39.645,1.0569,agamemnon_gun_305_x1,1.0701,1.3454,1.3777,1.0864,0.3707,41.0326,1.0701,fus_gun_356_x1_a,1.1128,1.1668,1.1948,1.115,0.3215,43.6191,1.1128,fus_gun_356_x1_a,1.1267,1.1814,1.2098,1.1398,0.3255,45.1458,1.1267,,,,
gun_16_x2_japan,,406,gun_16_x2,japan,,,0.3453,agamemnon_gun_305_x2,1.031,1.3124,1.3439,1.0396,0.3616,38.3044,1.0438,agamemnon_gun_305_x2,1.0439,1.3287,1.3606,1.0628,0.3661,39.645,1.0569,agamemnon_gun_305_x2,1.0569,1.3454,1.3777,1.0864,0.3707,41.0326,1.0701,fus_gun_356_x2_a,1.0991,1.1668,1.1948,1.115,0.3215,43.6191,1.1128,fus_gun_356_x2_a,1.1128,1.1814,1.2098,1.1398,0.3255,45.1458,1.1267,,,,
gun_16_x3_japan,,406,gun_16_x3,japan,,,0.3453,agamemnon_gun_305_x3,1.0182,1.3124,1.3439,1.0396,0.3616,38.3044,1.0438,agamemnon_gun_305_x3,1.031,1.3287,1.3606,1.0628,0.3661,39.645,1.0569,agamemnon_gun_305_x3,1.0439,1.3454,1.3777,1.0864,0.3707,41.0326,1.0701,fus_gun_356_x3_a,1.0855,1.1668,1.1948,1.115,0.3215,43.6191,1.1128,fus_gun_356_x3_a,1.0991,1.1814,1.2098,1.1398,0.3255,45.1458,1.1267,,,,
gun_16_x4_japan,,406,gun_16_x4,japan,,,0.3453,dreadnought_gun_305_x4,1.0057,1.3124,1.3439,1.0396,0.3616,38.3044,1.0438,dreadnought_gun_305_x4,1.0183,1.3287,1.3606,1.0628,0.3661,39.645,1.0569,nelson_gun_406_x4,1.1679,1.0097,1.0339,1.0155,0.2782,46.4798,1.2122,bismarck_gun_380_short_x4,1.2577,1.0928,1.119,1.0161,0.3011,48.4995,1.3054,bismarck_gun_380_x4,1.3501,1.1066,1.1332,0.9796,0.3049,53.2182,1.4013,,,,
gun_16_x2_alt_japan,,406,gun_16_x2_alt,japan,,New line - alternate guns,0.3453,dreadnought_gun_305_x2,1.031,1.3124,1.3439,1.0396,0.3616,38.3044,1.0438,dreadnought_gun_305_x2,1.0439,1.3287,1.3606,1.0628,0.3661,39.645,1.0569,nelson_gun_406_x2,1.1973,1.0097,1.0339,1.0155,0.2782,46.4798,1.2122,bismarck_gun_380_short_x2,1.2893,1.0928,1.119,1.0161,0.3011,48.4995,1.3054,bismarck_gun_380_x2,1.384,1.1066,1.1332,0.9796,0.3049,53.2182,1.4013,,,,
gun_16_x3_alt_japan,,406,gun_16_x3_alt,japan,,New line - alternate guns,0.3453,dreadnought_gun_305_x3,1.0182,1.3124,1.3439,1.0396,0.3616,38.3044,1.0438,dreadnought_gun_305_x3,1.031,1.3287,1.3606,1.0628,0.3661,39.645,1.0569,nelson_gun_406_x3,1.1825,1.0097,1.0339,1.0155,0.2782,46.4798,1.2122,bismarck_gun_380_short_x3,1.2734,1.0928,1.119,1.0161,0.3011,48.4995,1.3054,bismarck_gun_380_x3,1.367,1.1066,1.1332,0.9796,0.3049,53.2182,1.4013,,,,
gun_17_x1_japan,,432,gun_17_x1,japan,,,0.3656,agamemnon_gun_305_x1,1.0374,1.3904,1.4218,1.0325,0.3616,38.0674,1.0374,agamemnon_gun_305_x1,1.0504,1.4077,1.4395,1.0555,0.3661,39.3997,1.0504,moga_gun_200_x1,1.0832,1.7399,1.7792,1.0178,0.4525,41.5342,1.0832,moga_gun_200_x1,1.0967,1.7615,1.8013,1.0406,0.4581,42.9879,1.0967,moga_gun_200_x1,1.1104,1.7834,1.8237,1.0637,0.4638,44.4925,1.1104,,,,
gun_17_x2_japan,,432,gun_17_x2,japan,,,0.3656,agamemnon_gun_305_x2,1.0246,1.3904,1.4218,1.0325,0.3616,38.0674,1.0374,agamemnon_gun_305_x2,1.0375,1.4077,1.4395,1.0555,0.3661,39.3997,1.0504,moga_gun_200_x2,1.0699,1.7399,1.7792,1.0178,0.4525,41.5342,1.0832,moga_gun_200_x2,1.0832,1.7615,1.8013,1.0406,0.4581,42.9879,1.0967,moga_gun_200_x2,1.0967,1.7834,1.8237,1.0637,0.4638,44.4925,1.1104,,,,
gun_17_x3_japan,,432,gun_17_x3,japan,,,0.3656,agamemnon_gun_305_x3,1.012,1.3904,1.4218,1.0325,0.3616,38.0674,1.0374,agamemnon_gun_305_x3,1.0247,1.4077,1.4395,1.0555,0.3661,39.3997,1.0504,moga_gun_200_x3,1.0567,1.7399,1.7792,1.0178,0.4525,41.5342,1.0832,moga_gun_200_x3,1.0698,1.7615,1.8013,1.0406,0.4581,42.9879,1.0967,moga_gun_200_x3,1.0832,1.7834,1.8237,1.0637,0.4638,44.4925,1.1104,,,,
gun_17_x4_japan,,432,gun_17_x4,japan,,,0.3656,dido_gun_cal200_x4,0.9752,1.3908,1.4222,1.0871,0.3617,36.1478,1.0122,dido_gun_cal200_x4,0.9874,1.4081,1.4399,1.1114,0.3662,37.413,1.0248,dreadnought_gun_c_305_x4,1.1515,1.45,1.4827,0.9832,0.3771,44.6032,1.1952,litt_gun_381a_x4,1.2403,1.1943,1.2213,0.9842,0.3106,49.1049,1.2873,litt_gun_381a_x4,1.2557,1.2093,1.2366,1.006,0.3145,50.8236,1.3033,,,,
gun_17_x2_alt_japan,,432,gun_17_x2_alt,japan,,New line - alternate guns,0.3656,dido_gun_cal200_x2,0.9998,1.3908,1.4222,1.0871,0.3617,36.1478,1.0122,dido_gun_cal200_x2,1.0122,1.4081,1.4399,1.1114,0.3662,37.413,1.0248,dreadnought_gun_c_305_x2,1.1805,1.45,1.4827,0.9832,0.3771,44.6032,1.1952,litt_gun_381a_x2,1.2715,1.1943,1.2213,0.9842,0.3106,49.1049,1.2873,litt_gun_381a_x2,1.2873,1.2093,1.2366,1.006,0.3145,50.8236,1.3033,,,,
gun_17_x3_alt_japan,,432,gun_17_x3_alt,japan,,New line - alternate guns,0.3656,dido_gun_cal200_x3,0.9874,1.3908,1.4222,1.0871,0.3617,36.1478,1.0122,dido_gun_cal200_x3,0.9997,1.4081,1.4399,1.1114,0.3662,37.413,1.0248,dreadnought_gun_c_305_x3,1.1659,1.45,1.4827,0.9832,0.3771,44.6032,1.1952,litt_gun_381a_x3,1.2558,1.1943,1.2213,0.9842,0.3106,49.1049,1.2873,litt_gun_381a_x3,1.2714,1.2093,1.2366,1.006,0.3145,50.8236,1.3033,,,,
gun_18_x1_japan,,457,gun_18_x1,japan,,,0.3849,agamemnon_gun_305_x1,1.0316,1.4662,1.4975,1.025,0.3616,37.8538,1.0316,agamemnon_gun_305_x1,1.0445,1.4845,1.5162,1.0478,0.3661,39.1787,1.0445,hood_gun_380_x1,1.1287,1.2023,1.228,1.0491,0.2965,43.279,1.1287,bismarck_gun_380_short_x1,1.2901,1.2209,1.247,1.0017,0.3011,47.929,1.2901,bismarck_gun_380_x1,1.3848,1.2363,1.2627,0.9658,0.3049,52.5922,1.3848,,,,
gun_18_x2_japan,,457,gun_18_x2,japan,,,0.3849,agamemnon_gun_305_x2,1.0189,1.4662,1.4975,1.025,0.3616,37.8538,1.0316,agamemnon_gun_305_x2,1.0317,1.4845,1.5162,1.0478,0.3661,39.1787,1.0445,hood_gun_380_x2,1.1148,1.2023,1.228,1.0491,0.2965,43.279,1.1287,bismarck_gun_380_short_x2,1.2742,1.2209,1.247,1.0017,0.3011,47.929,1.2901,bismarck_gun_380_x2,1.3678,1.2363,1.2627,0.9658,0.3049,52.5922,1.3848,,,,
gun_18_x3_japan,,457,gun_18_x3,japan,,,0.3849,agamemnon_gun_305_x3,1.0063,1.4662,1.4975,1.025,0.3616,37.8538,1.0316,agamemnon_gun_305_x3,1.0189,1.4845,1.5162,1.0478,0.3661,39.1787,1.0445,hood_gun_380_x3,1.1011,1.2023,1.228,1.0491,0.2965,43.279,1.1287,bismarck_gun_380_short_x3,1.2585,1.2209,1.247,1.0017,0.3011,47.929,1.2901,bismarck_gun_380_x3,1.3509,1.2363,1.2627,0.9658,0.3049,52.5922,1.3848,,,,
gun_18_x4_japan,,457,gun_18_x4,japan,,,0.3849,dreadnought_gun_305_x4,0.9939,1.4662,1.4975,1.025,0.3616,37.8538,1.0316,dreadnought_gun_305_x4,1.0063,1.4845,1.5162,1.0478,0.3661,39.1787,1.0445,yamato_gun_460_x4,1.1765,0.9006,0.9199,1.0272,0.2221,46.8221,1.2211,yamato_gun_460_x4,1.1911,0.912,0.9315,1.0499,0.2249,48.4609,1.2363,yamato_gun_b_460_x4,1.2061,0.9233,0.943,1.0734,0.2277,50.157,1.2518,,,,
gun_18_x2_alt_japan,,457,gun_18_x2_alt,japan,,New line - alternate guns,0.3849,dreadnought_gun_305_x2,1.0189,1.4662,1.4975,1.025,0.3616,37.8538,1.0316,dreadnought_gun_305_x2,1.0317,1.4845,1.5162,1.0478,0.3661,39.1787,1.0445,yamato_gun_460_x2,1.2061,0.9006,0.9199,1.0272,0.2221,46.8221,1.2211,yamato_gun_460_x2,1.2211,0.912,0.9315,1.0499,0.2249,48.4609,1.2363,yamato_gun_b_460_x2,1.2364,0.9233,0.943,1.0734,0.2277,50.157,1.2518,,,,
gun_18_x3_alt_japan,,457,gun_18_x3_alt,japan,,New line - alternate guns,0.3849,dreadnought_gun_305_x3,1.0063,1.4662,1.4975,1.025,0.3616,37.8538,1.0316,dreadnought_gun_305_x3,1.0189,1.4845,1.5162,1.0478,0.3661,39.1787,1.0445,yamato_gun_460_x3,1.1912,0.9006,0.9199,1.0272,0.2221,46.8221,1.2211,yamato_gun_460_x3,1.206,0.912,0.9315,1.0499,0.2249,48.4609,1.2363,yamato_gun_b_460_x3,1.2211,0.9233,0.943,1.0734,0.2277,50.157,1.2518,,,,
gun_19_x1_japan,,483,gun_19_x1,japan,,,0.4047,agamemnon_gun_305_x1,1.0259,1.5459,1.5772,1.0166,0.3616,37.6449,1.0259,agamemnon_gun_305_x1,1.0387,1.5652,1.5969,1.0392,0.3661,38.9625,1.0387,fus_gun_356_x1_a,1.0802,1.3574,1.3849,1.0666,0.3175,41.4185,1.0802,fus_gun_356_x1_a,1.0937,1.3745,1.4023,1.0902,0.3215,42.8682,1.0937,fus_gun_356_x1_a,1.1073,1.3916,1.4198,1.1145,0.3255,44.3685,1.1073,,,,
gun_19_x2_japan,,483,gun_19_x2,japan,,,0.4047,agamemnon_gun_305_x2,1.0133,1.5459,1.5772,1.0166,0.3616,37.6449,1.0259,agamemnon_gun_305_x2,1.0259,1.5652,1.5969,1.0392,0.3661,38.9625,1.0387,fus_gun_356_x2_a,1.0669,1.3574,1.3849,1.0666,0.3175,41.4185,1.0802,fus_gun_356_x2_a,1.0802,1.3745,1.4023,1.0902,0.3215,42.8682,1.0937,fus_gun_356_x2_a,1.0937,1.3916,1.4198,1.1145,0.3255,44.3685,1.1073,,,,
gun_19_x3_japan,,483,gun_19_x3,japan,,,0.4047,agamemnon_gun_305_x3,1.0008,1.5459,1.5772,1.0166,0.3616,37.6449,1.0259,agamemnon_gun_305_x3,1.0133,1.5652,1.5969,1.0392,0.3661,38.9625,1.0387,fus_gun_356_x3_a,1.0537,1.3574,1.3849,1.0666,0.3175,41.4185,1.0802,fus_gun_356_x3_a,1.0669,1.3745,1.4023,1.0902,0.3215,42.8682,1.0937,fus_gun_356_x3_a,1.0802,1.3916,1.4198,1.1145,0.3255,44.3685,1.1073,,,,
gun_19_x4_japan,,483,gun_19_x4,japan,,,0.4047,agamemnon_gun_305_x4,0.9884,1.5459,1.5772,1.0166,0.3616,37.6449,1.0259,agamemnon_gun_305_x4,1.0008,1.5652,1.5969,1.0392,0.3661,38.9625,1.0387,fus_gun_356_x4_a,1.0407,1.3574,1.3849,1.0666,0.3175,41.4185,1.0802,fus_gun_356_x4_a,1.0537,1.3745,1.4023,1.0902,0.3215,42.8681,1.0937,fus_gun_356_x4_a,1.0668,1.3916,1.4198,1.1145,0.3255,44.3685,1.1073,,,,
gun_20_x1_japan,,508,gun_20_x1,japan,,,0.4236,agamemnon_gun_305_x1,1.0207,1.6234,1.6547,1.0081,0.3616,37.4554,1.0207,agamemnon_gun_305_x1,1.0335,1.6436,1.6752,1.0306,0.3661,38.7664,1.0335,yamato_gun_460_x1,1.2082,0.9971,1.0163,1.0104,0.2221,46.3293,1.2082,yamato_gun_b_460_x1,1.2233,1.0097,1.0292,1.0327,0.2249,47.9509,1.2233,yamato_gun_b_460_x1,1.2386,1.0223,1.042,1.0557,0.2277,49.6291,1.2386,,,,
gun_20_x2_japan,,508,gun_20_x2,japan,,,0.4236,agamemnon_gun_305_x2,1.0081,1.6234,1.6547,1.0081,0.3616,37.4554,1.0207,agamemnon_gun_305_x2,1.0208,1.6436,1.6752,1.0306,0.3661,38.7664,1.0335,yamato_gun_460_x2,1.1933,0.9971,1.0163,1.0104,0.2221,46.3293,1.2082,yamato_gun_b_460_x2,1.2082,1.0097,1.0292,1.0327,0.2249,47.9509,1.2233,yamato_gun_b_460_x2,1.2234,1.0223,1.042,1.0557,0.2277,49.6291,1.2386,,,,
gun_20_x3_japan,,508,gun_20_x3,japan,,,0.4236,agamemnon_gun_305_x3,0.9957,1.6234,1.6547,1.0081,0.3616,37.4554,1.0207,agamemnon_gun_305_x3,1.0082,1.6436,1.6752,1.0306,0.3661,38.7664,1.0335,yamato_gun_460_x3,1.1786,0.9971,1.0163,1.0104,0.2221,46.3293,1.2082,yamato_gun_b_460_x3,1.1933,1.0097,1.0292,1.0327,0.2249,47.9509,1.2233,yamato_gun_b_460_x3,1.2083,1.0223,1.042,1.0557,0.2277,49.6291,1.2386,,,,
gun_20_x4_japan,,508,gun_20_x4,japan,,,0.4236,agamemnon_gun_305_x4,0.9834,1.6234,1.6547,1.0081,0.3616,37.4554,1.0207,agamemnon_gun_305_x4,0.9957,1.6436,1.6752,1.0306,0.3661,38.7664,1.0335,yamato_gun_460_x4,1.1641,0.9971,1.0163,1.0104,0.2221,46.3293,1.2082,yamato_gun_b_460_x4,1.1786,1.0097,1.0292,1.0327,0.2249,47.9509,1.2233,yamato_gun_b_460_x4,1.1933,1.0223,1.042,1.0557,0.2277,49.6291,1.2386,,,,
###,,,###,spain,,,,,,,,,,,,,,,,,,,,,,,,,,,,,,,,,,,,,,,,,,,,,,,
"gun_2_x1_spain_bb,bc",,51,gun_2_x1,spain,"bb, bc",,0.1197,brandenburg_gun_76_x1,0.7,0.8,0.975,,0.8687,36.4259,1.0746,dreadnought_gun_178_x1,4.05,0.725,0.755625,,0.5845,51.6854,1.3779,dreadnought_gun_178_x1,4.1,0.75,0.78,,0.5918,53.4944,1.3951,hood_gun_140_x1,1,0.875,0.901875,,0.8173,61.5624,1.5706,moga_gun_127_x1,2.4,0.8,0.975,,0.9646,58.2093,1.4528,,,,
"gun_2_x2_spain_bb,bc",,51,gun_2_x2,spain,"bb, bc",,0.1197,dreadnought_gun_178_x2,4,0.7,0.73125,,0.5773,49.9376,1.3608,dreadnought_gun_178_x2,4.05,0.725,0.755625,,0.5845,51.6854,1.3779,dreadnought_gun_178_x2,4.1,0.75,0.78,,0.5918,53.4944,1.3951,hood_gun_140_x2,1,0.875,0.901875,,0.8173,61.5624,1.5706,moga_gun_127_x2,2.4,0.8,0.975,,0.9646,58.2093,1.4528,,,,
"gun_2_x3_spain_bb,bc",,51,gun_2_x3,spain,"bb, bc",,0.1197,dreadnought_gun_178_x3,4,0.7,0.73125,,0.5773,49.9376,1.3608,dreadnought_gun_178_x3,4.05,0.725,0.755625,,0.5845,51.6854,1.3779,dreadnought_gun_178_x3,4.1,0.75,0.78,,0.5918,53.4944,1.3951,hood_gun_140_x3,1,0.875,0.901875,,0.8173,61.5624,1.5706,moga_gun_127_x3,2.4,0.8,0.975,,0.9635,58.1772,1.452,,,,
"gun_2_x4_spain_bb,bc",,51,gun_2_x4,spain,"bb, bc",,0.1197,,,,,,,,,dreadnought_gun_178_x4,4.05,0.725,0.755625,,0.5845,51.6854,1.3779,dreadnought_gun_178_x4,4.1,0.75,0.78,,0.5918,53.4944,1.3951,richelieu_gun_120_x4,1.14,1.05,1.12125,,0.9533,43.9543,1.0288,richelieu_gun_120_x4,1.16,1.063125,1.135265625,,0.9652,45.4927,1.0416,,,,
"gun_3_x1_spain_bb,bc",,76,gun_3_x1,spain,"bb, bc",,0.1519,brandenburg_gun_76_x1,0.7,1,1.17,,0.8687,35.0014,1.0326,dreadnought_gun_178_x1,4.05,0.775,0.8775,,0.5845,49.6643,1.324,dreadnought_gun_178_x1,4.1,0.8,0.901875,,0.5918,51.4025,1.3405,hood_gun_140_x1,1,0.925,0.94,,0.8173,59.155,1.5092,moga_gun_127_x1,2.2,1,1.185,,0.9646,55.933,1.3959,,,,
"gun_3_x2_spain_bb,bc",,76,gun_3_x2,spain,"bb, bc",,0.1519,dreadnought_gun_178_x2,4,0.75,0.853125,,0.5773,47.9848,1.3076,dreadnought_gun_178_x2,4.05,0.775,0.8775,,0.5845,49.6643,1.324,dreadnought_gun_178_x2,4.1,0.8,0.901875,,0.5918,51.4025,1.3405,hood_gun_140_x2,1,0.925,0.94,,0.8173,59.155,1.5092,moga_gun_127_x2,2.2,1,1.185,,0.9646,55.933,1.3959,,,,
"gun_3_x3_spain_bb,bc",,76,gun_3_x3,spain,"bb, bc",,0.1519,dreadnought_gun_178_x3,4,0.75,0.853125,,0.5773,47.9848,1.3076,dreadnought_gun_178_x3,4.05,0.775,0.8775,,0.5845,49.6643,1.324,dreadnought_gun_178_x3,4.1,0.8,0.901875,,0.5918,51.4025,1.3405,hood_gun_140_x3,1,0.925,0.94,,0.8173,59.155,1.5092,moga_gun_127_x3,2.2,1,1.185,,0.9635,55.9021,1.3952,,,,
"gun_3_x4_spain_bb,bc",,76,gun_3_x4,spain,"bb, bc",,0.1519,,,,,,,,,dreadnought_gun_178_x4,4.05,0.775,0.8775,,0.5845,49.6643,1.324,dreadnought_gun_178_x4,4.1,0.8,0.901875,,0.5918,51.4025,1.3405,richelieu_gun_120_x4,1.14,1.15,1.21875,,0.9533,42.2355,0.9886,richelieu_gun_120_x4,1.16,1.164375,1.233984375,,0.9652,43.7137,1.0009,,,,
"gun_4_x1_spain_bb,bc",,102,gun_4_x1,spain,"bb, bc",,0.1669,tsesarevich_gun_152_x1,2.5,0.8,0.8775,,0.7259,48.294,1.4247,dreadnought_gun_178_x1,2.44,0.9,0.999375,,0.5845,48.2242,1.2856,dreadnought_gun_178_x1,2.46,0.925,1.02375,,0.5918,49.9121,1.3017,iowa_gun_b_127_x1,2.48,1.05,1.12125,,0.9016,51.677,1.391,iowa_gun_b_127_x1,2.5,1.063125,1.135265625,,0.9128,53.4857,1.4083,,,,
"gun_4_x2_spain_bb,bc",,102,gun_4_x2,spain,"bb, bc",,0.1669,tsesarevich_gun_152_x2,2.5,0.8,0.8775,,0.7259,48.294,1.4247,dreadnought_gun_178_x2,2.44,0.9,0.999375,,0.5845,48.2242,1.2856,dreadnought_gun_178_x2,2.46,0.925,1.02375,,0.5918,49.9121,1.3017,iowa_gun_b_127_x2,2.48,1.05,1.12125,,0.9016,51.6782,1.391,iowa_gun_b_127_x2,2.5,1.063125,1.135265625,,0.9128,53.4869,1.4084,,,,
"gun_4_x3_spain_bb,bc",,102,gun_4_x3,spain,"bb, bc",,0.1669,tsesarevich_gun_152_x3,2.5,0.8,0.8775,,0.7259,48.294,1.4247,dreadnought_gun_178_x3,2.44,0.9,0.999375,,0.5845,48.2242,1.2856,dreadnought_gun_178_x3,2.46,0.925,1.02375,,0.5918,49.9121,1.3017,iowa_gun_b_127_x3,2.48,1.05,1.12125,,0.9016,51.6782,1.391,iowa_gun_b_127_x3,2.5,1.063125,1.135265625,,0.9128,53.4869,1.4084,,,,
"gun_4_x4_spain_bb,bc",,102,gun_4_x4,spain,"bb, bc",,0.1669,,,,,,,,,dreadnought_gun_178_x4,2.44,0.9,0.999375,,0.5845,48.2242,1.2856,dreadnought_gun_178_x4,2.46,0.925,1.02375,,0.5918,49.9121,1.3017,iowa_gun_b_127_x4,2.48,1.05,1.12125,,0.9016,51.6779,1.391,iowa_gun_b_127_x4,1.2,1.063125,1.135265625,,0.9128,53.4866,1.4084,,,,
"gun_5_x1_spain_bb,bc",,127,gun_5_x1,spain,"bb, bc",,0.1636,tsesarevich_gun_152_x1,1.25,0.9,0.975,,0.7259,47.2468,1.3938,dreadnought_gun_178_x1,1.2,1.025,1.096875,,0.5845,47.1786,1.2577,dreadnought_gun_178_x1,1.22,1.05,1.12125,,0.5918,48.8298,1.2734,iowa_gun_b_127_x1,1.18,1.15,1.31625,,0.9016,50.5565,1.3608,iowa_gun_b_127_x1,1.2,1.164375,1.332703125,,0.9128,52.326,1.3778,,,,
"gun_5_x2_spain_bb,bc",,127,gun_5_x2,spain,"bb, bc",,0.1636,tsesarevich_gun_152_x2,1.25,0.9,0.975,,0.7259,47.2468,1.3938,dreadnought_gun_178_x2,1.2,1.025,1.096875,,0.5845,47.1786,1.2577,dreadnought_gun_178_x2,1.22,1.05,1.12125,,0.5918,48.8298,1.2734,iowa_gun_b_127_x2,1.18,1.15,1.31625,,0.9016,50.5577,1.3608,iowa_gun_b_127_x2,1.2,1.164375,1.332703125,,0.9128,52.3272,1.3778,,,,
"gun_5_x3_spain_bb,bc",,127,gun_5_x3,spain,"bb, bc",,0.1636,tsesarevich_gun_152_x3,1.25,0.9,0.975,,0.7259,47.2468,1.3938,dreadnought_gun_178_x3,1.2,1.025,1.096875,,0.5845,47.1786,1.2577,dreadnought_gun_178_x3,1.22,1.05,1.12125,,0.5918,48.8298,1.2734,iowa_gun_b_127_x3,1.18,1.15,1.31625,,0.9016,50.5577,1.3608,iowa_gun_b_127_x3,1.2,1.164375,1.332703125,,0.9128,52.3272,1.3778,,,,
"gun_5_x4_spain_bb,bc",,127,gun_5_x4,spain,"bb, bc",,0.1636,,,,,,,,,dreadnought_gun_178_x4,1.2,1.025,1.096875,,0.5845,47.1786,1.2577,dreadnought_gun_178_x4,1.22,1.05,1.12125,,0.5918,48.8298,1.2734,iowa_gun_b_127_x4,1.18,1.15,1.31625,,0.9016,50.5574,1.3608,iowa_gun_b_127_x4,1.2,1.164375,1.332703125,,0.9128,52.3269,1.3778,,,,
"gun_6_x1_spain_bb,bc",,152,gun_6_x1,spain,"bb, bc",,0.1859,tsesarevich_gun_152_x1,1.25,1,1.0725,,0.7259,46.4054,1.369,dreadnought_gun_178_x1,1.18,1.125,1.17,,0.5845,46.3384,1.2353,dreadnought_gun_178_x1,1.2,1.15,1.194375,,0.5918,47.9602,1.2508,iowa_gun_b_127_x1,1.18,1.35,1.51125,,0.9016,49.6562,1.3366,iowa_gun_b_127_x1,1.2,1.366875,1.530140625,,0.9128,51.3941,1.3533,,,,
"gun_6_x2_spain_bb,bc",,152,gun_6_x2,spain,"bb, bc",,0.1859,tsesarevich_gun_152_x2,1.25,1,1.0725,,0.7259,46.4054,1.369,dreadnought_gun_178_x2,1.18,1.125,1.17,,0.5845,46.3384,1.2353,dreadnought_gun_178_x2,1.2,1.15,1.194375,,0.5918,47.9602,1.2508,iowa_gun_b_127_x2,1.18,1.35,1.51125,,0.9016,49.6573,1.3366,iowa_gun_b_127_x2,1.2,1.366875,1.530140625,,0.9128,51.3953,1.3533,,,,
"gun_6_x3_spain_bb,bc",,152,gun_6_x3,spain,"bb, bc",,0.1859,tsesarevich_gun_152_x3,1.25,1,1.0725,,0.7259,46.4054,1.369,dreadnought_gun_178_x3,1.18,1.125,1.17,,0.5845,46.3384,1.2353,dreadnought_gun_178_x3,1.2,1.15,1.194375,,0.5918,47.9602,1.2508,iowa_gun_b_127_x3,1.18,1.35,1.51125,,0.9016,49.6573,1.3366,iowa_gun_b_127_x3,1.2,1.366875,1.530140625,,0.9128,51.3953,1.3533,,,,
"gun_6_x4_spain_bb,bc",,152,gun_6_x4,spain,"bb, bc",,0.1859,,,,,,,,,dreadnought_gun_178_x4,1.18,1.125,1.17,,0.5845,46.3384,1.2353,dreadnought_gun_178_x4,1.2,1.15,1.194375,,0.5918,47.9602,1.2508,iowa_gun_b_127_x4,1.18,1.35,1.51125,,0.9016,49.657,1.3366,iowa_gun_b_127_x4,1.2,1.366875,1.530140625,,0.9128,51.395,1.3533,,,,
"gun_7_x1_spain_bb,bc",,178,gun_7_x1,spain,"bb, bc",,0.2118,tsesarevich_gun_152_x1,1.25,1.1,1.17,,0.7259,45.6784,1.3476,dreadnought_gun_178_x1,1.18,1.2,1.243125,,0.5845,45.6124,1.216,dreadnought_gun_178_x1,1.2,1.225,1.2675,,0.5918,47.2089,1.2312,iowa_gun_b_127_x1,1.18,1.55,1.70625,,0.9016,48.8782,1.3156,iowa_gun_b_127_x1,1.2,1.569375,1.727578125,,0.9128,50.589,1.3321,,,,
"gun_7_x2_spain_bb,bc",,178,gun_7_x2,spain,"bb, bc",,0.2118,tsesarevich_gun_152_x2,1.25,1.1,1.17,,0.7259,45.6784,1.3476,dreadnought_gun_178_x2,1.18,1.2,1.243125,,0.5845,45.6124,1.216,dreadnought_gun_178_x2,1.2,1.225,1.2675,,0.5918,47.2089,1.2312,iowa_gun_b_127_x2,1.18,1.55,1.70625,,0.9016,48.8794,1.3157,iowa_gun_b_127_x2,1.2,1.569375,1.727578125,,0.9128,50.5901,1.3321,,,,
"gun_7_x3_spain_bb,bc",,178,gun_7_x3,spain,"bb, bc",,0.2118,tsesarevich_gun_152_x3,1.25,1.1,1.17,,0.7259,45.6784,1.3476,dreadnought_gun_178_x3,1.18,1.2,1.243125,,0.5845,45.6124,1.216,dreadnought_gun_178_x3,1.2,1.225,1.2675,,0.5918,47.2089,1.2312,iowa_gun_b_127_x3,1.18,1.55,1.70625,,0.9016,48.8794,1.3157,iowa_gun_b_127_x3,1.2,1.569375,1.727578125,,0.9128,50.5901,1.3321,,,,
"gun_7_x4_spain_bb,bc",,178,gun_7_x4,spain,"bb, bc",,0.2118,,,,,,,,,dreadnought_gun_178_x4,1.18,1.2,1.243125,,0.5845,45.6124,1.216,dreadnought_gun_178_x4,1.2,1.225,1.2675,,0.5918,47.2089,1.2312,iowa_gun_b_127_x4,1.18,1.55,1.70625,,0.9016,48.8791,1.3157,iowa_gun_b_127_x4,1.2,1.569375,1.727578125,,0.9128,50.5898,1.3321,,,,
"gun_7_x1_spain_ca,cl",,178,gun_7_x1,spain,"ca, cl",,0.2118,,,,,,,,,,,,,,,,,,,,,,,,,kgeorge_gun_380_x1_b,1.18,0.7,0.73125,,0.3211,55.0451,1.4043,kgeorge_gun_380_x1_b,1.2,0.70875,0.740390625,,0.3251,56.9716,1.4219,,,,
"gun_7_x2_spain_ca,cl",,178,gun_7_x2,spain,"ca, cl",,0.2118,,,,,,,,,,,,,,,,,,,,,,,,,kgeorge_gun_380_x2_b,1.18,0.7,0.73125,,0.3211,55.0451,1.4043,kgeorge_gun_380_x2_b,1.2,0.70875,0.740390625,,0.3251,56.9716,1.4219,,,,
"gun_7_x3_spain_ca,cl",,178,gun_7_x3,spain,"ca, cl",,0.2118,,,,,,,,,,,,,,,,,,,,,,,,,kgeorge_gun_380_x3_b,1.18,0.7,0.73125,,0.3211,55.0451,1.4043,kgeorge_gun_380_x3_b,1.2,0.70875,0.740390625,,0.3251,56.9717,1.4219,,,,
"gun_7_x4_spain_ca,cl",,178,gun_7_x4,spain,"ca, cl",,0.2118,,,,,,,,,,,,,,,,,,,,,,,,,kgeorge_gun_380_x4_b,1.18,0.7,0.73125,,0.3211,55.0451,1.4043,kgeorge_gun_380_x4_b,1.2,0.70875,0.740390625,,0.3251,56.9716,1.4219,,,,
"gun_8_x1_spain_bb,bc",,203,gun_8_x1,spain,"bb, bc",,0.235,tsesarevich_gun_152_x1,1.25,1.2,1.275,,0.7259,45.082,1.33,dreadnought_gun_178_x1,1.18,1.275,1.375,,0.5845,45.0169,1.2001,dreadnought_gun_178_x1,1.2,1.3,1.3921875,,0.5918,46.5925,1.2151,iowa_gun_b_127_x1,1.18,1.75,1.95,,0.9016,48.2401,1.2985,iowa_gun_b_127_x1,1.2,1.771875,1.974375,,0.9128,49.9285,1.3147,,,,
"gun_8_x2_spain_bb,bc",,203,gun_8_x2,spain,"bb, bc",,0.235,tsesarevich_gun_152_x2,1.25,1.2,1.275,,0.7259,45.082,1.33,dreadnought_gun_178_x2,1.18,1.275,1.375,,0.5845,45.0169,1.2001,dreadnought_gun_178_x2,1.2,1.3,1.3921875,,0.5918,46.5925,1.2151,iowa_gun_b_127_x2,1.18,1.75,1.95,,0.9016,48.2412,1.2985,iowa_gun_b_127_x2,1.2,1.771875,1.974375,,0.9128,49.9296,1.3147,,,,
"gun_8_x3_spain_bb,bc",,203,gun_8_x3,spain,"bb, bc",,0.235,tsesarevich_gun_152_x3,1.25,1.2,1.275,,0.7259,45.082,1.33,dreadnought_gun_178_x3,1.18,1.275,1.375,,0.5845,45.0169,1.2001,dreadnought_gun_178_x3,1.2,1.3,1.3921875,,0.5918,46.5925,1.2151,iowa_gun_b_127_x3,1.18,1.75,1.95,,0.9016,48.2412,1.2985,iowa_gun_b_127_x3,1.2,1.771875,1.974375,,0.9128,49.9296,1.3147,,,,
"gun_8_x4_spain_bb,bc",,203,gun_8_x4,spain,"bb, bc",,0.235,,,,,,,,,dreadnought_gun_178_x4,1.18,1.275,1.375,,0.5845,45.0169,1.2001,dreadnought_gun_178_x4,1.2,1.3,1.3921875,,0.5918,46.5925,1.2151,iowa_gun_b_127_x4,1.18,1.75,1.95,,0.9016,48.2409,1.2985,iowa_gun_b_127_x4,1.2,1.771875,1.974375,,0.9128,49.9293,1.3147,,,,
"gun_8_x1_spain_ca,cl",,203,gun_8_x1,spain,"ca, cl",,0.235,,,,,,,,,,,,,,,,,,,,,,,,,kgeorge_gun_380_x1_b,1.18,0.75,0.78,,0.3211,54.3264,1.386,kgeorge_gun_380_x1_b,1.2,0.759375,0.78975,,0.3251,56.2278,1.4033,,,,
"gun_8_x2_spain_ca,cl",,203,gun_8_x2,spain,"ca, cl",,0.235,,,,,,,,,,,,,,,,,,,,,,,,,kgeorge_gun_380_x2_b,1.18,0.75,0.78,,0.3211,54.3264,1.386,kgeorge_gun_380_x2_b,1.2,0.759375,0.78975,,0.3251,56.2278,1.4033,,,,
"gun_8_x3_spain_ca,cl",,203,gun_8_x3,spain,"ca, cl",,0.235,,,,,,,,,,,,,,,,,,,,,,,,,kgeorge_gun_380_x3_b,1.18,0.75,0.78,,0.3211,54.3264,1.386,kgeorge_gun_380_x3_b,1.2,0.759375,0.78975,,0.3251,56.2278,1.4033,,,,
"gun_8_x4_spain_ca,cl",,203,gun_8_x4,spain,"ca, cl",,0.235,,,,,,,,,,,,,,,,,,,,,,,,,kgeorge_gun_380_x4_b,1.18,0.75,0.78,,0.3211,54.3264,1.386,kgeorge_gun_380_x4_b,1.2,0.759375,0.78975,,0.3251,56.2278,1.4033,,,,
gun_9_x1_spain,,229,gun_9_x1,spain,,,0.2574,,,,,,,,,,,,,,,,,,,,,,,,,kgeorge_gun_380_x1_b,1.18,0.8,0.82875,,0.3211,53.6756,1.3694,kgeorge_gun_380_x1_b,1.2,0.81,0.839109375,,0.3251,55.5542,1.3865,,,,
gun_9_x2_spain,,229,gun_9_x2,spain,,,0.2574,,,,,,,,,,,,,,,,,,,,,,,,,kgeorge_gun_380_x2_b,1.18,0.8,0.82875,,0.3211,53.6756,1.3694,kgeorge_gun_380_x2_b,1.2,0.81,0.839109375,,0.3251,55.5542,1.3865,,,,
gun_9_x3_spain,,229,gun_9_x3,spain,,,0.2574,,,,,,,,,,,,,,,,,,,,,,,,,kgeorge_gun_380_x3_b,1.18,0.8,0.82875,,0.3211,53.6756,1.3694,kgeorge_gun_380_x3_b,1.2,0.81,0.839109375,,0.3251,55.5543,1.3865,,,,
gun_9_x4_spain,,229,gun_9_x4,spain,,,0.2574,,,,,,,,,,,,,,,,,,,,,,,,,kgeorge_gun_380_x4_b,1.18,0.8,0.82875,,0.3211,53.6756,1.3694,kgeorge_gun_380_x4_b,1.2,0.81,0.839109375,,0.3251,55.5542,1.3865,,,,
gun_10_x1_spain,,254,gun_10_x1,spain,,,0.2773,,,,,,,,,,,,,,,,,,,,,,,,,kgeorge_gun_380_x1_b,1.18,0.85,0.8775,,0.3211,53.1223,1.3553,kgeorge_gun_380_x1_b,1.2,0.860625,0.88846875,,0.3251,54.9816,1.3722,,,,
gun_10_x2_spain,,254,gun_10_x2,spain,,,0.2773,,,,,,,,,,,,,,,,,,,,,,,,,kgeorge_gun_380_x2_b,1.18,0.85,0.8775,,0.3211,53.1223,1.3553,kgeorge_gun_380_x2_b,1.2,0.860625,0.88846875,,0.3251,54.9816,1.3722,,,,
gun_10_x3_spain,,254,gun_10_x3,spain,,,0.2773,,,,,,,,,,,,,,,,,,,,,,,,,kgeorge_gun_380_x3_b,1.18,0.85,0.8775,,0.3211,53.1223,1.3553,kgeorge_gun_380_x3_b,1.2,0.860625,0.88846875,,0.3251,54.9816,1.3722,,,,
gun_10_x4_spain,,254,gun_10_x4,spain,,,0.2773,,,,,,,,,,,,,,,,,,,,,,,,,kgeorge_gun_380_x4_b,1.18,0.85,0.8775,,0.3211,53.1223,1.3553,kgeorge_gun_380_x4_b,1.2,0.860625,0.88846875,,0.3251,54.9816,1.3722,,,,
gun_11_x1_spain,,279,gun_11_x1,spain,,,0.2431,,,,,,,,,,,,,,,,,,,,,,,,,kgeorge_gun_380_x1_b,1.18,0.9,0.92625,,0.3211,52.6259,1.3426,kgeorge_gun_380_x1_b,1.2,0.91125,0.937828125,,0.3251,54.4679,1.3594,,,,
gun_11_x2_spain,,279,gun_11_x2,spain,,,0.2431,,,,,,,,,,,,,,,,,,,,,,,,,kgeorge_gun_380_x2_b,1.18,0.9,0.92625,,0.3211,52.6259,1.3426,kgeorge_gun_380_x2_b,1.2,0.91125,0.937828125,,0.3251,54.4679,1.3594,,,,
gun_11_x3_spain,,279,gun_11_x3,spain,,,0.2431,,,,,,,,,,,,,,,,,,,,,,,,,kgeorge_gun_380_x3_b,1.18,0.9,0.92625,,0.3211,52.626,1.3426,kgeorge_gun_380_x3_b,1.2,0.91125,0.937828125,,0.3251,54.4679,1.3594,,,,
gun_11_x4_spain,,279,gun_11_x4,spain,,,0.2431,,,,,,,,,,,,,,,,,,,,,,,,,kgeorge_gun_380_x4_b,1.18,0.9,0.92625,,0.3211,52.626,1.3426,kgeorge_gun_380_x4_b,1.2,0.91125,0.937828125,,0.3251,54.4679,1.3594,,,,
gun_12_x1_spain,,305,gun_12_x1,spain,,,0.2645,,,,,,,,,,,,,,,,,,,,,,,,,kgeorge_gun_380_x1_b,1.18,0.95,0.975,,0.3211,52.1591,1.3307,kgeorge_gun_380_x1_b,1.2,0.961875,0.9871875,,0.3251,53.9847,1.3473,,,,
gun_12_x2_spain,,305,gun_12_x2,spain,,,0.2645,,,,,,,,,,,,,,,,,,,,,,,,,kgeorge_gun_380_x2_b,1.18,0.95,0.975,,0.3211,52.1591,1.3307,kgeorge_gun_380_x2_b,1.2,0.961875,0.9871875,,0.3251,53.9847,1.3473,,,,
gun_12_x3_spain,,305,gun_12_x3,spain,,,0.2645,,,,,,,,,,,,,,,,,,,,,,,,,kgeorge_gun_380_x3_b,1.18,0.95,0.975,,0.3211,52.1592,1.3307,kgeorge_gun_380_x3_b,1.2,0.961875,0.9871875,,0.3251,53.9847,1.3473,,,,
gun_12_x4_spain,,305,gun_12_x4,spain,,,0.2645,,,,,,,,,,,,,,,,,,,,,,,,,kgeorge_gun_380_x4_b,1.18,0.95,0.975,,0.3211,52.1591,1.3307,kgeorge_gun_380_x4_b,1.2,0.961875,0.9871875,,0.3251,53.9847,1.3473,,,,
gun_13_x1_spain,,330,gun_13_x1,spain,,,0.2848,,,,,,,,,,,,,,,,,,,,,,,,,kgeorge_gun_380_x1_b,1.18,1,1.02375,,0.3211,51.7498,1.3202,kgeorge_gun_380_x1_b,1.2,1.0125,1.036546875,,0.3251,53.5611,1.3368,,,,
gun_13_x2_spain,,330,gun_13_x2,spain,,,0.2848,,,,,,,,,,,,,,,,,,,,,,,,,kgeorge_gun_380_x2_b,1.18,1,1.02375,,0.3211,51.7498,1.3202,kgeorge_gun_380_x2_b,1.2,1.0125,1.036546875,,0.3251,53.5611,1.3368,,,,
gun_13_x3_spain,,330,gun_13_x3,spain,,,0.2848,,,,,,,,,,,,,,,,,,,,,,,,,kgeorge_gun_380_x3_b,1.18,1,1.02375,,0.3211,51.7499,1.3202,kgeorge_gun_380_x3_b,1.2,1.0125,1.036546875,,0.3251,53.5611,1.3368,,,,
gun_13_x4_spain,,330,gun_13_x4,spain,,,0.2848,,,,,,,,,,,,,,,,,,,,,,,,,kgeorge_gun_380_x4_b,1.18,1,1.02375,,0.3211,51.7498,1.3202,kgeorge_gun_380_x4_b,1.2,1.0125,1.036546875,,0.3251,53.5611,1.3368,,,,
gun_14_x1_spain,,356,gun_14_x1,spain,,,0.3057,,,,,,,,,,,,,,,,,,,,,,,,,kgeorge_gun_380_x1_b,1.18,1.05,1.0725,,0.3211,51.3589,1.3103,kgeorge_gun_380_x1_b,1.2,1.063125,1.08590625,,0.3251,53.1564,1.3267,,,,
gun_14_x2_spain,,356,gun_14_x2,spain,,,0.3057,,,,,,,,,,,,,,,,,,,,,,,,,kgeorge_gun_380_x2_b,1.18,1.05,1.0725,,0.3211,51.3589,1.3103,kgeorge_gun_380_x2_b,1.2,1.063125,1.08590625,,0.3251,53.1564,1.3267,,,,
gun_14_x3_spain,,356,gun_14_x3,spain,,,0.3057,,,,,,,,,,,,,,,,,,,,,,,,,kgeorge_gun_380_x3_b,1.18,1.05,1.0725,,0.3211,51.3589,1.3103,kgeorge_gun_380_x3_b,1.2,1.063125,1.08590625,,0.3251,53.1564,1.3267,,,,
gun_14_x4_spain,,356,gun_14_x4,spain,,,0.3057,,,,,,,,,,,,,,,,,,,,,,,,,kgeorge_gun_380_x4_b,1.18,1.05,1.0725,,0.3211,51.3589,1.3103,kgeorge_gun_380_x4_b,1.2,1.063125,1.08590625,,0.3251,53.1564,1.3267,,,,
gun_15_x4_spain,,381,gun_15_x4,spain,,,0.3256,,,,,,,,,,,,,,,,,,,,,,,,,kgeorge_gun_380_x4_b,1.18,1.1,1.145625,,0.3211,51.0115,1.3014,kgeorge_gun_380_x4_b,1.2,1.11375,1.159945313,,0.3251,52.7969,1.3177,,,,
gun_15_x1_spain,,381,gun_15_x1,spain,,,0.3256,,,,,,,,,,,,,,,,,,,,,,,,,kgeorge_gun_380_x1_b,1.18,1.1,1.145625,,0.3211,51.0115,1.3014,kgeorge_gun_380_x1_b,1.2,1.11375,1.159945313,,0.3251,52.7969,1.3177,,,,
gun_15_x2_spain,,381,gun_15_x2,spain,,,0.3256,,,,,,,,,,,,,,,,,,,,,,,,,kgeorge_gun_380_x2_b,1.18,1.1,1.145625,,0.3211,51.0115,1.3014,kgeorge_gun_380_x2_b,1.2,1.11375,1.159945313,,0.3251,52.7969,1.3177,,,,
gun_15_x3_spain,,381,gun_15_x3,spain,,,0.3256,,,,,,,,,,,,,,,,,,,,,,,,,kgeorge_gun_380_x3_b,1.18,1.1,1.145625,,0.3211,51.0115,1.3014,kgeorge_gun_380_x3_b,1.2,1.11375,1.159945313,,0.3251,52.7969,1.3177,,,,
gun_16_x1_spain,,406,gun_16_x1,spain,,,0.3453,kgeorge_gun_380_x1_b,1.12,1.122914159,1.164724793,,0.3093,45.718,1.2459,kgeorge_gun_380_x1_b,1.14,1.140014375,1.182461719,,0.3132,47.3181,1.2614,kgeorge_gun_380_x1_b,1.16,1.157375,1.20046875,,0.3171,48.9742,1.2772,kgeorge_gun_380_x1_b,1.18,1.175,1.21875,,0.3211,50.6883,1.2932,kgeorge_gun_380_x1_b,1.2,1.1896875,1.233984375,,0.3251,52.4624,1.3093,,,,
gun_16_x2_spain,,406,gun_16_x2,spain,,,0.3453,kgeorge_gun_380_x2_b,1.12,1.122914159,1.164724793,,0.3093,45.7179,1.2459,kgeorge_gun_380_x2_b,1.14,1.140014375,1.182461719,,0.3132,47.3181,1.2614,kgeorge_gun_380_x2_b,1.16,1.157375,1.20046875,,0.3171,48.9742,1.2772,kgeorge_gun_380_x2_b,1.18,1.175,1.21875,,0.3211,50.6883,1.2932,kgeorge_gun_380_x2_b,1.2,1.1896875,1.233984375,,0.3251,52.4624,1.3093,,,,
gun_16_x3_spain,,406,gun_16_x3,spain,,,0.3453,kgeorge_gun_380_x3_b,1.12,1.122914159,1.164724793,,0.3093,45.718,1.2459,kgeorge_gun_380_x3_b,1.14,1.140014375,1.182461719,,0.3132,47.3181,1.2614,kgeorge_gun_380_x3_b,1.16,1.157375,1.20046875,,0.3171,48.9742,1.2772,kgeorge_gun_380_x3_b,1.18,1.175,1.21875,,0.3211,50.6883,1.2932,kgeorge_gun_380_x3_b,1.2,1.1896875,1.233984375,,0.3251,52.4624,1.3093,,,,
gun_16_x4_spain,,406,gun_16_x4,spain,,,0.3453,kgeorge_gun_380_x4_b,1.12,1.122914159,1.164724793,,0.3093,45.718,1.2459,kgeorge_gun_380_x4_b,1.14,1.140014375,1.182461719,,0.3132,47.3181,1.2614,kgeorge_gun_380_x4_b,1.16,1.157375,1.20046875,,0.3171,48.9742,1.2772,kgeorge_gun_380_x4_b,1.18,1.175,1.21875,,0.3211,50.6883,1.2932,kgeorge_gun_380_x4_b,1.2,1.1896875,1.233984375,,0.3251,52.4624,1.3093,,,,
gun_17_x1_spain,,432,gun_17_x1,spain,,,0.3656,kgeorge_gun_380_x1_b,1.12,1.194589531,1.234608281,,0.3093,45.435,1.2382,kgeorge_gun_380_x1_b,1.14,1.21278125,1.253409422,,0.3132,47.0253,1.2536,kgeorge_gun_380_x1_b,1.16,1.23125,1.272496875,,0.3171,48.6712,1.2693,kgeorge_gun_380_x1_b,1.18,1.25,1.291875,,0.3211,50.3746,1.2852,kgeorge_gun_380_x1_b,1.2,1.265625,1.308023438,,0.3251,52.1378,1.3012,,,,
gun_17_x2_spain,,432,gun_17_x2,spain,,,0.3656,kgeorge_gun_380_x2_b,1.12,1.194589531,1.234608281,,0.3093,45.435,1.2382,kgeorge_gun_380_x2_b,1.14,1.21278125,1.253409422,,0.3132,47.0253,1.2536,kgeorge_gun_380_x2_b,1.16,1.23125,1.272496875,,0.3171,48.6712,1.2693,kgeorge_gun_380_x2_b,1.18,1.25,1.291875,,0.3211,50.3746,1.2852,kgeorge_gun_380_x2_b,1.2,1.265625,1.308023438,,0.3251,52.1378,1.3012,,,,
gun_17_x3_spain,,432,gun_17_x3,spain,,,0.3656,kgeorge_gun_380_x3_b,1.12,1.194589531,1.234608281,,0.3093,45.4351,1.2382,kgeorge_gun_380_x3_b,1.14,1.21278125,1.253409422,,0.3132,47.0253,1.2536,kgeorge_gun_380_x3_b,1.16,1.23125,1.272496875,,0.3171,48.6712,1.2693,kgeorge_gun_380_x3_b,1.18,1.25,1.291875,,0.3211,50.3747,1.2852,kgeorge_gun_380_x3_b,1.2,1.265625,1.308023438,,0.3251,52.1378,1.3012,,,,
gun_17_x4_spain,,432,gun_17_x4,spain,,,0.3656,kgeorge_gun_380_x4_b,1.12,1.194589531,1.234608281,,0.3093,45.4351,1.2382,kgeorge_gun_380_x4_b,1.14,1.21278125,1.253409422,,0.3132,47.0253,1.2536,kgeorge_gun_380_x4_b,1.16,1.23125,1.272496875,,0.3171,48.6712,1.2693,kgeorge_gun_380_x4_b,1.18,1.25,1.291875,,0.3211,50.3746,1.2852,kgeorge_gun_380_x4_b,1.2,1.265625,1.308023438,,0.3251,52.1378,1.3012,,,,
gun_18_x1_spain,,457,gun_18_x1,spain,,,0.3849,kgeorge_gun_380_x1_b,1.12,1.266264903,1.304491768,,0.3093,45.1802,1.2312,kgeorge_gun_380_x1_b,1.14,1.285548125,1.324357125,,0.3132,46.7615,1.2466,kgeorge_gun_380_x1_b,1.16,1.305125,1.344525,,0.3171,48.3981,1.2622,kgeorge_gun_380_x1_b,1.18,1.325,1.365,,0.3211,50.092,1.278,kgeorge_gun_380_x1_b,1.2,1.3415625,1.3820625,,0.3251,51.8453,1.2939,,,,
gun_18_x2_spain,,457,gun_18_x2,spain,,,0.3849,kgeorge_gun_380_x2_b,1.12,1.266264903,1.304491768,,0.3093,45.1802,1.2312,kgeorge_gun_380_x2_b,1.14,1.285548125,1.324357125,,0.3132,46.7615,1.2466,kgeorge_gun_380_x2_b,1.16,1.305125,1.344525,,0.3171,48.3981,1.2622,kgeorge_gun_380_x2_b,1.18,1.325,1.365,,0.3211,50.092,1.278,kgeorge_gun_380_x2_b,1.2,1.3415625,1.3820625,,0.3251,51.8453,1.2939,,,,
gun_18_x3_spain,,457,gun_18_x3,spain,,,0.3849,kgeorge_gun_380_x3_b,1.12,1.266264903,1.304491768,,0.3093,45.1802,1.2312,kgeorge_gun_380_x3_b,1.14,1.285548125,1.324357125,,0.3132,46.7615,1.2466,kgeorge_gun_380_x3_b,1.16,1.305125,1.344525,,0.3171,48.3981,1.2622,kgeorge_gun_380_x3_b,1.18,1.325,1.365,,0.3211,50.0921,1.278,kgeorge_gun_380_x3_b,1.2,1.3415625,1.3820625,,0.3251,51.8453,1.2939,,,,
gun_18_x4_spain,,457,gun_18_x4,spain,,,0.3849,kgeorge_gun_380_x4_b,1.12,1.266264903,1.304491768,,0.3093,45.1802,1.2312,kgeorge_gun_380_x4_b,1.14,1.285548125,1.324357125,,0.3132,46.7615,1.2466,kgeorge_gun_380_x4_b,1.16,1.305125,1.344525,,0.3171,48.3981,1.2622,kgeorge_gun_380_x4_b,1.18,1.325,1.365,,0.3211,50.092,1.278,kgeorge_gun_380_x4_b,1.2,1.3415625,1.3820625,,0.3251,51.8453,1.2939,,,,
gun_19_x1_spain,,483,gun_19_x1,spain,,,0.4047,kgeorge_gun_380_x1_b,1.12,1.337940275,1.374375256,,0.3093,44.9309,1.2244,kgeorge_gun_380_x1_b,1.14,1.358315,1.395304828,,0.3132,46.5034,1.2397,kgeorge_gun_380_x1_b,1.16,1.379,1.416553125,,0.3171,48.131,1.2552,kgeorge_gun_380_x1_b,1.18,1.4,1.438125,,0.3211,49.8156,1.2709,kgeorge_gun_380_x1_b,1.2,1.4175,1.456101563,,0.3251,51.5592,1.2868,,,,
gun_19_x2_spain,,483,gun_19_x2,spain,,,0.4047,kgeorge_gun_380_x2_b,1.12,1.337940275,1.374375256,,0.3093,44.9309,1.2244,kgeorge_gun_380_x2_b,1.14,1.358315,1.395304828,,0.3132,46.5034,1.2397,kgeorge_gun_380_x2_b,1.16,1.379,1.416553125,,0.3171,48.131,1.2552,kgeorge_gun_380_x2_b,1.18,1.4,1.438125,,0.3211,49.8156,1.2709,kgeorge_gun_380_x2_b,1.2,1.4175,1.456101563,,0.3251,51.5592,1.2868,,,,
gun_19_x3_spain,,483,gun_19_x3,spain,,,0.4047,kgeorge_gun_380_x3_b,1.12,1.337940275,1.374375256,,0.3093,44.9309,1.2244,kgeorge_gun_380_x3_b,1.14,1.358315,1.395304828,,0.3132,46.5035,1.2397,kgeorge_gun_380_x3_b,1.16,1.379,1.416553125,,0.3171,48.1311,1.2552,kgeorge_gun_380_x3_b,1.18,1.4,1.438125,,0.3211,49.8157,1.2709,kgeorge_gun_380_x3_b,1.2,1.4175,1.456101563,,0.3251,51.5592,1.2868,,,,
gun_19_x4_spain,,483,gun_19_x4,spain,,,0.4047,kgeorge_gun_380_x4_b,1.12,1.337940275,1.374375256,,0.3093,44.9309,1.2244,kgeorge_gun_380_x4_b,1.14,1.358315,1.395304828,,0.3132,46.5034,1.2397,kgeorge_gun_380_x4_b,1.16,1.379,1.416553125,,0.3171,48.1311,1.2552,kgeorge_gun_380_x4_b,1.18,1.4,1.438125,,0.3211,49.8156,1.2709,kgeorge_gun_380_x4_b,1.2,1.4175,1.456101563,,0.3251,51.5592,1.2868,,,,
gun_20_x1_spain,,508,gun_20_x1,spain,,,0.4236,kgeorge_gun_380_x1_b,1.12,1.409615647,1.45,,0.3093,44.7047,1.2183,kgeorge_gun_380_x1_b,1.14,1.431081875,1.466252531,,0.3132,46.2693,1.2335,kgeorge_gun_380_x1_b,1.16,1.452875,1.48858125,,0.3171,47.8888,1.2489,kgeorge_gun_380_x1_b,1.18,1.475,1.51125,,0.3211,49.5649,1.2645,kgeorge_gun_380_x1_b,1.2,1.4934375,1.530140625,,0.3251,51.2996,1.2803,,,,
gun_20_x2_spain,,508,gun_20_x2,spain,,,0.4236,kgeorge_gun_380_x2_b,1.12,1.409615647,1.45,,0.3093,44.7047,1.2183,kgeorge_gun_380_x2_b,1.14,1.431081875,1.466252531,,0.3132,46.2693,1.2335,kgeorge_gun_380_x2_b,1.16,1.452875,1.48858125,,0.3171,47.8888,1.2489,kgeorge_gun_380_x2_b,1.18,1.475,1.51125,,0.3211,49.5649,1.2645,kgeorge_gun_380_x2_b,1.2,1.4934375,1.530140625,,0.3251,51.2996,1.2803,,,,
gun_20_x3_spain,,508,gun_20_x3,spain,,,0.4236,kgeorge_gun_380_x3_b,1.12,1.409615647,1.45,,0.3093,44.7047,1.2183,kgeorge_gun_380_x3_b,1.14,1.431081875,1.466252531,,0.3132,46.2694,1.2335,kgeorge_gun_380_x3_b,1.16,1.452875,1.48858125,,0.3171,47.8888,1.2489,kgeorge_gun_380_x3_b,1.18,1.475,1.51125,,0.3211,49.5649,1.2645,kgeorge_gun_380_x3_b,1.2,1.4934375,1.530140625,,0.3251,51.2997,1.2803,,,,
gun_20_x4_spain,,508,gun_20_x4,spain,,,0.4236,kgeorge_gun_380_x4_b,1.12,1.409615647,1.45,,0.3093,44.7047,1.2183,kgeorge_gun_380_x4_b,1.14,1.431081875,1.466252531,,0.3132,46.2693,1.2335,kgeorge_gun_380_x4_b,1.16,1.452875,1.48858125,,0.3171,47.8888,1.2489,kgeorge_gun_380_x4_b,1.18,1.475,1.51125,,0.3211,49.5649,1.2645,kgeorge_gun_380_x4_b,1.2,1.4934375,1.530140625,,0.3251,51.2996,1.2803,,,,
###,,,###,,,,,China,,,,,,,,,,,,,,,,,,,,,,,,,,,,,,,,,,,,,,,,,,,
gun_2_x1_china,,51,gun_2_x1,china,,,0.1197,brandenburg_gun_76_x1,1.5284,0.7242,0.8485,0.9854,0.8687,36.4259,1.0746,small_gun_e_76_x1,1.8507,0.7333,0.8591,1.5183,0.8796,53.204,1.3012,small_gun_c_76_x1,2.0429,1.2512,1.4659,1.4777,1.501,52.2026,1.4363,small_gun_c_76_x1,2.0685,1.2669,1.4843,1.5104,1.5198,54.0297,1.4543,jap_tb_gun_76_x1,1.8211,1.2828,1.5029,1.5439,1.5388,55.9207,1.2804,,,,
gun_2_x2_china,,51,gun_2_x2,china,,,0.1197,maine_gun_152_x2,1.938,0.6054,0.7093,1.6494,0.7262,47.9833,1.3796,maine_gun_152_x2,1.9622,0.6129,0.7181,1.6863,0.7352,49.6628,1.3968,maine_gun_152_x2,1.9868,0.6206,0.7271,1.7236,0.7444,51.401,1.4143,atlanta_gun_28_x2,1.688,1.1798,1.3822,1.4191,1.4153,47.0986,1.2016,atlanta_gun_28_x2,1.709,1.1946,1.3996,1.4506,1.433,48.747,1.2166,,,,
gun_2_x3_china,,51,gun_2_x3,china,,,0.1197,maine_gun_152_x3,1.9141,0.6054,0.7093,1.6494,0.7262,47.9833,1.3796,maine_gun_152_x3,1.938,0.6129,0.7181,1.6862,0.7352,49.6627,1.3968,maine_gun_152_x3,1.9622,0.6206,0.7271,1.7236,0.7444,51.4009,1.4143,atlanta_gun_28_x3,1.6671,1.1798,1.3822,1.4191,1.4153,47.0986,1.2016,atlanta_gun_28_x3,1.6879,1.1946,1.3996,1.4506,1.433,48.747,1.2166,,,,
gun_2_x4_china,,51,gun_2_x4,china,,,0.1197,dreadnought_gun_178_x4,1.8647,0.4813,0.5639,1.6589,0.5773,49.9376,1.3608,dreadnought_gun_178_x4,1.8881,0.4873,0.5709,1.6958,0.5845,51.6854,1.3779,richelieu_gun_120_x4,1.3924,0.7849,0.9196,1.5974,0.9415,42.468,1.0161,richelieu_gun_120_x4,1.4098,0.7947,0.9311,1.6329,0.9533,43.9543,1.0288,richelieu_gun_120_x4,1.4273,0.8046,0.9427,1.6692,0.9652,45.4927,1.0416,,,,
gun_2_x1_alt_china,,51,gun_2_x1_alt,china,,New line - alternate guns,0.1197,brandenburg_gun_76_x1,1.5284,0.7242,0.8485,0.9854,0.8687,36.4259,1.0746,small_gun_e_76_x1,1.8507,0.7333,0.8591,1.5183,0.8796,53.204,1.3012,pen_gun_127_x1,1.6246,0.6842,0.8016,1.8204,0.8208,47.7391,1.1422,pen_gun_127_x1,1.6449,0.6927,0.8116,1.861,0.831,49.41,1.1565,bismarck_gun_105_x1,2.1488,0.7563,0.8861,1.4567,0.9072,65.9834,1.5108,,,,
gun_2_x2_alt_china,,51,gun_2_x2_alt,china,,New line - alternate guns,0.1197,maine_gun_152_x2,1.938,0.6054,0.7093,1.6494,0.7262,47.9833,1.3796,maine_gun_152_x2,1.9622,0.6129,0.7181,1.6863,0.7352,49.6628,1.3968,pen_gun_127_x2,1.6045,0.6842,0.8016,1.8204,0.8208,47.7391,1.1422,pen_gun_127_x2,1.6246,0.6927,0.8116,1.861,0.831,49.41,1.1565,bismarck_gun_105_x2,2.1223,0.7563,0.8861,1.4567,0.9072,65.9834,1.5108,,,,
gun_2_x3_alt_china,,51,gun_2_x3_alt,china,,New line - alternate guns,0.1197,maine_gun_152_x3,1.9141,0.6054,0.7093,1.6494,0.7262,47.9833,1.3796,maine_gun_152_x3,1.938,0.6129,0.7181,1.6862,0.7352,49.6627,1.3968,richelieu_gun_120_x3,1.4098,0.7849,0.9196,1.5974,0.9415,42.468,1.0161,richelieu_gun_120_x3,1.4274,0.7947,0.9311,1.6329,0.9533,43.9543,1.0288,bismarck_gun_105_x3,2.0961,0.7563,0.8861,1.4567,0.9072,65.9834,1.5108,,,,
gun_3_x1_china,,76,gun_3_x1,china,,,0.1519,brandenburg_gun_76_x1,1.3711,0.92,1.0299,0.9459,0.8687,35.0014,1.0326,jap_tb_gun_76_x1,1.5738,1.57,1.7576,1.3875,1.4825,48.4649,1.1853,jap_tb_gun_76_x1,1.5935,1.5896,1.7795,1.4184,1.501,50.1612,1.2001,jap_tb_gun_76_x1,1.6134,1.6095,1.8018,1.4499,1.5198,51.9168,1.2151,hood_gun_140_x1,2.0288,0.8764,0.9811,1.4697,0.8275,61.2254,1.528,,,,
gun_3_x2_china,,76,gun_3_x2,china,,,0.1519,maine_gun_152_x2,1.7384,0.7691,0.861,1.5833,0.7262,46.1069,1.3256,maine_gun_152_x2,1.7602,0.7786,0.8716,1.6187,0.7352,47.7207,1.3422,maine_gun_152_x2,1.7822,0.7884,0.8826,1.6545,0.7444,49.3909,1.359,pen_gun_127_x2,1.4574,0.8801,0.9853,1.7862,0.831,47.4778,1.1113,kgeorge_gun_133_x2,1.6926,0.6884,0.7707,1.8256,0.65,51.7148,1.2907,,,,
gun_3_x3_china,,76,gun_3_x3,china,,,0.1519,maine_gun_152_x3,1.7169,0.7691,0.861,1.5833,0.7262,46.1069,1.3256,maine_gun_152_x3,1.7384,0.7786,0.8716,1.6187,0.7352,47.7207,1.3422,maine_gun_152_x3,1.7602,0.7884,0.8826,1.6545,0.7444,49.3909,1.359,pen_gun_127_x3,1.4394,0.8801,0.9853,1.6807,0.831,47.4777,1.1113,kgeorge_gun_133_x3,1.6717,0.6884,0.7707,1.8256,0.65,51.7148,1.2907,,,,
gun_3_x4_china,,76,gun_3_x4,china,,,0.1519,dreadnought_gun_178_x4,1.6727,0.6114,0.6845,1.5925,0.5773,47.9848,1.3076,dreadnought_gun_178_x4,1.6937,0.619,0.693,1.628,0.5845,49.6643,1.324,richelieu_gun_120_x4,1.249,0.9971,1.1162,1.5334,0.9415,40.8072,0.9764,richelieu_gun_120_x4,1.2646,1.0096,1.1302,1.5674,0.9533,42.2355,0.9886,richelieu_gun_120_x4,1.2804,1.0222,1.1443,1.6023,0.9652,43.7137,1.0009,,,,
gun_3_x1_alt_china,,76,gun_3_x1_alt,china,,New line - alternate guns,0.1519,brandenburg_gun_76_x1,1.3711,0.92,1.0299,0.9459,0.8687,35.0014,1.0326,jap_tb_gun_76_x1,1.5738,1.57,1.7576,1.3875,1.4825,48.4649,1.1853,bouvet_gun_100_x1,1.6208,0.8687,0.9725,1.7596,0.8203,45.5544,1.2207,maine_gun_230_x1,1.7932,0.526,0.5889,1.8722,0.4967,50.1745,1.3505,pola_gun_100_x1,1.6858,1.0248,1.1472,1.5738,0.9677,55.4474,1.2696,,,,
gun_3_x2_alt_china,,76,gun_3_x2_alt,china,,New line - alternate guns,0.1519,maine_gun_152_x2,1.7384,0.7691,0.861,1.5833,0.7262,46.1069,1.3256,maine_gun_152_x2,1.7602,0.7786,0.8716,1.6187,0.7352,47.7207,1.3422,richelieu_gun_120_x2,1.2805,0.9971,1.1162,1.5334,0.9415,40.8072,0.9764,maine_gun_230_x2,1.771,0.526,0.5889,1.8722,0.4967,50.1745,1.3505,pola_gun_100_x2,1.6649,1.0248,1.1472,1.5738,0.9677,55.4474,1.2696,,,,
gun_3_x3_alt_china,,76,gun_3_x3_alt,china,,New line - alternate guns,0.1519,maine_gun_152_x3,1.7169,0.7691,0.861,1.5833,0.7262,46.1069,1.3256,maine_gun_152_x3,1.7384,0.7786,0.8716,1.6187,0.7352,47.7207,1.3422,richelieu_gun_120_x3,1.2647,0.9971,1.1162,1.5334,0.9415,40.8072,0.9764,richelieu_gun_120_x3,1.2805,1.0096,1.1302,1.5674,0.9533,42.2355,0.9886,richelieu_gun_120_x3,1.2964,1.0222,1.1443,1.6023,0.9652,43.7137,1.0009,,,,
gun_4_x1_china,,102,gun_4_x1,china,,,0.1669,dd_s_gun_102_x1,1.6231,1.0976,1.1974,1.234,0.8687,49.5706,1.3508,dd_s_gun_102_x1,1.6434,1.1114,1.2124,1.2613,0.8796,51.3056,1.3677,dd_s_gun_c_102_x1,1.3846,0.943,1.0287,1.6062,0.7463,44.183,1.1523,dd_s_gun_c_102_x1,1.4019,0.9547,1.0415,1.6421,0.7556,45.7294,1.1667,akizuki_gun_100_x1,1.624,1.0477,1.1429,1.4431,0.8292,54.1562,1.3516,,,,
gun_4_x2_china,,102,gun_4_x2,china,,,0.1669,dreadnought_gun_178_x2,1.5068,0.7294,0.7957,1.4244,0.5773,46.5935,1.2697,dreadnought_gun_178_x2,1.5257,0.7385,0.8056,1.4561,0.5845,48.2242,1.2856,dreadnought_gun_178_x2,1.5448,0.7478,0.8158,1.4883,0.5918,49.9121,1.3017,akizuki_gun_b_127_x2,1.5228,1.0315,1.1252,1.5495,0.8164,47.6725,1.2832,akizuki_gun_b_127_x2,1.5418,1.0444,1.1393,1.5839,0.8266,49.341,1.2992,,,,
gun_4_x3_china,,102,gun_4_x3,china,,,0.1669,dreadnought_gun_178_x3,1.4882,0.7294,0.7957,1.4244,0.5773,46.5935,1.2697,dreadnought_gun_178_x3,1.5068,0.7385,0.8056,1.4561,0.5845,48.2242,1.2856,dreadnought_gun_178_x3,1.5257,0.7478,0.8158,1.4883,0.5918,49.9121,1.3017,akizuki_gun_b_127_x3,1.504,1.0315,1.1252,1.5495,0.8164,47.6725,1.2832,akizuki_gun_b_127_x3,1.5228,1.0444,1.1393,1.5839,0.8266,49.341,1.2992,,,,
gun_4_x4_china,,102,gun_4_x4,china,,,0.1669,dreadnought_gun_178_x4,1.4698,0.7294,0.7957,1.4244,0.5773,46.5935,1.2697,dreadnought_gun_178_x4,1.4882,0.7385,0.8056,1.4561,0.5845,48.2242,1.2856,dreadnought_gun_178_x4,1.5069,0.7478,0.8158,1.4883,0.5918,49.9121,1.3017,iowa_gun_b_127_x4,1.6102,1.1392,1.2427,1.3805,0.9016,51.6779,1.391,iowa_gun_b_127_x4,1.6304,1.1533,1.2581,1.4114,0.9128,53.4866,1.4084,,,,
gun_4_x1_alt_china,,102,gun_4_x1_alt,china,,New line - alternate guns,0.1669,dd_s_gun_102_x1,1.6231,1.0976,1.1974,1.234,0.8687,49.5706,1.3508,dd_s_gun_102_x1,1.6434,1.1114,1.2124,1.2613,0.8796,51.3056,1.3677,dd_s_gun_d_102_x1,1.2702,0.943,1.0287,1.6062,0.7463,44.183,1.0571,hood_gun_140_x1,1.7608,1.0327,1.1266,1.286,0.8173,57.4398,1.4654,bismarck_gun_105_x1,1.6937,1.1463,1.2505,1.2507,0.9072,61.5647,1.4096,,,,
gun_4_x2_alt_china,,102,gun_4_x2_alt,china,,New line - alternate guns,0.1669,dreadnought_gun_178_x2,1.5068,0.7294,0.7957,1.4244,0.5773,46.5935,1.2697,dreadnought_gun_178_x2,1.5257,0.7385,0.8056,1.4561,0.5845,48.2242,1.2856,maine_gun_230_x2,1.5371,0.6199,0.6763,1.6378,0.4906,47.0722,1.2952,moga_gun_127_x2,1.5887,1.2037,1.3131,1.365,0.9527,52.4746,1.3387,kgeorge_gun_133_x2,1.4873,0.8213,0.896,1.6329,0.65,50.2153,1.2533,,,,
gun_4_x3_alt_china,,102,gun_4_x3_alt,china,,New line - alternate guns,0.1669,dreadnought_gun_178_x3,1.4882,0.7294,0.7957,1.4244,0.5773,46.5935,1.2697,dreadnought_gun_178_x3,1.5068,0.7385,0.8056,1.4561,0.5845,48.2242,1.2856,maine_gun_230_x3,1.5181,0.6199,0.6763,1.6378,0.4906,47.0722,1.2952,moga_gun_127_x3,1.5683,1.2024,1.3117,1.3657,0.9516,52.4456,1.338,kgeorge_gun_133_x3,1.469,0.8213,0.896,1.6329,0.65,50.2153,1.2533,,,,
gun_5_x1_china,,127,gun_5_x1,china,,,0.1636,dd_s_gun_102_x1,1.3535,1.2519,1.3444,1.0375,0.8687,48.4958,1.3216,dd_s_gun_102_x1,1.3704,1.2676,1.3613,1.0605,0.8796,50.1931,1.3381,dd_s_gun_c_102_x1,1.1545,1.0755,1.155,1.3505,0.7463,43.225,1.1273,dd_s_gun_c_102_x1,1.169,1.0889,1.1694,1.3806,0.7556,44.7379,1.1414,akizuki_gun_b_127_x1,1.3017,1.1912,1.2792,1.3317,0.8266,48.2712,1.271,,,,
gun_5_x2_china,,127,gun_5_x2,china,,,0.1636,friedrich_gun_228_x2,1.1832,0.5697,0.6118,1.4852,0.3953,39.6498,1.1697,dreadnought_gun_178_x2,1.2722,0.8424,0.9047,1.2241,0.5845,47.1786,1.2577,dreadnought_gun_178_x2,1.2881,0.8529,0.9159,1.2513,0.5918,48.8298,1.2734,akizuki_gun_b_127_x2,1.2698,1.1765,1.2634,1.3027,0.8164,46.6388,1.2554,ussr_gun_100_x2,1.3468,1.0427,1.1198,1.3396,0.7235,49.2826,1.3315,,,,
gun_5_x3_china,,127,gun_5_x3,china,,,0.1636,dreadnought_gun_178_x3,1.241,0.832,0.8935,1.1975,0.5773,45.5832,1.2422,dreadnought_gun_178_x3,1.2565,0.8424,0.9047,1.2241,0.5845,47.1786,1.2577,dreadnought_gun_178_x3,1.2722,0.8529,0.9159,1.2513,0.5918,48.8298,1.2734,didox_gun_cal133_x3,1.1017,0.8656,0.9296,1.4956,0.6006,43.2262,1.1028,dido_gun_cal133_x3,1.1774,0.8764,0.9412,1.4485,0.6081,47.2207,1.1785,,,,
gun_5_x4_china,,127,gun_5_x4,china,,,0.1636,dreadnought_gun_178_x4,1.2257,0.832,0.8935,1.1975,0.5773,45.5832,1.2422,dreadnought_gun_178_x4,1.241,0.8424,0.9047,1.2241,0.5845,47.1786,1.2577,dreadnought_gun_178_x4,1.2564,0.8529,0.9159,1.2513,0.5918,48.8298,1.2734,didox_gun_cal133_x4,1.0881,0.8656,0.9296,1.4956,0.6006,43.2266,1.1028,dido_gun_cal133_x4,1.1628,0.8764,0.9412,1.4485,0.6081,47.2207,1.1785,,,,
gun_5_x1_alt_china,,127,gun_5_x1_alt,china,,New line - alternate guns,0.1636,dd_s_gun_102_x1,1.3535,1.2519,1.3444,1.0375,0.8687,48.4958,1.3216,dd_s_gun_102_x1,1.3704,1.2676,1.3613,1.0605,0.8796,50.1931,1.3381,dd_s_gun_d_102_x1,1.0592,1.0755,1.155,1.3505,0.7463,43.225,1.0342,spee_gun_150_x1,1.4844,1.102,1.1834,1.1441,0.7647,53.8469,1.4494,hood_gun_140_x1,1.4867,1.1925,1.2806,1.1053,0.8275,58.1611,1.4516,,,,
gun_5_x2_alt_china,,127,gun_5_x2_alt,china,,New line - alternate guns,0.1636,friedrich_gun_228_x2,1.1832,0.5697,0.6118,1.4852,0.3953,39.6498,1.1697,dreadnought_gun_178_x2,1.2722,0.8424,0.9047,1.2241,0.5845,47.1786,1.2577,maine_gun_254_x2_b,1.2095,0.5338,0.5733,1.5439,0.3704,43.4564,1.1957,vdt_gun_200_x2,1.3517,0.8256,0.8866,1.3144,0.5729,49.6473,1.3363,akizuki_gun_100_x2,1.3375,1.195,1.2833,1.2133,0.8292,52.982,1.3223,,,,
gun_5_x3_alt_china,,127,gun_5_x3_alt,china,,New line - alternate guns,0.1636,dreadnought_gun_178_x3,1.241,0.832,0.8935,1.1975,0.5773,45.5832,1.2422,dreadnought_gun_178_x3,1.2565,0.8424,0.9047,1.2241,0.5845,47.1786,1.2577,maine_gun_254_x3_b,1.1945,0.5338,0.5733,1.5439,0.3704,43.4564,1.1957,bismarck_gun_b_150_x3,1.3426,0.9291,0.9978,1.2795,0.6447,49.9298,1.3439,bismarck_gun_b_150_x3,1.3594,0.9408,1.0103,1.3079,0.6528,51.6773,1.3607,,,,
gun_6_x1_china,,152,gun_6_x1,china,,,0.1859,dd_s_gun_102_x1,1.298,1.3944,1.4812,1.0397,0.8687,47.6321,1.298,dd_s_gun_102_x1,1.3142,1.4119,1.4998,1.0628,0.8796,49.2993,1.3142,spee_gun_150_x1,1.406,1.2124,1.2879,1.1215,0.7553,51.0995,1.406,spee_gun_150_x1,1.4236,1.2275,1.3039,1.1465,0.7647,52.8879,1.4236,brooklyn_gun_130_shield_x1,1.4543,1.2244,1.3007,1.1647,0.7628,55.2307,1.4543,,,,
gun_6_x2_china,,152,gun_6_x2,china,,,0.1859,friedrich_gun_228_x2,1.1348,0.6346,0.6741,1.4883,0.3953,38.9437,1.1489,dreadnought_gun_178_x2,1.2201,0.9382,0.9966,1.2269,0.5845,46.3384,1.2353,dreadnought_gun_178_x2,1.2354,0.95,1.0092,1.254,0.5918,47.9602,1.2508,nelson_gun_152_x2,1.2874,1.0333,1.0977,1.2281,0.6437,51.0875,1.3034,british_adv_cruiser_152_gun_x2,1.2365,0.8106,0.8611,1.3918,0.505,50.1628,1.2519,,,,
gun_6_x3_china,,152,gun_6_x3,china,,,0.1859,dreadnought_gun_178_x3,1.1902,0.9267,0.9844,1.2001,0.5773,44.7714,1.2201,dreadnought_gun_178_x3,1.205,0.9382,0.9966,1.2269,0.5845,46.3384,1.2353,dreadnought_gun_178_x3,1.2202,0.95,1.0092,1.254,0.5918,47.9602,1.2508,dido_gun_cal200_x3,1.1377,0.6026,0.6402,1.5705,0.3754,44.4905,1.1663,british_adv_cruiser_152_gun_x3,1.2212,0.8106,0.8611,1.3918,0.505,50.1628,1.2519,,,,
gun_6_x4_china,,152,gun_6_x4,china,,,0.1859,dreadnought_gun_178_x4,1.1755,0.9267,0.9844,1.2001,0.5773,44.7714,1.2201,dreadnought_gun_178_x4,1.1902,0.9382,0.9966,1.2269,0.5845,46.3384,1.2353,dreadnought_gun_178_x4,1.2051,0.95,1.0092,1.254,0.5918,47.9602,1.2508,dido_gun_cal200_x4,1.1237,0.6026,0.6402,1.5705,0.3754,44.4905,1.1663,atl_gun_125_x4,1.3153,1.2281,1.3046,1.2406,0.7651,51.8476,1.3652,,,,
gun_6_x2_alt_china,,152,gun_6_x2_alt,china,,New line - alternate guns,0.1859,friedrich_gun_228_x2,1.1348,0.6346,0.6741,1.4883,0.3953,38.9437,1.1489,dreadnought_gun_178_x2,1.2201,0.9382,0.9966,1.2269,0.5845,46.3384,1.2353,warrior_gun_228_x2,1.2743,0.7758,0.8241,1.2661,0.4833,49.4711,1.2902,ussr_gun_100_x2,1.2758,1.1471,1.2185,1.3133,0.7146,46.768,1.2917,yamato_gun_155_x2,1.2428,0.9612,1.0211,1.3395,0.5988,50.416,1.2583,,,,
gun_6_x3_alt_china,,152,gun_6_x3_alt,china,,New line - alternate guns,0.1859,dreadnought_gun_178_x3,1.1902,0.9267,0.9844,1.2001,0.5773,44.7714,1.2201,dreadnought_gun_178_x3,1.205,0.9382,0.9966,1.2269,0.5845,46.3384,1.2353,warrior_gun_228_x3,1.2586,0.7758,0.8241,1.2661,0.4833,49.4711,1.2902,ussr_gun_100_x3,1.2598,1.1466,1.218,1.3136,0.7143,46.7593,1.2914,yamato_gun_155_x3,1.2275,0.9612,1.0211,1.3395,0.5988,50.416,1.2583,,,,
gun_7_x1_china,,178,gun_7_x1,china,,,0.2118,dd_s_gun_102_x1,1.2777,1.5728,1.657,1.0334,0.8687,46.8859,1.2777,dd_s_gun_102_x1,1.2937,1.5926,1.6778,1.0563,0.8796,48.5269,1.2937,hood_gun_140_x1,1.3689,1.4615,1.5397,1.0536,0.8072,52.4917,1.3689,nelson_gun_152_x1,1.2829,1.1655,1.2279,1.2207,0.6437,50.2871,1.2829,nelson_gun_152_x1,1.299,1.18,1.2432,1.2479,0.6517,52.0472,1.299,,,,
gun_7_x2_china,,178,gun_7_x2,china,,,0.2118,friedrich_gun_228_x2,1.117,0.7157,0.754,1.4794,0.3953,38.3336,1.1309,dreadnought_gun_178_x2,1.201,1.0583,1.115,1.2194,0.5845,45.6124,1.216,dreadnought_gun_178_x2,1.216,1.0715,1.1289,1.2465,0.5918,47.2089,1.2312,moga_gun_200_x2,1.1837,0.8294,0.8738,1.3987,0.4581,46.9735,1.1984,moga_gun_200_x2,1.1985,0.8398,0.8848,1.4298,0.4638,48.6176,1.2134,,,,
gun_7_x3_china,,178,gun_7_x3,china,,,0.2118,dreadnought_gun_178_x3,1.1716,1.0453,1.1013,1.1928,0.5773,44.07,1.201,dreadnought_gun_178_x3,1.1862,1.0583,1.115,1.2194,0.5845,45.6124,1.216,dreadnought_gun_178_x3,1.201,1.0715,1.1289,1.2465,0.5918,47.2089,1.2312,moga_gun_200_x3,1.169,0.8294,0.8738,1.3987,0.4581,46.9735,1.1984,moga_gun_200_x3,1.1837,0.8398,0.8848,1.4298,0.4638,48.6176,1.2134,,,,
gun_7_x4_china,,178,gun_7_x4,china,,,0.2118,dreadnought_gun_178_x4,1.1571,1.0453,1.1013,1.1928,0.5773,44.07,1.201,dreadnought_gun_178_x4,1.1716,1.0583,1.115,1.2194,0.5845,45.6124,1.216,dreadnought_gun_178_x4,1.1862,1.0715,1.1289,1.2465,0.5918,47.2089,1.2312,moga_gun_200_x4,1.1546,0.8294,0.8738,1.3987,0.4581,46.9741,1.1984,moga_gun_200_x4,1.1691,0.8398,0.8848,1.4298,0.4638,48.6182,1.2134,,,,
gun_7_x2_alt_china,,178,gun_7_x2_alt,china,,New line - alternate guns,0.2118,friedrich_gun_228_x2,1.117,0.7157,0.754,1.4794,0.3953,38.3336,1.1309,dreadnought_gun_178_x2,1.201,1.0583,1.115,1.2194,0.5845,45.6124,1.216,agamemnon_gun_228_x2,1.232,0.9752,1.0274,1.2537,0.5386,47.8327,1.2474,ussr_gun_100_x2,1.2558,1.2938,1.3631,1.3054,0.7146,46.0353,1.2714,mont_gun_152_x2,1.3112,1.1771,1.2401,1.2546,0.6501,51.7664,1.3275,,,,
gun_7_x3_alt_china,,178,gun_7_x3_alt,china,,New line - alternate guns,0.2118,dreadnought_gun_178_x3,1.1716,1.0453,1.1013,1.1928,0.5773,44.07,1.201,dreadnought_gun_178_x3,1.1862,1.0583,1.115,1.2194,0.5845,45.6124,1.216,agamemnon_gun_228_x3,1.2168,0.9752,1.0274,1.2537,0.5386,47.8327,1.2474,ussr_gun_100_x3,1.2401,1.2933,1.3625,1.3057,0.7143,46.0267,1.2712,mont_gun_152_x3,1.295,1.1771,1.2401,1.2546,0.6501,51.7664,1.3275,,,,
gun_8_x1_china,,203,gun_8_x1,china,,,0.235,dd_s_gun_102_x1,1.261,1.7433,1.8255,1.021,0.8687,46.2738,1.261,dd_s_gun_102_x1,1.2768,1.7652,1.8484,1.0436,0.8796,47.8933,1.2768,dd_s_gun_102_x1,1.2927,1.7873,1.8716,1.0668,0.8906,49.5696,1.2927,bismarck_gun_b_150_x1,1.2824,1.2938,1.3548,1.2592,0.6447,47.642,1.2824,bismarck_gun_150_x1,1.2984,1.3101,1.3719,1.2871,0.6528,49.3095,1.2984,,,,
gun_8_x2_china,,203,gun_8_x2,china,,,0.235,friedrich_gun_228_x2,1.1024,0.7933,0.8307,1.4616,0.3953,37.8331,1.1161,dreadnought_gun_178_x2,1.1853,1.173,1.2283,1.2047,0.5845,45.0169,1.2001,dreadnought_gun_178_x2,1.2001,1.1877,1.2437,1.2314,0.5918,46.5925,1.2151,bismarck_gun_b_150_x2,1.2666,1.2938,1.3548,1.2592,0.6447,47.642,1.2824,bismarck_gun_150_x2,1.2824,1.3101,1.3719,1.2871,0.6528,49.3095,1.2984,,,,
gun_8_x3_china,,203,gun_8_x3,china,,,0.235,dreadnought_gun_178_x3,1.1563,1.1586,1.2132,1.1784,0.5773,43.4946,1.1853,dreadnought_gun_178_x3,1.1707,1.173,1.2283,1.2047,0.5845,45.0169,1.2001,dreadnought_gun_178_x3,1.1853,1.1877,1.2437,1.2314,0.5918,46.5925,1.2151,bismarck_gun_b_150_x3,1.251,1.2938,1.3548,1.2592,0.6447,47.642,1.2824,bismarck_gun_150_x3,1.2666,1.3101,1.3719,1.2871,0.6528,49.3095,1.2984,,,,
gun_8_x4_china,,203,gun_8_x4,china,,,0.235,dreadnought_gun_178_x4,1.142,1.1586,1.2132,1.1784,0.5773,43.4946,1.1853,dreadnought_gun_178_x4,1.1562,1.173,1.2283,1.2047,0.5845,45.0169,1.2001,dreadnought_gun_178_x4,1.1707,1.1877,1.2437,1.2314,0.5918,46.5925,1.2151,bismarck_gun_b_150_x4,1.2355,1.2938,1.3548,1.2592,0.6447,47.6421,1.2824,bismarck_gun_150_x4,1.251,1.3101,1.3719,1.2871,0.6528,49.3095,1.2984,,,,
gun_8_x2_alt_china,,203,gun_8_x2_alt,china,,New line - alternate guns,0.235,friedrich_gun_228_x2,1.1024,0.7933,0.8307,1.4616,0.3953,37.8331,1.1161,dreadnought_gun_178_x2,1.1853,1.173,1.2283,1.2047,0.5845,45.0169,1.2001,ny_gun_210_x2,1.1303,1.1198,1.1726,1.3964,0.558,41.5925,1.1444,brooklyn_gun_152_x2,1.229,0.9561,1.0012,1.3743,0.4764,46.2291,1.2443,brooklyn_gun_b_152_x2,1.3848,0.9679,1.0136,1.2625,0.4823,53.248,1.4021,,,,
gun_8_x3_alt_china,,203,gun_8_x3_alt,china,,New line - alternate guns,0.235,dreadnought_gun_178_x3,1.1563,1.1586,1.2132,1.1784,0.5773,43.4946,1.1853,dreadnought_gun_178_x3,1.1707,1.173,1.2283,1.2047,0.5845,45.0169,1.2001,ny_gun_210_x3,1.1164,1.1198,1.1726,1.3964,0.558,41.5924,1.1444,brooklyn_gun_152_x3,1.2138,0.9561,1.0012,1.3743,0.4764,46.2291,1.2443,brooklyn_gun_b_152_x3,1.3677,0.9679,1.0136,1.2625,0.4823,53.248,1.4021,,,,
gun_9_x1_china,,229,gun_9_x1,china,,,0.2574,dd_s_gun_102_x1,1.2459,1.9204,2.001,1.0031,0.8687,45.7194,1.2459,friedrich_gun_228_x1,1.1165,0.885,0.9222,1.4676,0.4003,38.6882,1.1165,vdt_gun_200_x1,1.2443,1.2511,1.3036,1.2429,0.5659,45.2223,1.2443,warrior_gun_228_x1,1.2538,1.0817,1.1271,1.2487,0.4893,49.1466,1.2538,ussr_gun_152_x1,1.3011,1.1666,1.2156,1.3318,0.5277,48.1576,1.3011,,,,
gun_9_x2_china,,229,gun_9_x2,china,,,0.2574,friedrich_gun_228_x2,1.0892,0.8739,0.9106,1.436,0.3953,37.3799,1.1028,friedrich_gun_228_x2,1.1028,0.885,0.9222,1.4676,0.4003,38.6882,1.1165,vdt_gun_200_x2,1.229,1.2511,1.3036,1.2429,0.5659,45.2223,1.2443,warrior_gun_228_x2,1.2384,1.0817,1.1271,1.2487,0.4893,49.1466,1.2538,ussr_gun_152_x2,1.2851,1.1666,1.2156,1.3317,0.5277,48.1564,1.3011,,,,
gun_9_x3_china,,229,gun_9_x3,china,,,0.2574,warrior_gun_228_x3,1.1784,1.0421,1.0858,1.1691,0.4714,44.3274,1.208,warrior_gun_228_x3,1.1931,1.0552,1.0995,1.195,0.4773,45.8788,1.2231,warrior_gun_228_x3,1.2081,1.0685,1.1134,1.2214,0.4833,47.4846,1.2384,warrior_gun_228_x3,1.2231,1.0817,1.1271,1.2487,0.4893,49.1466,1.2538,ussr_gun_152_x3,1.2694,1.167,1.216,1.3315,0.5279,48.1639,1.3013,,,,
gun_9_x4_china,,229,gun_9_x4,china,,,0.2574,warrior_gun_228_x4,1.1639,1.0421,1.0858,1.1691,0.4714,44.3274,1.208,warrior_gun_228_x4,1.1784,1.0552,1.0995,1.195,0.4773,45.8788,1.2231,vdt_gun_280_x4,1.2541,0.8187,0.8531,1.2927,0.3703,47.3078,1.3017,vdt_gun_280_x4,1.2697,0.8288,0.8636,1.3217,0.3749,48.9636,1.3179,vdt_gun_280_x4,1.2856,0.8392,0.8744,1.351,0.3796,50.6773,1.3344,,,,
gun_9_x2_alt_china,,229,gun_9_x2_alt,china,,New line - alternate guns,0.2574,friedrich_gun_228_x2,1.0892,0.8739,0.9106,1.436,0.3953,37.3799,1.1028,friedrich_gun_228_x2,1.1028,0.885,0.9222,1.4676,0.4003,38.6882,1.1165,vdt_gun_280_x2,1.2857,0.8187,0.8531,1.2927,0.3703,47.3078,1.3017,vdt_gun_280_x2,1.3017,0.8288,0.8636,1.3217,0.3749,48.9636,1.3179,vdt_gun_280_x2,1.318,0.8392,0.8744,1.351,0.3796,50.6773,1.3344,,,,
gun_9_x3_alt_china,,229,gun_9_x3_alt,china,,New line - alternate guns,0.2574,warrior_gun_228_x3,1.1784,1.0421,1.0858,1.1691,0.4714,44.3274,1.208,warrior_gun_228_x3,1.1931,1.0552,1.0995,1.195,0.4773,45.8788,1.2231,vdt_gun_280_x3,1.2698,0.8187,0.8531,1.2927,0.3703,47.3078,1.3017,vdt_gun_280_x3,1.2856,0.8288,0.8636,1.3217,0.3749,48.9636,1.3179,vdt_gun_280_x3,1.3017,0.8392,0.8744,1.351,0.3796,50.6773,1.3344,,,,
gun_10_x1_china,,254,gun_10_x1,china,,,0.2773,brandenburg_gun_279_x1,1.0295,0.869,0.902,1.5172,0.361,34.8969,1.0295,ny_gun_210_x1,1.1052,1.3266,1.3769,1.3143,0.5511,39.2953,1.1052,ny_gun_210_x1,1.119,1.3432,1.3942,1.3434,0.558,40.6706,1.119,ny_gun_356_x1,1.4119,0.9015,0.9357,1.1956,0.3745,52.4534,1.4119,ussr_gun_406_x1,1.4462,0.6102,0.6334,1.3437,0.2535,53.5274,1.4462,,,,
gun_10_x2_china,,254,gun_10_x2,china,,,0.2773,brandenburg_gun_279_x2,1.0168,0.869,0.902,1.5172,0.361,34.8969,1.0295,ny_gun_210_x2,1.0916,1.3266,1.3769,1.3143,0.5511,39.2953,1.1052,ny_gun_210_x2,1.1052,1.3432,1.3942,1.3434,0.558,40.6706,1.119,ny_gun_356_x2,1.3945,0.9015,0.9357,1.1956,0.3745,52.4534,1.4119,ussr_gun_406_x2,1.4284,0.6102,0.6334,1.3437,0.2535,53.5274,1.4462,,,,
gun_10_x3_china,,254,gun_10_x3,china,,,0.2773,maine_gun_254_x3_a,1.0521,1.0454,1.0851,1.3963,0.4343,36.5567,1.0785,ny_gun_210_x3,1.0781,1.3266,1.3769,1.3143,0.5511,39.2953,1.1052,ny_gun_210_x3,1.0916,1.3432,1.3942,1.3434,0.558,40.6706,1.119,ny_gun_356_x3,1.3773,0.9015,0.9357,1.1956,0.3745,52.4534,1.4119,ussr_gun_406_x3,1.4108,0.6102,0.6334,1.3437,0.2535,53.5274,1.4462,,,,
gun_10_x4_china,,254,gun_10_x4,china,,,0.2773,ny_gun_210_x4,1.0517,1.3102,1.3599,1.2857,0.5443,37.9665,1.0916,ny_gun_210_x4,1.0648,1.3266,1.3769,1.3143,0.5511,39.2953,1.1052,irresistible_gun_305_x4,1.0676,0.8923,0.9262,1.3951,0.3707,42.4894,1.1081,dreadnought_gun_305_x4,1.094,0.9037,0.938,1.4087,0.3754,44.5081,1.1355,nelson_gun_406_x4,1.2547,0.6865,0.7126,1.3464,0.2852,52.1812,1.3023,,,,
gun_10_x2_alt_china,,254,gun_10_x2_alt,china,,New line - alternate guns,0.2773,brandenburg_gun_279_x2,1.0168,0.869,0.902,1.5172,0.361,34.8969,1.0295,ny_gun_210_x2,1.0916,1.3266,1.3769,1.3143,0.5511,39.2953,1.1052,irresistible_gun_305_x2,1.0945,0.8923,0.9262,1.3951,0.3707,42.4894,1.1081,dreadnought_gun_305_x2,1.1215,0.9037,0.938,1.4087,0.3754,44.5081,1.1355,nelson_gun_406_x2,1.2863,0.6865,0.7126,1.3464,0.2852,52.1812,1.3023,,,,
gun_10_x3_alt_china,,254,gun_10_x3_alt,china,,New line - alternate guns,0.2773,maine_gun_254_x3_a,1.0521,1.0454,1.0851,1.3963,0.4343,36.5567,1.0785,ny_gun_210_x3,1.0781,1.3266,1.3769,1.3143,0.5511,39.2953,1.1052,irresistible_gun_305_x3,1.081,0.8923,0.9262,1.3951,0.3707,42.4894,1.1081,dreadnought_gun_305_x3,1.1077,0.9037,0.938,1.4087,0.3754,44.5081,1.1355,nelson_gun_406_x3,1.2704,0.6865,0.7126,1.3464,0.2852,52.1812,1.3023,,,,
gun_11_x1_china,,279,gun_11_x1,china,,,0.2431,brandenburg_gun_279_x1,1.0199,0.9402,0.9728,1.218,0.361,34.5708,1.0199,friedrich_gun_228_x1,1.0947,1.0425,1.0786,1.1538,0.4003,37.9316,1.0947,warrior_gun_228_x1,1.2141,1.2587,1.3023,0.9602,0.4833,46.556,1.2141,warrior_gun_228_x1,1.2293,1.2743,1.3184,0.9816,0.4893,48.1855,1.2293,british_adv_cruiser_152_gun_x1,1.1782,1.3152,1.3608,1.0555,0.505,47.207,1.1782,,,,
gun_11_x2_china,,279,gun_11_x2,china,,,0.2431,brandenburg_gun_279_x2,1.0074,0.9402,0.9728,1.218,0.361,34.5708,1.0199,friedrich_gun_228_x2,1.0812,1.0425,1.0786,1.1538,0.4003,37.9316,1.0947,warrior_gun_228_x2,1.1992,1.2587,1.3023,0.9602,0.4833,46.556,1.2141,warrior_gun_228_x2,1.2142,1.2743,1.3184,0.9816,0.4893,48.1855,1.2293,british_adv_cruiser_152_gun_x2,1.1637,1.3152,1.3608,1.0555,0.505,47.207,1.1782,,,,
gun_11_x3_china,,279,gun_11_x3,china,,,0.2431,maine_gun_254_x3_a,1.0422,1.1311,1.1703,1.1209,0.4343,36.2151,1.0684,warrior_gun_228_x3,1.1698,1.2431,1.2862,0.9394,0.4773,44.9817,1.1992,warrior_gun_228_x3,1.1844,1.2587,1.3023,0.9602,0.4833,46.556,1.2141,warrior_gun_228_x3,1.1992,1.2743,1.3184,0.9816,0.4893,48.1855,1.2293,british_adv_cruiser_152_gun_x3,1.1493,1.3152,1.3608,1.0555,0.505,47.207,1.1782,,,,
gun_11_x4_china,,279,gun_11_x4,china,,,0.2431,warrior_gun_228_x4,1.141,1.2277,1.2702,0.919,0.4714,43.4605,1.1843,warrior_gun_228_x4,1.1554,1.2431,1.2862,0.9394,0.4773,44.9817,1.1992,vdt_gun_280_x4,1.2296,0.9644,0.9978,1.0163,0.3703,46.3827,1.2762,vdt_gun_280_x4,1.245,0.9764,1.0102,1.0389,0.3749,48.0061,1.2922,vdt_gun_280_x4,1.2605,0.9886,1.0229,1.062,0.3796,49.6863,1.3083,,,,
gun_11_x2_alt_china,,279,gun_11_x2_alt,china,,New line - alternate guns,0.2431,brandenburg_gun_279_x2,1.0074,0.9402,0.9728,1.218,0.361,34.5708,1.0199,friedrich_gun_228_x2,1.0812,1.0425,1.0786,1.1538,0.4003,37.9316,1.0947,vdt_gun_280_x2,1.2605,0.9644,0.9978,1.0163,0.3703,46.3827,1.2762,vdt_gun_280_x2,1.2763,0.9764,1.0102,1.0389,0.3749,48.0061,1.2922,vdt_gun_280_x2,1.2922,0.9886,1.0229,1.062,0.3796,49.6863,1.3083,,,,
gun_11_x3_alt_china,,279,gun_11_x3_alt,china,,New line - alternate guns,0.2431,maine_gun_254_x3_a,1.0422,1.1311,1.1703,1.1209,0.4343,36.2151,1.0684,warrior_gun_228_x3,1.1698,1.2431,1.2862,0.9394,0.4773,44.9817,1.1992,vdt_gun_280_x3,1.2449,0.9644,0.9978,1.0163,0.3703,46.3827,1.2762,vdt_gun_280_x3,1.2605,0.9764,1.0102,1.0389,0.3749,48.0061,1.2922,vdt_gun_280_x3,1.2762,0.9886,1.0229,1.062,0.3796,49.6863,1.3083,,,,
gun_12_x1_china,,305,gun_12_x1,china,,,0.2645,friedrich_gun_305_x1,1.1148,1.0147,1.0469,1.1033,0.361,37.788,1.1148,irresistible_gun_305_x1,1.0746,1.029,1.0617,1.0946,0.3661,40.3082,1.0746,irresistible_gun_305_x1,1.088,1.042,1.0751,1.1188,0.3707,41.719,1.088,dreadnought_gun_305_x1,1.1149,1.0552,1.0887,1.1298,0.3754,43.7011,1.1149,kgeorge_gun_380_x1_b,1.3473,0.9138,0.9428,0.998,0.3251,53.9847,1.3473,,,,
gun_12_x2_china,,305,gun_12_x2,china,,,0.2645,friedrich_gun_305_x2,1.1011,1.0147,1.0469,1.1033,0.361,37.788,1.1148,irresistible_gun_305_x2,1.0614,1.029,1.0617,1.0946,0.3661,40.3082,1.0746,irresistible_gun_305_x2,1.0746,1.042,1.0751,1.1188,0.3707,41.719,1.088,dreadnought_gun_305_x2,1.1012,1.0552,1.0887,1.1298,0.3754,43.7011,1.1149,kgeorge_gun_380_x2_b,1.3307,0.9138,0.9428,0.998,0.3251,53.9847,1.3473,,,,
gun_12_x3_china,,305,gun_12_x3,china,,,0.2645,maine_gun_254_x3_a,1.033,1.2207,1.2595,1.1198,0.4343,35.8939,1.0589,irresistible_gun_305_x3,1.0483,1.029,1.0617,1.0946,0.3661,40.3082,1.0746,irresistible_gun_305_x3,1.0614,1.042,1.0751,1.1188,0.3707,41.719,1.088,dreadnought_gun_305_x3,1.0876,1.0552,1.0887,1.1298,0.3754,43.7011,1.1149,kgeorge_gun_380_x3_b,1.3143,0.9138,0.9428,0.998,0.3251,53.9847,1.3473,,,,
gun_12_x4_china,,305,gun_12_x4,china,,,0.2645,irresistible_gun_305_x4,1.0225,1.0164,1.0487,1.0707,0.3616,38.9451,1.0613,irresistible_gun_305_x4,1.0353,1.029,1.0617,1.0946,0.3661,40.3082,1.0746,irresistible_gun_305_x4,1.0482,1.042,1.0751,1.1188,0.3707,41.719,1.088,dreadnought_gun_305_x4,1.0742,1.0552,1.0887,1.1298,0.3754,43.7011,1.1149,kgeorge_gun_380_x4_c,1.2981,0.9138,0.9428,0.998,0.3251,53.9848,1.3473,,,,
gun_12_x2_alt_china,,305,gun_12_x2_alt,china,,New line - alternate guns,0.2645,friedrich_gun_305_x2,1.1011,1.0147,1.0469,1.1033,0.361,37.788,1.1148,irresistible_gun_305_x2,1.0614,1.029,1.0617,1.0946,0.3661,40.3082,1.0746,ny_gun_210_x2,1.0853,1.5684,1.6182,1.0774,0.558,39.9332,1.0988,ny_gun_356_x2,1.3692,1.0526,1.086,0.9589,0.3745,51.5023,1.3863,iowa_gun_406_x2,1.3591,0.64,0.6604,1.1073,0.2277,52.257,1.376,,,,
gun_12_x3_alt_china,,305,gun_12_x3_alt,china,,New line - alternate guns,0.2645,maine_gun_254_x3_a,1.033,1.2207,1.2595,1.1198,0.4343,35.8939,1.0589,irresistible_gun_305_x3,1.0483,1.029,1.0617,1.0946,0.3661,40.3082,1.0746,ny_gun_210_x3,1.0719,1.5684,1.6182,1.0774,0.558,39.9332,1.0988,ny_gun_356_x3,1.3523,1.0526,1.086,0.9589,0.3745,51.5023,1.3863,iowa_gun_406_x3,1.3423,0.64,0.6604,1.1073,0.2277,52.257,1.376,,,,
gun_13_x1_china,,330,gun_13_x1,china,,,0.2848,friedrich_gun_305_x1,1.106,1.0869,1.1189,1.1005,0.361,37.4915,1.106,maine_gun_254_x1_a,1.0637,1.3238,1.3627,1.1419,0.4397,36.8587,1.0637,ny_gun_210_x1,1.0901,1.68,1.7294,1.0747,0.558,39.6198,1.0901,agamemnon_gun_305_x1,1.1062,1.1302,1.1634,1.127,0.3754,43.3581,1.1062,agamemnon_gun_305_x1,1.12,1.1441,1.1778,1.1522,0.38,44.8757,1.12,,,,
gun_13_x2_china,,330,gun_13_x2,china,,,0.2848,friedrich_gun_305_x2,1.0924,1.0869,1.1189,1.1005,0.361,37.4915,1.106,maine_gun_254_x2_a,1.0506,1.3238,1.3627,1.1419,0.4397,36.8587,1.0637,ny_gun_210_x2,1.0767,1.68,1.7294,1.0747,0.558,39.6198,1.0901,agamemnon_gun_305_x2,1.0926,1.1302,1.1634,1.127,0.3754,43.3581,1.1062,agamemnon_gun_305_x2,1.1062,1.1441,1.1778,1.1522,0.38,44.8757,1.12,,,,
gun_13_x3_china,,330,gun_13_x3,china,,,0.2848,maine_gun_254_x3_a,1.0249,1.3076,1.3461,1.1169,0.4343,35.6122,1.0506,maine_gun_254_x3_a,1.0376,1.3238,1.3627,1.1419,0.4397,36.8587,1.0637,ny_gun_210_x3,1.0634,1.68,1.7294,1.0747,0.558,39.6198,1.0901,agamemnon_gun_305_x3,1.0791,1.1302,1.1634,1.127,0.3754,43.3581,1.1062,agamemnon_gun_305_x3,1.0926,1.1441,1.1778,1.1522,0.38,44.8757,1.12,,,,
gun_13_x4_china,,330,gun_13_x4,china,,,0.2848,irresistible_gun_305_x4,1.0145,1.0887,1.1207,1.068,0.3616,38.6395,1.053,irresistible_gun_305_x4,1.0272,1.1022,1.1346,1.0918,0.3661,39.9919,1.0661,ny_gun_210_x4,1.0503,1.68,1.7294,1.0747,0.558,39.6198,1.0901,agamemnon_gun_305_x4,1.0658,1.1302,1.1634,1.127,0.3754,43.3581,1.1062,agamemnon_gun_305_x4,1.0791,1.1441,1.1778,1.1522,0.38,44.8757,1.12,,,,
gun_13_x2_alt_china,,330,gun_13_x2_alt,china,,New line - alternate guns,0.2848,friedrich_gun_305_x2,1.0924,1.0869,1.1189,1.1005,0.361,37.4915,1.106,maine_gun_254_x2_a,1.0506,1.3238,1.3627,1.1419,0.4397,36.8587,1.0637,agamemnon_gun_305_x2,1.0791,1.1161,1.1489,1.1026,0.3707,41.8919,1.0925,fus_gun_356_x2_a,1.1221,0.968,0.9965,1.1316,0.3215,44.5326,1.1361,fus_gun_356_x2_a,1.1361,0.98,1.0088,1.1569,0.3255,46.0912,1.1503,,,,
gun_13_x3_alt_china,,330,gun_13_x3_alt,china,,New line - alternate guns,0.2848,maine_gun_254_x3_a,1.0249,1.3076,1.3461,1.1169,0.4343,35.6122,1.0506,maine_gun_254_x3_a,1.0376,1.3238,1.3627,1.1419,0.4397,36.8587,1.0637,agamemnon_gun_305_x3,1.0657,1.1161,1.1489,1.1026,0.3707,41.8919,1.0925,fus_gun_356_x3_a,1.1083,0.968,0.9965,1.1316,0.3215,44.5326,1.1361,fus_gun_356_x3_a,1.1221,0.98,1.0088,1.1569,0.3255,46.0912,1.1503,,,,
gun_14_x1_china,,356,gun_14_x1,china,,,0.3057,dreadnought_gun_b_305_x1,1.145,1.1645,1.1963,1.051,0.3616,38.8111,1.145,dreadnought_gun_b_305_x1,1.1593,1.179,1.2112,1.0744,0.3661,40.1695,1.1593,vdt_gun_280_x1,1.2455,1.1925,1.2251,1.0087,0.3703,45.2659,1.2455,bismarck_gun_380_short_x1,1.3227,0.9697,0.9962,1.0271,0.3011,49.1411,1.3227,bismarck_gun_380_short_x1,1.3392,0.9819,1.0087,1.0499,0.3049,50.8611,1.3392,,,,
gun_14_x2_china,,356,gun_14_x2,china,,,0.3057,dreadnought_gun_b_305_x2,1.1309,1.1645,1.1963,1.051,0.3616,38.8111,1.145,dreadnought_gun_b_305_x2,1.145,1.179,1.2112,1.0744,0.3661,40.1695,1.1593,vdt_gun_280_x2,1.2302,1.1925,1.2251,1.0087,0.3703,45.2659,1.2455,bismarck_gun_380_short_x2,1.3064,0.9697,0.9962,1.0271,0.3011,49.1411,1.3227,bismarck_gun_380_short_x2,1.3227,0.9819,1.0087,1.0499,0.3049,50.8611,1.3392,,,,
gun_14_x3_china,,356,gun_14_x3,china,,,0.3057,dreadnought_gun_b_305_x3,1.117,1.1645,1.1963,1.051,0.3616,38.8111,1.145,dreadnought_gun_b_305_x3,1.1309,1.179,1.2112,1.0744,0.3661,40.1695,1.1593,vdt_gun_280_x3,1.215,1.1925,1.2251,1.0087,0.3703,45.2659,1.2455,bismarck_gun_380_short_x3,1.2903,0.9697,0.9962,1.0271,0.3011,49.1411,1.3227,bismarck_gun_380_short_x3,1.3064,0.9819,1.0087,1.0499,0.3049,50.8611,1.3392,,,,
gun_14_x4_china,,356,gun_14_x4,china,,,0.3057,ny_gun_210_x4,1.0167,1.7529,1.8007,1.0243,0.5443,36.7061,1.0553,ny_gun_210_x4,1.0295,1.7748,1.8232,1.0471,0.5511,37.9908,1.0685,ny_gun_356_x4,1.2988,1.1912,1.2237,0.9319,0.3699,48.9972,1.3481,arizona_gun_356_x4,1.2847,1.2061,1.239,0.9752,0.3745,49.537,1.3334,arizona_gun_356_x4,1.3007,1.2212,1.2545,0.9968,0.3792,51.2708,1.35,,,,
gun_14_x2_alt_china,,356,gun_14_x2_alt,china,,New line - alternate guns,0.3057,ny_gun_210_x2,1.0423,1.7529,1.8007,1.0243,0.5443,36.7061,1.0553,ny_gun_210_x2,1.0554,1.7748,1.8232,1.0471,0.5511,37.9908,1.0685,ny_gun_356_x2,1.3315,1.1912,1.2237,0.9319,0.3699,48.9972,1.3481,arizona_gun_356_x2,1.317,1.2061,1.239,0.9752,0.3745,49.537,1.3334,arizona_gun_356_x2,1.3334,1.2212,1.2545,0.9968,0.3792,51.2708,1.35,,,,
gun_14_x3_alt_china,,356,gun_14_x3_alt,china,,New line - alternate guns,0.3057,ny_gun_210_x3,1.0295,1.7529,1.8007,1.0243,0.5443,36.7061,1.0553,ny_gun_210_x3,1.0423,1.7748,1.8232,1.0471,0.5511,37.9908,1.0685,ny_gun_356_x3,1.3151,1.1912,1.2237,0.9319,0.3699,48.9972,1.3481,arizona_gun_356_x3,1.3007,1.2061,1.239,0.9752,0.3745,49.537,1.3334,arizona_gun_356_x3,1.3169,1.2212,1.2545,0.9968,0.3792,51.2708,1.35,,,,
gun_15_x1_china,,381,gun_15_x1,china,,,0.3256,dreadnought_gun_b_305_x1,1.1372,1.2381,1.2697,1.0458,0.3616,38.5486,1.1372,dreadnought_gun_b_305_x1,1.1514,1.2535,1.2855,1.0691,0.3661,39.8978,1.1514,vdt_gun_280_x1,1.2371,1.2679,1.3003,1.0036,0.3703,44.9597,1.2371,ussr_gun_406_x1,1.3716,0.8574,0.8793,1.0419,0.2504,49.6623,1.3716,ussr_gun_406_x1,1.3887,0.868,0.8902,1.0652,0.2535,51.4005,1.3887,,,,
gun_15_x2_china,,381,gun_15_x2,china,,,0.3256,dreadnought_gun_b_305_x2,1.1232,1.2381,1.2697,1.0458,0.3616,38.5486,1.1372,dreadnought_gun_b_305_x2,1.1372,1.2535,1.2855,1.0691,0.3661,39.8978,1.1514,vdt_gun_280_x2,1.2219,1.2679,1.3003,1.0036,0.3703,44.9597,1.2371,ussr_gun_406_x2,1.3547,0.8574,0.8793,1.0419,0.2504,49.6623,1.3716,ussr_gun_406_x2,1.3716,0.868,0.8902,1.0652,0.2535,51.4005,1.3887,,,,
gun_15_x3_china,,381,gun_15_x3,china,,,0.3256,dreadnought_gun_b_305_x3,1.1093,1.2381,1.2697,1.0458,0.3616,38.5486,1.1372,dreadnought_gun_b_305_x3,1.1232,1.2535,1.2855,1.0691,0.3661,39.8978,1.1514,vdt_gun_280_x3,1.2068,1.2679,1.3003,1.0036,0.3703,44.9597,1.2371,ussr_gun_406_x3,1.338,0.8574,0.8793,1.0419,0.2504,49.6623,1.3716,ussr_gun_406_x3,1.3547,0.868,0.8902,1.0652,0.2535,51.4005,1.3887,,,,
gun_15_x4_china,,381,gun_15_x4,china,,,0.3256,dreadnought_gun_b_305_x4,1.0956,1.2381,1.2697,1.0458,0.3616,38.5486,1.1372,dreadnought_gun_b_305_x4,1.1093,1.2535,1.2855,1.0691,0.3661,39.8978,1.1514,vdt_gun_280_x4,1.1919,1.2679,1.3003,1.0036,0.3703,44.9597,1.2371,ussr_gun_406_x4,1.3215,0.8574,0.8793,1.0419,0.2504,49.6623,1.3716,ussr_gun_406_x4,1.3379,0.868,0.8902,1.0652,0.2535,51.4005,1.3887,,,,
gun_15_x2_alt_china,,381,gun_15_x2_alt,china,,New line - alternate guns,0.3256,irresistible_gun_305_x2,1.0252,1.2381,1.2697,1.0584,0.3616,38.0882,1.038,irresistible_gun_305_x2,1.038,1.2535,1.2855,1.082,0.3661,39.4213,1.0509,hood_gun_380_x2,1.1353,1.0152,1.0411,1.0704,0.2965,44.0734,1.1494,yamato_gun_460_x2,1.2435,0.7701,0.7898,1.0712,0.2249,49.3504,1.259,yamato_gun_460_x2,1.2591,0.7796,0.7995,1.0952,0.2277,51.0776,1.2748,,,,
gun_15_x3_alt_china,,381,gun_15_x3_alt,china,,New line - alternate guns,0.3256,irresistible_gun_305_x3,1.0126,1.2381,1.2697,1.0584,0.3616,38.0882,1.038,irresistible_gun_305_x3,1.0252,1.2535,1.2855,1.082,0.3661,39.4213,1.0509,hood_gun_380_x3,1.1212,1.0152,1.0411,1.0704,0.2965,44.0734,1.1494,yamato_gun_460_x3,1.2282,0.7701,0.7898,1.0712,0.2249,49.3504,1.259,yamato_gun_460_x3,1.2436,0.7796,0.7995,1.0952,0.2277,51.0776,1.2748,,,,
gun_16_x1_china,,406,gun_16_x1,china,,,0.3453,vdt_gun_280_x1,1.1991,1.3109,1.3424,0.9549,0.3612,41.7045,1.1991,vdt_gun_280_x1,1.214,1.3273,1.3592,0.9761,0.3657,43.1642,1.214,nelson_gun_406_x1,1.2122,1.0097,1.0339,1.0155,0.2782,46.4798,1.2122,kgeorge_gun_a_380_x1,1.2932,1.1654,1.1934,0.9595,0.3211,50.6883,1.2932,kgeorge_gun_380_x1_b,1.3093,1.1799,1.2082,0.9808,0.3251,52.4624,1.3093,,,,
gun_16_x2_china,,406,gun_16_x2,china,,,0.3453,vdt_gun_280_x2,1.1843,1.3109,1.3424,0.9549,0.3612,41.7045,1.1991,vdt_gun_280_x2,1.1991,1.3273,1.3592,0.9761,0.3657,43.1642,1.214,nelson_gun_406_x2,1.1973,1.0097,1.0339,1.0155,0.2782,46.4798,1.2122,kgeorge_gun_a_380_x2,1.2773,1.1654,1.1934,0.9595,0.3211,50.6883,1.2932,kgeorge_gun_380_x2_b,1.2932,1.1799,1.2082,0.9808,0.3251,52.4624,1.3093,,,,
gun_16_x3_china,,406,gun_16_x3,china,,,0.3453,vdt_gun_280_x3,1.1697,1.3109,1.3424,0.9549,0.3612,41.7045,1.1991,vdt_gun_280_x3,1.1843,1.3273,1.3592,0.9761,0.3657,43.1642,1.214,nelson_gun_406_x3,1.1825,1.0097,1.0339,1.0155,0.2782,46.4798,1.2122,kgeorge_gun_a_380_x3,1.2615,1.1654,1.1934,0.9595,0.3211,50.6883,1.2932,kgeorge_gun_380_x3_b,1.2772,1.1799,1.2082,0.9808,0.3251,52.4624,1.3093,,,,
gun_16_x4_china,,406,gun_16_x4,china,,,0.3453,vdt_gun_280_x4,1.1553,1.3109,1.3424,0.9549,0.3612,41.7045,1.1991,vdt_gun_280_x4,1.1696,1.3273,1.3592,0.9761,0.3657,43.1642,1.214,nelson_gun_406_x4,1.1679,1.0097,1.0339,1.0155,0.2782,46.4798,1.2122,kgeorge_gun_380_x4,1.2459,1.1654,1.1934,0.9595,0.3211,50.6884,1.2932,kgeorge_gun_380_x4_c,1.2615,1.1799,1.2082,0.9808,0.3251,52.4625,1.3093,,,,
gun_16_x2_alt_china,,406,gun_16_x2_alt,china,,New line - alternate guns,0.3453,ny_gun_356_x2,1.2819,1.3095,1.3409,0.8822,0.3608,45.1423,1.2979,ny_gun_356_x2,1.2979,1.3258,1.3576,0.9018,0.3653,46.7222,1.3141,arizona_gun_356_x2,1.2837,1.3425,1.3747,0.9437,0.3699,47.2369,1.2997,brooklyn_gun_b_152_x2,1.2761,1.729,1.7705,0.9364,0.4764,48.0021,1.292,iowa_gun_406_x2,1.3207,0.8264,0.8463,1.0881,0.2277,50.7834,1.3372,,,,
gun_16_x3_alt_china,,406,gun_16_x3_alt,china,,New line - alternate guns,0.3453,ny_gun_356_x3,1.2661,1.3095,1.3409,0.8822,0.3608,45.1423,1.2979,ny_gun_356_x3,1.2819,1.3258,1.3576,0.9018,0.3653,46.7222,1.3141,arizona_gun_356_x3,1.2679,1.3425,1.3747,0.9437,0.3699,47.2369,1.2997,brooklyn_gun_b_152_x3,1.2603,1.729,1.7705,0.9364,0.4764,48.0021,1.292,iowa_gun_406_x3,1.3044,0.8264,0.8463,1.0881,0.2277,50.7834,1.3372,,,,
gun_17_x1_china,,432,gun_17_x1,china,,,0.3656,irresistible_gun_305_x1,1.025,1.3904,1.4218,1.045,0.3616,37.6127,1.025,irresistible_gun_305_x1,1.0378,1.4077,1.4395,1.0683,0.3661,38.9292,1.0378,dreadnought_gun_305_x1,1.0635,1.4254,1.4576,1.0789,0.3707,40.7787,1.0635,nelson_gun_406_x1,1.2197,1.0832,1.1077,1.0308,0.2817,47.8089,1.2197,nelson_gun_406_x1,1.235,1.0967,1.1215,1.0537,0.2852,49.4822,1.235,,,,
gun_17_x2_china,,432,gun_17_x2,china,,,0.3656,irresistible_gun_305_x2,1.0124,1.3904,1.4218,1.045,0.3616,37.6127,1.025,irresistible_gun_305_x2,1.025,1.4077,1.4395,1.0683,0.3661,38.9292,1.0378,dreadnought_gun_305_x2,1.0504,1.4254,1.4576,1.0789,0.3707,40.7787,1.0635,nelson_gun_406_x2,1.2047,1.0832,1.1077,1.0308,0.2817,47.8089,1.2197,nelson_gun_406_x2,1.2198,1.0967,1.1215,1.0537,0.2852,49.4822,1.235,,,,
gun_17_x3_china,,432,gun_17_x3,china,,,0.3656,irresistible_gun_305_x3,0.9999,1.3904,1.4218,1.045,0.3616,37.6127,1.025,irresistible_gun_305_x3,1.0124,1.4077,1.4395,1.0683,0.3661,38.9292,1.0378,dreadnought_gun_305_x3,1.0375,1.4254,1.4576,1.0789,0.3707,40.7787,1.0635,nelson_gun_406_x3,1.1898,1.0832,1.1077,1.0308,0.2817,47.8089,1.2197,nelson_gun_406_x3,1.2047,1.0967,1.1215,1.0537,0.2852,49.4822,1.235,,,,
gun_17_x4_china,,432,gun_17_x4,china,,,0.3656,vdt_gun_280_x4,1.1481,1.3889,1.4203,0.9483,0.3612,41.4464,1.1916,vdt_gun_280_x4,1.1624,1.4062,1.438,0.9694,0.3657,42.8971,1.2065,vdt_gun_280_x4,1.177,1.4239,1.4561,0.9909,0.3703,44.3985,1.2216,nelson_gun_406_x4,1.1751,1.0832,1.1077,1.0308,0.2817,47.8089,1.2197,nelson_gun_406_x4,1.1899,1.0967,1.1215,1.0537,0.2852,49.4822,1.235,,,,
gun_17_x2_alt_china,,432,gun_17_x2_alt,china,,New line - alternate guns,0.3656,vdt_gun_280_x2,1.1769,1.3889,1.4203,0.9483,0.3612,41.4464,1.1916,vdt_gun_280_x2,1.1917,1.4062,1.438,0.9694,0.3657,42.8971,1.2065,vdt_gun_280_x2,1.2066,1.4239,1.4561,0.9909,0.3703,44.3985,1.2216,bismarck_gun_380_short_x2,1.2814,1.1578,1.184,1.0091,0.3011,48.1994,1.2974,bismarck_gun_380_short_x2,1.2974,1.1724,1.1989,1.0314,0.3049,49.8864,1.3136,,,,
gun_17_x3_alt_china,,432,gun_17_x3_alt,china,,New line - alternate guns,0.3656,vdt_gun_280_x3,1.1624,1.3889,1.4203,0.9483,0.3612,41.4464,1.1916,vdt_gun_280_x3,1.1769,1.4062,1.438,0.9694,0.3657,42.8971,1.2065,vdt_gun_280_x3,1.1917,1.4239,1.4561,0.9909,0.3703,44.3985,1.2216,bismarck_gun_380_short_x3,1.2656,1.1578,1.184,1.0091,0.3011,48.1994,1.2974,bismarck_gun_380_short_x3,1.2814,1.1724,1.1989,1.0314,0.3049,49.8864,1.3136,,,,
gun_18_x1_china,,457,gun_18_x1,china,,,0.3849,irresistible_gun_305_x1,1.0192,1.4662,1.4975,1.0374,0.3616,37.4017,1.0192,irresistible_gun_305_x1,1.032,1.4845,1.5162,1.0605,0.3661,38.7108,1.032,dreadnought_gun_305_x1,1.0575,1.5031,1.5352,1.071,0.3707,40.5499,1.0575,brooklyn_gun_b_152_x1,1.2769,1.9317,1.973,0.9232,0.4764,47.4374,1.2769,brooklyn_gun_b_152_x1,1.2928,1.9556,1.9974,0.9438,0.4823,49.0978,1.2928,,,,
gun_18_x2_china,,457,gun_18_x2,china,,,0.3849,irresistible_gun_305_x2,1.0067,1.4662,1.4975,1.0374,0.3616,37.4017,1.0192,irresistible_gun_305_x2,1.0193,1.4845,1.5162,1.0605,0.3661,38.7108,1.032,dreadnought_gun_305_x2,1.0445,1.5031,1.5352,1.071,0.3707,40.5499,1.0575,brooklyn_gun_b_152_x2,1.2612,1.9317,1.973,0.9232,0.4764,47.4374,1.2769,brooklyn_gun_b_152_x2,1.2769,1.9556,1.9974,0.9438,0.4823,49.0978,1.2928,,,,
gun_18_x3_china,,457,gun_18_x3,china,,,0.3849,irresistible_gun_305_x3,0.9942,1.4662,1.4975,1.0374,0.3616,37.4017,1.0192,irresistible_gun_305_x3,1.0067,1.4845,1.5162,1.0605,0.3661,38.7108,1.032,dreadnought_gun_305_x3,1.0316,1.5031,1.5352,1.071,0.3707,40.5499,1.0575,brooklyn_gun_b_152_x3,1.2456,1.9317,1.973,0.9232,0.4764,47.4374,1.2769,brooklyn_gun_b_152_x3,1.2611,1.9556,1.9974,0.9438,0.4823,49.0978,1.2928,,,,
gun_18_x4_china,,457,gun_18_x4,china,,,0.3849,vdt_gun_280_x4,1.1416,1.4646,1.4959,0.9414,0.3612,41.2139,1.1849,vdt_gun_280_x4,1.156,1.4829,1.5146,0.9624,0.3657,42.6564,1.1998,vdt_gun_280_x4,1.1704,1.5015,1.5336,0.9837,0.3703,44.1494,1.2148,spee_gun_var_280_x4,1.1876,1.6394,1.6744,0.9628,0.4043,47.0192,1.2326,spee_gun_var_280_x4,1.2024,1.6601,1.6956,0.984,0.4094,48.6648,1.248,,,,
gun_18_x2_alt_china,,457,gun_18_x2_alt,china,,New line - alternate guns,0.3849,vdt_gun_280_x2,1.1703,1.4646,1.4959,0.9414,0.3612,41.2139,1.1849,vdt_gun_280_x2,1.185,1.4829,1.5146,0.9624,0.3657,42.6564,1.1998,vdt_gun_280_x2,1.1999,1.5015,1.5336,0.9837,0.3703,44.1494,1.2148,spee_gun_var_280_x2,1.2174,1.6394,1.6744,0.9628,0.4043,47.0192,1.2326,spee_gun_var_280_x2,1.2326,1.6601,1.6956,0.984,0.4094,48.6648,1.248,,,,
gun_18_x3_alt_china,,457,gun_18_x3_alt,china,,New line - alternate guns,0.3849,vdt_gun_280_x3,1.1559,1.4646,1.4959,0.9414,0.3612,41.2139,1.1849,vdt_gun_280_x3,1.1704,1.4829,1.5146,0.9624,0.3657,42.6564,1.1998,vdt_gun_280_x3,1.185,1.5015,1.5336,0.9837,0.3703,44.1494,1.2148,spee_gun_var_280_x3,1.2024,1.6394,1.6744,0.9628,0.4043,47.0192,1.2326,spee_gun_var_280_x3,1.2174,1.6601,1.6956,0.984,0.4094,48.6648,1.248,,,,
gun_19_x1_china,,483,gun_19_x1,china,,,0.4047,irresistible_gun_305_x1,1.0136,1.5459,1.5772,1.0289,0.3616,37.1954,1.0136,irresistible_gun_305_x1,1.0263,1.5652,1.5969,1.0518,0.3661,38.4972,1.0263,dreadnought_gun_305_x1,1.0517,1.5848,1.6169,1.0623,0.3707,40.3262,1.0517,ussr_gun_406_x1,1.3394,1.0705,1.0922,1.0129,0.2504,48.4981,1.3394,ussr_gun_406_x1,1.3562,1.0838,1.1057,1.0355,0.2535,50.1955,1.3562,,,,
gun_19_x2_china,,483,gun_19_x2,china,,,0.4047,irresistible_gun_305_x2,1.0011,1.5459,1.5772,1.0289,0.3616,37.1953,1.0136,irresistible_gun_305_x2,1.0137,1.5652,1.5969,1.0518,0.3661,38.4972,1.0263,dreadnought_gun_305_x2,1.0388,1.5848,1.6169,1.0623,0.3707,40.3262,1.0517,ussr_gun_406_x2,1.3229,1.0705,1.0922,1.0129,0.2504,48.4981,1.3394,ussr_gun_406_x2,1.3395,1.0838,1.1057,1.0355,0.2535,50.1955,1.3562,,,,
gun_19_x3_china,,483,gun_19_x3,china,,,0.4047,irresistible_gun_305_x3,0.9888,1.5459,1.5772,1.0289,0.3616,37.1953,1.0136,irresistible_gun_305_x3,1.0012,1.5652,1.5969,1.0518,0.3661,38.4972,1.0263,dreadnought_gun_305_x3,1.0259,1.5848,1.6169,1.0623,0.3707,40.3262,1.0517,ussr_gun_406_x3,1.3067,1.0705,1.0922,1.0129,0.2504,48.4981,1.3395,ussr_gun_406_x3,1.323,1.0838,1.1057,1.0355,0.2535,50.1955,1.3562,,,,
gun_19_x4_china,,483,gun_19_x4,china,,,0.4047,irresistible_gun_305_x4,0.9766,1.5459,1.5772,1.0289,0.3616,37.1953,1.0136,irresistible_gun_305_x4,0.9888,1.5652,1.5969,1.0518,0.3661,38.4972,1.0263,dreadnought_gun_305_x4,1.0133,1.5848,1.6169,1.0623,0.3707,40.3262,1.0517,ussr_gun_406_x4,1.2905,1.0705,1.0922,1.0129,0.2504,48.4981,1.3394,ussr_gun_406_x4,1.3066,1.0838,1.1057,1.0355,0.2535,50.1955,1.3562,,,,
gun_20_x1_china,,508,gun_20_x1,china,,,0.4236,irresistible_gun_305_x1,1.0085,1.6234,1.6547,1.0203,0.3616,37.0081,1.0085,irresistible_gun_305_x1,1.0211,1.6436,1.6752,1.043,0.3661,38.3034,1.0211,dreadnought_gun_305_x1,1.0464,1.6642,1.6962,1.0535,0.3707,40.1232,1.0464,yamato_gun_460_x1,1.2233,1.0097,1.0292,1.0327,0.2249,47.9509,1.2233,yamato_gun_460_x1,1.2386,1.0223,1.042,1.0557,0.2277,49.6291,1.2386,,,,
gun_20_x2_china,,508,gun_20_x2,china,,,0.4236,irresistible_gun_305_x2,0.9961,1.6234,1.6547,1.0203,0.3616,37.0081,1.0085,irresistible_gun_305_x2,1.0085,1.6436,1.6752,1.043,0.3661,38.3034,1.0211,dreadnought_gun_305_x2,1.0335,1.6642,1.6962,1.0535,0.3707,40.1232,1.0464,yamato_gun_460_x2,1.2082,1.0097,1.0292,1.0327,0.2249,47.9509,1.2233,yamato_gun_460_x2,1.2234,1.0223,1.042,1.0557,0.2277,49.6291,1.2386,,,,
gun_20_x3_china,,508,gun_20_x3,china,,,0.4236,irresistible_gun_305_x3,0.9838,1.6234,1.6547,1.0203,0.3616,37.0081,1.0085,irresistible_gun_305_x3,0.9961,1.6436,1.6752,1.043,0.3661,38.3034,1.0211,dreadnought_gun_305_x3,1.0208,1.6642,1.6962,1.0535,0.3707,40.1232,1.0464,yamato_gun_460_x3,1.1933,1.0097,1.0292,1.0327,0.2249,47.9509,1.2233,yamato_gun_460_x3,1.2083,1.0223,1.042,1.0557,0.2277,49.6291,1.2386,,,,
gun_20_x4_china,,508,gun_20_x4,china,,,0.4236,irresistible_gun_305_x4,0.9717,1.6234,1.6547,1.0203,0.3616,37.0081,1.0085,irresistible_gun_305_x4,0.9838,1.6436,1.6752,1.043,0.3661,38.3034,1.0211,dreadnought_gun_305_x4,1.0082,1.6642,1.6962,1.0535,0.3707,40.1232,1.0464,yamato_gun_460_x4,1.1786,1.0097,1.0292,1.0327,0.2249,47.9509,1.2233,yamato_gun_460_x4,1.1933,1.0223,1.042,1.0557,0.2277,49.6291,1.2386,,,,
###,,,###,,,,,Unique/Alternatives,,,,,,,,,,,,,,,,,,,,,,,,,,,,,,,,,,,,,,,,,,,
gun_14_x1_jp_fuso,,356,gun_14_x1_jp_fuso,,"bb, bc",,0.3057,fus_gun_356_x1_a,1.0863,0.9974,1.0246,1.0553,0.3097,39.8624,1.0863,fus_gun_356_x1_a,1.0999,1.0099,1.0375,1.0787,0.3136,41.2576,1.0999,fus_gun_356_x1_a,1.1136,1.0225,1.0504,1.1027,0.3175,42.7016,1.1136,fus_gun_356_x1_a,1.1275,1.0354,1.0637,1.1271,0.3215,44.1962,1.1275,fus_gun_356_x1_a,1.1416,1.0483,1.0769,1.1522,0.3255,45.743,1.1416,,,,
gun_14_x2_jp_fuso,,356,gun_14_x2_jp_fuso,,"bb, bc",,0.3057,fus_gun_356_x2_a,1.0729,0.9974,1.0246,1.0553,0.3097,39.8624,1.0863,fus_gun_356_x2_a,1.0864,1.0099,1.0375,1.0787,0.3136,41.2576,1.0999,fus_gun_356_x2_a,1.0999,1.0225,1.0504,1.1027,0.3175,42.7016,1.1136,fus_gun_356_x2_a,1.1136,1.0354,1.0637,1.1271,0.3215,44.1962,1.1275,fus_gun_356_x2_a,1.1276,1.0483,1.0769,1.1522,0.3255,45.743,1.1416,,,,
gun_14_x3_jp_fuso,,356,gun_14_x3_jp_fuso,,"bb, bc",,0.3057,fus_gun_356_x3_a,1.0597,0.9974,1.0246,1.0553,0.3097,39.8624,1.0863,fus_gun_356_x3_a,1.073,1.0099,1.0375,1.0787,0.3136,41.2576,1.0999,fus_gun_356_x3_a,1.0863,1.0225,1.0504,1.1027,0.3175,42.7016,1.1136,fus_gun_356_x3_a,1.0999,1.0354,1.0637,1.1271,0.3215,44.1962,1.1275,fus_gun_356_x3_a,1.1136,1.0483,1.0769,1.1522,0.3255,45.743,1.1416,,,,
gun_14_x4_jp_fuso,,356,gun_14_x4_jp_fuso,,"bb, bc",,0.3057,fus_gun_356_x4_a,1.0466,0.9974,1.0246,1.0553,0.3097,39.8624,1.0863,fus_gun_356_x4_a,1.0597,1.0099,1.0375,1.0787,0.3136,41.2576,1.0999,fus_gun_356_x4_a,1.0729,1.0225,1.0504,1.1027,0.3175,42.7016,1.1136,fus_gun_356_x4_a,1.0863,1.0354,1.0637,1.1271,0.3215,44.1961,1.1275,fus_gun_356_x4_a,1.0999,1.0483,1.0769,1.1522,0.3255,45.743,1.1416,,,,
###,,,###,,,,,Torp_Mark,,,,,,,,,,,,,,,,,,,,,,,,,,,,,,,,,,,,,,,,,,,
torpedo_x0_15,,15,torpedo_x0,,,,,sub_torpedo,,1,1,,,,,sub_torpedo,,1,1,,,,,sub_torpedo,,1,1,,,,,sub_torpedo,,1,1,,,,,sub_torpedo,,1,1,,,,,,,,
torpedo_x1_15,,15,torpedo_x1,,,,,torpedo_x1,,0.825,0.825,,,,,torpedo_x1,,0.845,0.845,,,,,moga_torpedo_x1,,0.69,0.69,,,,,akizuki_torpedo_x1,,0.69,0.69,,,,,spee_torpedo_x1,,0.69,0.69,,,,,,,,
torpedo_x2_15,,15,torpedo_x2,,,,,torpedo_x2,,0.825,0.825,,,,,torpedo_x2,,0.845,0.845,,,,,moga_torpedo_x2,,0.69,0.69,,,,,akizuki_torpedo_x2,,0.69,0.69,,,,,spee_torpedo_x2,,0.69,0.69,,,,,,,,
torpedo_x3_15,,15,torpedo_x3,,,,,torpedo_x3,,0.825,0.825,,,,,torpedo_x3,,0.845,0.845,,,,,moga_torpedo_x3,,0.69,0.69,,,,,akizuki_torpedo_x3,,0.69,0.69,,,,,spee_torpedo_x3,,0.69,0.69,,,,,,,,
torpedo_x4_15,,15,torpedo_x4,,,,,torpedo_x4,,0.825,0.825,,,,,torpedo_x4,,0.845,0.845,,,,,moga_torpedo_x4,,0.69,0.69,,,,,akizuki_torpedo_x4,,0.69,0.69,,,,,spee_torpedo_x4,,0.69,0.69,,,,,,,,
torpedo_x5_15,,15,torpedo_x5,,,,,torpedo_x5,,0.825,0.825,,,,,torpedo_x5,,0.845,0.845,,,,,moga_torpedo_x5,,0.69,0.69,,,,,akizuki_torpedo_x5,,0.69,0.69,,,,,spee_torpedo_x5,,0.69,0.69,,,,,,,,
torpedo_x0_16,,16,torpedo_x0,,,,,sub_torpedo,,1,1,,,,,sub_torpedo,,1,1,,,,,sub_torpedo,,1,1,,,,,sub_torpedo,,1,1,,,,,sub_torpedo,,1,1,,,,,,,,
torpedo_x1_16,,16,torpedo_x1,,,,,torpedo_x1,,0.86,0.86,,,,,torpedo_x1,,0.88,0.88,,,,,moga_torpedo_x1,,0.725,0.725,,,,,akizuki_torpedo_x1,,0.725,0.725,,,,,spee_torpedo_x1,,0.725,0.725,,,,,,,,
torpedo_x2_16,,16,torpedo_x2,,,,,torpedo_x2,,0.86,0.86,,,,,torpedo_x2,,0.88,0.88,,,,,moga_torpedo_x2,,0.725,0.725,,,,,akizuki_torpedo_x2,,0.725,0.725,,,,,spee_torpedo_x2,,0.725,0.725,,,,,,,,
torpedo_x3_16,,16,torpedo_x3,,,,,torpedo_x3,,0.86,0.86,,,,,torpedo_x3,,0.88,0.88,,,,,moga_torpedo_x3,,0.725,0.725,,,,,akizuki_torpedo_x3,,0.725,0.725,,,,,spee_torpedo_x3,,0.725,0.725,,,,,,,,
torpedo_x4_16,,16,torpedo_x4,,,,,torpedo_x4,,0.86,0.86,,,,,torpedo_x4,,0.88,0.88,,,,,moga_torpedo_x4,,0.725,0.725,,,,,akizuki_torpedo_x4,,0.725,0.725,,,,,spee_torpedo_x4,,0.725,0.725,,,,,,,,
torpedo_x5_16,,16,torpedo_x5,,,,,torpedo_x5,,0.86,0.86,,,,,torpedo_x5,,0.88,0.88,,,,,moga_torpedo_x5,,0.725,0.725,,,,,akizuki_torpedo_x5,,0.725,0.725,,,,,spee_torpedo_x5,,0.725,0.725,,,,,,,,
torpedo_x0_17,,17,torpedo_x0,,,,,sub_torpedo,,1,1,,,,,sub_torpedo,,1,1,,,,,sub_torpedo,,1,1,,,,,sub_torpedo,,1,1,,,,,sub_torpedo,,1,1,,,,,,,,
torpedo_x1_17,,17,torpedo_x1,,,,,torpedo_x1,,0.895,0.895,,,,,torpedo_x1,,0.915,0.915,,,,,moga_torpedo_x1,,0.76,0.76,,,,,akizuki_torpedo_x1,,0.76,0.76,,,,,spee_torpedo_x1,,0.76,0.76,,,,,,,,
torpedo_x2_17,,17,torpedo_x2,,,,,torpedo_x2,,0.895,0.895,,,,,torpedo_x2,,0.915,0.915,,,,,moga_torpedo_x2,,0.76,0.76,,,,,akizuki_torpedo_x2,,0.76,0.76,,,,,spee_torpedo_x2,,0.76,0.76,,,,,,,,
torpedo_x3_17,,17,torpedo_x3,,,,,torpedo_x3,,0.895,0.895,,,,,torpedo_x3,,0.915,0.915,,,,,moga_torpedo_x3,,0.76,0.76,,,,,akizuki_torpedo_x3,,0.76,0.76,,,,,spee_torpedo_x3,,0.76,0.76,,,,,,,,
torpedo_x4_17,,17,torpedo_x4,,,,,torpedo_x4,,0.895,0.895,,,,,torpedo_x4,,0.915,0.915,,,,,moga_torpedo_x4,,0.76,0.76,,,,,akizuki_torpedo_x4,,0.76,0.76,,,,,spee_torpedo_x4,,0.76,0.76,,,,,,,,
torpedo_x5_17,,17,torpedo_x5,,,,,torpedo_x5,,0.895,0.895,,,,,torpedo_x5,,0.915,0.915,,,,,moga_torpedo_x5,,0.76,0.76,,,,,akizuki_torpedo_x5,,0.76,0.76,,,,,spee_torpedo_x5,,0.76,0.76,,,,,,,,
torpedo_x0_18,,18,torpedo_x0,,,,,sub_torpedo,,1,1,,,,,sub_torpedo,,1,1,,,,,sub_torpedo,,1,1,,,,,sub_torpedo,,1,1,,,,,sub_torpedo,,1,1,,,,,,,,
torpedo_x1_18,,18,torpedo_x1,,,,,torpedo_x1,,0.93,0.93,,,,,torpedo_x1,,0.95,0.95,,,,,moga_torpedo_x1,,0.795,0.795,,,,,akizuki_torpedo_x1,,0.795,0.795,,,,,spee_torpedo_x1,,0.795,0.795,,,,,,,,
torpedo_x2_18,,18,torpedo_x2,,,,,torpedo_x2,,0.93,0.93,,,,,torpedo_x2,,0.95,0.95,,,,,moga_torpedo_x2,,0.795,0.795,,,,,akizuki_torpedo_x2,,0.795,0.795,,,,,spee_torpedo_x2,,0.795,0.795,,,,,,,,
torpedo_x3_18,,18,torpedo_x3,,,,,torpedo_x3,,0.93,0.93,,,,,torpedo_x3,,0.95,0.95,,,,,moga_torpedo_x3,,0.795,0.795,,,,,akizuki_torpedo_x3,,0.795,0.795,,,,,spee_torpedo_x3,,0.795,0.795,,,,,,,,
torpedo_x4_18,,18,torpedo_x4,,,,,torpedo_x4,,0.93,0.93,,,,,torpedo_x4,,0.95,0.95,,,,,moga_torpedo_x4,,0.795,0.795,,,,,akizuki_torpedo_x4,,0.795,0.795,,,,,spee_torpedo_x4,,0.795,0.795,,,,,,,,
torpedo_x5_18,,18,torpedo_x5,,,,,torpedo_x5,,0.93,0.93,,,,,torpedo_x5,,0.95,0.95,,,,,moga_torpedo_x5,,0.795,0.795,,,,,akizuki_torpedo_x5,,0.795,0.795,,,,,spee_torpedo_x5,,0.795,0.795,,,,,,,,
torpedo_x0_19,,19,torpedo_x0,,,,,sub_torpedo,,1,1,,,,,sub_torpedo,,1,1,,,,,sub_torpedo,,1,1,,,,,sub_torpedo,,1,1,,,,,sub_torpedo,,1,1,,,,,,,,
torpedo_x1_19,,19,torpedo_x1,,,,,torpedo_x1,,0.965,0.965,,,,,torpedo_x1,,0.985,0.985,,,,,moga_torpedo_x1,,0.83,0.83,,,,,akizuki_torpedo_x1,,0.83,0.83,,,,,spee_torpedo_x1,,0.83,0.83,,,,,,,,
torpedo_x2_19,,19,torpedo_x2,,,,,torpedo_x2,,0.965,0.965,,,,,torpedo_x2,,0.985,0.985,,,,,moga_torpedo_x2,,0.83,0.83,,,,,akizuki_torpedo_x2,,0.83,0.83,,,,,spee_torpedo_x2,,0.83,0.83,,,,,,,,
torpedo_x3_19,,19,torpedo_x3,,,,,torpedo_x3,,0.965,0.965,,,,,torpedo_x3,,0.985,0.985,,,,,moga_torpedo_x3,,0.83,0.83,,,,,akizuki_torpedo_x3,,0.83,0.83,,,,,spee_torpedo_x3,,0.83,0.83,,,,,,,,
torpedo_x4_19,,19,torpedo_x4,,,,,torpedo_x4,,0.965,0.965,,,,,torpedo_x4,,0.985,0.985,,,,,moga_torpedo_x4,,0.83,0.83,,,,,akizuki_torpedo_x4,,0.83,0.83,,,,,spee_torpedo_x4,,0.83,0.83,,,,,,,,
torpedo_x5_19,,19,torpedo_x5,,,,,torpedo_x5,,0.965,0.965,,,,,torpedo_x5,,0.985,0.985,,,,,moga_torpedo_x5,,0.83,0.83,,,,,akizuki_torpedo_x5,,0.83,0.83,,,,,spee_torpedo_x5,,0.83,0.83,,,,,,,,
torpedo_x0_20,,20,torpedo_x0,,,,,sub_torpedo,,1,1,,,,,sub_torpedo,,1,1,,,,,sub_torpedo,,1,1,,,,,sub_torpedo,,1,1,,,,,sub_torpedo,,1,1,,,,,,,,
torpedo_x1_20,,20,torpedo_x1,,,,,torpedo_x1,,1,1,,,,,torpedo_x1,,1.02,1.02,,,,,moga_torpedo_x1,,0.865,0.865,,,,,akizuki_torpedo_x1,,0.865,0.865,,,,,spee_torpedo_x1,,0.865,0.865,,,,,,,,
torpedo_x2_20,,20,torpedo_x2,,,,,torpedo_x2,,1,1,,,,,torpedo_x2,,1.02,1.02,,,,,moga_torpedo_x2,,0.865,0.865,,,,,akizuki_torpedo_x2,,0.865,0.865,,,,,spee_torpedo_x2,,0.865,0.865,,,,,,,,
torpedo_x3_20,,20,torpedo_x3,,,,,torpedo_x3,,1,1,,,,,torpedo_x3,,1.02,1.02,,,,,moga_torpedo_x3,,0.865,0.865,,,,,akizuki_torpedo_x3,,0.865,0.865,,,,,spee_torpedo_x3,,0.865,0.865,,,,,,,,
torpedo_x4_20,,20,torpedo_x4,,,,,torpedo_x4,,1,1,,,,,torpedo_x4,,1.02,1.02,,,,,moga_torpedo_x4,,0.865,0.865,,,,,akizuki_torpedo_x4,,0.865,0.865,,,,,spee_torpedo_x4,,0.865,0.865,,,,,,,,
torpedo_x5_20,,20,torpedo_x5,,,,,torpedo_x5,,1,1,,,,,torpedo_x5,,1.02,1.02,,,,,moga_torpedo_x5,,0.865,0.865,,,,,akizuki_torpedo_x5,,0.865,0.865,,,,,spee_torpedo_x5,,0.865,0.865,,,,,,,,
torpedo_x0_21,,21,torpedo_x0,,,,,sub_torpedo,,1,1,,,,,sub_torpedo,,1,1,,,,,sub_torpedo,,1,1,,,,,sub_torpedo,,1,1,,,,,sub_torpedo,,1,1,,,,,,,,
torpedo_x1_21,,21,torpedo_x1,,,,,torpedo_x1,,1.035,1.035,,,,,torpedo_x1,,1.055,1.055,,,,,moga_torpedo_x1,,0.9,0.9,,,,,akizuki_torpedo_x1,,0.9,0.9,,,,,spee_torpedo_x1,,0.9,0.9,,,,,,,,
torpedo_x2_21,,21,torpedo_x2,,,,,torpedo_x2,,1.035,1.035,,,,,torpedo_x2,,1.055,1.055,,,,,moga_torpedo_x2,,0.9,0.9,,,,,akizuki_torpedo_x2,,0.9,0.9,,,,,spee_torpedo_x2,,0.9,0.9,,,,,,,,
torpedo_x3_21,,21,torpedo_x3,,,,,torpedo_x3,,1.035,1.035,,,,,torpedo_x3,,1.055,1.055,,,,,moga_torpedo_x3,,0.9,0.9,,,,,akizuki_torpedo_x3,,0.9,0.9,,,,,spee_torpedo_x3,,0.9,0.9,,,,,,,,
torpedo_x4_21,,21,torpedo_x4,,,,,torpedo_x4,,1.035,1.035,,,,,torpedo_x4,,1.055,1.055,,,,,moga_torpedo_x4,,0.9,0.9,,,,,akizuki_torpedo_x4,,0.9,0.9,,,,,spee_torpedo_x4,,0.9,0.9,,,,,,,,
torpedo_x5_21,,21,torpedo_x5,,,,,torpedo_x5,,1.035,1.035,,,,,torpedo_x5,,1.055,1.055,,,,,moga_torpedo_x5,,0.9,0.9,,,,,akizuki_torpedo_x5,,0.9,0.9,,,,,spee_torpedo_x5,,0.9,0.9,,,,,,,,
torpedo_x0_22,,22,torpedo_x0,,,,,sub_torpedo,,1,1,,,,,sub_torpedo,,1,1,,,,,sub_torpedo,,1,1,,,,,sub_torpedo,,1,1,,,,,sub_torpedo,,1,1,,,,,,,,
torpedo_x1_22,,22,torpedo_x1,,,,,torpedo_x1,,1.07,1.07,,,,,torpedo_x1,,1.09,1.09,,,,,moga_torpedo_x1,,0.935,0.935,,,,,akizuki_torpedo_x1,,0.935,0.935,,,,,spee_torpedo_x1,,0.935,0.935,,,,,,,,
torpedo_x2_22,,22,torpedo_x2,,,,,torpedo_x2,,1.07,1.07,,,,,torpedo_x2,,1.09,1.09,,,,,moga_torpedo_x2,,0.935,0.935,,,,,akizuki_torpedo_x2,,0.935,0.935,,,,,spee_torpedo_x2,,0.935,0.935,,,,,,,,
torpedo_x3_22,,22,torpedo_x3,,,,,torpedo_x3,,1.07,1.07,,,,,torpedo_x3,,1.09,1.09,,,,,moga_torpedo_x3,,0.935,0.935,,,,,akizuki_torpedo_x3,,0.935,0.935,,,,,spee_torpedo_x3,,0.935,0.935,,,,,,,,
torpedo_x4_22,,22,torpedo_x4,,,,,torpedo_x4,,1.07,1.07,,,,,torpedo_x4,,1.09,1.09,,,,,moga_torpedo_x4,,0.935,0.935,,,,,akizuki_torpedo_x4,,0.935,0.935,,,,,spee_torpedo_x4,,0.935,0.935,,,,,,,,
torpedo_x5_22,,22,torpedo_x5,,,,,torpedo_x5,,1.07,1.07,,,,,torpedo_x5,,1.09,1.09,,,,,moga_torpedo_x5,,0.935,0.935,,,,,akizuki_torpedo_x5,,0.935,0.935,,,,,spee_torpedo_x5,,0.935,0.935,,,,,,,,
torpedo_x0_23,,23,torpedo_x0,,,,,sub_torpedo,,1,1,,,,,sub_torpedo,,1,1,,,,,sub_torpedo,,1,1,,,,,sub_torpedo,,1,1,,,,,sub_torpedo,,1,1,,,,,,,,
torpedo_x1_23,,23,torpedo_x1,,,,,torpedo_x1,,1.105,1.105,,,,,torpedo_x1,,1.125,1.125,,,,,moga_torpedo_x1,,0.97,0.97,,,,,akizuki_torpedo_x1,,0.97,0.97,,,,,spee_torpedo_x1,,0.97,0.97,,,,,,,,
torpedo_x2_23,,23,torpedo_x2,,,,,torpedo_x2,,1.105,1.105,,,,,torpedo_x2,,1.125,1.125,,,,,moga_torpedo_x2,,0.97,0.97,,,,,akizuki_torpedo_x2,,0.97,0.97,,,,,spee_torpedo_x2,,0.97,0.97,,,,,,,,
torpedo_x3_23,,23,torpedo_x3,,,,,torpedo_x3,,1.105,1.105,,,,,torpedo_x3,,1.125,1.125,,,,,moga_torpedo_x3,,0.97,0.97,,,,,akizuki_torpedo_x3,,0.97,0.97,,,,,spee_torpedo_x3,,0.97,0.97,,,,,,,,
torpedo_x4_23,,23,torpedo_x4,,,,,torpedo_x4,,1.105,1.105,,,,,torpedo_x4,,1.125,1.125,,,,,moga_torpedo_x4,,0.97,0.97,,,,,akizuki_torpedo_x4,,0.97,0.97,,,,,spee_torpedo_x4,,0.97,0.97,,,,,,,,
torpedo_x5_23,,23,torpedo_x5,,,,,torpedo_x5,,1.105,1.105,,,,,torpedo_x5,,1.125,1.125,,,,,moga_torpedo_x5,,0.97,0.97,,,,,akizuki_torpedo_x5,,0.97,0.97,,,,,spee_torpedo_x5,,0.97,0.97,,,,,,,,
torpedo_x0_24,,24,torpedo_x0,,,,,sub_torpedo,,1,1,,,,,sub_torpedo,,1,1,,,,,sub_torpedo,,1,1,,,,,sub_torpedo,,1,1,,,,,sub_torpedo,,1,1,,,,,,,,
torpedo_x1_24,,24,torpedo_x1,,,,,torpedo_x1,,1.14,1.14,,,,,torpedo_x1,,1.16,1.16,,,,,moga_torpedo_x1,,1.005,1.005,,,,,akizuki_torpedo_x1,,1.005,1.005,,,,,spee_torpedo_x1,,1.005,1.005,,,,,,,,
torpedo_x2_24,,24,torpedo_x2,,,,,torpedo_x2,,1.14,1.14,,,,,torpedo_x2,,1.16,1.16,,,,,moga_torpedo_x2,,1.005,1.005,,,,,akizuki_torpedo_x2,,1.005,1.005,,,,,spee_torpedo_x2,,1.005,1.005,,,,,,,,
torpedo_x3_24,,24,torpedo_x3,,,,,torpedo_x3,,1.14,1.14,,,,,torpedo_x3,,1.16,1.16,,,,,moga_torpedo_x3,,1.005,1.005,,,,,akizuki_torpedo_x3,,1.005,1.005,,,,,spee_torpedo_x3,,1.005,1.005,,,,,,,,
torpedo_x4_24,,24,torpedo_x4,,,,,torpedo_x4,,1.14,1.14,,,,,torpedo_x4,,1.16,1.16,,,,,moga_torpedo_x4,,1.005,1.005,,,,,akizuki_torpedo_x4,,1.005,1.005,,,,,spee_torpedo_x4,,1.005,1.005,,,,,,,,
torpedo_x5_24,,24,torpedo_x5,,,,,torpedo_x5,,1.14,1.14,,,,,torpedo_x5,,1.16,1.16,,,,,moga_torpedo_x5,,1.005,1.005,,,,,akizuki_torpedo_x5,,1.005,1.005,,,,,spee_torpedo_x5,,1.005,1.005,,,,,,,,
